YDL246C	SOR2
YDL243C	AAD4
YNL331C	AAD14
YCR107W	AAD3
YMR318C	ADH6
YOR120W	GCY1
YML075C	HMG1
YGL256W	ADH4
YPL088W	
YDL066W	IDP1
YBR149W	ARA1
YOL151W	GRE2
YER081W	SER3
YNL009W	IDP3
YDL022W	GPD1
YJR096W	
YIL074C	SER33
YOL059W	GPD2
YDL124W	
YNR073C	MAN2
YIL094C	LYS12
YDL114W	
YCL030C	HIS4
YBR153W	RIB7
YOL165C	AAD15
YGL185C	
YOR388C	FDH1
YLR450W	HMG2
YPL113C	
YKL055C	OAR1
YNL181W	PBR1
YAL061W	BDH2
YGL001C	ERG26
YCL018W	LEU2
YNL037C	IDH1
YLR174W	IDP2
YHR104W	GRE3
YLR426W	TDA5
YMR041C	ARA2
YDR368W	YPR1
YJR159W	SOR1
YDL078C	MDH3
YOL126C	MDH2
YDR541C	
YPR127W	
YOR136W	IDH2
YNL274C	GOR1
YKL085W	MDH1
YLR070C	XYL2
YJR155W	AAD10
YGL039W	
YEL070W	DSF1
YCR105W	ADH7
YGL157W	ARI1
