YLL032C	
YOL144W	NOP8
YMR290C	HAS1
YOL072W	THP1
YCL011C	GBP2
YDL189W	RBS1
YER056C-A	RPL34A
YBR031W	RPL4A
YLR075W	RPL10
YNL137C	NAM9
YGR162W	TIF4631
YEL054C	RPL12A
YDR243C	PRP28
YER146W	LSM5
YMR268C	PRP24
YBR119W	MUD1
YGL211W	NCS6
YGR030C	POP6
YNL221C	POP1
YNR052C	POP2
YNL061W	NOP2
YMR012W	CLU1
YOL124C	TRM11
YGR156W	PTI1
YOL120C	RPL18A
YGL107C	RMD9
YPL198W	RPL7B
YMR240C	CUS1
YGR074W	SMD1
YER105C	NUP157
YLR233C	EST1
YER013W	PRP22
YJL189W	RPL39
YNL210W	MER1
YNL301C	RPL18B
YDL160C	DHH1
YML073C	RPL6A
YDR228C	PCF11
YLR264W	RPS28B
YNL067W	RPL9B
YBR212W	NGR1
YMR260C	TIF11
YEL034W	HYP2
YCR020C-A	MAK31
YKL074C	MUD2
YGR159C	NSR1
YOL149W	DCP1
Q0255	
YNR051C	BRE5
YIL133C	RPL16A
YJR145C	RPS4A
YIR001C	SGN1
YDL083C	RPS16B
YOR001W	RRP6
YGR195W	SKI6
YGR250C	RIE1
YJR014W	TMA22
YOR204W	DED1
YHR165C	PRP8
YER035W	EDC2
YHR169W	DBP8
YNL072W	RNH201
YPL123C	RNY1
YLL008W	DRS1
YBR065C	ECM2
YOR048C	RAT1
YLL046C	RNP1
YDL044C	MTF2
YER176W	ECM32
YOR159C	SME1
YHR065C	RRP3
YMR302C	YME2
YHR088W	RPF1
YLR276C	DBP9
YDR365C	ESF1
YMR080C	NAM7
YPL097W	MSY1
YCL037C	SRO9
YGL222C	EDC1
YOR004W	UTP23
YPR057W	BRR1
YGR085C	RPL11B
YDL112W	TRM3
YHR086W	NAM8
YJL010C	NOP9
YDL098C	SNU23
YHR119W	SET1
YHR033W	
YPL081W	RPS9A
YPL266W	DIM1
Q0075	AI5_BETA
YDR478W	SNM1
YKL214C	YRA2
YNL317W	PFS2
YBR142W	MAK5
YDR432W	NPL3
YEL026W	SNU13
YPR088C	SRP54
YGL014W	PUF4
YNL002C	RLP7
YDL033C	SLM3
YDL031W	DBP10
YLR325C	RPL38
YCR035C	RRP43
YML026C	RPS18B
YPR129W	SCD6
YHR148W	IMP3
YMR143W	RPS16A
YBL027W	RPL19B
YGL120C	PRP43
YPL169C	MEX67
YPL184C	MRN1
YMR142C	RPL13B
YDL213C	NOP6
YCL059C	KRR1
YLR186W	EMG1
YOR243C	PUS7
YJL050W	MTR4
YDR240C	SNU56
YGR091W	PRP31
YJR084W	
YDR120C	TRM1
YHR164C	DNA2
YPR112C	MRD1
YJR093C	FIP1
YGL243W	TAD1
YGR148C	RPL24B
YDL092W	SRP14
YGR276C	RNH70
YDL082W	RPL13A
YLR419W	
YPL131W	RPL5
YKR024C	DBP7
YPL012W	RRP12
YDR405W	MRP20
YGL105W	ARC1
YER029C	SMB1
YGR278W	CWC22
YKL122C	SRP21
YBR146W	MRPS9
YOL127W	RPL25
YDR163W	CWC15
YOL142W	RRP40
YDR385W	EFT2
YDR116C	MRPL1
YDR025W	RPS11A
YJR007W	SUI2
YHR021C	RPS27B
YGR103W	NOP7
YHL034C	SBP1
YER107C	GLE2
YOR043W	WHI2
YGL076C	RPL7A
YLR336C	SGD1
YLR430W	SEN1
YHR015W	MIP6
YHL015W	RPS20
YKL006W	RPL14A
YDL111C	RRP42
YER006W	NUG1
YNL178W	RPS3
YHR147C	MRPL6
YNL124W	NAF1
YOR359W	VTS1
YOR250C	CLP1
YDL201W	TRM8
YNL251C	NRD1
YGL173C	XRN1
YDR515W	SLF1
YDR378C	LSM6
YMR285C	NGL2
YPL211W	NIP7
YER007C-A	TMA20
YGL078C	DBP3
YLR185W	RPL37A
YNL118C	DCP2
YLR060W	FRS1
YOR361C	PRT1
YMR024W	MRPL3
YNL004W	HRB1
YGL063W	PUS2
YGR034W	RPL26B
YDR418W	RPL12B
YBR251W	MRPS5
YGL064C	MRH4
YKR086W	PRP16
YDR370C	DXO1
YCR077C	PAT1
YGR222W	PET54
YGL049C	TIF4632
YDL051W	LHP1
YMR047C	NUP116
YLR448W	RPL6B
YHR203C	RPS4B
YDL036C	PUS9
YKR002W	PAP1
YNR038W	DBP6
YLR029C	RPL15A
YOL033W	MSE1
YGL244W	RTF1
YNL175C	NOP13
YOR145C	PNO1
YNL022C	RCM1
YDR151C	CTH1
YLR175W	CBF5
YDL175C	AIR2
YPL220W	RPL1A
YKL130C	SHE2
YBR189W	RPS9B
YLR438C-A	LSM3
YGR095C	RRP46
YFL002C	SPB4
YDL209C	CWC2
YPL178W	CBC2
YFR023W	PES4
YLR398C	SKI2
YNL014W	HEF3
YPR042C	PUF2
YDL208W	NHP2
YBL026W	LSM2
YMR239C	RNT1
Q0115	BI3
YOR293W	RPS10A
YGR158C	MTR3
YML017W	PSP2
YMR309C	NIP1
YNR054C	ESF2
YFR031C-A	RPL2A
YBR167C	POP7
YDL014W	NOP1
YOR167C	RPS28A
YHR121W	LSM12
YNL110C	NOP15
YNL232W	CSL4
YDL219W	DTD1
YIL018W	RPL2B
YHR087W	RTC3
YGL123W	RPS2
YBR084C-A	RPL19A
YDR332W	IRC3
YML025C	YML6
YER063W	THO1
YDR012W	RPL4B
YPR186C	PZF1
YDR374C	PHO92
YKL082C	RRP14
YGL122C	NAB2
YBR130C	SHE3
YPL043W	NOP4
YLR249W	YEF3
YMR287C	DSS1
YKR059W	TIF1
YOR046C	DBP5
YDR335W	MSN5
YBL024W	NCL1
YPL029W	SUV3
YGR169C	PUS6
YDR300C	PRO1
YPL190C	NAB3
YGR192C	TDH3
YDR195W	REF2
YGR013W	SNU71
YNL197C	WHI3
YDR237W	MRPL7
YHR077C	NMD2
YLR344W	RPL26A
YDL030W	PRP9
YBL051C	PIN4
YDL084W	SUB2
YAL021C	CCR4
YJL203W	PRP21
YNL147W	LSM7
YMR229C	RRP5
YGL178W	MPT5
YGL092W	NUP145
YNL286W	CUS2
YEL050C	RML2
YOR063W	RPL3
YLR275W	SMD2
YHR052W	CIC1
YGL246C	RAI1
YBR236C	ABD1
YLR277C	YSH1
YPL093W	NOG1
YGL103W	RPL28
YBR079C	RPG1
YDR450W	RPS18A
YHR072W-A	NOP10
YBR152W	SPP381
YLR298C	YHC1
YNL037C	IDH1
YDR496C	PUF6
YKL068W	NUP100
YGL044C	RNA15
YDR283C	GCN2
YOL021C	DIS3
YOR319W	HSH49
YLR022C	SDO1
YGR090W	UTP22
YBR233W	PBP2
YER068W	MOT2
YOL077C	BRX1
YFL034C-A	RPL22B
Q0120	BI4
YOR123C	LEO1
YIL052C	RPL34B
YHL038C	CBP2
YGL192W	IME4
YHR081W	LRP1
YLR136C	TIS11
YBR048W	RPS11B
YHL033C	RPL8A
YKL156W	RPS27A
YFL017W-A	SMX2
YNL292W	PUS4
YOL139C	CDC33
YNL069C	RPL16B
YOR198C	BFR1
YPL126W	NAN1
YML117W	NAB6
YPR182W	SMX3
YNL302C	RPS19B
YNR011C	PRP2
YNL112W	DBP2
YPL086C	ELP3
YBR257W	POP4
YDR500C	RPL37B
YDR538W	PAD1
YOR133W	EFT1
YLL018C	DPS1
YHL024W	RIM4
YDR301W	CFT1
YDR412W	RRP17
YGR092W	DBF2
YKL205W	LOS1
YPR163C	TIF3
YGL171W	ROK1
YMR194W	RPL36A
YER168C	CCA1
YGL147C	RPL9A
YGR178C	PBP1
YDR381W	YRA1
YJL080C	SCP160
YJR091C	JSN1
YDL167C	NRP1
YPL249C-A	RPL36B
YMR125W	STO1
YDR117C	TMA64
YOL040C	RPS15
YJL138C	TIF2
YJR047C	ANB1
YAL033W	POP5
YGL031C	RPL24A
YNL081C	SWS2
YFR032C	RRT5
YNR037C	RSM19
YOR201C	MRM1
YDR235W	PRP42
YHR069C	RRP4
YMR188C	MRPS17
YJL033W	HCA4
YMR128W	ECM16
YDR021W	FAL1
YMR230W	RPS10B
YFL001W	DEG1
YDR194C	MSS116
YMR146C	TIF34
YJR123W	RPS5
YMR228W	MTF1
YOL121C	RPS19A
YNL016W	PUB1
YPL243W	SRP68
YLR061W	RPL22A
YGL135W	RPL1B
YDR280W	RRP45
YIR009W	MSL1
YKL012W	PRP40
YMR282C	AEP2
YLR115W	CFT2
YJL124C	LSM1
YDL224C	WHI4
YLR147C	SMD3
YOR136W	IDH2
YHR089C	GAR1
YER112W	LSM4
YKR060W	UTP30
YDL043C	PRP11
YJL191W	RPS14B
YOL123W	HRP1
YNR024W	MPP6
YLR009W	RLP24
YJR022W	LSM8
YAL043C	PTA1
YKL078W	DHR2
YGL030W	RPL30
YPR102C	RPL11A
YOL066C	RIB2
YER165W	PAB1
YNL062C	GCD10
YPL146C	NOP53
YPR107C	YTH1
YBL032W	HEK2
YIL061C	SNP1
YLR116W	MSL5
YJR113C	RSM7
YER077C	MRX1
YMR061W	RNA14
YMR265C	
YLR165C	PUS5
YDR429C	TIF35
YOL041C	NOP12
YKL025C	PAN3
YIR021W	MRS1
YPR152C	URN1
YPL212C	PUS1
YPL119C	DBP1
YDR293C	SSD1
YHR062C	RPP1
YLL013C	PUF3
YLL045C	RPL8B
YHL001W	RPL14B
YIR005W	IST3
YGL232W	TAN1
YNL244C	SUI1
YDR337W	MRPS28
YMR121C	RPL15B
