YGR065C	VHT1
YCR010C	ADY2
YLR348C	DIC1
YMR034C	RCH1
YLL048C	YBT1
YCL025C	AGP1
YCR075C	ERS1
YPL274W	SAM3
YHR162W	MPC2
YDL210W	UGA4
YEL063C	CAN1
YIL088C	AVT7
YKL146W	AVT3
YNL101W	AVT4
YNL270C	ALP1
YOR348C	PUT4
YPR021C	AGC1
YBR104W	YMC2
YPL265W	DIP5
YER119C	AVT6
YGR055W	MUP1
YDR090C	
YOL092W	YPQ1
YKL120W	OAC1
YBR291C	CTP1
YPL134C	ODC1
YDL231C	BRE4
YKR039W	GAP1
YNR056C	BIO5
YOR307C	SLY41
YBR132C	AGP2
YOR222W	ODC2
YGR243W	MPC3
YMR088C	VBA1
YDR135C	YCF1
YJR001W	AVT1
YFL055W	AGP3
YLR092W	SUL2
YDR384C	ATO3
YGL077C	HNM1
YIL006W	YIA6
YPR003C	
YGL140C	
YGL080W	MPC1
YEL064C	AVT2
YNL065W	AQR1
YLL061W	MMP1
YFR045W	
YKL174C	TPO5
YJR095W	SFC1
YDR046C	BAP3
YDR160W	SSY1
YNR002C	ATO2
YBR069C	TAT1
YKR103W	NFT1
YGR191W	HIP1
YLL015W	BPT1
YLL055W	YCT1
YBR147W	RTC2
YCL069W	VBA3
YDL119C	HEM25
YHL036W	MUP3
YOR130C	ORT1
YBR068C	BAP2
YIL134W	FLX1
YJL193W	
YDR352W	YPQ2
YKL217W	JEN1
YPR058W	YMC1
YGR260W	TNA1
YOR271C	FSF1
YBL089W	AVT5
YNL268W	LYP1
YOL020W	TAT2
YDR119W	VBA4
YBR294W	SUL1
YDR105C	TMS1
YDR508C	GNP1
YBR293W	VBA2
