YOR341W	RPA190
YNL102W	POL1
YGL211W	NCS6
YDL045C	FAD1
YNL119W	NCS2
YOR207C	RET1
YNL248C	RPA49
YOR330C	MIP1
YGL169W	SUA5
YOR346W	REV1
YKL035W	UGP1
YDL140C	RPO21
YJR010W	MET3
YGR010W	NMA2
YIR008C	PRI1
YJR006W	POL31
YNL299W	TRF5
YCR014C	POL4
YGR277C	CAB4
YNL151C	RPC31
YKR002W	PAP1
YOR116C	RPO31
YGR202C	PCT1
YPL167C	REV3
YGR007W	ECT1
YBR029C	CDS1
YLR318W	EST2
YJR043C	POL32
YNL262W	POL2
YDL055C	PSA1
YDL103C	QRI1
YLR328W	NMA1
YGR046W	TAM41
YFL036W	RPO41
YPL222W	FMP40
YHL012W	
YGR024C	THG1
YGL130W	CEG1
YCL047C	POF1
YOL115W	PAP2
YDR530C	APA2
YER168C	CCA1
YPR010C	RPA135
YBR018C	GAL7
YDR419W	RAD30
YDL102W	POL3
YCL050C	APA1
YHR111W	UBA4
YDR211W	GCD6
YOR151C	RPB2
