YLL050C	COF1
YOR281C	PLP2
YDR085C	AFR1
YBR234C	ARC40
YOR181W	LAS17
YDR129C	SAC6
YLR429W	CRN1
YPL045W	VPS16
YIL159W	BNR1
YKL129C	MYO3
YPR080W	TEF1
YBL007C	SLA1
YOR122C	PFY1
YKL007W	CAP1
YOR326W	MYO2
YLR370C	ARC18
YOR239W	ABP140
YJR065C	ARP3
YMR109W	MYO5
YLR337C	VRP1
YLR319C	BUD6
YBR118W	TEF2
YNL233W	BNI4
YCR088W	ABP1
YKL013C	ARC19
YDR063W	AIM7
YNR031C	SSK2
YNL271C	BNI1
YER158C	
YIL034C	CAP2
YMR092C	AIP1
YDL178W	DLD2
YGR080W	TWF1
YPL242C	IQG1
YNL138W	SRV2
YAL029C	MYO4
YCR059C	YIH1
YNL084C	END3
YDL226C	GCS1
YDR388W	RVS167
YIR006C	PAN1
YNR035C	ARC35
YNL243W	SLA2
YDL029W	ARP2
YHR023W	MYO1
