YMR027W	
YPL208W	RKM1
YJR129C	EFM3
YNL061W	NOP2
YOR021C	SFM1
YOL124C	TRM11
YGL050W	TYW3
YLL062C	MHT1
YBR271W	EFM2
YLR285W	NNT1
YDR198C	RKM2
YIL110W	HPM1
YIL064W	EFM4
YDR316W	OMS1
YGR157W	CHO2
YDL112W	TRM3
YHR119W	SET1
YPL266W	DIM1
YHL039W	EFM1
YDR083W	RRP8
YKL155C	RSM22
YDR410C	STE14
YBR261C	TAE1
YBR034C	HMT1
YLR186W	EMG1
YDR120C	TRM1
YGL136C	MRM2
YNL063W	MTQ1
YMR321C	
YKR056W	TRM2
YOR239W	ABP140
YML008C	ERG6
YHR109W	CTM1
YHR207C	SET5
YGR001C	EFM5
YDL201W	TRM8
YHR070W	TRM5
YNL092W	
YBR030W	RKM3
YOL125W	TRM13
YNL022C	RCM1
YPL165C	SET6
YBR061C	TRM7
YJL168C	SET2
YDL014W	NOP1
YML014W	TRM9
YKR069W	MET1
YBL024W	NCL1
YOL141W	PPM2
YPL157W	TGS1
YIL096C	BMT5
YBR236C	ABD1
YDR257C	RKM4
YLR172C	DPH5
YJL125C	GCD14
YLR137W	RKM5
YJR073C	OPI3
YGL192W	IME4
YPL030W	TRM44
YKL162C	
YBR133C	HSL7
YML110C	COQ5
YER175C	TMT1
YOL096C	COQ3
YLR063W	BMT6
YDR465C	RMT2
YDR140W	MTQ2
YBR141C	BMT2
YDR440W	DOT1
YOR201C	MRM1
YMR228W	MTF1
YOL093W	TRM10
YPL273W	SAM4
YCR047C	BUD23
YNL024C	EFM6
YDR435C	PPM1
YMR310C	
YOR074C	CDC21
YHR209W	CRG1
YGR283C	
YCL054W	SPB1
YDL200C	MGT1
YER091C	MET6
