YBL055C	
YNR052C	POP2
Q0065	AI4
YMR224C	MRE11
Q0160	SCEI
Q0070	AI5_ALPHA
YML091C	RPM2
YOR001W	RRP6
YGL094C	PAN2
YNL072W	RNH201
YPL123C	RNY1
YOR048C	RAT1
Q0075	AI5_BETA
YDR478W	SNM1
YNL001W	DOM34
YKR079C	TRZ1
YMR262W	
YOL042W	NGL1
YHR164C	DNA2
YGR276C	RNH70
YKL113C	RAD27
YBR163W	EXO5
YDL227C	HO
YDR386W	MUS81
YPL022W	RAD1
YGL173C	XRN1
YBR098W	MMS4
YMR285C	NGL2
YML095C	RAD10
YDR370C	DXO1
YJL208C	NUC1
YOR033C	EXO1
YOR368W	RAD17
YMR239C	RNT1
YBR228W	SLX1
YMR287C	DSS1
YKL011C	CCE1
YOR056C	NOB1
YAL021C	CCR4
YGL246C	RAI1
YLR277C	YSH1
YNL085W	MKT1
Q0110	BI2
YOL021C	DIS3
YML118W	NGL3
YDL185W	VMA1
YGR258C	RAD2
YGL085W	LCL3
YOL080C	REX4
YER041W	YEN1
YMR234W	RNH1
YDL102W	POL3
YBL019W	APN2
YLR132C	USB1
YLR107W	REX3
Q0060	AI3
YGL175C	SAE2
YBR223C	TDP1
YLR059C	REX2
YDR263C	DIN7
YMR137C	PSO2
YJL087C	TRL1
