YHL002W	HSE1
YNL030W	HHF2
YER159C	BUR6
YPR141C	KAR3
YDL139C	SCM3
YGR274C	TAF1
YOR173W	DCS2
YBL002W	HTB2
YBR010W	HHT1
YDR397C	NCB2
YBL003C	HTA2
YBR009C	HHF1
YNR046W	TRM112
YBR081C	SPT7
YDL160C-A	MHF2
YNR006W	VPS27
YMR236W	TAF9
YOL012C	HTZ1
YFL008W	SMC1
YML098W	TAF13
YKL049C	CSE4
YMR227C	TAF7
YDR225W	HTA1
YDR224C	HTB1
YNL031C	HHT2
YDR004W	RAD57
YGR180C	RNR4
YNL329C	PEX6
YLR270W	DCS1
YOR358W	HAP5
YML015C	TAF11
YDR145W	TAF12
YMR198W	CIK1
YGL112C	TAF6
YGL044C	RNA15
YKL197C	PEX1
YBR278W	DPB3
YJL026W	RNR2
YDR076W	RAD55
YJL065C	DLS1
YPL011C	TAF3
YDR121W	DPB4
YOL086W-A	MHF1
YDR392W	SPT3
YMR061W	RNA14
YBL021C	HAP3
YBL035C	POL12
