Gene ID	V.polysp	T.phaffi	T.blatta	N.dairen	N.castel	K.nagani	K.africa	C.glabra	S.uvarum	S.kudria	S.mikata	S.cerevi	Z.rouxii	T.delbru	K.lactis	E.gossyp	E.cymbal	L.kluyve	L.thermo	L.waltii
YHR084W	S	S	P	P	P	P	P	P	S	S	S	S	P	P	P	P	P	P	P	P
YKL149C	S	S	S	S	S	S	S	S	S	S	S	S	P	P	P	P	L	P	P	P
YBR083W	P	P	P	P	P	P	P	P	S	S	S	S	P	P	P	P	P	P	P	P
YNL119W	S	S	S	S	S	S	S	S	S	S	S	S	P	P	P	P	P	P	P	P
YHR073W	S	S	S	S	S	S	S	S	S	S	S	S	P	P	P	P	P	P	P	P
YHR143W	S	S	D	S	S	S	S	S	S	S	S	S	P	P	P	P	P	P	P	P
YDL024C	D	D	D	D	D	D	D	D	S	D	D	S	L	L	L	L	L	L	L	L
YIR019C	D	D	D	D	D	D	D	D	S	S	S	S	L	L	L	L	L	L	L	L
YDR099W	P	S	P	P	P	P	P	P	P	P	P	P	P	P	P	P	P	P	P	P
YOR032C	S	S	S	S	S	S	S	S	S	S	S	S	P	P	P	P	P	P	P	P
YLL021W	P	P	S	P	P	P	P	P	P	P	P	P	P	P	P	P	P	P	P	P
YKL043W	P	P	D	P	P	P	P	P	P	P	P	P	P	P	P	P	P	P	P	P
YER149C	S	S	S	S	S	S	S	S	S	S	S	S	P	P	P	P	P	P	P	P
YLR362W	S	S	S	S	S	S	S	S	S	S	S	S	P	P	P	P	P	P	P	P
YJR153W	D	D	D	D	D	D	D	D	S	S	D	S	L	L	L	P	P	P	L	L
YER178W	S	S	S	S	S	S	S	S	S	S	S	S	P	P	P	P	P	P	P	P
YKL048C	S	S	S	S	S	S	S	S	S	S	S	S	P	P	P	P	P	P	P	P
YDR497C	S	S	S	S	P	S	S	S	P	P	P	P	P	P	P	P	L	P	P	P
YDL230W	S	S	S	S	S	S	S	S	S	S	S	S	P	P	P	P	P	P	P	P
YER020W	S	S	S	S	S	S	S	S	S	S	S	S	P	P	P	P	P	P	P	P
YLR319C	S	S	S	S	S	S	S	S	S	S	S	S	P	P	P	P	P	P	P	P
YDR247W	S	P	P	P	P	P	P	P	P	P	P	P	P	P	P	P	P	P	P	P
YHR206W	S	S	P	S	S	S	S	S	P	P	P	P	P	P	P	P	P	P	P	P
YER132C	P	P	P	P	P	P	P	P	P	P	P	P	P	P	P	P	P	P	P	P
YOR315W	P	P	P	S	S	S	S	S	S	S	S	S	L	P	P	P	P	P	P	P
YAL056W	P	P	P	P	P	P	P	P	P	P	P	P	P	P	P	P	P	P	P	P
YER129W	S	S	S	P	P	P	P	S	P	P	P	P	P	P	P	P	P	P	P	P
YGR041W	P	P	P	P	P	P	P	P	P	P	P	P	P	P	P	P	P	P	P	P
YHL023C	S	S	S	S	S	S	S	S	S	S	S	S	P	P	P	P	P	P	P	P
YDR207C	S	S	S	S	S	S	S	S	S	S	S	S	P	P	P	P	P	P	P	P
YDR107C	S	S	P	P	P	S	S	S	P	P	P	P	P	P	P	P	P	P	P	P
YMR316W	D	D	D	D	D	D	S	D	S	S	S	S	L	L	L	L	L	L	L	L
YDL159W	S	S	S	S	S	S	S	S	S	S	S	S	P	P	P	P	P	P	P	P
YNL142W	S	S	S	S	S	S	S	S	S	S	S	S	P	P	P	P	P	P	P	P
YDR379W	P	P	P	P	S	P	P	P	P	P	P	P	P	P	P	P	P	P	P	P
YDR099W	P	S	P	P	P	P	P	P	P	P	P	P	P	P	P	P	P	P	P	P
YHL007C	S	S	S	P	P	P	P	P	S	S	S	S	P	P	P	P	P	P	P	P
YDL224C	P	P	P	P	P	P	P	P	P	P	P	P	P	P	P	P	P	P	P	P
YDR107C	S	S	P	P	P	S	S	S	P	P	P	P	P	P	P	P	P	P	P	P
YDL035C	S	S	S	S	S	S	S	S	S	S	S	S	P	P	P	P	L	P	P	P
YCL047C	S	S	S	S	S	S	S	S	S	S	S	S	P	P	L	P	P	P	P	P
YOR030W	S	S	S	S	S	S	S	S	S	S	S	S	P	P	P	P	P	P	P	P
YER113C	S	S	S	S	S	S	S	S	S	S	S	S	P	P	P	P	P	P	P	P
YDR251W	P	P	P	P	P	P	P	P	P	P	P	P	P	P	P	P	P	P	P	P
YIL049W	S	S	S	S	S	S	S	S	S	S	S	S	P	P	P	P	P	P	P	P
YJR094C	S	S	S	S	S	S	D	S	S	S	S	S	P	P	P	P	P	P	P	P
YMR238W	S	S	S	S	S	S	S	S	S	S	S	S	P	P	P	P	P	P	P	P
YPL021W	D	D	D	D	D	D	D	D	S	S	S	S	L	L	L	L	L	L	L	L
YCR093W	P	P	S	S	S	S	S	S	S	S	S	S	P	P	P	P	P	P	P	P
YDR392W	S	S	S	S	S	S	S	S	S	S	S	S	P	P	P	P	P	P	P	P
YGR249W	P	P	D	S	S	S	S	S	S	S	S	S	P	P	P	P	P	P	P	P
YAL056W	P	P	P	P	P	P	P	P	P	P	P	P	P	P	P	P	P	P	P	P
YIL138C	S	S	S	S	P	S	S	P	P	P	P	P	P	P	P	P	P	P	P	P
