Gene ID	V.polysp	T.phaffi	T.blatta	N.dairen	N.castel	K.nagani	K.africa	C.glabra	S.uvarum	S.kudria	S.mikata	S.cerevi	Z.rouxii	T.delbru	K.lactis	E.gossyp	E.cymbal	L.kluyve	L.thermo	L.waltii
YOR231W	S	S	S	S	P	S	S	S	P	P	P	P	P	P	P	P	P	P	P	P
YGR197C	D	D	P	P	P	P	S	P	P	P	P	P	L	P	P	P	P	P	P	P
YKL126W	P	P	S	P	P	S	S	P	P	P	P	P	P	P	P	P	L	P	P	P
YGR131W	S	S	P	P	P	P	P	P	P	P	P	P	P	P	P	P	P	P	P	P
YOR231W	S	S	S	S	P	S	S	S	P	P	P	P	P	P	P	P	P	P	P	P
YOR113W	P	P	S	S	S	P	S	P	S	S	S	S	P	P	P	P	P	P	P	P
YDR389W	P	P	P	P	P	S	P	P	P	P	P	P	P	P	P	P	P	P	P	P
YJL095W	S	S	S	S	S	S	S	S	S	S	S	S	P	P	P	P	P	P	P	P
YDR389W	P	P	P	P	P	S	P	P	P	P	P	P	P	P	P	P	P	P	P	P
YMR239C	S	S	S	S	S	S	S	P	S	S	S	S	P	P	P	P	P	P	P	P
YKL126W	P	P	S	P	P	S	S	P	P	P	P	P	P	P	P	P	L	P	P	P
YDL047W	S	S	S	S	S	S	S	S	S	S	S	S	P	P	P	P	P	P	P	P
YPR165W	P	S	P	P	P	S	P	S	S	S	S	S	P	P	L	P	P	P	P	P
YIL113W	S	S	S	S	S	S	S	S	P	P	P	P	P	P	P	P	P	P	P	P
YBL105C	S	S	S	S	S	S	S	S	S	S	S	S	P	P	P	P	P	P	P	P
YDL240W	S	S	S	S	S	S	S	S	S	S	S	S	P	P	P	P	P	P	P	P
YHR030C	S	P	P	P	P	S	P	S	P	P	S	P	P	P	P	P	P	P	P	P
YLR305C	S	S	S	S	S	S	S	S	S	S	S	S	P	P	P	P	P	P	P	P
YNL161W	S	S	S	S	S	S	S	S	S	S	S	S	P	P	P	P	P	P	P	P
YGR070W	S	S	S	S	S	S	S	S	P	P	P	P	P	P	P	P	P	P	P	P
YDR293C	P	P	P	S	S	S	S	S	S	S	S	S	P	P	P	P	P	P	P	P
