Gene ID	V.polysp	T.phaffi	T.blatta	N.dairen	N.castel	K.nagani	K.africa	C.glabra	S.uvarum	S.kudria	S.mikata	S.cerevi	Z.rouxii	T.delbru	K.lactis	E.gossyp	E.cymbal	L.kluyve	L.thermo	L.waltii
YDR097C	S	S	S	S	S	S	S	S	S	S	S	S	P	P	P	P	P	P	P	P
YOL090W	S	S	S	S	S	S	S	S	S	S	S	S	P	P	P	P	P	P	P	P
YCR092C	S	S	S	S	S	S	S	S	S	S	S	S	P	P	P	P	P	P	P	P
YLR135W	S	S	S	S	S	S	S	S	S	S	S	S	P	P	P	P	P	P	P	P
YIL128W	S	S	S	S	S	S	S	S	S	S	S	S	P	P	P	P	P	P	P	P
YFL003C	S	S	S	S	S	S	S	S	S	S	S	S	P	P	P	L	P	P	L	L
YHR164C	S	S	S	S	S	S	S	S	S	S	S	S	P	P	P	P	P	P	P	P
YKR056W	S	S	S	S	S	S	S	S	S	S	S	S	P	P	P	P	P	P	P	P
YER179W	S	S	S	S	S	S	S	S	S	S	S	S	P	P	P	P	P	P	P	P
YJR006W	S	S	S	S	S	S	S	S	S	S	S	S	P	P	P	P	P	P	P	P
YCR014C	S	S	S	S	S	S	S	S	S	S	S	S	P	P	P	P	P	L	P	P
YDL154W	S	S	S	S	S	S	S	S	S	S	S	S	P	P	P	L	P	P	L	L
YHR120W	S	S	S	S	S	S	S	S	S	S	S	S	P	P	P	P	P	P	P	P
YJR043C	S	S	S	S	S	S	S	S	S	S	S	S	P	P	P	P	P	P	P	P
YNL088W	S	S	S	S	S	S	S	S	S	S	S	S	P	P	P	P	L	P	P	P
YIR021W	S	S	S	P	S	S	P	S	P	P	P	P	P	P	P	P	P	P	P	P
YNL085W	S	S	S	S	S	S	S	S	S	S	S	S	P	P	P	P	P	P	P	P
YHL022C	S	S	S	S	S	S	S	S	S	S	S	S	P	P	P	P	P	P	P	P
YER095W	S	S	S	S	S	S	S	S	S	S	S	S	P	P	P	P	P	P	P	P
YDL102W	S	S	S	S	S	S	S	S	S	S	S	S	P	P	P	P	P	P	P	P
YIR021W	S	S	S	P	S	S	P	S	P	P	P	P	P	P	P	P	P	P	P	P
