Gene ID	V.polysp	T.phaffi	T.blatta	N.dairen	N.castel	K.nagani	K.africa	C.glabra	S.uvarum	S.kudria	S.mikata	S.cerevi	Z.rouxii	T.delbru	K.lactis	E.gossyp	E.cymbal	L.kluyve	L.thermo	L.waltii
YAL016W	P	P	S	S	S	S	S	P	S	S	S	S	P	P	P	P	P	P	P	P
YML077W	S	S	S	S	S	S	S	S	S	S	S	S	P	P	P	P	P	P	P	P
YNL297C	S	S	S	S	S	S	S	S	S	S	S	S	P	P	P	P	P	P	P	P
YBL106C	S	S	P	S	S	P	S	S	P	P	P	P	P	P	P	P	P	P	P	P
YCR067C	S	S	S	P	P	P	P	P	P	P	P	P	P	P	P	P	P	P	P	P
YAL003W	P	S	S	S	S	P	S	S	S	S	S	S	P	P	P	P	P	P	P	P
YNL152W	S	S	S	S	S	S	S	S	S	S	S	S	P	P	P	P	P	P	P	P
YGL097W	S	S	P	S	S	S	S	S	S	S	S	S	P	P	P	P	P	P	P	P
YDR367W	S	S	P	S	S	S	S	S	S	S	S	S	P	P	P	P	P	P	P	P
YER054C	P	P	P	P	P	P	P	P	P	P	P	P	P	P	P	P	P	P	P	P
YNL246W	S	S	S	S	S	S	S	S	S	S	S	S	P	P	P	P	P	P	P	P
YIL119C	D	S	P	S	S	S	S	S	S	S	S	S	L	P	L	L	L	P	L	L
YDR002W	S	S	S	S	S	S	S	S	S	S	S	S	P	P	P	P	P	P	P	P
YBR111W-A	S	S	S	S	S	S	S	S	S	S	S	S	P	P	P	P	P	P	P	P
YJL006C	S	S	S	S	S	S	S	S	S	S	S	S	P	P	P	P	P	P	P	P
YKL126W	P	P	S	P	P	S	S	P	P	P	P	P	P	P	P	P	L	P	P	P
YIL044C	S	S	S	S	S	P	P	S	S	S	S	S	P	P	P	P	P	P	P	P
YOR349W	S	S	S	S	S	S	S	S	S	S	S	S	P	P	P	P	L	P	P	P
YHR035W	S	D	S	S	S	D	D	S	S	S	S	S	P	L	P	P	L	P	P	P
YIL153W	S	S	S	S	S	S	S	S	S	S	S	S	P	P	P	P	P	P	P	P
YKR068C	S	S	S	S	S	S	S	S	S	S	S	S	P	P	P	P	P	P	P	P
YKL081W	S	S	S	S	S	S	S	S	S	S	S	S	P	P	P	P	P	P	P	P
YLR425W	S	S	S	S	S	S	S	S	S	S	S	S	P	P	P	P	P	P	P	P
YEL062W	S	S	S	S	S	S	S	S	S	S	S	S	P	P	P	P	P	P	P	P
YBR214W	S	S	P	P	P	P	P	S	P	P	P	P	P	P	P	P	P	P	P	P
YGR166W	S	S	S	S	S	S	S	S	S	S	S	S	P	P	P	P	P	P	P	P
YBL106C	S	S	P	S	S	P	S	S	P	P	P	P	P	P	P	P	P	P	P	P
YDR246W	S	S	S	S	S	S	S	S	S	S	S	S	P	P	P	P	P	P	P	P
YNL025C	S	S	S	S	S	S	S	S	S	S	S	S	P	P	P	P	P	P	P	P
YPR108W	S	S	S	S	S	S	S	S	S	S	S	S	P	P	P	P	L	P	P	P
YIL106W	S	S	S	S	S	S	S	S	S	S	S	S	P	P	P	P	P	P	P	P
YOR014W	S	S	P	S	S	S	S	S	S	S	S	S	P	P	P	P	P	P	P	P
YPR088C	S	S	S	S	S	S	S	S	S	S	S	S	P	P	P	P	P	P	P	P
YBL060W	S	S	S	S	S	S	S	D	S	S	S	S	P	P	P	P	P	P	P	P
YDL135C	S	S	S	S	S	S	S	S	S	S	S	S	P	P	P	P	P	P	P	P
YDL077C	S	S	S	S	S	S	S	S	S	S	S	S	P	P	P	P	P	P	P	P
YMR232W	S	S	S	S	S	S	S	S	S	S	S	S	P	P	P	P	P	P	P	P
YAL055W	S	S	S	S	S	S	S	S	S	S	S	S	P	P	P	P	P	P	P	P
YDR028C	S	S	P	P	P	P	P	S	P	P	P	P	P	P	P	P	P	P	P	P
YER093C	S	S	S	S	S	S	S	S	S	S	S	S	P	P	P	P	P	P	P	P
YKL201C	P	P	P	P	P	S	P	P	P	P	P	P	P	L	P	L	P	P	P	P
YJL201W	S	S	S	S	S	S	S	S	S	S	S	S	P	P	P	P	L	P	P	P
YBR217W	S	S	S	S	S	S	S	S	S	S	S	S	P	P	P	P	P	P	P	P
YPR017C	S	S	S	S	S	S	S	S	S	S	S	S	L	P	L	L	L	P	P	P
YLR273C	S	S	P	P	P	P	P	P	P	P	P	P	P	P	P	P	L	P	P	P
YFL047W	S	S	S	S	S	S	S	S	S	S	S	S	P	P	P	P	P	P	P	P
YIL102C-A	S	S	S	S	S	S	S	S	S	D	S	S	P	P	P	P	P	P	P	P
YGL115W	S	S	S	S	S	S	S	P	S	S	S	S	P	P	P	P	P	P	P	P
YML100W	D	S	P	S	S	P	P	P	P	P	P	P	P	P	P	P	P	P	P	P
YOR107W	S	S	D	S	S	S	S	S	S	S	S	S	P	P	P	P	P	P	P	P
YBR135W	S	S	S	S	S	S	S	S	S	S	S	S	P	P	P	P	P	P	P	P
YPL149W	S	S	S	S	S	S	S	S	S	S	S	S	P	P	P	P	P	P	P	P
YNL201C	S	S	S	S	S	S	S	S	S	S	S	S	P	P	P	P	P	P	P	P
YNL272C	S	S	S	S	S	S	S	S	S	S	S	S	P	P	P	P	P	P	P	P
YDR477W	P	P	S	S	S	S	S	S	S	S	S	S	P	P	P	P	P	P	P	P
YER122C	S	S	P	S	S	S	P	S	S	S	S	S	P	P	P	P	P	P	P	P
YLR319C	S	S	S	S	S	S	S	S	S	S	S	S	P	P	P	P	P	P	P	P
YLR347C	S	S	S	S	S	S	S	S	S	S	S	S	P	P	P	P	P	P	P	P
YDL100C	S	S	S	S	S	S	S	S	S	S	S	S	P	P	P	P	P	P	P	P
YMR192W	S	S	S	P	P	P	P	P	P	P	P	P	P	P	P	P	P	P	P	P
YCL009C	S	S	S	S	S	S	S	S	S	S	S	S	P	P	P	P	P	P	P	P
YDR453C	P	S	S	P	P	S	P	P	P	P	P	P	P	P	P	P	P	P	P	P
YBL046W	S	S	S	S	S	S	S	S	S	S	S	S	P	P	P	P	P	P	P	P
YER054C	P	P	P	P	P	P	P	P	P	P	P	P	P	P	P	P	P	P	P	P
YNL218W	S	S	S	S	S	S	S	S	S	S	S	S	P	P	P	P	P	P	P	P
YPL070W	S	S	S	S	S	S	S	S	S	S	S	S	P	P	P	P	P	P	P	P
YHR182W	D	D	S	S	S	D	S	D	S	S	S	S	L	P	P	P	P	P	P	P
YJR074W	S	S	S	S	S	S	S	S	S	S	S	S	P	P	P	P	P	P	P	P
YML100W	D	S	P	S	S	P	P	P	P	P	P	P	P	P	P	P	P	P	P	P
YOL010W	S	S	S	S	S	S	S	S	S	S	S	S	P	P	P	P	P	P	P	P
YPL047W	S	S	S	S	S	S	S	S	S	S	S	S	P	P	P	P	P	P	P	P
YHR027C	S	S	S	S	S	S	S	S	S	S	S	S	P	P	P	P	P	P	P	P
YGL181W	S	S	S	S	P	P	P	S	S	S	S	S	P	P	P	P	P	P	P	P
YCL032W	S	S	S	S	S	S	S	S	S	S	S	S	P	P	P	P	P	P	P	P
YML097C	S	S	S	S	S	S	S	S	S	S	S	S	P	P	P	P	L	P	P	P
YCR024C-A	S	P	S	D	S	S	S	P	P	P	P	P	P	P	P	P	L	P	P	P
YKR090W	S	S	S	P	P	P	P	S	S	S	S	S	P	P	P	P	P	P	P	P
YPL024W	S	S	S	S	S	S	S	S	S	S	S	S	P	P	P	P	P	P	P	P
YIL075C	S	S	S	S	S	S	S	S	S	S	S	S	P	P	P	P	P	P	P	P
YOR094W	S	S	S	S	S	S	S	D	S	S	S	S	P	P	P	P	P	P	P	P
YIL063C	S	S	S	S	S	S	S	S	S	S	S	S	P	P	P	P	P	P	P	P
YLR452C	S	S	S	S	S	S	S	S	S	S	S	S	P	P	P	P	P	P	P	P
YBR214W	S	S	P	P	P	P	P	S	P	P	P	P	P	P	P	P	P	P	P	P
YGL066W	S	S	S	S	S	S	S	S	S	S	S	S	P	P	P	P	P	P	P	P
YBR109C	S	S	P	S	P	P	P	S	S	S	S	S	P	P	P	P	P	P	P	P
YDL207W	S	S	S	S	S	S	S	S	S	S	S	S	P	P	P	P	P	P	P	P
YAR014C	S	S	P	S	S	S	S	S	S	S	S	S	P	P	P	P	P	P	P	P
YLR335W	S	S	S	S	S	S	S	S	S	S	S	S	P	P	P	P	P	P	P	P
YEL022W	P	P	P	P	P	P	S	P	P	P	P	P	P	P	P	P	P	P	P	P
YBL061C	P	P	S	S	S	S	S	S	P	P	P	P	P	P	P	P	P	P	P	P
YPL241C	S	S	S	S	S	S	S	S	S	S	S	S	P	P	P	P	P	P	P	P
YGL191W	S	S	P	S	S	S	S	S	S	S	S	S	P	P	P	P	P	P	P	P
YDR472W	S	S	S	S	S	S	S	S	S	S	S	S	P	P	P	P	P	P	P	P
YER019C-A	P	P	P	P	P	S	S	P	P	P	P	P	P	P	P	P	P	P	P	P
YGL246C	S	S	S	S	S	P	P	S	S	S	S	S	P	P	P	P	P	P	P	P
YGL190C	S	S	S	P	P	S	S	S	S	S	S	S	P	P	P	P	P	P	P	P
YMR116C	S	P	S	S	P	S	S	S	S	S	S	S	P	P	P	P	P	P	P	P
YBR036C	S	S	P	S	S	P	P	S	S	S	S	S	P	P	L	L	L	P	P	P
YDR524C	D	D	S	S	S	S	S	S	S	S	S	S	P	P	L	P	P	P	P	P
YER136W	P	P	S	S	S	S	S	S	S	S	S	S	P	P	P	P	P	P	P	P
YLR273C	S	S	P	P	P	P	P	P	P	P	P	P	P	P	P	P	L	P	P	P
YLR022C	S	S	S	S	S	S	S	S	S	S	S	S	P	P	P	P	P	P	P	P
YJL144W	D	D	S	D	S	S	S	S	S	S	S	S	L	P	L	L	L	L	L	L
YML002W	S	S	S	S	S	S	S	S	S	S	S	S	P	P	P	P	P	P	P	P
YBR278W	S	S	S	P	P	P	P	P	P	P	P	P	P	P	P	P	P	P	P	P
YKL190W	S	S	S	S	S	S	S	S	S	S	S	S	P	P	P	P	P	P	P	P
YER021W	S	S	S	S	S	S	S	S	S	S	S	S	P	P	P	P	P	P	P	P
YDR170C	S	S	P	S	S	S	S	S	S	S	S	S	P	P	P	P	P	P	P	P
YMR264W	S	S	P	P	P	P	P	P	P	P	P	P	P	P	P	P	P	P	P	P
YDL117W	S	S	S	S	S	S	S	S	S	S	S	S	P	P	P	P	P	P	P	P
YJL076W	P	P	S	P	P	P	P	P	P	P	P	P	P	P	P	P	P	P	P	P
YGR093W	S	S	S	S	S	S	S	S	S	S	S	S	P	P	P	P	P	P	P	P
YDL226C	S	S	P	S	S	S	S	S	P	P	P	P	P	P	P	P	P	P	P	P
YGR280C	S	S	S	S	S	S	S	S	S	S	S	S	P	P	P	P	P	P	P	P
YEL022W	P	P	P	P	P	P	S	P	P	P	P	P	P	P	P	P	P	P	P	P
YGL164C	S	S	S	S	S	S	S	S	S	S	S	S	P	P	L	P	P	P	P	P
YER019C-A	P	P	P	P	P	S	S	P	P	P	P	P	P	P	P	P	P	P	P	P
YPR095C	S	S	P	S	S	S	P	S	S	S	S	S	P	P	P	P	P	P	P	P
YAL041W	S	S	S	S	S	S	S	S	S	S	S	S	P	P	P	P	P	P	P	P
YHR114W	S	S	S	S	S	S	S	S	S	S	S	S	P	P	P	P	P	P	P	P
YKL159C	S	S	S	S	S	S	S	S	S	S	S	S	P	P	P	P	P	P	P	P
YLR422W	S	S	S	S	S	S	S	S	S	S	S	S	P	P	P	P	P	P	P	P
YPR041W	S	S	S	S	S	S	S	S	S	S	S	S	P	P	P	P	P	P	P	P
YJL115W	S	S	S	S	S	S	S	S	S	S	S	S	P	P	P	P	P	P	P	P
YPL048W	S	S	S	S	S	S	S	S	S	S	S	S	P	P	P	P	P	P	P	P
YPR175W	S	S	S	S	S	S	S	S	S	S	S	S	P	P	P	P	P	P	P	P
YDR121W	S	S	S	S	S	S	S	S	S	S	S	S	P	P	P	P	P	P	P	P
YLR226W	S	S	S	S	S	S	S	S	S	S	S	S	P	P	P	P	P	P	P	P
YDL226C	S	S	P	S	S	S	S	S	P	P	P	P	P	P	P	P	P	P	P	P
YBR058C-A	P	S	S	S	S	S	S	S	S	S	S	S	P	P	P	P	P	P	P	P
YGL033W	S	S	S	S	S	S	S	S	S	S	S	S	P	P	P	P	P	P	P	P
YBL061C	P	P	S	S	S	S	S	S	P	P	P	P	P	P	P	P	P	P	P	P
YPL152W	S	S	S	S	S	S	S	S	S	S	S	S	P	P	P	P	P	P	P	P
YDR217C	S	S	S	S	S	S	S	S	S	S	S	S	P	P	P	P	P	P	P	P
YBL058W	S	S	S	S	S	S	S	S	S	S	S	S	P	P	P	P	P	P	P	P
YCR024C-A	S	P	S	D	S	S	S	P	P	P	P	P	P	P	P	P	L	P	P	P
YJL076W	P	P	S	P	P	P	P	P	P	P	P	P	P	P	P	P	P	P	P	P
