Gene ID	V.polysp	T.phaffi	T.blatta	N.dairen	N.castel	K.nagani	K.africa	C.glabra	S.uvarum	S.kudria	S.mikata	S.cerevi	Z.rouxii	T.delbru	K.lactis	E.gossyp	E.cymbal	L.kluyve	L.thermo	L.waltii
YBR042C	P	P	S	P	P	S	S	S	P	P	P	P	P	P	P	P	P	P	P	P
YJR088C	S	S	S	S	S	S	S	S	S	S	S	S	P	P	P	P	P	P	P	P
YBR042C	P	P	S	P	P	S	S	S	P	P	P	P	P	P	P	P	P	P	P	P
YGR157W	P	P	P	S	S	S	S	S	S	S	S	S	P	P	P	P	P	P	P	P
YDL142C	S	S	S	S	S	S	S	S	S	S	S	S	P	P	P	P	P	P	P	P
YDR284C	S	S	P	S	S	S	S	S	S	S	S	S	P	P	P	P	P	P	P	P
YKR089C	P	P	P	P	P	P	P	P	P	P	P	P	P	P	P	P	P	P	P	P
YDL052C	P	P	S	S	S	S	S	S	S	S	S	S	P	P	P	P	P	P	P	P
YKL207W	S	S	S	S	S	S	S	S	S	S	S	S	P	P	P	P	P	P	P	P
YPR113W	S	P	S	S	S	S	S	S	S	S	S	S	P	P	P	P	P	P	P	P
YLL014W	S	S	S	S	S	S	S	S	S	S	S	S	P	P	P	P	P	P	P	P
YCL045C	S	S	S	S	S	S	S	S	S	S	S	S	P	P	P	P	P	P	P	P
YOR175C	P	S	S	S	S	S	S	S	S	S	S	S	P	P	P	P	P	P	P	P
YDR503C	S	S	S	S	S	D	S	S	S	S	S	S	P	L	P	P	P	P	P	P
YKR031C	S	S	S	S	S	S	S	S	S	S	S	S	P	P	P	P	P	P	P	P
YIL027C	S	S	S	S	S	S	S	S	S	S	S	S	P	P	P	P	P	P	P	P
YHR123W	S	S	P	P	P	P	P	P	P	P	P	P	P	P	P	P	P	P	P	P
YOR022C	S	S	S	D	D	S	S	S	S	S	S	S	P	P	P	P	P	P	P	P
YHR123W	S	S	P	P	P	P	P	P	P	P	P	P	P	P	P	P	P	P	P	P
YBL011W	S	S	S	S	S	S	S	S	S	S	S	S	P	P	P	P	P	P	P	P
YGL126W	S	S	S	S	S	S	S	S	S	S	S	S	P	P	P	P	P	P	P	P
YGL231C	S	S	S	S	S	S	S	S	S	S	S	S	P	P	P	P	P	P	P	P
YER026C	S	S	P	P	P	P	S	S	S	S	S	S	P	P	P	P	P	P	P	P
YPR140W	S	S	P	S	S	S	S	S	S	S	S	S	P	P	P	P	P	P	P	P
YKR067W	S	S	S	S	S	S	S	S	S	S	S	S	P	P	P	P	P	P	P	P
