Gene ID	V.polysp	T.phaffi	T.blatta	N.dairen	N.castel	K.nagani	K.africa	C.glabra	S.uvarum	S.kudria	S.mikata	S.cerevi	Z.rouxii	T.delbru	K.lactis	E.gossyp	E.cymbal	L.kluyve	L.thermo	L.waltii
YJL110C	S	S	P	P	P	P	P	P	P	P	P	P	P	P	P	P	P	P	P	P
YDR451C	P	P	P	S	S	P	S	S	P	P	P	P	P	P	P	P	P	P	P	P
YBR160W	S	S	S	S	S	S	S	S	S	S	S	S	P	P	P	P	P	P	P	P
YKR099W	S	S	P	S	S	S	S	S	S	S	S	S	P	P	P	P	P	P	P	P
YMR136W	P	P	P	S	S	P	P	P	S	S	S	S	P	P	P	P	P	P	P	P
YER040W	S	S	P	S	S	S	S	S	S	S	S	S	P	P	P	P	P	P	P	P
YBR049C	S	S	S	P	P	P	P	P	P	P	P	P	P	P	P	P	P	P	P	P
YFL021W	P	D	D	S	S	S	S	S	S	S	S	S	P	P	P	P	P	P	P	P
YMR213W	S	S	S	S	S	S	S	S	S	S	S	S	P	P	P	P	P	P	P	P
YDR451C	P	P	P	S	S	P	S	S	P	P	P	P	P	P	P	P	P	P	P	P
YDL106C	S	S	S	S	S	S	S	S	S	S	S	S	P	P	P	P	P	P	P	P
YPR104C	S	S	S	S	S	S	S	S	S	S	S	S	P	P	P	P	P	P	P	P
YFL029C	S	S	S	S	S	S	S	S	S	S	S	S	P	P	P	P	P	P	P	P
YCR018C	D	D	D	D	D	D	D	D	S	S	S	S	L	L	L	L	L	L	L	L
YIL131C	P	P	P	P	P	P	P	P	P	P	P	P	P	P	P	P	P	P	P	P
YKL056C	S	S	S	S	S	S	S	S	S	S	S	S	P	P	P	P	P	P	P	P
YCR065W	S	S	P	P	S	P	P	S	S	S	S	S	P	P	P	P	P	P	P	P
YBR049C	S	S	S	P	P	P	P	P	P	P	P	P	P	P	P	P	P	P	P	P
YPL021W	D	D	D	D	D	D	D	D	S	S	S	S	L	L	L	L	L	L	L	L
YJL110C	S	S	P	P	P	P	P	P	P	P	P	P	P	P	P	P	P	P	P	P
YJL097W	S	S	S	S	S	S	S	S	S	S	S	S	P	P	P	P	P	P	P	P
