Gene ID	V.polysp	T.phaffi	T.blatta	N.dairen	N.castel	K.nagani	K.africa	C.glabra	S.uvarum	S.kudria	S.mikata	S.cerevi	Z.rouxii	T.delbru	K.lactis	E.gossyp	E.cymbal	L.kluyve	L.thermo	L.waltii
YDR158W	S	S	S	S	S	S	S	S	S	S	S	S	P	P	P	P	P	P	P	P
YEL046C	S	S	S	S	S	S	S	S	S	S	S	S	P	P	P	P	P	P	P	P
YLR027C	S	S	S	S	S	S	S	S	S	S	S	S	P	P	P	P	P	P	P	P
YAL062W	S	S	S	S	S	S	S	S	P	P	P	P	P	P	P	L	L	P	P	P
YMR096W	S	S	D	D	D	D	D	D	S	S	S	S	P	P	L	P	P	P	P	P
YFR055W	D	S	D	D	D	D	D	D	D	D	S	S	L	L	L	L	L	L	L	L
YER081W	P	S	S	P	P	P	P	S	P	P	P	P	P	P	P	P	P	P	P	P
YFL059W	D	D	D	D	S	D	D	D	S	D	D	S	L	L	L	L	L	L	L	L
YJR139C	S	S	S	S	S	S	S	S	S	S	S	S	P	P	P	P	P	P	P	P
YER081W	P	S	S	P	P	P	P	S	P	P	P	P	P	P	P	P	P	P	P	P
YOL049W	S	S	S	S	S	S	S	S	S	S	S	S	P	P	P	P	P	P	P	P
YAL062W	S	S	S	S	S	S	S	S	P	P	P	P	P	P	P	L	L	P	P	P
YLR303W	S	S	S	S	S	S	S	S	S	S	S	S	P	P	P	P	P	P	P	P
YJL088W	S	S	S	S	S	S	S	S	S	S	S	S	P	P	P	P	P	P	P	P
YLR158C	D	D	D	D	D	D	D	D	D	D	D	S	L	L	L	L	L	L	L	L
YCR053W	S	S	S	S	S	S	S	S	S	S	S	S	P	P	P	P	P	P	P	P
YJR109C	S	S	S	S	S	S	S	S	S	S	S	S	P	P	P	P	P	P	P	P
YKL218C	D	D	D	D	D	D	D	D	D	S	S	S	L	L	L	L	L	L	L	L
YDR321W	S	S	S	S	S	S	S	S	S	S	S	S	P	P	P	P	P	P	P	P
YLR155C	D	D	D	D	D	D	D	D	D	D	D	S	L	L	L	L	L	L	L	L
YCL064C	S	S	S	S	S	S	S	S	S	S	S	S	P	L	P	P	P	P	P	L
YER086W	S	S	S	S	S	S	S	S	S	S	S	S	P	P	P	P	P	P	P	P
YJL130C	S	S	S	S	S	S	S	S	S	S	S	S	P	P	P	P	P	P	P	P
YNL316C	S	S	S	S	S	S	S	S	S	S	S	S	P	P	P	P	P	P	P	P
YKL106W	S	S	S	S	S	S	P	S	S	S	S	S	P	P	P	P	P	P	P	P
YLR157C	D	D	D	D	D	D	D	D	D	D	D	S	L	L	L	L	L	L	L	L
YDL215C	S	S	S	S	S	S	S	S	S	S	S	S	P	P	P	P	P	P	P	P
YNL333W	D	D	D	D	D	D	D	D	D	D	D	S	L	L	L	L	L	L	L	L
YLR160C	D	D	D	D	D	D	D	D	D	D	D	S	L	L	L	L	L	L	L	L
YKL029C	P	P	P	S	S	S	S	S	S	S	S	S	P	P	P	P	P	P	P	P
