Gene ID	V.polysp	T.phaffi	T.blatta	N.dairen	N.castel	K.nagani	K.africa	C.glabra	S.uvarum	S.kudria	S.mikata	S.cerevi	Z.rouxii	T.delbru	K.lactis	E.gossyp	E.cymbal	L.kluyve	L.thermo	L.waltii
YNL137C	S	S	S	S	S	S	S	S	S	S	S	S	P	P	P	P	P	P	P	P
YLR448W	P	P	S	P	P	P	S	S	P	P	P	P	P	P	P	P	P	P	P	P
YDR471W	S	S	S	P	P	S	S	S	P	P	P	P	P	P	P	P	P	P	P	P
YHR203C	S	P	S	P	P	P	P	S	P	P	P	P	P	P	P	P	P	P	P	P
YGR271W	S	S	S	S	S	S	S	S	S	S	S	S	P	P	P	P	P	P	P	P
YPL097W	S	S	S	S	S	S	S	S	S	S	S	S	P	P	P	P	P	P	P	P
YBR189W	P	P	S	P	P	P	P	P	P	P	P	P	P	P	P	P	P	P	P	P
YHR148W	S	S	S	S	S	S	S	S	S	S	S	S	P	P	P	P	P	P	P	P
YDR339C	S	S	S	S	S	S	S	S	S	S	S	S	P	P	P	P	P	P	P	P
YDR405W	S	S	S	S	S	D	S	S	S	S	S	S	P	P	P	P	P	P	P	P
YCR046C	S	S	S	S	S	S	S	S	S	S	S	S	P	P	P	P	P	P	P	P
YOL127W	S	S	S	P	P	S	S	S	S	S	S	S	P	P	P	P	P	P	P	P
YHL001W	S	S	S	P	P	S	S	S	P	P	P	P	P	P	P	P	P	P	P	P
YGL173C	P	P	S	S	S	S	S	S	S	S	S	S	P	P	P	P	P	P	P	P
YGR034W	S	S	S	P	P	S	S	S	P	P	P	P	P	P	P	P	P	P	P	P
YLR448W	P	P	S	P	P	P	S	S	P	P	P	P	P	P	P	P	P	P	P	P
YHR203C	S	P	S	P	P	P	P	S	P	P	P	P	P	P	P	P	P	P	P	P
YLR029C	S	S	S	S	S	S	S	S	P	P	P	P	P	P	P	P	P	P	P	P
YML010W	S	S	S	S	S	S	S	S	S	S	S	S	P	P	P	P	P	P	P	P
YOR166C	S	S	S	S	S	S	S	S	S	S	S	S	P	P	P	P	P	P	P	P
YBR189W	P	P	S	P	P	P	P	P	P	P	P	P	P	P	P	P	P	P	P	P
YGR034W	S	S	S	P	P	S	S	S	P	P	P	P	P	P	P	P	P	P	P	P
YOL021C	S	S	S	S	S	S	S	S	S	S	S	S	P	P	P	P	P	P	P	P
YPL173W	S	S	S	S	S	S	S	S	S	S	S	S	P	P	P	P	P	P	P	P
YER074W	S	S	S	S	P	P	P	S	P	P	P	P	P	P	P	P	P	P	P	P
YDR471W	S	S	S	P	P	S	S	S	P	P	P	P	P	P	P	P	P	P	P	P
YBR191W	P	P	S	P	S	P	P	S	P	P	P	P	P	P	P	P	P	P	P	P
YBR191W	P	P	S	P	S	P	P	S	P	P	P	P	P	P	P	P	P	P	P	P
YER074W	S	S	S	S	P	P	P	S	P	P	P	P	P	P	P	P	P	P	P	P
YHL001W	S	S	S	P	P	S	S	S	P	P	P	P	P	P	P	P	P	P	P	P
YLR029C	S	S	S	S	S	S	S	S	P	P	P	P	P	P	P	P	P	P	P	P
