Gene ID	V.polysp	T.phaffi	T.blatta	N.dairen	N.castel	K.nagani	K.africa	C.glabra	S.uvarum	S.kudria	S.mikata	S.cerevi	Z.rouxii	T.delbru	K.lactis	E.gossyp	E.cymbal	L.kluyve	L.thermo	L.waltii
YOL048C	S	S	S	S	S	S	S	S	S	S	S	S	P	P	P	P	P	P	P	P
YDR523C	S	S	S	S	S	S	S	S	S	S	S	S	P	P	P	P	P	P	P	P
YLR054C	P	S	S	D	S	S	S	S	S	S	S	S	P	P	P	P	P	P	P	P
YLR308W	S	S	S	S	S	S	S	P	S	S	S	S	P	P	P	P	P	P	P	P
YHR184W	S	S	S	S	S	S	S	S	S	S	S	S	P	P	P	P	L	P	P	P
YFR039C	P	P	P	P	P	S	P	P	P	P	P	P	P	P	P	P	P	P	P	P
YAL018C	P	P	D	S	S	S	S	S	P	P	P	S	P	P	L	P	P	P	P	P
YBR180W	S	S	S	S	S	S	S	S	S	S	S	S	P	P	P	P	P	P	P	P
YGR032W	P	P	P	P	P	P	P	P	P	P	P	P	P	P	P	P	P	P	P	P
YLL005C	S	S	S	S	S	S	S	S	S	S	S	S	P	P	P	P	P	P	P	P
YBR023C	P	P	S	S	S	P	P	P	S	S	S	S	P	P	P	P	P	P	P	P
YCL048W	S	S	S	P	P	P	P	P	P	P	P	P	P	P	P	P	P	P	P	P
YLR343W	S	S	S	S	S	S	S	S	S	S	S	S	P	P	P	P	P	P	P	L
YOL132W	S	S	S	S	S	S	S	S	S	S	S	S	P	P	P	P	P	P	P	P
YLR341W	S	S	S	S	S	D	D	S	S	S	S	S	P	P	P	P	L	P	P	P
YGR032W	P	P	P	P	P	P	P	P	P	P	P	P	P	P	P	P	P	P	P	P
YJL037W	D	D	D	D	D	D	D	D	S	D	S	S	L	L	L	L	L	L	L	L
YBR043C	D	D	D	D	D	D	D	D	S	S	S	S	P	P	P	P	P	P	P	P
YLR213C	S	S	S	S	S	S	S	S	S	S	S	S	P	P	P	P	P	P	P	P
YHR185C	S	S	S	S	D	S	S	S	S	S	S	S	P	P	P	P	P	P	P	P
YMR148W	S	S	S	S	S	S	S	S	S	S	S	S	P	P	P	P	P	P	P	P
YDR403W	S	S	S	S	S	S	S	S	S	S	S	S	P	P	P	P	P	P	P	P
YOR242C	S	S	S	S	S	S	S	S	S	S	S	S	P	P	P	P	P	P	P	P
YDR273W	S	S	S	P	P	S	P	P	P	P	P	P	P	P	P	P	P	P	P	P
YJL038C	D	D	D	D	D	D	S	D	S	D	S	S	L	L	L	L	L	L	L	L
YLR307W	D	D	D	D	D	D	D	S	S	S	S	S	L	L	L	L	L	L	L	L
YIR026C	S	S	S	S	S	S	S	S	S	S	S	S	P	P	P	P	P	P	P	P
YDR027C	S	S	S	S	S	S	S	S	S	S	S	S	P	P	P	P	P	P	P	P
YOR298W	S	S	S	S	S	S	S	S	S	S	S	S	P	P	P	P	P	P	P	P
YFL039C	P	S	S	S	S	S	S	S	S	S	S	S	P	P	P	P	P	P	P	P
YNL065W	S	S	P	P	P	S	P	P	P	P	P	P	P	P	P	P	L	P	P	P
YDL239C	S	S	P	S	P	P	P	P	P	P	P	P	P	P	P	P	P	P	P	P
YPR165W	P	S	P	P	P	S	P	S	S	S	S	S	P	P	L	P	P	P	P	P
YBR045C	P	P	P	S	S	P	S	S	S	S	S	S	P	P	P	P	P	P	P	P
YDR402C	S	S	S	S	S	S	S	S	S	S	S	S	P	P	P	P	L	P	P	P
YHR139C	S	P	P	P	P	P	P	P	P	P	P	P	P	P	L	L	L	P	P	P
YLR330W	S	S	S	S	S	S	S	S	S	S	S	S	P	P	P	P	P	P	P	P
YCR045C	P	S	P	S	S	S	S	S	S	S	S	S	P	P	P	P	P	P	P	P
YCL048W	S	S	S	P	P	P	P	P	P	P	P	P	P	P	P	P	P	P	P	P
YER046W	S	S	S	S	S	S	S	D	S	S	S	S	P	P	P	P	P	P	P	P
YNL128W	S	S	S	S	S	S	S	S	S	S	S	S	P	P	P	P	P	P	P	P
YNL084C	S	S	P	S	S	S	S	S	S	S	S	S	P	P	P	P	P	P	P	P
YOL047C	S	S	S	D	S	D	D	S	S	S	S	S	P	P	L	L	L	P	P	L
YPR054W	S	S	S	S	S	S	S	S	S	S	S	S	P	P	P	P	P	P	P	P
YGR225W	S	S	S	S	S	S	S	S	S	S	S	S	P	P	P	P	P	P	P	P
YDR260C	S	S	S	S	S	S	D	S	S	S	S	S	P	P	P	P	P	P	P	P
YOR255W	S	S	S	S	S	S	S	S	S	S	S	S	P	P	P	P	P	P	P	P
YMR306W	S	S	S	S	S	S	S	S	S	S	S	S	P	P	P	P	L	P	P	P
YFR039C	P	P	P	P	P	S	P	P	P	P	P	P	P	P	P	P	P	P	P	P
YDL029W	S	S	S	S	S	D	D	S	S	S	S	S	P	P	P	P	P	P	P	P
YDR104C	S	S	S	S	S	S	S	D	S	S	S	S	P	P	P	P	P	P	P	P
