Gene ID	V.polysp	T.phaffi	T.blatta	N.dairen	N.castel	K.nagani	K.africa	C.glabra	S.uvarum	S.kudria	S.mikata	S.cerevi	Z.rouxii	T.delbru	K.lactis	E.gossyp	E.cymbal	L.kluyve	L.thermo	L.waltii
YDR387C	S	S	S	S	S	S	S	S	S	S	S	S	P	P	P	L	P	P	P	P
YBR293W	D	D	D	D	D	D	D	D	S	S	S	S	L	L	L	L	L	L	L	L
YDR343C	D	D	S	P	P	S	D	P	P	P	P	P	L	P	L	P	P	P	P	P
YOL119C	S	S	D	D	D	S	S	S	S	S	S	S	P	P	P	P	L	P	P	P
YCL025C	P	P	S	P	P	P	P	P	P	P	P	P	P	P	P	P	P	P	P	P
YBR241C	S	S	S	P	P	P	S	S	P	P	P	P	P	P	P	P	P	P	P	P
YPR194C	S	D	D	D	D	D	D	D	S	S	S	S	L	L	L	L	L	L	L	L
YMR177W	S	S	P	P	P	P	P	P	P	P	P	P	P	P	P	P	P	P	P	P
YDL206W	S	S	S	S	S	S	S	S	S	S	S	S	P	P	P	L	L	P	P	P
YDR338C	S	S	S	S	S	S	S	S	S	S	S	S	P	P	P	P	L	P	P	P
YDR497C	S	S	S	S	P	S	S	S	P	P	P	P	P	P	P	P	L	P	P	P
YPL244C	S	S	S	S	S	S	S	S	S	S	S	S	P	P	P	P	P	P	P	P
YAL053W	S	S	S	S	S	S	P	S	P	P	P	P	P	P	P	P	L	P	P	P
YGR224W	D	D	D	D	S	D	D	S	D	S	S	S	L	L	L	L	L	L	L	L
YGR138C	S	S	S	S	P	S	S	S	P	P	P	P	P	P	P	P	L	P	P	P
YFL011W	D	D	D	D	D	D	D	D	S	S	S	S	L	L	L	L	L	L	L	L
YDL199C	D	D	D	D	D	D	S	D	S	S	S	S	P	P	P	L	L	P	P	P
YBR294W	D	D	D	D	D	D	D	D	S	S	S	S	L	L	L	L	L	L	L	L
YNR055C	D	D	D	D	D	D	D	D	S	S	S	S	L	L	L	L	L	L	L	L
YPL092W	D	S	S	S	P	S	S	S	S	S	S	S	P	P	P	L	L	P	L	P
YMR319C	D	D	D	D	S	D	D	S	S	S	S	S	P	L	P	L	L	P	L	P
YJR040W	S	S	S	S	S	S	S	S	S	S	S	S	P	P	P	P	P	P	P	P
YJL133W	P	S	P	P	P	P	P	P	P	P	P	P	P	P	P	P	P	P	P	P
YDR119W	S	S	S	S	S	S	S	D	S	S	S	S	P	P	P	P	P	P	P	P
YBR298C	D	D	D	D	D	D	D	D	D	D	D	S	L	L	L	L	L	L	L	L
YNL095C	S	S	P	P	P	S	S	P	P	P	P	P	P	P	P	P	P	P	P	P
YAL053W	S	S	S	S	S	S	P	S	P	P	P	P	P	P	P	P	L	P	P	P
YOL020W	S	S	S	S	S	D	D	S	S	S	S	S	L	L	P	P	P	P	P	P
YHL047C	D	D	D	D	D	D	D	D	D	D	D	S	L	L	L	L	L	L	L	L
YBR180W	S	S	S	S	S	S	S	S	S	S	S	S	P	P	P	P	P	P	P	P
YPR198W	D	D	D	D	D	D	D	D	D	D	D	S	L	L	L	L	L	L	L	L
YNL268W	S	S	S	S	S	S	D	S	S	S	S	S	P	P	P	P	P	P	P	P
YBL089W	S	S	S	S	S	P	S	P	P	P	P	P	P	P	P	P	P	P	P	P
YJL108C	D	D	D	D	D	S	D	S	S	S	S	S	P	P	P	P	P	P	P	P
YOR271C	S	S	S	S	S	S	S	S	S	S	S	S	P	P	P	P	P	P	P	P
YGR260W	S	S	S	P	S	S	S	S	S	S	S	S	L	P	P	P	L	P	L	L
YPL270W	S	S	S	S	S	S	S	S	S	S	S	S	P	P	P	P	P	P	P	P
YKL217W	D	D	D	D	D	D	D	D	S	S	S	S	L	L	L	L	L	L	L	L
YLL052C	D	D	D	D	D	D	D	D	S	S	S	S	L	L	L	L	L	L	L	L
YBR241C	S	S	S	P	P	P	S	S	P	P	P	P	P	P	P	P	P	P	P	P
YHR048W	S	S	S	S	S	S	S	S	S	S	S	S	P	L	L	L	L	P	P	L
YHR002W	S	S	S	S	S	S	S	S	S	S	S	S	P	P	P	P	P	P	P	P
YGR125W	S	S	S	S	S	S	S	S	S	S	S	S	P	P	P	P	L	P	P	P
YBL030C	S	S	S	P	P	S	S	S	P	P	P	P	P	P	P	P	P	P	P	P
YIL134W	S	S	S	S	S	S	S	S	S	S	S	S	P	P	P	P	P	P	P	P
YBR068C	P	P	P	P	P	P	P	P	P	P	P	P	P	L	L	P	P	P	P	P
YIL114C	S	S	S	S	S	P	P	P	P	P	P	P	P	P	P	P	P	P	P	P
YHL036W	S	S	S	S	S	D	D	S	S	S	S	S	P	P	P	P	P	P	L	P
YNR013C	S	S	S	S	S	S	S	S	S	S	S	S	P	P	P	P	P	P	P	P
YDL119C	S	S	S	S	S	S	S	S	S	S	S	S	P	P	P	P	P	P	P	P
YKL221W	D	D	D	D	D	D	D	D	D	D	D	S	L	L	L	L	L	L	L	L
YFL050C	D	D	D	D	D	D	D	D	S	S	S	S	L	L	L	L	L	L	L	L
YEL004W	D	D	D	D	D	S	D	D	S	S	S	S	L	P	P	L	L	P	P	L
YDR343C	D	D	S	P	P	S	D	P	P	P	P	P	L	P	L	P	P	P	P	P
YCR011C	S	S	S	S	S	S	S	S	S	S	S	S	P	P	P	P	P	P	P	P
YDL194W	S	S	S	P	P	P	P	P	P	P	P	P	P	P	P	P	P	P	P	P
YCL069W	D	D	D	D	D	D	D	D	D	D	D	S	L	L	L	L	L	L	L	L
YGR217W	P	P	S	S	S	S	S	S	S	S	S	S	P	P	P	P	P	P	P	P
YLL055W	D	D	D	D	S	D	D	D	S	S	S	S	P	L	P	P	L	P	P	P
YLL015W	S	S	D	D	D	S	S	S	S	S	S	S	P	P	P	L	L	P	L	L
YPL058C	S	S	S	S	S	S	S	S	S	S	S	S	P	P	P	L	L	P	L	L
YOL137W	S	S	S	S	S	S	S	S	S	S	S	S	P	P	P	P	P	P	P	P
YDR536W	D	D	D	D	D	D	D	D	S	S	S	S	P	P	P	P	P	P	P	P
YDR011W	P	P	P	S	S	S	S	S	D	S	S	S	P	P	P	P	P	P	P	P
YPL147W	S	S	S	S	S	S	S	S	S	S	S	S	P	P	P	P	P	P	P	P
YPL169C	S	S	S	S	S	P	P	S	S	S	S	S	P	P	P	P	P	P	P	P
YMR243C	S	S	S	P	P	P	P	S	P	P	P	P	P	P	P	P	P	P	P	P
YMR203W	S	S	S	S	S	S	S	S	S	S	S	S	P	P	P	P	P	P	P	P
YJL163C	S	S	S	S	S	S	S	S	S	S	S	S	P	P	P	P	L	P	P	P
YOR328W	D	D	D	D	D	D	D	D	S	S	S	S	L	L	L	L	L	L	L	L
YNL275W	D	S	S	S	S	S	S	S	S	S	S	S	P	P	P	P	P	P	P	P
YGR191W	S	P	S	P	P	S	S	S	S	S	S	S	L	L	P	P	P	P	P	P
YKR093W	S	D	S	S	S	S	S	S	S	S	S	S	P	P	P	L	L	P	L	L
YBL042C	S	S	D	S	S	D	S	S	S	S	S	S	P	P	P	P	P	P	P	P
YKR103W	D	D	D	D	D	D	D	D	D	D	S	S	L	L	L	L	L	L	L	L
YNR070W	D	D	D	D	D	D	D	D	D	S	S	S	L	L	L	L	L	L	L	L
YOR273C	S	S	P	D	S	S	S	S	S	S	S	S	L	P	L	P	P	P	P	P
YKR104W	D	D	D	D	D	D	D	D	D	D	D	S	L	L	L	L	L	L	L	L
YBR069C	S	D	S	S	S	S	D	D	S	S	S	S	L	L	L	P	P	P	L	L
YDL128W	S	S	P	S	S	S	S	S	S	S	S	S	P	P	P	P	P	P	P	P
YEL065W	S	D	D	S	S	D	D	D	S	S	S	S	L	L	L	L	L	L	L	L
YDR497C	S	S	S	S	P	S	S	S	P	P	P	P	P	P	P	P	L	P	P	P
YGL186C	S	S	S	S	S	S	S	S	S	S	S	S	L	P	P	L	L	P	P	P
YLR152C	S	S	S	S	S	S	P	D	S	S	S	S	P	P	P	P	P	P	P	P
YJR158W	D	D	D	D	D	D	D	D	D	D	D	S	L	L	L	L	L	L	L	L
YBR043C	D	D	D	D	D	D	D	D	S	S	S	S	P	P	P	P	P	P	P	P
YDR160W	D	D	D	S	S	S	D	S	S	S	S	S	P	P	P	P	P	P	P	P
YML123C	P	P	S	P	P	S	S	S	S	S	S	S	P	P	P	P	P	P	P	P
YDR040C	S	S	S	S	S	S	S	S	S	S	S	S	P	P	P	P	P	P	P	P
YBR068C	P	P	P	P	P	P	P	P	P	P	P	P	P	L	L	P	P	P	P	P
YGR096W	S	S	S	S	S	S	S	S	S	S	S	S	P	P	P	P	P	P	P	P
YBR086C	S	S	S	P	P	P	P	S	S	S	S	S	P	P	P	P	L	P	P	P
YFL054C	D	D	D	D	D	D	D	D	S	S	S	S	L	P	L	L	L	L	P	P
YMR011W	D	D	D	D	D	D	D	D	S	S	S	S	L	L	L	L	L	L	L	L
YDR038C	D	D	D	D	D	D	D	D	D	D	D	S	L	L	L	L	L	L	L	L
YHR096C	P	S	S	P	P	S	S	P	P	S	P	P	L	P	P	P	L	L	L	P
YLL043W	S	S	S	P	P	S	P	P	S	S	S	S	P	P	P	P	P	P	P	P
YJR095W	S	S	S	S	S	S	S	S	S	S	S	S	P	P	P	P	P	P	P	P
YLR004C	S	S	S	S	S	S	S	S	S	S	S	S	P	P	P	L	L	P	P	P
YOR378W	D	D	D	D	S	S	S	S	S	S	S	S	L	L	P	L	L	L	P	P
YKL174C	S	S	S	S	S	S	S	S	S	S	S	S	P	P	P	P	P	P	P	P
YFR045W	S	S	S	S	S	S	S	S	S	S	S	S	P	P	P	P	P	P	P	P
YGL008C	S	S	P	S	S	P	S	S	S	S	S	S	P	P	P	P	P	P	P	P
YBR008C	D	D	D	D	D	D	D	D	D	S	S	S	L	L	L	L	L	L	L	L
YLL061W	D	D	D	D	D	D	D	D	D	D	S	S	L	L	L	L	L	L	L	L
YNL065W	S	S	P	P	P	S	P	P	P	P	P	P	P	P	P	P	L	P	P	P
YMR177W	S	S	P	P	P	P	P	P	P	P	P	P	P	P	P	P	P	P	P	P
YAL022C	S	S	S	S	S	S	S	S	S	S	S	S	P	P	P	P	L	P	P	P
YDR342C	D	D	S	D	D	P	S	P	P	P	P	P	P	P	L	P	P	P	P	P
YPR003C	S	S	S	S	S	S	D	S	S	S	S	S	P	P	P	L	L	P	P	P
YOL158C	D	D	D	D	D	D	D	D	D	D	D	S	L	L	L	L	L	L	L	L
YKL209C	S	S	S	S	S	S	S	S	S	S	S	S	P	P	P	P	P	P	P	P
YEL006W	S	S	S	S	S	S	S	S	P	P	P	P	P	P	P	P	P	P	P	P
YLR081W	D	D	D	D	D	D	D	D	S	S	S	S	L	L	L	L	L	L	L	L
YCR037C	S	P	P	P	P	P	P	S	P	P	P	P	P	P	P	P	P	P	P	P
YDL247W	D	D	D	D	D	D	D	D	D	D	D	S	L	L	L	L	L	L	L	L
YOR153W	S	D	P	P	P	P	P	S	P	P	P	P	P	P	L	L	L	L	L	L
YJL129C	P	S	P	P	P	P	P	S	P	P	P	P	P	P	P	P	P	P	P	P
YDR375C	S	S	S	S	S	S	S	S	S	S	S	S	P	P	P	P	P	P	P	P
YCR098C	D	D	D	D	D	D	D	D	S	S	S	S	L	L	L	L	L	L	L	L
YDR456W	S	S	S	S	S	S	S	S	S	S	S	S	P	P	P	P	P	P	P	P
YGL077C	S	S	S	S	S	S	S	S	S	S	S	S	P	P	P	P	P	P	P	P
YDR384C	S	S	P	S	S	S	S	S	S	S	S	S	P	P	P	P	P	P	P	P
YLR092W	S	P	S	S	S	S	S	S	S	S	S	S	P	P	P	P	P	P	P	P
YOR192C	D	D	D	D	D	D	D	D	D	D	S	S	L	L	L	L	L	L	L	L
YMR221C	S	S	S	S	S	S	S	S	S	S	S	S	P	P	P	L	L	P	P	P
YJR160C	D	D	D	D	D	D	D	D	D	D	D	S	L	L	L	L	L	L	L	L
YEL006W	S	S	S	S	S	S	S	S	P	P	P	P	P	P	P	P	P	P	P	P
YKL064W	S	S	S	S	S	S	S	S	S	S	S	S	P	P	P	P	P	P	P	P
YJL219W	D	D	D	D	D	D	D	D	D	D	D	S	L	L	L	L	L	L	L	L
YOL162W	D	D	D	D	D	D	D	D	D	D	D	S	L	L	L	L	L	L	L	L
YKL188C	S	S	S	S	S	S	S	S	S	S	S	S	P	P	P	P	P	P	P	P
YJR152W	D	D	D	S	S	S	D	D	S	S	S	S	P	L	P	L	L	P	P	P
YOR153W	S	D	P	P	P	P	P	S	P	P	P	P	P	P	L	L	L	L	L	L
YFL055W	D	D	D	D	S	S	D	D	D	S	D	S	L	L	L	L	L	L	L	L
YBR296C	D	D	D	D	D	D	D	D	S	S	S	S	L	L	L	L	L	L	L	P
YKR105C	D	D	D	D	D	D	D	D	D	D	D	S	L	L	L	L	L	L	L	L
YOL156W	D	D	D	D	D	D	D	D	D	D	D	S	L	L	L	L	L	L	L	L
YAL067C	D	D	D	D	D	D	D	D	D	D	D	S	L	L	L	L	L	L	L	L
YDR135C	S	S	S	S	S	S	S	S	S	S	S	S	P	P	P	P	P	P	P	P
YOR306C	P	D	S	S	S	S	S	S	S	S	S	S	L	L	P	L	L	P	L	L
YGR289C	D	D	D	D	D	D	D	D	D	S	D	S	L	L	L	L	L	L	L	L
YMR088C	S	S	D	S	S	S	D	S	S	S	S	S	P	P	P	P	P	P	P	P
YER060W	D	D	D	D	D	S	D	D	S	S	S	S	L	L	L	L	L	L	L	L
YBR192W	S	S	S	S	S	S	S	S	S	S	S	S	P	P	P	P	P	P	P	P
YNL321W	P	P	P	S	S	S	S	S	S	S	S	S	P	P	P	P	P	P	P	P
YNR072W	D	D	D	D	D	D	D	D	D	D	D	S	L	L	L	L	L	L	L	L
YJR106W	S	S	S	S	S	S	S	S	S	S	S	S	P	P	P	P	P	P	P	P
YGL139W	S	P	P	P	P	P	P	P	P	P	P	P	P	P	P	P	P	P	P	P
YOR161C	D	S	D	S	S	S	S	S	S	S	S	S	P	P	P	P	P	P	P	P
YJL212C	D	D	D	D	D	D	D	D	S	S	S	S	L	L	L	L	L	L	L	L
YOR222W	S	S	S	S	S	S	P	S	P	P	P	P	P	P	P	P	P	P	P	P
YLR188W	S	S	S	S	S	D	D	S	S	S	S	S	P	P	P	P	P	P	P	P
YBR132C	S	S	P	S	S	S	S	S	S	S	S	S	P	P	P	P	P	P	P	P
YOR307C	S	S	S	S	S	S	S	S	S	S	S	S	P	P	P	P	L	P	P	P
YDR342C	D	D	S	D	D	P	S	P	P	P	P	P	P	P	L	P	P	P	P	P
YOR079C	S	S	S	S	S	S	S	S	S	S	S	S	P	P	P	P	L	P	P	P
YNL318C	S	D	P	S	S	D	S	S	S	S	S	S	P	P	P	P	P	L	L	L
YHL035C	P	P	S	S	S	S	S	P	P	P	P	P	P	P	P	P	P	P	P	P
YPR201W	S	D	D	D	S	D	D	D	D	D	D	S	L	L	P	L	L	L	L	L
YJL129C	P	S	P	P	P	P	P	S	P	P	P	P	P	P	P	P	P	P	P	P
YDR270W	S	S	S	S	S	S	S	S	S	S	S	S	P	P	P	P	P	P	P	P
YEL069C	D	D	D	D	D	D	D	D	D	D	S	S	L	L	L	L	L	L	L	L
YJR077C	S	S	S	S	S	S	S	S	S	S	S	S	P	P	P	P	P	P	P	P
YNR056C	D	D	D	D	D	D	D	D	S	S	S	S	L	L	P	L	L	P	P	P
YBR295W	D	D	D	D	D	D	D	D	D	S	S	S	L	L	L	L	L	L	L	L
YNL065W	S	S	P	P	P	S	P	P	P	P	P	P	P	P	P	P	L	P	P	P
YIL013C	D	S	S	S	S	S	P	S	P	P	P	P	L	L	L	P	P	P	L	L
YOR011W	D	D	D	S	S	D	D	S	D	S	D	S	L	L	L	L	L	L	L	L
YOR071C	D	D	D	D	D	D	D	D	D	D	D	S	L	L	L	L	L	L	L	L
YKR039W	S	S	D	S	S	D	D	S	S	S	S	S	P	L	P	P	P	P	P	P
YOL075C	S	S	S	S	S	S	S	S	S	S	S	S	P	L	P	L	L	P	P	P
YMR301C	S	S	S	S	S	S	S	S	S	S	S	S	P	P	P	P	P	P	P	P
YOR222W	S	S	S	S	S	S	P	S	P	P	P	P	P	P	P	P	P	P	P	P
YKL175W	S	S	S	S	S	S	S	S	S	S	S	S	P	P	P	P	P	P	P	P
YBR291C	S	S	S	S	S	S	S	S	S	S	S	S	P	P	P	P	P	P	P	P
YKL120W	S	S	S	S	S	S	S	S	S	S	S	S	P	P	P	P	P	P	P	P
YBR127C	S	S	S	S	S	S	S	S	S	S	S	S	P	P	P	P	P	P	P	P
YPR011C	S	S	D	D	D	S	S	S	S	S	S	S	P	P	P	P	P	P	P	P
YHL016C	S	S	D	S	S	S	D	S	S	S	S	S	P	L	P	P	P	P	P	P
YDL054C	S	S	S	S	S	S	S	S	S	S	S	S	P	P	P	P	P	P	P	P
YCL005W-A	S	S	S	S	S	S	S	S	S	S	S	S	P	P	P	P	P	P	P	P
YML116W	S	S	S	P	P	P	P	P	P	P	P	P	L	P	L	L	L	P	P	P
YGR055W	S	S	P	S	S	P	S	P	S	S	S	S	P	P	P	P	P	P	P	P
YJR124C	S	S	S	S	S	S	S	S	S	S	S	S	P	P	P	P	P	P	P	P
YOL130W	S	S	S	S	P	S	S	S	S	S	S	S	P	P	P	P	P	P	P	P
YIL023C	S	S	S	S	S	S	S	S	S	S	S	S	P	P	P	P	P	P	P	P
YBL089W	S	S	S	S	S	P	S	P	P	P	P	P	P	P	P	P	P	P	P	P
YPL265W	S	D	S	S	S	D	D	S	S	S	S	S	P	L	P	P	P	P	P	P
YKR106W	D	D	D	D	D	D	D	D	D	D	D	S	L	L	L	L	L	L	L	L
YOR291W	S	S	S	S	S	S	S	S	S	S	S	S	P	P	P	P	P	P	P	P
YCR037C	S	P	P	P	P	P	P	S	P	P	P	P	P	P	P	P	P	P	P	P
YHR032W	S	S	S	S	S	S	S	S	S	S	S	S	P	P	P	P	L	P	P	P
YFL040W	S	S	S	P	S	S	S	S	S	S	S	S	P	P	P	P	P	P	P	P
YBR104W	P	P	P	P	P	P	P	P	P	P	P	P	P	P	P	L	L	P	P	P
YGR138C	S	S	S	S	P	S	S	S	P	P	P	P	P	P	P	P	L	P	P	P
YLR138W	P	S	P	S	S	S	S	S	S	S	S	S	P	P	P	P	P	P	P	P
YEL031W	S	S	S	S	S	S	S	S	S	S	S	S	P	P	P	P	P	P	P	P
YPR021C	S	S	S	S	S	S	S	S	S	S	S	S	P	P	P	P	P	P	P	P
YHR096C	P	S	S	P	P	S	S	P	P	S	P	P	L	P	P	P	L	L	L	P
YHL040C	D	D	D	S	S	D	D	S	S	S	S	S	L	L	L	L	L	L	P	P
YOR348C	S	S	D	S	S	S	S	S	S	S	S	S	P	P	P	P	P	P	P	P
YNL125C	S	S	S	S	S	S	S	S	S	S	S	S	P	P	P	L	L	P	L	P
YNL270C	S	S	S	P	P	S	P	S	P	P	P	P	P	P	P	P	P	P	P	P
YGL255W	D	D	D	D	D	D	D	D	S	S	S	S	L	L	L	L	L	L	L	L
YBL030C	S	S	S	P	P	S	S	S	P	P	P	P	P	P	P	P	P	P	P	P
YIL121W	S	S	S	D	S	D	D	D	S	S	S	S	L	P	P	L	L	P	P	P
YLR237W	S	S	S	P	S	P	S	S	S	S	S	S	P	P	L	L	L	P	P	P
YMR243C	S	S	S	P	P	P	P	S	P	P	P	P	P	P	P	P	P	P	P	P
YIR028W	D	D	D	S	S	S	D	D	S	S	S	S	L	L	L	L	L	L	L	L
YCR028C	S	S	S	S	S	S	S	S	S	S	S	S	P	P	P	P	L	P	P	P
YER056C	S	S	S	P	P	P	S	S	S	S	S	S	P	P	P	P	P	P	P	P
YDL194W	S	S	S	P	P	P	P	P	P	P	P	P	P	P	P	P	P	P	P	P
YNL270C	S	S	S	P	P	S	P	S	P	P	P	P	P	P	P	P	P	P	P	P
YCL073C	D	D	D	D	D	D	D	D	D	D	D	S	L	L	L	L	L	L	L	L
YNL095C	S	S	P	P	P	S	S	P	P	P	P	P	P	P	P	P	P	P	P	P
YBR235W	S	S	S	S	S	S	S	S	S	S	S	S	P	P	P	P	P	P	P	P
YLR130C	S	S	S	P	P	P	P	P	S	S	S	S	L	L	P	L	L	P	L	L
YLL028W	P	P	P	S	S	S	P	P	S	S	S	S	P	P	P	L	L	P	P	P
YIL013C	D	S	S	S	S	S	P	S	P	P	P	P	L	L	L	P	P	P	L	L
YIL114C	S	S	S	S	S	P	P	P	P	P	P	P	P	P	P	P	P	P	P	P
YDL210W	D	D	D	D	D	D	D	D	S	S	S	S	L	L	L	L	L	L	L	L
YMR056C	S	S	D	S	S	S	S	D	S	S	S	S	P	P	L	L	L	L	L	L
YNL083W	S	S	S	S	S	S	S	S	S	S	S	S	P	P	P	P	P	P	P	P
YJL214W	D	D	D	D	D	D	D	D	D	D	D	S	L	L	L	L	L	L	L	L
YJL094C	S	S	S	S	S	S	S	S	S	S	S	S	P	P	P	L	L	P	P	P
YPL274W	D	D	D	D	S	D	D	D	S	S	S	S	P	L	P	P	P	P	P	P
YGL139W	S	P	P	P	P	P	P	P	P	P	P	P	P	P	P	P	P	P	P	P
YCR075C	S	S	S	S	S	S	S	S	S	S	S	S	P	P	P	P	L	P	P	P
YCL025C	P	P	S	P	P	P	P	P	P	P	P	P	P	P	P	P	P	P	P	P
YHL035C	P	P	S	S	S	S	S	P	P	P	P	P	P	P	P	P	P	P	P	P
YPR192W	D	D	D	D	D	D	D	D	S	S	S	S	L	L	L	L	L	L	L	L
YCR023C	D	S	S	S	S	D	D	D	S	S	S	S	P	L	L	P	L	P	L	L
YOL163W	D	D	D	D	D	D	D	D	S	D	D	S	L	L	L	L	L	L	L	L
YCR010C	S	P	P	P	P	P	P	P	P	P	P	P	P	P	P	P	P	P	L	L
YBR287W	S	S	P	S	S	S	S	S	S	S	S	S	P	P	P	P	L	P	P	P
YIL166C	D	D	D	D	D	D	D	D	S	S	S	S	L	L	L	L	L	L	L	L
YGR281W	S	S	S	S	S	S	S	S	S	S	S	S	P	P	P	P	P	P	P	P
YER060W-A	P	P	S	S	S	S	S	S	S	S	S	S	P	L	L	L	L	L	L	L
YDR039C	D	S	D	D	D	D	D	D	S	S	S	S	L	L	L	L	L	L	L	L
YMR166C	S	S	S	S	S	S	S	S	S	S	S	S	P	P	P	P	P	P	P	P
YER039C	P	P	S	P	P	S	S	S	P	P	P	P	P	P	P	P	P	P	P	P
YML116W	S	S	S	P	P	P	P	P	P	P	P	P	L	P	L	L	L	P	P	P
YHL008C	P	P	P	S	S	S	S	S	S	S	S	S	P	P	P	P	P	P	P	P
YGR065C	S	S	S	S	S	S	S	S	P	S	S	S	P	P	P	P	P	P	P	P
YDL198C	S	S	S	S	S	S	S	S	S	S	S	S	P	P	P	P	P	P	P	P
YDR205W	S	S	S	S	S	S	S	S	S	S	S	S	P	P	P	P	P	P	P	P
YGL006W	S	S	S	S	S	S	S	S	S	S	S	S	P	P	P	P	P	P	P	P
YBR021W	S	S	S	S	S	S	D	S	S	S	S	S	P	P	P	P	P	P	L	L
YDL245C	D	D	D	D	D	D	D	D	D	D	D	S	L	L	L	L	L	L	L	L
