Gene ID	V.polysp	T.phaffi	T.blatta	N.dairen	N.castel	K.nagani	K.africa	C.glabra	S.uvarum	S.kudria	S.mikata	S.cerevi	Z.rouxii	T.delbru	K.lactis	E.gossyp	E.cymbal	L.kluyve	L.thermo	L.waltii
YLR056W	P	P	S	S	S	S	S	S	S	S	S	S	P	P	P	P	P	P	P	P
YOR059C	S	S	S	S	S	S	S	S	S	S	S	S	P	P	P	P	P	P	P	P
YBR177C	S	S	P	S	S	D	S	S	P	P	P	P	P	P	P	P	P	P	P	P
YNL094W	S	S	S	S	S	S	S	S	S	S	S	S	P	P	P	P	P	P	P	P
YKL140W	S	S	S	S	S	S	S	S	S	S	S	S	P	P	L	P	L	P	P	P
YNL123W	S	S	S	S	S	S	S	S	S	S	S	S	L	P	P	P	P	P	P	P
YPR147C	S	S	S	S	S	D	D	S	S	S	S	S	P	P	L	P	P	P	P	P
YMR272C	P	S	S	S	S	S	S	S	S	S	S	S	P	P	P	P	P	P	P	P
YMR210W	S	S	S	S	S	P	S	S	S	S	S	S	L	P	P	P	P	P	P	P
YMR313C	S	S	S	S	S	S	S	S	S	S	S	S	P	P	P	P	P	P	P	P
YLR372W	S	S	S	P	P	P	S	S	S	S	S	S	P	P	P	P	P	P	P	P
YMR165C	S	S	S	S	S	S	S	S	S	S	S	S	P	P	P	P	P	P	P	P
YGR060W	S	S	S	S	S	S	S	S	S	S	S	S	P	P	P	P	P	P	P	P
YDL109C	S	S	S	P	P	P	P	P	P	P	P	P	P	P	P	P	P	P	P	P
YNL045W	S	S	S	S	S	S	S	S	S	S	S	S	P	L	P	P	P	P	L	P
YCR034W	P	P	P	S	P	S	P	P	P	P	P	P	P	P	P	P	P	P	P	P
YBR177C	S	S	P	S	S	D	S	S	P	P	P	P	P	P	P	P	P	P	P	P
YDR444W	S	S	S	S	S	S	S	S	S	S	S	S	P	P	P	P	P	P	P	P
YDL109C	S	S	S	P	P	P	P	P	P	P	P	P	P	P	P	P	P	P	P	P
YCR034W	P	P	P	S	P	S	P	P	P	P	P	P	P	P	P	P	P	P	P	P
YDR297W	S	S	S	S	S	S	S	S	S	S	S	S	P	P	P	P	P	P	P	P
