Gene ID	V.polysp	T.phaffi	T.blatta	N.dairen	N.castel	K.nagani	K.africa	C.glabra	S.uvarum	S.kudria	S.mikata	S.cerevi	Z.rouxii	T.delbru	K.lactis	E.gossyp	E.cymbal	L.kluyve	L.thermo	L.waltii
YJL160C	P	P	S	P	P	P	P	P	P	P	P	P	P	P	P	P	P	P	P	P
YDR542W	D	D	D	D	D	D	D	D	D	D	D	S	L	L	L	L	L	L	L	L
YER011W	D	S	P	S	P	S	P	S	S	S	S	S	L	L	L	P	P	L	L	L
YLR433C	S	S	P	S	P	S	S	S	P	P	P	P	P	P	P	P	P	P	P	P
YIR039C	D	D	D	D	D	D	D	D	D	D	D	S	L	L	L	L	L	L	L	L
YEL040W	S	S	S	S	S	S	S	S	S	S	S	S	P	P	P	L	L	P	P	P
YLR390W-A	S	S	S	S	S	S	S	S	S	S	S	S	P	P	P	P	P	P	P	P
YOL161C	D	D	D	D	D	D	D	D	D	D	D	S	L	L	L	L	L	L	L	L
Scer_YGOB_YDR134C	S	S	P	P	P	P	P	P	P	P	P	P	P	P	P	P	P	P	P	P
YKL096W-A	S	P	S	D	S	D	D	S	S	S	S	S	P	P	L	P	P	P	P	P
YJR150C	D	D	D	D	D	D	D	D	S	S	S	S	L	L	L	L	L	L	L	L
YPL175W	S	S	S	S	S	S	S	S	S	S	S	S	P	P	P	P	P	P	P	P
YDR307W	S	S	S	S	S	S	S	S	S	S	S	S	P	P	P	P	P	P	P	P
YDR077W	D	D	P	S	S	P	P	P	P	P	P	P	P	P	P	P	P	P	P	P
YIL123W	S	P	P	P	P	S	S	P	P	P	P	P	P	P	P	P	P	P	P	P
YDL222C	P	S	D	P	P	S	P	S	P	P	P	P	L	P	P	P	P	P	P	P
YAL023C	P	P	P	P	P	P	P	P	P	P	P	P	P	P	P	P	P	P	P	P
YBL068W	S	S	S	S	S	S	P	S	P	P	P	P	P	P	P	P	P	P	P	P
YOR009W	D	D	D	S	D	D	S	S	S	S	S	S	L	L	L	L	L	L	L	L
YLR425W	S	S	S	S	S	S	S	S	S	S	S	S	P	P	P	P	P	P	P	P
YHR079C	S	S	S	S	S	S	S	S	S	S	S	S	P	P	P	P	P	P	P	P
YJL159W	P	P	S	P	P	P	S	P	P	P	P	P	P	P	P	P	P	P	P	P
YDR077W	D	D	P	S	S	P	P	P	P	P	P	P	P	P	P	P	P	P	P	P
YIL011W	D	S	S	P	P	S	S	P	P	P	P	P	L	L	L	L	P	L	L	L
YKL129C	S	P	P	S	S	S	S	P	P	P	P	P	P	P	P	P	P	P	P	P
YLR414C	S	S	S	S	S	S	S	S	S	S	S	S	P	L	P	L	L	P	P	L
YOR008C	S	S	S	S	S	S	S	S	S	S	S	S	P	P	P	P	P	P	P	P
YCL051W	S	S	S	P	P	S	S	S	P	P	P	P	P	P	P	P	P	P	P	P
YNL313C	S	S	S	S	S	S	S	S	S	S	S	S	P	P	P	P	P	P	P	P
YDR349C	S	S	S	S	S	S	S	S	S	S	S	S	P	P	P	P	P	P	P	P
YJL116C	S	S	P	P	P	P	P	P	P	P	P	P	P	P	P	P	P	P	P	P
YOR394W	D	D	D	D	D	D	D	D	D	D	D	S	L	L	L	L	L	L	L	L
YCL048W	S	S	S	P	P	P	P	P	P	P	P	P	P	P	P	P	P	P	P	P
YBR067C	D	D	D	S	S	S	D	S	S	S	S	S	L	L	L	L	L	L	L	L
YLR443W	S	S	S	S	S	S	S	S	S	S	S	S	P	P	P	P	P	P	P	P
YJL223C	D	D	D	D	D	D	D	D	D	D	D	S	L	L	L	L	L	L	L	L
YBR270C	S	S	S	P	P	S	S	S	P	P	P	P	P	P	P	P	P	P	P	P
YCR032W	S	S	S	S	S	S	S	S	S	S	S	S	P	P	P	P	P	P	P	P
YNL192W	P	P	S	S	S	S	S	S	S	S	S	S	P	P	P	P	P	P	P	P
YER093C	S	S	S	S	S	S	S	S	S	S	S	S	P	P	P	P	P	P	P	P
YKL224C	D	D	D	D	D	D	D	D	D	D	D	S	L	L	L	L	L	L	L	L
YER003C	S	S	S	S	S	S	S	S	S	S	S	S	P	P	P	P	P	P	P	P
YCR104W	D	D	D	D	D	D	D	D	D	D	D	S	L	L	L	L	L	L	L	L
YDR144C	S	P	P	P	P	P	P	P	P	P	P	P	P	P	P	P	P	P	P	P
YHL046C	D	D	D	D	D	D	D	D	D	D	D	S	L	L	L	L	L	L	L	L
YAR020C	D	D	D	D	D	D	D	D	S	S	S	S	L	L	L	L	L	L	L	L
YLR433C	S	S	P	S	P	S	S	S	P	P	P	P	P	P	P	P	P	P	P	P
YIL158W	S	S	S	S	P	P	P	S	P	P	P	P	P	P	P	P	P	P	P	P
YCR017C	S	S	S	S	S	S	S	S	S	S	S	S	P	P	P	P	P	P	P	P
YDR331W	S	S	S	S	S	S	S	S	S	S	S	S	P	P	P	P	P	P	P	P
YLR213C	S	S	S	S	S	S	S	S	S	S	S	S	P	P	P	P	P	P	P	P
YKL129C	S	P	P	S	S	S	S	P	P	P	P	P	P	P	P	P	P	P	P	P
YJL159W	P	P	S	P	P	P	S	P	P	P	P	P	P	P	P	P	P	P	P	P
YPL282C	D	D	D	D	D	D	D	D	D	D	D	S	L	L	L	L	L	L	L	L
YBR038W	S	S	S	S	S	S	S	S	S	S	S	S	P	P	P	P	L	P	P	P
YKL187C	S	S	S	P	P	P	P	P	P	P	P	P	L	P	P	P	P	P	P	P
YOL155C	D	D	D	D	D	D	D	D	D	D	D	S	L	L	L	L	L	L	L	L
YPL180W	S	S	S	S	S	S	S	S	S	S	S	S	P	P	P	P	P	P	P	P
YOL013C	S	S	S	S	S	S	S	S	S	S	S	S	P	P	P	P	P	P	P	P
YKL181W	P	S	P	S	S	S	S	S	S	S	S	S	P	P	P	P	P	P	P	P
YER033C	S	S	S	S	S	S	S	S	S	S	S	S	P	P	P	P	L	P	P	P
YJL083W	P	P	P	S	P	S	P	S	P	P	P	P	P	P	P	P	P	P	P	P
YIL011W	D	S	S	P	P	S	S	P	P	P	P	P	L	L	L	L	P	L	L	L
YGR143W	S	P	P	P	P	P	P	P	P	P	P	P	P	P	P	P	P	P	P	P
YGR023W	P	P	P	P	P	P	P	P	P	P	P	P	P	P	P	P	P	P	P	P
YDR434W	P	P	P	S	S	S	S	S	S	S	S	S	P	P	P	P	P	P	P	P
YMR215W	S	S	S	S	S	S	S	S	S	S	S	S	P	P	P	P	P	P	L	L
YIL176C	D	D	D	D	D	D	D	D	D	D	D	S	L	L	L	L	L	L	L	L
YJL158C	P	P	P	S	S	P	P	S	P	P	P	S	P	P	P	P	P	P	P	P
YKL096W	S	S	S	S	S	S	S	P	S	S	S	S	P	P	P	P	L	P	P	P
YPL154C	P	S	S	S	S	S	S	S	S	S	S	S	P	P	P	P	P	P	P	P
YOL030W	S	S	S	S	S	S	S	S	S	S	S	S	P	P	P	P	P	P	P	P
YLR300W	P	P	P	P	P	P	P	P	P	P	P	P	P	P	P	P	P	P	P	P
YNL006W	S	S	S	S	S	S	S	S	S	S	S	S	P	P	P	P	P	P	P	P
YNL038W	S	S	S	S	S	S	S	S	S	S	S	S	P	P	P	P	P	P	P	P
YNL090W	S	S	S	S	S	S	S	S	S	S	S	S	P	P	P	P	P	P	P	L
YDL049C	D	D	S	P	P	D	S	S	S	S	S	S	P	P	P	P	P	P	P	P
YOL109W	D	D	D	D	D	D	D	S	S	S	S	S	L	P	L	L	L	P	P	L
YEL049W	D	D	D	D	D	D	D	D	S	S	S	S	L	L	L	L	L	L	L	L
YMR068W	S	S	S	P	P	S	P	S	S	S	S	S	P	P	P	P	P	P	P	P
YLR194C	S	S	S	S	S	S	S	S	S	S	S	S	P	P	P	P	P	P	P	P
YHR188C	P	S	S	S	S	S	S	S	S	S	S	S	P	P	P	P	P	P	P	P
YFL020C	D	D	D	D	D	D	D	D	S	S	S	S	L	L	L	L	L	L	L	L
YKL187C	S	S	S	P	P	P	P	P	P	P	P	P	L	P	P	P	P	P	P	P
YLR121C	D	D	D	D	D	S	D	D	S	S	S	S	P	L	L	L	L	L	L	L
YIL123W	S	P	P	P	P	S	S	P	P	P	P	P	P	P	P	P	P	P	P	P
YBR078W	S	P	S	P	P	P	P	P	P	P	P	P	P	P	P	P	P	P	P	P
YNR076W	D	D	D	D	D	D	D	D	D	D	D	S	L	L	L	L	L	L	L	L
YJR066W	S	S	S	P	P	P	P	P	P	P	P	P	P	P	P	P	P	P	P	P
YBR301W	D	D	D	D	D	D	D	D	D	D	D	S	L	L	L	L	L	L	L	L
YIL085C	S	S	S	P	P	P	P	S	P	P	P	P	P	P	P	L	L	P	P	P
YPL031C	S	S	S	S	S	S	S	S	S	S	S	S	P	P	P	P	P	P	P	P
YHR102W	S	S	P	S	S	S	S	S	S	S	S	S	P	P	P	P	P	P	P	P
YDR483W	P	P	P	P	P	S	P	P	P	P	P	P	P	P	P	P	P	P	P	P
YML052W	S	S	S	S	S	S	S	S	S	S	S	S	P	P	P	P	P	P	P	P
YFL039C	P	S	S	S	S	S	S	S	S	S	S	S	P	P	P	P	P	P	P	P
YDL047W	S	S	S	S	S	S	S	S	S	S	S	S	P	P	P	P	P	P	P	P
YBL101C	P	P	P	P	P	P	P	P	P	P	P	P	P	P	P	P	P	P	P	P
YOL078W	S	S	S	S	S	S	S	S	S	S	S	S	P	P	P	P	P	P	P	P
YDR144C	S	P	P	P	P	P	P	P	P	P	P	P	P	P	P	P	P	P	P	P
YGL261C	D	D	D	D	D	D	D	D	D	D	D	S	L	L	L	L	L	L	L	L
YBR004C	S	S	S	S	S	S	S	S	S	S	S	S	P	P	P	P	P	P	P	P
YGR216C	S	S	S	S	S	S	S	S	S	S	S	S	P	P	P	P	P	P	P	P
YDR351W	P	P	P	P	P	P	P	P	P	P	P	P	P	P	P	P	P	P	P	P
YGR282C	S	S	S	S	S	S	S	S	S	S	S	S	P	P	P	P	P	P	P	P
YNL283C	S	S	S	S	S	S	P	D	P	P	P	P	P	P	P	P	P	P	P	P
YDL203C	S	S	S	S	S	S	S	S	S	S	S	S	P	P	P	P	P	P	P	P
YJL174W	S	S	P	S	S	S	S	S	S	S	S	S	P	P	P	P	P	P	P	P
YNL322C	S	S	S	S	S	S	S	S	S	S	S	S	P	P	P	P	P	P	P	P
YNL158W	S	S	S	S	S	S	S	S	S	S	S	S	P	P	P	P	P	P	P	P
YLR459W	S	S	S	S	S	S	S	S	S	S	S	S	P	P	P	P	P	P	P	P
YGL259W	D	D	D	D	D	D	D	D	D	D	D	S	L	L	L	L	L	L	L	L
YDR074W	S	S	S	S	S	S	S	S	S	S	S	S	P	P	P	P	P	P	P	P
YGR294W	D	D	D	D	D	D	D	D	S	D	D	S	L	L	L	L	L	L	L	L
YOL061W	S	S	S	S	S	S	S	S	S	S	S	S	P	P	P	P	P	P	P	P
YPL076W	S	S	S	S	S	S	S	S	S	S	S	S	P	P	P	P	P	P	P	P
YDR261C	S	S	S	S	S	S	S	S	S	S	S	S	P	P	L	P	P	P	L	P
YDR420W	S	S	S	D	D	S	S	S	S	S	S	S	P	P	P	P	P	P	P	P
YGR143W	S	P	P	P	P	P	P	P	P	P	P	P	P	P	P	P	P	P	P	P
YIR041W	D	D	D	D	D	D	D	D	D	D	D	S	L	L	L	L	L	L	L	L
YCL048W	S	S	S	P	P	P	P	P	P	P	P	P	P	P	P	P	P	P	P	P
YJR143C	S	S	S	S	S	S	S	S	P	S	S	S	P	P	P	P	P	P	P	P
YAL023C	P	P	P	P	P	P	P	P	P	P	P	P	P	P	P	P	P	P	P	P
YJR151C	D	D	D	D	D	D	D	D	S	S	S	S	L	L	L	L	L	L	L	L
YKL190W	S	S	S	S	S	S	S	S	S	S	S	S	P	P	P	P	P	P	P	P
YGR199W	S	S	S	S	S	S	S	S	S	S	S	S	P	P	P	L	P	P	P	P
YDR351W	P	P	P	P	P	P	P	P	P	P	P	P	P	P	P	P	P	P	P	P
YPL096C-A	S	S	S	S	S	S	S	S	S	S	S	S	P	P	P	P	L	P	P	P
YCL052C	S	S	S	S	S	S	S	S	S	S	S	S	P	P	P	P	P	P	P	P
YLL025W	D	D	D	D	D	D	D	D	S	S	S	S	L	L	L	L	L	L	L	L
YDL095W	P	P	P	S	S	S	S	S	S	S	S	S	P	P	P	P	P	P	P	P
YOR247W	P	P	S	P	P	P	P	S	P	P	P	P	P	P	P	P	P	P	P	P
YJR013W	S	S	S	S	S	S	S	S	S	S	S	S	P	P	P	P	P	P	P	P
YMR325W	D	D	D	D	D	D	D	D	D	D	D	S	L	L	L	L	L	L	L	L
YDR437W	S	S	S	S	S	S	S	S	S	S	S	S	P	P	P	P	P	P	P	P
YJL160C	P	P	S	P	P	P	P	P	P	P	P	P	P	P	P	P	P	P	P	P
YLL064C	D	D	D	D	D	D	D	D	D	D	D	S	L	L	L	L	L	L	L	L
YLR461W	D	D	D	D	D	D	D	D	D	D	S	S	L	L	L	L	L	L	L	L
YGR189C	P	S	D	P	P	S	S	S	S	S	S	S	P	P	P	P	P	P	P	P
YHL011C	S	S	P	S	S	P	S	S	S	S	S	S	P	P	P	P	P	P	P	P
YJL042W	P	P	P	S	S	S	S	S	S	S	S	S	P	P	P	P	P	P	P	P
YJL116C	S	S	P	P	P	P	P	P	P	P	P	P	P	P	P	P	P	P	P	P
YAL068C	D	D	D	D	D	D	D	D	D	D	D	S	L	L	L	L	L	L	L	L
YDL222C	P	S	D	P	P	S	P	S	P	P	P	P	L	P	P	P	P	P	P	P
YJR104C	P	P	S	S	S	S	S	S	S	S	S	S	P	P	P	P	P	P	P	P
YDL093W	D	D	D	S	S	S	S	S	S	S	S	S	L	L	L	L	L	L	L	L
YBL068W	S	S	S	S	S	S	P	S	P	P	P	P	P	P	P	P	P	P	P	P
YGR023W	P	P	P	P	P	P	P	P	P	P	P	P	P	P	P	P	P	P	P	P
YCL051W	S	S	S	P	P	S	S	S	P	P	P	P	P	P	P	P	P	P	P	P
YNL243W	S	S	S	S	S	S	S	S	S	S	S	S	P	P	P	L	L	P	P	P
YJL083W	P	P	P	S	P	S	P	S	P	P	P	P	P	P	P	P	P	P	P	P
YMR022W	S	S	S	S	S	S	S	S	S	S	S	S	P	P	P	P	P	P	P	P
YBR078W	S	P	S	P	P	P	P	P	P	P	P	P	P	P	P	P	P	P	P	P
YIL015W	S	D	S	S	S	S	D	S	S	S	S	S	P	P	P	P	P	P	L	L
YHR181W	S	S	S	S	S	S	S	S	S	S	S	S	P	P	P	P	P	P	P	P
YMR307W	S	S	S	S	S	S	P	P	S	S	S	S	P	P	P	P	P	P	P	P
YLR037C	D	D	D	D	D	D	D	D	D	S	D	S	L	L	L	L	L	L	L	L
YLR088W	S	S	S	S	S	S	S	S	S	S	S	S	P	P	P	P	P	P	P	P
YGR014W	S	S	S	S	S	S	S	S	S	S	S	S	P	P	P	P	P	P	P	P
