Gene ID	V.polysp	T.phaffi	T.blatta	N.dairen	N.castel	K.nagani	K.africa	C.glabra	S.uvarum	S.kudria	S.mikata	S.cerevi	Z.rouxii	T.delbru	K.lactis	E.gossyp	E.cymbal	L.kluyve	L.thermo	L.waltii
YBR042C	P	P	S	P	P	S	S	S	P	P	P	P	P	P	P	P	P	P	P	P
YBR042C	P	P	S	P	P	S	S	S	P	P	P	P	P	P	P	P	P	P	P	P
YDR319C	S	S	S	S	S	S	S	S	S	S	S	S	P	P	P	P	P	P	P	P
YNL169C	S	P	P	S	S	S	S	S	S	S	S	S	P	P	P	P	P	P	P	P
YGR149W	S	D	S	S	S	S	S	S	S	S	S	S	P	P	P	P	P	P	P	P
YHR100C	S	S	S	S	S	P	S	S	S	S	S	S	P	P	P	P	P	P	P	P
YCL004W	S	S	S	S	S	S	S	S	S	S	S	S	P	P	P	P	P	P	P	P
YGR157W	P	P	P	S	S	S	S	S	S	S	S	S	P	P	P	P	P	P	P	P
YDL142C	S	S	S	S	S	S	S	S	S	S	S	S	P	P	P	P	P	P	P	P
YDL052C	P	P	S	S	S	S	S	S	S	S	S	S	P	P	P	P	P	P	P	P
YPR113W	S	P	S	S	S	S	S	S	S	S	S	S	P	P	P	P	P	P	P	P
YDR125C	S	S	S	S	P	P	P	P	P	P	P	P	P	P	P	P	P	P	P	P
YBL039C	P	S	S	S	S	S	S	S	P	P	P	P	P	P	P	P	P	P	P	P
YDR147W	S	S	S	P	P	P	P	P	P	P	P	P	P	P	P	P	P	P	P	P
YDR123C	S	S	S	S	S	S	S	S	S	S	S	S	P	P	P	P	P	P	P	P
YBL091C-A	P	P	P	S	S	P	P	P	P	P	P	P	P	P	P	P	P	P	P	P
YHL020C	S	S	S	S	S	S	S	S	S	S	S	S	P	P	P	P	P	P	P	P
YJL153C	S	S	S	S	S	S	S	S	S	S	S	S	P	P	P	L	L	P	L	L
YOR175C	P	S	S	S	S	S	S	S	S	S	S	S	P	P	P	P	P	P	P	P
YGR202C	S	P	S	S	S	S	S	S	S	S	S	S	P	P	P	P	P	P	P	P
YGR007W	S	S	S	S	S	S	S	S	S	S	S	S	P	P	P	P	P	P	P	P
YBR029C	S	S	S	S	S	S	S	S	S	S	S	S	P	P	P	P	P	P	P	P
YGR170W	S	S	S	S	S	S	S	S	S	S	S	S	P	P	P	P	L	P	P	P
YOR298W	S	S	S	S	S	S	S	S	S	S	S	S	P	P	P	P	P	P	P	P
YBL039C	P	S	S	S	S	S	S	S	P	P	P	P	P	P	P	P	P	P	P	P
YGR046W	S	S	S	S	S	S	S	S	S	S	S	S	P	P	P	P	P	P	P	P
YHR123W	S	S	P	P	P	P	P	P	P	P	P	P	P	P	P	P	P	P	P	P
YDR147W	S	S	S	P	P	P	P	P	P	P	P	P	P	P	P	P	P	P	P	P
YHR123W	S	S	P	P	P	P	P	P	P	P	P	P	P	P	P	P	P	P	P	P
YOL032W	S	S	S	S	S	S	S	S	S	S	S	S	P	P	P	P	P	P	P	P
YMR165C	S	S	S	S	S	S	S	S	S	S	S	S	P	P	P	P	P	P	P	P
YJR073C	S	S	S	S	S	S	S	S	S	S	S	S	P	P	P	P	P	P	P	P
YNL231C	S	S	P	S	S	S	S	S	S	S	S	S	P	P	P	P	P	P	P	P
YBL011W	S	S	S	S	S	S	S	S	S	S	S	S	P	P	P	P	P	P	P	P
YOL108C	S	S	S	S	S	S	S	S	S	S	S	S	P	P	P	P	P	P	P	P
YGL126W	S	S	S	S	S	S	S	S	S	S	S	S	P	P	P	P	P	P	P	P
YER026C	S	S	P	P	P	P	S	S	S	S	S	S	P	P	P	P	P	P	P	P
YBL091C-A	P	P	P	S	S	P	P	P	P	P	P	P	P	P	P	P	P	P	P	P
YPR140W	S	S	P	S	S	S	S	S	S	S	S	S	P	P	P	P	P	P	P	P
YKR067W	S	S	S	S	S	S	S	S	S	S	S	S	P	P	P	P	P	P	P	P
YNL264C	S	S	S	S	S	S	S	S	S	S	S	S	P	L	P	P	P	P	P	P
