Gene ID	V.polysp	T.phaffi	T.blatta	N.dairen	N.castel	K.nagani	K.africa	C.glabra	S.uvarum	S.kudria	S.mikata	S.cerevi	Z.rouxii	T.delbru	K.lactis	E.gossyp	E.cymbal	L.kluyve	L.thermo	L.waltii
YOR039W	P	S	S	S	S	S	S	S	S	S	S	S	P	P	P	P	P	P	P	P
YOR281C	S	S	S	S	S	S	S	S	S	S	S	S	P	P	P	P	P	P	P	P
YKL139W	S	S	S	S	S	S	S	S	S	S	S	S	P	P	P	P	P	P	P	P
YDR200C	P	P	P	P	P	S	S	P	P	P	P	P	P	P	P	P	P	P	P	P
YPR161C	S	S	S	S	S	S	S	S	S	S	S	S	P	P	P	P	P	P	P	P
Scer_YGOB_SDC25	P	P	P	P	P	P	S	P	P	P	P	P	P	P	P	P	L	P	P	P
YDR168W	S	S	S	S	S	S	S	S	S	S	S	S	P	P	P	P	P	P	P	P
YHR186C	S	S	S	S	S	S	S	S	S	S	S	S	P	P	P	P	L	P	P	P
YPL042C	S	S	S	S	S	S	S	S	S	S	S	S	P	P	P	P	P	P	P	P
YMR052W	S	S	S	S	S	S	S	S	S	S	S	S	P	P	P	P	P	P	P	P
YFR014C	S	S	S	P	P	P	P	P	P	P	P	P	P	P	P	P	P	P	P	P
YKL116C	S	S	S	S	S	S	S	S	S	S	S	S	P	P	P	P	P	P	P	P
YDL165W	S	S	S	S	S	S	S	S	S	S	S	S	P	P	P	P	P	P	P	P
YJR066W	S	S	S	P	P	P	P	P	P	P	P	P	P	P	P	P	P	P	P	P
YDR363W-A	S	S	S	S	S	S	S	S	S	S	S	S	P	P	P	P	P	P	P	P
YPL180W	S	S	S	S	S	S	S	S	S	S	S	S	P	P	P	P	P	P	P	P
YFR014C	S	S	S	P	P	P	P	P	P	P	P	P	P	P	P	P	P	P	P	P
YNL127W	S	S	S	S	S	S	S	S	S	S	S	S	P	P	P	P	P	P	P	P
YIL035C	S	S	S	S	S	S	S	S	S	S	S	S	P	P	P	P	P	P	P	P
YNL307C	S	S	P	S	S	S	S	S	P	P	P	P	P	P	P	P	P	P	P	P
YNL006W	S	S	S	S	S	S	S	S	S	S	S	S	P	P	P	P	P	P	P	P
YFR008W	S	S	S	S	S	S	S	S	S	S	S	S	P	P	P	P	P	P	P	P
YER133W	S	S	S	S	S	S	S	S	S	S	S	S	P	P	P	P	P	P	P	P
YJR066W	S	S	S	P	P	P	P	P	P	P	P	P	P	P	P	P	P	P	P	P
YPL031C	S	S	S	S	S	S	S	S	S	S	S	S	P	P	P	P	P	P	P	P
YLR287C	S	S	S	S	S	S	S	S	S	S	S	S	P	P	P	P	P	P	P	P
YFL029C	S	S	S	S	S	S	S	S	S	S	S	S	P	P	P	P	P	P	P	P
YDL179W	P	P	P	P	P	S	S	P	P	P	P	P	P	P	P	P	P	P	P	P
YDR200C	P	P	P	P	P	S	S	P	P	P	P	P	P	P	P	P	P	P	P	P
YDL108W	S	S	S	S	S	S	S	S	S	S	S	S	P	P	P	P	P	P	P	P
YMR291W	P	P	S	S	S	S	S	S	S	S	S	S	P	P	P	P	P	P	P	P
YKL101W	S	S	S	S	S	S	S	S	S	S	S	S	P	P	P	P	P	P	P	P
YMR029C	S	S	S	S	S	S	S	S	S	S	S	S	P	P	P	P	P	P	P	P
YER167W	S	S	S	S	P	P	P	S	S	S	S	S	P	P	P	P	L	P	P	P
YOL139C	P	S	P	S	S	S	S	S	S	S	S	S	P	P	P	P	P	P	P	P
YBR133C	S	S	S	S	S	S	S	S	S	S	S	S	P	P	P	P	P	P	P	P
YNL289W	S	S	P	P	P	S	P	S	S	S	S	S	P	P	P	P	P	P	P	P
YDR440W	S	S	P	S	S	S	S	S	S	S	S	S	P	P	P	P	P	P	P	P
YGL215W	S	S	S	S	S	S	S	S	S	S	S	S	P	P	P	P	P	P	P	P
YDL179W	P	P	P	P	P	S	S	P	P	P	P	P	P	P	P	P	P	P	P	P
YGL019W	S	S	S	S	S	S	S	S	S	S	S	S	P	P	P	P	P	P	P	P
YCR093W	P	P	S	S	S	S	S	S	S	S	S	S	P	P	P	P	P	P	P	P
YOR244W	S	S	S	S	S	S	S	S	S	S	S	S	P	P	P	P	P	P	P	P
YDR217C	S	S	S	S	S	S	S	S	S	S	S	S	P	P	P	P	P	P	P	P
YOR061W	S	S	S	P	P	S	S	S	S	S	S	S	P	P	P	P	P	P	P	P
YAL040C	P	S	P	P	P	S	P	S	S	S	S	S	P	P	P	P	L	P	P	P
