Gene ID	V.polysp	T.phaffi	T.blatta	N.dairen	N.castel	K.nagani	K.africa	C.glabra	S.uvarum	S.kudria	S.mikata	S.cerevi	Z.rouxii	T.delbru	K.lactis	E.gossyp	E.cymbal	L.kluyve	L.thermo	L.waltii
YKR004C	S	S	S	S	S	S	S	S	S	S	S	S	P	P	P	P	P	P	P	P
YLR308W	S	S	S	S	S	S	S	P	S	S	S	S	P	P	P	P	P	P	P	P
YDR125C	S	S	S	S	P	P	P	P	P	P	P	P	P	P	P	P	P	P	P	P
YGL028C	S	P	S	S	S	S	S	P	S	S	S	S	P	P	P	L	L	P	P	P
YHR132C	S	S	S	S	S	S	S	S	S	S	S	S	P	P	P	P	L	P	P	P
YEL040W	S	S	S	S	S	S	S	S	S	S	S	S	P	P	P	L	L	P	P	P
Scer_YGOB_YDR134C	S	S	P	P	P	P	P	P	P	P	P	P	P	P	P	P	P	P	P	P
YHR143W	S	S	D	S	S	S	S	S	S	S	S	S	P	P	P	P	P	P	P	P
YNL095C	S	S	P	P	P	S	S	P	P	P	P	P	P	P	P	P	P	P	P	P
YLR300W	P	P	P	P	P	P	P	P	P	P	P	P	P	P	P	P	P	P	P	P
YKL126W	P	P	S	P	P	S	S	P	P	P	P	P	P	P	P	P	L	P	P	P
YGR032W	P	P	P	P	P	P	P	P	P	P	P	P	P	P	P	P	P	P	P	P
YIL123W	S	P	P	P	P	S	S	P	P	P	P	P	P	P	P	P	P	P	P	P
YOR009W	D	D	D	S	D	D	S	S	S	S	S	S	L	L	L	L	L	L	L	L
YJL159W	P	P	S	P	P	P	S	P	P	P	P	P	P	P	P	P	P	P	P	P
YGR279C	P	P	S	P	P	P	P	P	P	P	P	P	P	P	P	P	P	P	P	P
YPL133C	S	S	S	S	S	S	S	S	S	S	S	S	P	P	P	P	P	P	P	P
YOR008C	S	S	S	S	S	S	S	S	S	S	S	S	P	P	P	P	P	P	P	P
YGR166W	S	S	S	S	S	S	S	S	S	S	S	S	P	P	P	P	P	P	P	P
YCL051W	S	S	S	P	P	S	S	S	P	P	P	P	P	P	P	P	P	P	P	P
YNL313C	S	S	S	S	S	S	S	S	S	S	S	S	P	P	P	P	P	P	P	P
YJL116C	S	S	P	P	P	P	P	P	P	P	P	P	P	P	P	P	P	P	P	P
YHL043W	D	D	D	D	D	D	D	D	D	D	D	S	L	L	L	L	L	L	L	L
YBR023C	P	P	S	S	S	P	P	P	S	S	S	S	P	P	P	P	P	P	P	P
YBL007C	S	S	S	S	S	S	S	S	S	S	S	S	P	P	P	P	P	P	P	P
YLR343W	S	S	S	S	S	S	S	S	S	S	S	S	P	P	P	P	P	P	P	L
YOR336W	S	S	S	S	S	S	S	S	S	S	S	S	P	P	P	P	P	P	P	P
YLR443W	S	S	S	S	S	S	S	S	S	S	S	S	P	P	P	P	P	P	P	P
YOL132W	S	S	S	S	S	S	S	S	S	S	S	S	P	P	P	P	P	P	P	P
YGR032W	P	P	P	P	P	P	P	P	P	P	P	P	P	P	P	P	P	P	P	P
YNL192W	P	P	S	S	S	S	S	S	S	S	S	S	P	P	P	P	P	P	P	P
YJR153W	D	D	D	D	D	D	D	D	S	S	D	S	L	L	L	P	P	P	L	L
YJL201W	S	S	S	S	S	S	S	S	S	S	S	S	P	P	P	P	L	P	P	P
YLL031C	P	P	P	S	S	S	S	S	S	S	S	S	P	P	P	P	P	P	P	P
YIL158W	S	S	S	S	P	P	P	S	P	P	P	P	P	P	P	P	P	P	P	P
YCR017C	S	S	S	S	S	S	S	S	S	S	S	S	P	P	P	P	P	P	P	P
YJL159W	P	P	S	P	P	P	S	P	P	P	P	P	P	P	P	P	P	P	P	P
YLR436C	S	S	S	S	S	S	S	S	S	S	S	S	P	P	P	P	L	P	P	P
YBR038W	S	S	S	S	S	S	S	S	S	S	S	S	P	P	P	P	L	P	P	P
YOL155C	D	D	D	D	D	D	D	D	D	D	D	S	L	L	L	L	L	L	L	L
YGR143W	S	P	P	P	P	P	P	P	P	P	P	P	P	P	P	P	P	P	P	P
YHR101C	S	S	S	S	S	S	S	S	S	S	S	S	P	P	P	P	P	P	P	P
YMR215W	S	S	S	S	S	S	S	S	S	S	S	S	P	P	P	P	P	P	L	L
YGR279C	P	P	S	P	P	P	P	P	P	P	P	P	P	P	P	P	P	P	P	P
YJL158C	P	P	P	S	S	P	P	S	P	P	P	S	P	P	P	P	P	P	P	P
YOL030W	S	S	S	S	S	S	S	S	S	S	S	S	P	P	P	P	P	P	P	P
YLR300W	P	P	P	P	P	P	P	P	P	P	P	P	P	P	P	P	P	P	P	P
YDL049C	D	D	S	P	P	D	S	S	S	S	S	S	P	P	P	P	P	P	P	P
YLR194C	S	S	S	S	S	S	S	S	S	S	S	S	P	P	P	P	P	P	P	P
YLR307W	D	D	D	D	D	D	D	S	S	S	S	S	L	L	L	L	L	L	L	L
YIL123W	S	P	P	P	P	S	S	P	P	P	P	P	P	P	P	P	P	P	P	P
YNL283C	S	S	S	S	S	S	P	D	P	P	P	P	P	P	P	P	P	P	P	P
YKL126W	P	P	S	P	P	S	S	P	P	P	P	P	P	P	P	P	L	P	P	P
YBR301W	D	D	D	D	D	D	D	D	D	D	D	S	L	L	L	L	L	L	L	L
YBR076W	S	S	S	S	S	D	S	S	S	S	S	S	L	P	L	L	L	P	L	L
YBR005W	P	S	S	P	P	S	P	P	P	P	P	P	P	P	P	P	P	P	P	P
YCR089W	S	S	S	P	P	P	P	S	P	P	P	P	P	P	L	L	L	P	P	P
YBL043W	P	P	P	P	P	P	S	P	P	P	P	P	P	P	P	P	P	P	P	P
YBL061C	P	P	S	S	S	S	S	S	P	P	P	P	P	P	P	P	P	P	P	P
YDR351W	P	P	P	P	P	P	P	P	P	P	P	P	P	P	P	P	P	P	P	P
YGR282C	S	S	S	S	S	S	S	S	S	S	S	S	P	P	P	P	P	P	P	P
YLR390W	S	S	S	S	S	S	S	S	S	S	S	S	P	P	P	P	P	P	P	P
YNL283C	S	S	S	S	S	S	P	D	P	P	P	P	P	P	P	P	P	P	P	P
YJL174W	S	S	P	S	S	S	S	S	S	S	S	S	P	P	P	P	P	P	P	P
YNL322C	S	S	S	S	S	S	S	S	S	S	S	S	P	P	P	P	P	P	P	P
YMR176W	D	S	S	S	S	S	S	D	S	S	S	S	P	L	P	P	L	P	P	P
YDR261C	S	S	S	S	S	S	S	S	S	S	S	S	P	P	L	P	P	P	L	P
YKR076W	S	S	D	S	S	S	S	S	S	S	S	S	P	P	P	L	L	P	P	P
YGR143W	S	P	P	P	P	P	P	P	P	P	P	P	P	P	P	P	P	P	P	P
YHL028W	S	S	S	S	S	D	D	S	S	S	S	S	P	P	P	P	P	P	P	P
YFR042W	S	S	S	S	S	S	S	S	S	S	S	S	P	P	P	P	P	P	P	P
YDR351W	P	P	P	P	P	P	P	P	P	P	P	P	P	P	P	P	P	P	P	P
YMR238W	S	S	S	S	S	S	S	S	S	S	S	S	P	P	P	P	P	P	P	P
YNL084C	S	S	P	S	S	S	S	S	S	S	S	S	P	P	P	P	P	P	P	P
YOR247W	P	P	S	P	P	P	P	S	P	P	P	P	P	P	P	P	P	P	P	P
YER124C	S	S	D	S	S	S	S	S	S	S	S	S	P	P	P	P	P	P	P	P
YJR013W	S	S	S	S	S	S	S	S	S	S	S	S	P	P	P	P	P	P	P	P
YPR054W	S	S	S	S	S	S	S	S	S	S	S	S	P	P	P	P	P	P	P	P
YDR437W	S	S	S	S	S	S	S	S	S	S	S	S	P	P	P	P	P	P	P	P
YJL160C	P	P	S	P	P	P	P	P	P	P	P	P	P	P	P	P	P	P	P	P
YPL021W	D	D	D	D	D	D	D	D	S	S	S	S	L	L	L	L	L	L	L	L
YGR189C	P	S	D	P	P	S	S	S	S	S	S	S	P	P	P	P	P	P	P	P
YIR006C	S	S	S	P	P	S	S	S	S	S	S	S	P	P	P	P	P	P	P	P
YGR229C	S	S	S	S	S	S	S	S	S	S	S	S	P	P	P	P	P	P	P	P
YKL165C	S	S	S	S	S	S	S	S	S	S	S	S	P	P	P	P	P	P	P	P
YKL046C	S	S	S	P	P	S	P	S	S	S	S	S	P	P	P	P	P	P	P	P
YMR306W	S	S	S	S	S	S	S	S	S	S	S	S	P	P	P	P	L	P	P	P
YEL058W	S	S	S	S	S	S	S	S	S	S	S	S	P	P	P	P	P	P	P	P
YHR142W	S	S	S	S	S	S	S	S	S	S	S	S	P	P	P	P	P	P	P	P
YML109W	P	P	P	S	S	S	P	P	P	P	P	P	P	P	P	P	P	P	P	P
YDR446W	S	S	S	S	S	S	S	S	S	S	S	S	P	P	P	P	P	P	P	P
YBR078W	S	P	S	P	P	P	P	P	P	P	P	P	P	P	P	P	P	P	P	P
YLR286C	S	P	S	S	S	S	S	S	S	S	S	S	P	P	P	L	P	P	P	P
YMR307W	S	S	S	S	S	S	P	P	S	S	S	S	P	P	P	P	P	P	P	P
YLR037C	D	D	D	D	D	D	D	D	D	S	D	S	L	L	L	L	L	L	L	L
YBL101C	P	P	P	P	P	P	P	P	P	P	P	P	P	P	P	P	P	P	P	P
