Gene ID	V.polysp	T.phaffi	T.blatta	N.dairen	N.castel	K.nagani	K.africa	C.glabra	S.uvarum	S.kudria	S.mikata	S.cerevi	Z.rouxii	T.delbru	K.lactis	E.gossyp	E.cymbal	L.kluyve	L.thermo	L.waltii
YPR141C	P	P	P	S	S	S	S	S	S	S	S	S	P	P	P	P	P	P	P	P
YLR272C	S	S	S	S	S	S	S	S	S	S	S	S	P	P	P	P	P	P	P	P
YBL009W	S	S	D	S	S	S	S	S	P	P	P	P	P	P	P	P	P	P	P	P
YML124C	P	P	S	S	P	S	P	S	P	P	P	P	P	P	P	P	P	P	P	P
YAL034W-A	S	S	S	S	S	S	S	S	S	S	S	S	P	P	P	P	P	P	P	P
YNL126W	S	S	S	S	S	S	S	S	S	S	S	S	P	P	P	P	P	P	P	P
YHR172W	S	S	S	S	S	S	S	S	S	S	S	S	P	P	P	P	P	P	P	P
YJR059W	P	P	P	P	P	P	P	P	P	P	P	P	P	P	P	P	P	P	P	P
YDR159W	S	S	S	S	S	S	S	S	S	S	S	S	P	P	P	P	P	P	P	P
YDR122W	S	S	S	P	P	P	P	P	P	P	P	P	P	P	P	P	P	P	P	P
YDR457W	S	S	S	S	S	S	S	S	S	S	S	S	P	P	P	P	P	P	P	P
YOL069W	S	S	S	S	S	S	S	S	S	S	S	S	P	P	P	P	P	P	P	P
YBR049C	S	S	S	P	P	P	P	P	P	P	P	P	P	P	P	P	P	P	P	P
YPR135W	S	S	S	S	S	S	S	S	S	S	S	S	P	P	P	P	P	P	P	P
YGR053C	S	S	D	S	S	S	S	S	S	S	S	S	P	P	P	P	P	P	P	P
YKR054C	D	S	S	S	S	S	S	S	S	S	S	S	P	P	P	P	L	P	P	P
YKR083C	S	S	S	S	S	S	S	S	S	S	S	S	P	P	P	P	P	P	P	P
YDR477W	P	P	S	S	S	S	S	S	S	S	S	S	P	P	P	P	P	P	P	P
YFL008W	S	S	S	S	S	S	S	S	S	S	S	S	P	P	P	P	P	P	P	P
YOR315W	P	P	P	S	S	S	S	S	S	S	S	S	L	P	P	P	P	P	P	P
YJL074C	S	S	S	S	S	S	S	S	S	S	S	S	P	P	P	P	P	P	P	P
YDL164C	S	S	S	S	S	S	S	S	S	S	S	S	P	P	P	P	L	P	P	P
YGL061C	S	S	S	S	S	S	S	S	S	S	S	S	P	P	P	P	P	P	P	P
YNL262W	S	S	S	S	S	S	S	S	S	S	S	S	P	P	P	P	P	P	P	P
YOR217W	S	S	S	S	S	S	S	S	S	S	S	S	P	P	P	P	P	P	P	P
YMR001C	P	P	S	S	S	P	P	S	S	S	S	S	P	P	P	P	P	P	P	P
YLR086W	S	S	S	S	S	S	S	S	S	S	S	S	P	P	P	P	P	P	P	P
YFL037W	S	S	S	S	S	S	S	S	S	S	S	S	P	P	P	P	P	P	P	P
YDR106W	D	S	S	S	S	S	S	D	S	S	S	S	L	P	P	P	P	P	P	P
YBL009W	S	S	D	S	S	S	S	S	P	P	P	P	P	P	P	P	P	P	P	P
YBR049C	S	S	S	P	P	P	P	P	P	P	P	P	P	P	P	P	P	P	P	P
YFR028C	S	S	S	P	P	S	S	S	S	S	S	S	P	P	P	P	P	P	P	P
YML124C	P	P	S	S	P	S	P	S	P	P	P	P	P	P	P	P	P	P	P	P
YDR122W	S	S	S	P	P	P	P	P	P	P	P	P	P	P	P	P	P	P	P	P
YGR230W	P	P	S	P	P	S	P	P	P	P	P	P	P	P	P	P	P	P	P	P
YDR328C	S	S	S	S	S	S	S	S	S	S	S	S	P	P	P	P	P	P	P	P
YLR212C	S	S	S	S	S	S	S	S	S	S	S	S	P	P	P	P	P	P	P	P
YBR088C	S	S	S	S	S	S	S	S	S	S	S	S	P	P	P	P	P	P	P	P
YFR031C	S	S	S	S	S	S	S	S	S	S	S	S	P	P	P	P	P	P	P	P
YBR267W	S	S	S	S	S	S	S	S	S	S	S	S	P	P	P	P	P	P	P	P
