Gene ID	V.polysp	T.phaffi	T.blatta	N.dairen	N.castel	K.nagani	K.africa	C.glabra	S.uvarum	S.kudria	S.mikata	S.cerevi	Z.rouxii	T.delbru	K.lactis	E.gossyp	E.cymbal	L.kluyve	L.thermo	L.waltii
YCR005C	S	S	P	S	S	S	P	P	P	P	P	P	P	P	P	P	P	P	P	P
YKL141W	S	S	S	S	S	P	P	S	P	P	P	P	P	P	P	P	P	P	P	P
YDR178W	S	S	S	S	S	P	P	S	P	P	P	P	P	P	P	P	P	P	P	P
YDL066W	S	S	S	S	S	S	S	S	S	S	S	S	P	P	P	P	P	P	P	P
YLR304C	S	S	S	S	S	S	P	S	S	S	S	S	P	P	P	P	P	P	P	P
YCR005C	S	S	P	S	S	S	P	P	P	P	P	P	P	P	P	P	P	P	P	P
YFR049W	S	S	S	S	S	S	S	S	S	S	S	S	P	P	P	P	P	P	P	P
YOR142W	S	S	S	S	S	S	S	S	S	S	S	S	P	P	P	P	P	P	P	P
YLR174W	S	S	S	P	P	P	P	P	P	P	P	P	P	P	P	P	P	P	P	P
YJL045W	S	S	S	S	S	S	S	S	P	P	P	P	P	P	P	P	P	P	P	P
YNL117W	S	S	S	S	S	S	S	S	S	S	S	S	P	P	P	P	P	P	P	P
YOL071W	S	S	S	S	S	S	S	S	S	S	S	S	P	P	P	P	P	P	P	P
YIR031C	D	D	D	S	S	S	D	D	S	S	S	S	L	L	L	L	L	L	L	L
YPR001W	S	S	D	S	S	S	S	S	S	S	S	S	P	P	P	P	L	P	L	L
YDR148C	S	S	S	S	S	S	S	S	S	S	S	S	P	P	P	P	P	P	P	P
YKL141W	S	S	S	S	S	P	P	S	P	P	P	P	P	P	P	P	P	P	P	P
YGR244C	S	S	S	S	S	S	S	S	S	S	S	S	P	P	P	P	P	P	P	P
YPL262W	P	S	P	S	S	S	S	S	S	S	S	S	P	P	P	P	P	P	P	P
YJL200C	S	S	S	S	S	S	S	S	S	S	S	S	P	P	P	P	P	P	P	P
YNL037C	S	S	S	S	S	S	S	S	S	S	S	S	P	P	P	P	P	P	P	P
YLL041C	P	S	S	P	P	S	S	P	S	S	S	S	P	P	P	P	P	P	P	P
YER065C	S	S	S	S	S	S	S	S	S	S	S	S	P	P	P	P	P	P	P	P
YLR174W	S	S	S	P	P	P	P	P	P	P	P	P	P	P	P	P	P	P	P	P
YIL125W	S	S	S	S	S	S	S	S	S	S	S	S	P	P	P	P	P	P	P	P
YDL078C	S	S	S	S	S	S	S	S	S	S	S	S	P	P	P	P	L	P	P	P
YJL045W	S	S	S	S	S	S	S	S	P	P	P	P	P	P	P	P	P	P	P	P
YOL126C	P	P	P	S	S	S	S	S	S	S	S	S	P	P	P	P	P	P	P	P
YOR136W	P	P	S	S	S	S	S	S	S	S	S	S	P	P	P	P	P	P	P	P
YKL085W	S	S	S	S	S	S	S	S	S	S	S	S	P	P	P	P	P	P	P	P
YDR178W	S	S	S	S	S	P	P	S	P	P	P	P	P	P	P	P	P	P	P	P
