Gene ID	V.polysp	T.phaffi	T.blatta	N.dairen	N.castel	K.nagani	K.africa	C.glabra	S.uvarum	S.kudria	S.mikata	S.cerevi	Z.rouxii	T.delbru	K.lactis	E.gossyp	E.cymbal	L.kluyve	L.thermo	L.waltii
YBL022C	S	S	S	S	S	S	S	S	S	S	S	S	P	P	P	P	P	P	P	P
YGR086C	S	S	P	P	P	P	S	P	S	S	S	S	P	P	P	P	P	P	P	P
YLR270W	P	P	P	P	P	P	P	P	P	P	P	P	P	P	P	P	P	P	P	P
YPL004C	S	S	P	S	S	S	S	S	S	S	S	S	P	P	P	P	P	P	P	P
YBR245C	S	S	S	P	P	P	P	S	S	S	S	S	P	P	P	P	P	P	P	P
YOR008C	S	S	S	S	S	S	S	S	S	S	S	S	P	P	P	P	P	P	P	P
YMR044W	S	S	S	S	S	S	S	S	S	S	S	S	P	P	P	P	P	P	P	P
YLR273C	S	S	P	P	P	P	P	P	P	P	P	P	P	P	P	P	L	P	P	P
YOR043W	P	P	P	P	P	S	S	S	S	S	S	S	P	P	P	P	L	P	P	P
YDL100C	S	S	S	S	S	S	S	S	S	S	S	S	P	P	P	P	P	P	P	P
YGL073W	S	S	S	S	S	S	S	S	S	S	S	S	P	P	P	P	P	P	P	P
YOR007C	P	P	P	P	P	S	S	S	S	S	S	S	P	P	P	P	P	P	P	P
YLL010C	P	P	P	P	P	S	S	P	P	P	P	P	P	P	P	P	P	P	P	P
YLR438W	S	S	S	S	S	S	S	S	S	S	S	S	P	P	P	P	P	P	P	P
YLR270W	P	P	P	P	P	P	P	P	P	P	P	P	P	P	P	P	P	P	P	P
YER133W	S	S	S	S	S	S	S	S	S	S	S	S	P	P	P	P	P	P	P	P
YNL283C	S	S	S	S	S	S	P	D	P	P	P	P	P	P	P	P	P	P	P	P
YFL016C	S	S	S	S	S	S	S	S	S	S	S	S	P	P	P	P	P	P	P	P
YLR260W	P	P	P	P	P	P	P	P	P	P	P	P	P	P	P	P	P	P	P	P
YLL010C	P	P	P	P	P	S	S	P	P	P	P	P	P	P	P	P	P	P	P	P
YOR046C	S	S	S	S	S	S	S	S	S	S	S	S	P	P	P	P	P	P	P	P
YDR171W	P	D	S	S	S	S	S	S	S	S	S	S	P	P	P	L	P	P	P	P
YNL064C	S	S	S	S	S	S	S	S	S	S	S	S	P	P	P	P	P	P	P	P
YNL283C	S	S	S	S	S	S	P	D	P	P	P	P	P	P	P	P	P	P	P	P
YIL034C	S	S	S	D	S	S	S	S	S	S	S	S	P	P	P	P	P	P	P	P
YHL028W	S	S	S	S	S	D	D	S	S	S	S	S	P	P	P	P	P	P	P	P
YML007W	P	P	P	P	P	P	P	P	S	P	P	P	P	P	P	P	P	P	P	P
YLR095C	S	S	S	S	S	S	S	S	S	S	S	S	P	P	P	P	P	P	P	P
