Gene ID	V.polysp	T.phaffi	T.blatta	N.dairen	N.castel	K.nagani	K.africa	C.glabra	S.uvarum	S.kudria	S.mikata	S.cerevi	Z.rouxii	T.delbru	K.lactis	E.gossyp	E.cymbal	L.kluyve	L.thermo	L.waltii
YOR059C	S	S	S	S	S	S	S	S	S	S	S	S	P	P	P	P	P	P	P	P
YLL012W	P	P	P	P	P	P	P	P	P	P	P	P	P	P	P	P	P	P	P	P
YMR008C	P	P	P	P	P	P	P	P	P	P	P	P	P	P	P	L	L	P	P	P
YKR089C	P	P	P	P	P	P	P	P	P	P	P	P	P	P	P	P	P	P	P	P
YKL140W	S	S	S	S	S	S	S	S	S	S	S	S	P	P	L	P	L	P	P	P
YOR126C	S	P	S	S	S	S	S	S	S	S	S	S	P	P	P	P	P	P	P	P
YMR008C	P	P	P	P	P	P	P	P	P	P	P	P	P	P	P	L	L	P	P	P
YIL124W	S	S	S	S	S	S	S	S	S	S	S	S	P	P	P	P	P	P	P	P
YKR089C	P	P	P	P	P	P	P	P	P	P	P	P	P	P	P	P	P	P	P	P
YPL103C	S	S	S	S	S	S	S	S	S	S	S	S	P	P	P	P	P	P	P	P
YBR204C	S	S	S	S	S	S	S	S	S	S	S	S	P	P	P	P	P	P	P	P
YMR313C	S	S	S	S	S	S	S	S	S	S	S	S	P	P	P	P	P	P	P	P
YKR031C	S	S	S	S	S	S	S	S	S	S	S	S	P	P	P	P	P	P	P	P
YDR058C	S	S	S	S	S	S	S	S	S	S	S	S	P	P	P	P	P	P	P	P
YNL012W	S	D	S	S	S	D	S	S	D	S	S	S	P	P	P	P	P	P	P	P
YDL133W	P	P	S	S	S	S	S	S	S	S	S	S	P	P	P	P	P	P	P	P
YOR022C	S	S	S	D	D	S	S	S	S	S	S	S	P	P	P	P	P	P	P	P
YMR006C	D	D	S	S	D	D	D	S	S	S	S	S	L	P	L	L	L	P	L	L
YLL012W	P	P	P	P	P	P	P	P	P	P	P	P	P	P	P	P	P	P	P	P
YDL109C	S	S	S	P	P	P	P	P	P	P	P	P	P	P	P	P	P	P	P	P
YPL268W	S	S	S	S	S	S	S	S	S	S	S	S	P	P	P	P	P	P	P	P
YLR380W	P	P	P	S	S	S	P	P	S	S	S	S	P	P	P	P	P	P	P	P
YIR007W	S	S	S	S	S	S	P	S	S	S	S	S	P	P	P	P	P	P	P	P
YJR107W	S	S	S	S	S	S	S	S	S	S	S	S	P	L	P	P	P	P	P	P
YDR444W	S	S	S	S	S	S	S	S	S	S	S	S	P	P	P	P	P	P	P	P
YCR068W	S	S	S	S	S	S	S	S	S	S	S	S	P	P	P	P	P	P	P	P
YDL109C	S	S	S	P	P	P	P	P	P	P	P	P	P	P	P	P	P	P	P	P
YML059C	S	S	S	S	S	S	S	S	S	S	S	S	P	P	P	P	P	P	P	P
