Gene ID	V.polysp	T.phaffi	T.blatta	N.dairen	N.castel	K.nagani	K.africa	C.glabra	S.uvarum	S.kudria	S.mikata	S.cerevi	Z.rouxii	T.delbru	K.lactis	E.gossyp	E.cymbal	L.kluyve	L.thermo	L.waltii
YBR115C	S	S	S	S	S	S	S	S	S	S	S	S	P	P	P	P	P	P	P	P
YDL182W	S	S	S	P	P	P	S	P	P	P	P	P	P	P	P	P	P	P	P	P
YDR158W	S	S	S	S	S	S	S	S	S	S	S	S	P	P	P	P	P	P	P	P
YJR130C	S	S	S	S	S	S	S	P	P	P	P	P	P	P	P	P	P	P	P	P
YHR025W	S	S	S	S	S	S	S	S	S	S	S	S	P	P	P	P	P	P	P	P
YNL277W	S	S	S	S	S	S	S	S	S	S	S	S	P	P	P	P	P	P	P	P
YGL026C	S	S	S	S	S	S	S	S	S	S	S	S	P	P	P	P	P	P	P	P
YNL104C	S	S	S	S	S	P	S	P	P	P	P	P	P	P	P	P	P	P	P	P
YOR303W	S	S	S	S	S	S	S	S	S	S	S	S	P	P	P	P	P	P	P	P
YDL182W	S	S	S	P	P	P	S	P	P	P	P	P	P	P	P	P	P	P	P	P
YER069W	P	S	P	S	S	S	S	S	S	S	S	S	P	P	P	P	P	P	P	P
YNL104C	S	S	S	S	S	P	S	P	P	P	P	P	P	P	P	P	P	P	P	P
YLL062C	D	D	D	D	D	D	D	D	D	S	S	S	L	L	L	L	L	L	L	L
YPR118W	S	S	S	S	S	S	S	S	S	S	S	S	P	P	P	P	P	P	P	P
YBR084W	S	S	S	S	S	S	S	S	S	S	S	S	P	P	P	P	P	P	P	P
YFR055W	D	S	D	D	D	D	D	D	D	D	S	S	L	L	L	L	L	L	L	L
YOR130C	S	S	S	P	P	P	D	S	S	S	S	S	P	P	P	P	P	P	P	P
YOR202W	S	S	D	S	S	S	S	S	S	S	S	S	P	P	P	P	P	P	P	P
YDR354W	S	S	S	S	S	S	S	S	S	S	S	S	P	P	P	P	P	P	P	P
YDR300C	S	S	S	P	P	P	P	P	P	P	P	P	P	P	P	P	P	P	P	P
YER052C	S	S	S	S	S	S	S	S	S	S	S	S	P	P	P	P	P	P	P	P
YDL171C	S	S	S	S	S	S	D	S	S	S	S	S	P	P	P	P	P	P	P	P
YJR130C	S	S	S	S	S	S	S	P	P	P	P	P	P	P	P	P	P	P	P	P
YGR204W	S	S	S	S	S	S	S	S	S	S	S	S	P	P	P	P	P	P	P	P
YJR148W	P	P	P	P	P	P	P	P	P	P	P	P	P	P	P	P	P	P	P	P
YER081W	P	S	S	P	P	P	P	S	P	P	P	P	P	P	P	P	P	P	P	P
YGR208W	S	S	S	S	S	S	S	S	S	S	S	S	P	P	P	P	P	P	P	P
YIR034C	S	S	S	S	S	P	S	S	S	S	S	S	P	P	P	P	P	P	P	P
YDR127W	S	S	S	P	P	S	S	S	S	S	S	S	P	P	P	P	L	P	P	P
YCR054C	S	S	S	S	S	S	S	S	S	S	S	S	P	P	P	P	P	P	P	P
YGL184C	D	D	D	D	D	D	D	S	S	S	S	S	P	P	P	P	P	P	P	P
YJR139C	S	S	S	S	S	S	S	S	S	S	S	S	P	P	P	P	P	P	P	P
YER081W	P	S	S	P	P	P	P	S	P	P	P	P	P	P	P	P	P	P	P	P
YPR167C	S	S	S	S	S	S	S	S	S	S	S	S	P	P	P	P	P	P	P	P
YGL009C	S	S	S	P	P	P	S	S	S	S	S	S	P	P	P	P	P	P	P	P
YCL009C	S	S	S	S	S	S	S	S	S	S	S	S	P	P	P	P	P	P	P	P
YLL058W	D	D	D	D	D	D	D	D	S	S	S	S	L	L	L	L	L	L	L	P
YBR248C	S	S	D	S	S	S	S	S	S	S	S	S	P	P	P	P	P	P	P	P
YLR303W	S	S	S	S	S	S	S	S	S	S	S	S	P	P	P	P	P	P	P	P
YJL088W	S	S	S	S	S	S	S	S	S	S	S	S	P	P	P	P	P	P	P	P
YIL094C	S	S	S	S	S	S	S	S	S	S	S	S	P	P	P	P	P	P	P	P
YJR016C	S	S	S	S	S	S	S	S	S	S	S	S	P	P	P	P	P	P	P	P
YOR323C	S	S	S	S	S	S	S	S	S	S	S	S	P	P	P	P	P	P	P	P
YGR124W	S	S	S	S	S	S	S	S	P	P	P	P	P	P	P	P	P	P	P	P
YCR053W	S	S	S	S	S	S	S	S	S	S	S	S	P	P	P	P	P	P	P	P
YMR009W	S	S	S	S	S	S	S	S	S	S	S	S	P	P	P	P	P	P	P	P
YCL030C	S	S	D	S	S	S	S	S	S	S	S	S	P	P	P	P	P	P	P	P
YJR109C	S	S	S	S	S	S	S	S	S	S	S	S	P	P	P	P	P	P	P	P
YEL038W	S	S	S	S	S	S	S	S	S	S	S	S	P	P	P	P	P	P	P	P
YML096W	S	S	S	S	S	S	S	S	S	S	S	S	P	P	P	P	P	P	P	P
YDR035W	S	S	S	S	S	S	S	S	S	S	S	S	P	P	P	P	P	P	P	P
YOR184W	S	S	S	S	S	S	S	S	S	S	S	S	P	P	P	P	P	P	P	P
YBR166C	S	S	S	S	S	S	S	S	S	S	S	S	P	P	P	P	P	P	P	P
YJL200C	S	S	S	S	S	S	S	S	S	S	S	S	P	P	P	P	P	P	P	P
YHR018C	S	S	S	S	S	S	S	S	S	S	S	S	P	P	P	P	P	P	P	P
YKR069W	S	S	S	S	S	S	S	S	S	S	S	S	P	P	P	P	P	P	P	P
YDR300C	S	S	S	P	P	P	P	P	P	P	P	P	P	P	P	P	P	P	P	P
YDR034C	S	S	S	S	S	S	S	S	S	S	S	S	P	P	P	P	P	P	P	P
YGR124W	S	S	S	S	S	S	S	S	P	P	P	P	P	P	P	P	P	P	P	P
YCL018W	S	S	S	S	S	S	S	S	S	S	S	S	P	P	P	P	P	P	P	P
YER023W	S	S	S	S	S	S	S	S	S	S	S	S	P	P	P	P	P	P	P	P
YIL020C	S	S	S	S	S	S	S	S	S	S	S	S	P	P	P	P	P	P	P	P
YMR108W	S	P	S	P	P	P	S	S	S	S	S	S	P	P	P	P	P	P	P	P
YOL058W	S	S	S	S	S	S	S	S	S	S	S	S	P	P	P	P	P	P	P	P
YIR017C	S	S	S	S	S	D	S	S	S	S	S	S	P	P	P	P	P	P	P	P
YJR024C	S	S	S	S	S	S	S	S	S	S	S	S	P	P	P	P	P	P	P	P
YBR249C	S	S	S	S	S	S	S	S	S	S	S	S	P	P	P	P	P	P	P	P
YKL211C	S	S	S	S	S	S	S	S	S	S	S	S	P	P	P	P	P	P	P	P
YNR050C	S	S	S	S	S	S	S	S	S	S	S	S	P	P	P	P	P	P	P	P
YGR155W	S	S	S	D	S	S	S	S	S	S	S	S	P	P	P	P	P	P	P	P
YDR234W	S	S	S	S	S	S	S	S	S	S	S	S	P	P	P	P	P	P	P	P
YIL046W	S	S	S	S	S	S	S	S	S	S	S	S	P	P	P	P	P	P	P	P
YLR355C	S	S	S	S	S	S	S	S	S	S	S	S	P	P	P	P	P	P	P	P
YER086W	S	S	S	S	S	S	S	S	S	S	S	S	P	P	P	P	P	P	P	P
YJR148W	P	P	P	P	P	P	P	P	P	P	P	P	P	P	P	P	P	P	P	P
YJL071W	S	S	S	S	S	S	S	S	S	S	S	S	P	P	P	P	P	P	P	P
YNL316C	S	S	S	S	S	S	S	S	S	S	S	S	P	P	P	P	P	P	P	P
YEL009C	S	S	S	S	S	S	S	S	S	S	S	S	P	P	P	P	P	P	P	P
YFR025C	S	S	D	S	S	S	S	S	S	S	S	S	P	P	P	P	P	P	P	P
YPL273W	S	S	S	D	S	D	D	D	S	D	S	S	P	L	P	P	P	P	P	P
YER090W	S	S	S	S	S	S	S	S	S	S	S	S	P	P	P	P	P	P	P	P
YLR451W	S	S	S	P	P	P	S	S	S	S	S	S	P	P	P	P	P	P	P	P
YMR062C	S	S	S	S	S	S	S	S	S	S	S	S	P	P	P	P	P	P	P	P
YKL001C	S	S	S	S	S	S	S	S	S	S	S	S	P	P	P	P	P	P	P	P
YGL148W	S	S	S	S	S	S	S	S	S	S	S	S	P	P	P	P	P	P	P	P
YDR007W	S	S	S	S	S	S	S	S	S	S	S	S	P	P	P	P	P	P	P	P
YAL012W	S	S	S	S	S	S	S	S	S	S	S	S	P	P	P	P	P	P	P	P
YPR060C	S	S	S	S	S	S	S	S	S	S	S	S	P	P	P	P	P	P	P	P
YIL116W	S	S	D	S	S	S	S	S	S	S	S	S	P	P	P	P	P	P	P	P
YOL140W	S	S	S	S	S	S	S	S	S	S	S	S	P	P	P	P	P	P	P	P
YER055C	S	S	D	S	S	S	S	S	S	S	S	S	P	P	P	P	P	P	P	P
YER091C	S	S	S	S	S	S	S	S	S	S	S	S	P	P	P	P	P	P	P	P
