Gene ID	V.polysp	T.phaffi	T.blatta	N.dairen	N.castel	K.nagani	K.africa	C.glabra	S.uvarum	S.kudria	S.mikata	S.cerevi	Z.rouxii	T.delbru	K.lactis	E.gossyp	E.cymbal	L.kluyve	L.thermo	L.waltii
YDR361C	S	S	S	S	S	S	S	S	S	S	S	S	P	P	P	P	P	P	P	P
YIL148W	S	P	S	P	P	P	P	S	P	P	P	P	P	P	P	P	P	P	P	P
YJL061W	S	S	S	S	S	S	S	S	S	S	S	S	P	P	P	P	P	P	P	P
YDR101C	S	S	S	S	S	S	S	S	S	S	S	S	P	P	P	P	P	P	P	P
YHR088W	S	S	S	S	S	S	S	S	S	S	S	S	P	P	P	P	P	P	P	P
YLR074C	S	S	S	S	S	S	S	S	S	S	S	S	P	P	P	P	P	P	P	P
YPL169C	S	S	S	S	S	P	P	S	S	S	S	S	P	P	P	P	P	P	P	P
YHR170W	S	S	S	S	S	P	P	S	S	S	S	S	P	P	P	P	P	P	P	P
YOR098C	S	S	S	S	S	S	S	S	S	S	S	S	P	P	P	P	L	P	P	P
YLL034C	S	S	S	S	S	S	S	S	S	S	S	S	P	P	P	P	P	P	P	P
YFR002W	P	P	P	S	S	S	S	P	S	S	S	S	P	P	P	P	L	P	P	P
YGR218W	P	P	S	P	P	S	P	P	S	S	S	S	P	P	P	P	P	P	P	P
YER006W	P	P	S	S	S	S	S	S	S	S	S	S	P	P	P	P	P	P	P	P
YIL115C	S	S	S	S	S	S	S	S	S	S	S	S	P	P	P	P	P	P	P	P
YNL227C	S	S	S	S	S	S	S	S	S	S	S	S	P	P	P	P	L	P	P	P
YKL068W	P	P	P	P	P	P	P	P	P	P	P	P	P	P	P	P	P	P	P	P
YGR245C	S	S	S	S	S	S	S	S	S	S	S	S	P	P	P	P	P	P	P	P
YKL009W	P	S	S	S	S	S	S	S	S	S	S	S	P	P	P	P	P	P	P	P
YGL135W	S	S	P	S	S	S	S	S	P	P	P	P	P	P	P	P	P	P	P	P
YFR001W	S	S	S	S	S	S	S	S	S	S	S	S	P	P	P	P	P	P	P	P
YAL059W	S	S	S	S	S	S	S	S	S	S	S	S	P	P	P	P	P	P	P	P
YIR026C	S	S	S	S	S	S	S	S	S	S	S	S	P	P	P	P	P	P	P	P
YOR294W	S	S	S	S	S	S	S	S	S	S	S	S	P	P	P	P	P	P	P	P
YNR053C	S	S	S	S	S	S	S	S	S	S	S	S	P	P	P	P	L	P	P	P
YIL148W	S	P	S	P	P	P	P	S	P	P	P	P	P	P	P	P	P	P	P	P
YGL135W	S	S	P	S	S	S	S	S	P	P	P	P	P	P	P	P	P	P	P	P
YGL172W	S	S	S	S	S	S	S	S	S	S	S	S	P	P	P	P	P	P	P	P
YKL186C	S	S	S	S	S	S	S	S	S	S	S	S	P	P	P	P	P	P	P	P
YPL146C	S	S	S	S	S	S	S	S	S	S	S	S	P	P	P	P	P	P	P	P
YJR042W	S	S	S	S	S	S	S	S	S	S	S	S	P	P	P	P	P	P	P	P
YKL057C	S	S	S	S	S	S	S	S	S	S	S	S	P	P	P	P	P	P	P	P
