Gene ID	V.polysp	T.phaffi	T.blatta	N.dairen	N.castel	K.nagani	K.africa	C.glabra	S.uvarum	S.kudria	S.mikata	S.cerevi	Z.rouxii	T.delbru	K.lactis	E.gossyp	E.cymbal	L.kluyve	L.thermo	L.waltii
YJL139C	P	P	S	S	S	P	P	P	P	P	P	P	P	P	P	P	P	P	P	P
YDR483W	P	P	P	P	P	S	P	P	P	P	P	P	P	P	P	P	P	P	P	P
YEL036C	S	S	S	P	S	S	S	S	S	S	S	S	P	P	P	P	P	P	P	P
YOR099W	P	P	P	S	S	S	S	S	S	S	S	S	P	P	P	P	P	P	P	P
YNL048W	S	S	S	S	S	S	S	S	S	S	S	S	P	P	P	P	P	P	P	P
YBL082C	S	S	S	S	S	S	S	S	S	S	S	S	P	P	P	P	P	P	P	P
YGL065C	S	S	S	S	S	S	S	S	S	S	S	S	P	P	P	P	P	P	P	P
YIL085C	S	S	S	P	P	P	P	S	P	P	P	P	P	P	P	L	L	P	P	P
YML115C	S	S	S	S	S	S	S	S	S	S	S	S	P	P	P	P	P	P	P	P
YIL014W	D	S	S	P	P	S	S	S	S	S	S	S	P	P	L	L	L	L	P	P
YBR161W	S	P	P	P	P	P	P	P	P	P	P	P	P	P	P	L	L	P	P	P
YDR245W	S	S	S	S	S	S	S	S	S	S	S	S	P	P	P	P	P	P	P	P
YBR199W	S	S	S	S	S	S	S	D	S	S	S	S	P	P	L	P	P	P	L	L
YGL142C	S	S	S	S	S	S	S	S	S	S	S	S	P	P	P	P	P	P	P	P
YJL139C	P	P	S	S	S	P	P	P	P	P	P	P	P	P	P	P	P	P	P	P
YBR110W	S	S	S	S	S	S	S	S	S	S	S	S	P	P	P	P	P	P	P	P
YNR030W	S	S	S	S	S	S	S	S	S	S	S	S	P	P	P	P	P	P	P	P
YGL038C	S	P	P	S	S	S	S	S	S	S	S	S	P	P	P	P	P	P	P	P
YIL085C	S	S	S	P	P	P	P	S	P	P	P	P	P	P	P	L	L	P	P	P
YDR483W	P	P	P	P	P	S	P	P	P	P	P	P	P	P	P	P	P	P	P	P
YBR161W	S	P	P	P	P	P	P	P	P	P	P	P	P	P	P	L	L	P	P	P
YBR205W	P	S	S	S	S	S	S	S	S	S	S	S	P	P	P	P	P	P	P	P
YJL183W	S	S	P	S	S	S	S	S	S	S	S	S	P	P	P	P	P	P	P	P
YOR149C	S	S	S	S	S	S	S	S	S	S	S	S	P	P	P	P	P	P	P	P
YJR075W	P	P	S	P	P	S	S	S	S	S	S	S	P	P	P	P	P	P	P	P
YNR059W	D	D	D	D	D	D	D	D	S	S	S	S	L	L	L	L	L	L	L	L
YGL257C	D	D	D	D	D	D	D	D	S	S	S	S	L	L	L	L	L	L	L	L
YCL052C	S	S	S	S	S	S	S	S	S	S	S	S	P	P	P	P	P	P	P	P
YJR013W	S	S	S	S	S	S	S	S	S	S	S	S	P	P	P	P	P	P	P	P
YPL050C	S	S	S	P	P	P	S	S	S	S	S	S	P	P	P	P	P	P	P	P
YER001W	D	D	D	D	D	D	D	D	S	S	S	S	L	L	L	L	L	L	L	L
YNL219C	S	S	S	S	S	S	S	S	S	S	S	S	P	P	P	P	P	P	P	P
