Gene ID	V.polysp	T.phaffi	T.blatta	N.dairen	N.castel	K.nagani	K.africa	C.glabra	S.uvarum	S.kudria	S.mikata	S.cerevi	Z.rouxii	T.delbru	K.lactis	E.gossyp	E.cymbal	L.kluyve	L.thermo	L.waltii
YMR186W	S	S	S	S	S	S	S	S	P	P	P	P	P	P	P	P	P	P	P	P
YBR227C	S	S	S	S	S	S	S	S	S	S	S	S	P	P	P	L	L	P	P	P
YHR064C	P	P	S	S	S	S	S	S	S	S	S	S	P	P	P	P	P	P	P	P
YEL030W	P	S	S	S	S	S	S	P	P	P	P	P	P	P	P	P	P	P	P	P
YBR169C	P	P	P	P	P	S	S	S	P	P	P	P	P	P	P	P	L	P	P	P
YBR155W	S	S	S	S	S	S	S	S	S	S	S	S	P	P	P	P	P	P	P	P
YKL073W	P	P	S	S	S	S	S	S	S	S	S	S	P	P	P	P	P	P	P	P
YLL026W	S	S	S	S	S	S	S	S	S	S	S	S	P	P	P	P	P	P	P	P
YLR090W	S	S	D	S	S	S	D	S	S	S	S	S	P	P	P	P	P	P	P	P
YDR258C	S	S	S	S	S	S	S	S	S	S	S	S	P	P	P	P	P	P	P	P
YLR259C	S	S	S	S	S	S	S	S	S	S	S	S	P	P	P	P	P	P	P	P
YBL075C	P	S	S	P	P	S	S	S	P	P	P	P	P	P	P	P	P	P	P	P
YNL077W	S	S	S	S	S	S	D	S	S	S	S	S	P	P	P	P	P	P	P	P
YDL229W	P	P	S	P	P	S	P	P	P	P	P	P	P	P	P	P	P	P	P	P
YAL005C	D	D	D	D	D	D	D	D	S	S	S	S	L	L	L	L	L	L	L	L
YJL162C	S	S	S	S	S	S	S	S	S	S	S	S	P	P	P	P	P	P	P	P
YJL034W	S	S	S	S	S	S	P	S	S	S	S	S	P	P	P	P	P	P	P	P
YFL016C	S	S	S	S	S	S	S	S	S	S	S	S	P	P	P	P	P	P	P	P
YBL075C	P	S	S	P	P	S	S	S	P	P	P	P	P	P	P	P	P	P	P	P
YNL064C	S	S	S	S	S	S	S	S	S	S	S	S	P	P	P	P	P	P	P	P
YDL229W	P	P	S	P	P	S	P	P	P	P	P	P	P	P	P	P	P	P	P	P
YOR232W	S	S	S	S	S	S	S	S	S	S	S	S	P	P	P	P	P	P	P	P
YEL030W	P	S	S	S	S	S	S	P	P	P	P	P	P	P	P	P	P	P	P	P
YJR032W	S	S	S	S	S	S	S	S	S	S	S	S	P	P	P	P	P	P	P	P
YMR214W	S	S	S	S	S	S	S	S	S	S	S	S	P	P	P	P	P	P	P	P
YOR020C	S	S	S	S	S	S	S	S	S	S	S	S	P	P	P	P	P	P	P	P
YLL024C	S	S	S	S	S	S	S	S	S	S	S	S	P	P	P	P	P	P	P	P
YMR186W	S	S	S	S	S	S	S	S	P	P	P	P	P	P	P	P	P	P	P	P
YLR369W	S	S	S	S	S	S	S	S	S	S	S	S	P	P	P	P	P	P	P	P
YBR169C	P	P	P	P	P	S	S	S	P	P	P	P	P	P	P	P	L	P	P	P
YLR216C	S	S	S	S	S	S	S	S	S	S	S	S	P	P	P	P	P	P	P	P
