Gene ID	V.polysp	T.phaffi	T.blatta	N.dairen	N.castel	K.nagani	K.africa	C.glabra	S.uvarum	S.kudria	S.mikata	S.cerevi	Z.rouxii	T.delbru	K.lactis	E.gossyp	E.cymbal	L.kluyve	L.thermo	L.waltii
YLR293C	S	S	S	S	S	S	S	S	P	P	P	P	P	P	P	P	P	P	P	P
YKL103C	S	S	S	S	S	S	S	S	S	S	S	S	P	P	P	P	P	P	P	P
YNR017W	S	S	S	S	S	S	S	S	S	S	S	S	P	P	P	P	P	P	P	P
YHL031C	S	S	S	S	S	S	S	S	S	S	S	S	P	P	P	P	P	P	P	P
YJL204C	S	S	S	S	S	S	S	S	S	S	S	S	P	P	P	P	P	P	P	P
YHL002W	S	S	S	S	S	S	S	S	S	S	S	S	P	P	P	P	P	P	P	P
YDR186C	S	S	P	S	S	S	S	S	S	S	S	S	P	P	P	P	P	P	P	P
YKL002W	S	S	S	S	S	S	S	S	S	S	S	S	P	P	P	P	P	P	P	P
YLR025W	S	S	S	S	S	S	S	S	S	S	S	S	P	P	P	P	P	P	P	P
YML125C	S	S	S	S	S	P	P	S	P	P	P	P	P	P	P	P	P	P	P	P
YNL297C	S	S	S	S	S	S	S	S	S	S	S	S	P	P	P	P	P	P	P	P
YCR067C	S	S	S	P	P	P	P	P	P	P	P	P	P	P	P	P	P	P	P	P
YPR194C	S	D	D	D	D	D	D	D	S	S	S	S	L	L	L	L	L	L	L	L
YPL084W	S	S	S	S	S	S	S	S	S	S	S	S	P	P	P	P	L	P	P	P
YBL037W	S	S	S	S	S	S	S	S	S	S	S	S	P	P	P	P	P	P	P	P
YGR141W	S	S	S	S	P	S	P	S	P	P	P	P	P	P	P	P	P	P	P	P
YDR299W	S	S	S	S	S	S	S	S	S	S	S	S	P	P	P	P	P	P	P	P
YHR005C-A	S	S	S	S	S	S	S	S	S	S	S	S	P	P	P	P	P	P	P	P
YGR181W	S	S	S	S	S	S	S	S	S	S	S	S	P	P	P	P	P	P	P	P
YKL143W	S	S	S	S	S	S	S	S	S	S	S	S	P	P	P	P	P	P	P	P
YGR082W	P	S	S	P	P	P	S	S	S	S	S	S	P	P	P	P	P	P	P	P
YNL246W	S	S	S	S	S	S	S	S	S	S	S	S	P	P	P	P	P	P	P	P
YDR200C	P	P	P	P	P	S	S	P	P	P	P	P	P	P	P	P	P	P	P	P
YJR044C	S	S	S	S	S	S	S	S	S	S	S	S	P	P	P	P	P	P	P	P
YLR181C	S	S	S	S	S	S	S	S	S	S	S	S	P	P	P	P	P	P	P	P
YPL218W	S	S	S	S	S	S	S	S	S	S	S	S	P	P	P	P	P	P	P	P
YKR014C	S	S	S	S	S	S	S	S	S	S	S	S	P	P	P	P	P	P	P	P
YDR361C	S	S	S	S	S	S	S	S	S	S	S	S	P	P	P	P	P	P	P	P
YMR308C	S	S	S	S	S	S	S	S	S	S	S	S	P	P	P	P	P	P	P	P
YBR091C	S	S	S	S	S	S	S	S	S	S	S	S	P	P	P	P	P	P	P	P
YML001W	S	S	S	S	S	S	S	S	S	S	S	S	P	P	P	P	P	P	P	P
YDR002W	S	S	S	S	S	S	S	S	S	S	S	S	P	P	P	P	P	P	P	P
YGL145W	S	S	S	S	S	S	S	S	S	S	S	S	P	P	P	P	P	P	P	P
YPR181C	P	P	P	P	S	S	S	P	S	S	S	S	P	P	P	P	P	P	P	P
YDR358W	S	S	P	S	S	S	S	S	P	P	P	P	P	P	P	P	P	P	P	P
YGL098W	S	S	S	S	S	S	S	S	S	S	S	S	P	P	P	P	P	P	P	P
YBR111W-A	S	S	S	S	S	S	S	S	S	S	S	S	P	P	P	P	P	P	P	P
YBL079W	S	S	S	S	S	S	S	S	P	P	P	P	P	P	P	P	P	P	P	P
YJL061W	S	S	S	S	S	S	S	S	S	S	S	S	P	P	P	P	P	P	P	P
YNL310C	S	S	S	S	S	S	S	S	S	S	S	S	P	P	P	P	P	P	P	P
YGR172C	S	S	S	S	S	S	S	S	S	S	S	S	P	P	P	P	P	P	P	P
YDR425W	S	S	S	S	S	S	S	S	S	S	S	S	P	P	P	P	P	P	P	P
YNL263C	S	S	S	S	S	S	S	S	S	S	S	S	P	P	P	P	P	P	P	P
YOL065C	S	S	S	S	S	S	S	S	S	S	S	S	P	P	P	P	P	P	P	P
YLR008C	S	S	S	S	S	S	S	S	S	S	S	S	P	P	P	P	P	P	P	P
YJR005W	S	S	S	S	S	S	S	S	S	S	S	S	P	P	P	P	P	P	P	P
YIL068C	S	S	S	S	S	S	S	S	S	S	S	S	P	P	P	P	P	P	P	P
YLR170C	S	S	S	S	S	S	S	S	S	S	S	S	P	P	P	P	P	P	P	P
YNL026W	S	S	S	S	P	S	S	S	S	S	S	S	P	P	P	P	P	P	P	P
YKR082W	S	S	S	S	S	S	S	S	S	S	S	S	P	P	P	P	P	P	P	P
YPL125W	S	S	S	S	S	S	S	S	S	S	S	S	P	P	P	P	P	P	P	P
YBL107C	S	S	S	S	S	S	S	S	S	S	S	S	P	P	P	P	P	P	P	P
YBR097W	S	S	S	S	S	S	S	S	S	S	S	S	P	P	P	P	P	P	P	P
YPL051W	S	S	S	S	S	S	S	S	S	S	S	S	P	P	P	P	P	P	P	P
YJR138W	S	S	S	S	S	S	S	S	S	S	S	S	P	P	P	P	P	P	P	P
YFR021W	S	S	S	P	P	P	P	S	S	S	S	S	P	P	P	P	P	P	P	P
YKL135C	S	S	P	S	S	S	S	S	S	S	S	S	P	P	P	P	P	P	P	P
YDR238C	S	S	S	S	S	S	S	S	S	S	S	S	P	P	P	P	P	P	P	P
YBR241C	S	S	S	P	P	P	S	S	P	P	P	P	P	P	P	P	P	P	P	P
YOR132W	S	S	S	S	S	S	S	S	S	S	S	S	P	P	P	P	P	P	P	P
YGR131W	S	S	P	P	P	P	P	P	P	P	P	P	P	P	P	P	P	P	P	P
YJL099W	S	S	S	P	P	S	S	S	P	P	P	P	P	P	P	P	P	P	P	P
YLR378C	S	S	S	S	S	S	S	S	S	S	S	S	P	P	P	P	P	P	P	P
YJR135W-A	S	S	S	S	S	S	S	S	S	S	S	S	P	P	P	P	P	P	P	P
YEL062W	S	S	S	S	S	S	S	S	S	S	S	S	P	P	P	P	P	P	P	P
YGR131W	S	S	P	P	P	P	P	P	P	P	P	P	P	P	P	P	P	P	P	P
YAL014C	S	S	S	S	S	S	S	S	S	S	S	S	P	P	P	P	P	P	P	P
YGR163W	S	S	S	S	S	S	S	S	S	S	S	S	P	P	P	P	P	P	P	P
YKR007W	S	S	S	S	S	S	S	S	S	S	S	S	P	P	P	P	P	P	P	P
YPL045W	S	S	S	S	S	S	S	S	S	S	S	S	P	P	P	P	P	P	P	P
YKL124W	S	S	P	S	S	S	S	S	S	S	S	S	P	P	P	P	P	P	P	P
YIL149C	P	P	S	P	P	P	P	S	P	P	P	P	P	P	P	P	P	P	P	P
YKL041W	S	S	S	S	S	S	S	S	S	S	S	S	P	P	P	P	P	P	P	P
YAL042W	P	P	P	P	P	P	P	S	S	S	S	S	P	P	P	P	P	P	P	P
YKL091C	S	S	S	S	S	S	S	P	P	P	P	P	P	P	P	P	P	P	P	P
YNL041C	S	S	S	S	S	S	S	S	S	S	S	S	P	P	P	P	P	P	P	P
YGR141W	S	S	S	S	P	S	P	S	P	P	P	P	P	P	P	P	P	P	P	P
YER031C	S	S	S	S	S	S	S	P	P	P	P	P	P	P	P	P	P	P	P	P
YGL153W	S	S	S	S	S	S	S	S	S	S	S	S	P	P	P	P	P	P	P	P
YJL084C	S	S	P	P	P	P	P	P	P	P	P	P	P	P	P	P	P	P	P	P
YLR078C	S	S	S	S	S	S	S	S	S	S	S	S	P	P	P	P	P	P	P	P
YOL138C	S	S	S	S	S	S	S	S	S	S	S	S	P	P	P	P	P	P	P	P
YDR128W	S	S	S	S	S	S	S	S	S	S	S	S	P	P	P	P	P	P	P	P
YIL149C	P	P	S	P	P	P	P	S	P	P	P	P	P	P	P	P	P	P	P	P
YLR262C	S	S	S	S	S	S	S	S	S	S	S	S	P	P	P	P	P	P	P	P
YGR068C	S	S	S	S	S	S	S	S	S	S	S	S	L	P	P	P	P	P	P	P
YDL072C	S	S	S	S	S	S	S	S	S	S	S	S	P	P	P	P	P	P	P	P
YGL100W	S	S	S	S	S	S	S	S	S	S	S	S	P	P	P	P	P	P	P	P
YDL077C	S	S	S	S	S	S	S	S	S	S	S	S	P	P	P	P	P	P	P	P
YFL048C	S	P	P	S	S	P	S	P	P	P	P	P	P	P	P	P	P	P	P	P
YKL084W	S	S	D	S	S	S	S	D	S	S	S	S	P	P	P	L	P	P	P	P
YLR191W	P	P	S	S	S	S	S	S	S	S	S	S	P	P	P	P	P	P	P	P
YDL116W	S	S	S	S	S	S	S	S	S	S	S	S	P	P	P	P	P	P	P	P
YIL004C	S	S	S	S	S	S	S	S	S	S	S	S	P	P	P	P	P	P	P	L
YNR007C	S	S	S	S	S	S	S	S	S	S	S	S	P	P	P	P	P	P	P	P
YPL166W	S	S	S	S	S	S	D	S	S	S	S	S	P	P	P	P	P	P	P	P
YDR155C	S	S	S	S	S	S	S	S	S	S	S	S	P	P	P	P	P	P	P	P
YDR414C	S	S	S	S	S	S	S	S	S	S	S	S	P	P	P	P	P	P	P	P
YDL115C	S	S	S	S	S	S	S	S	S	S	S	S	P	P	P	P	P	P	P	P
YDL145C	S	S	S	S	S	S	S	S	S	S	S	S	P	P	P	P	P	P	P	P
YPR049C	S	S	S	S	S	S	S	S	S	S	S	S	P	P	P	P	P	P	P	P
YDL149W	S	S	S	S	S	S	S	S	S	S	S	S	P	P	P	P	P	P	P	P
YAL029C	S	S	S	P	P	P	P	P	P	P	P	P	P	P	P	P	P	P	P	P
YMR203W	S	S	S	S	S	S	S	S	S	S	S	S	P	P	P	P	P	P	P	P
YMR077C	S	S	S	S	S	S	S	S	S	S	S	S	P	P	P	P	P	P	P	P
YNL149C	S	S	S	S	S	S	S	S	S	S	S	S	P	P	P	P	P	P	P	P
YHR170W	S	S	S	S	S	P	P	S	S	S	S	S	P	P	P	P	P	P	P	P
YJL104W	S	S	S	S	S	S	S	S	S	S	S	S	P	P	P	P	P	P	P	P
YLR099W-A	S	S	S	S	S	S	S	S	S	S	S	S	P	P	P	P	P	P	P	P
YOR098C	S	S	S	S	S	S	S	S	S	S	S	S	P	P	P	P	L	P	P	P
YGR200C	S	S	S	S	S	S	S	S	S	S	S	S	P	P	P	P	P	P	P	P
YKR093W	S	D	S	S	S	S	S	S	S	S	S	S	P	P	P	L	L	P	L	L
YER128W	S	S	S	S	S	S	S	S	S	S	S	S	P	P	P	P	P	P	P	P
YDR166C	S	S	S	S	S	S	S	S	S	S	S	S	P	P	P	P	P	P	P	P
YBR217W	S	S	S	S	S	S	S	S	S	S	S	S	P	P	P	P	P	P	P	P
YLL023C	S	S	S	S	S	S	S	S	S	S	S	S	P	P	P	P	P	P	P	P
YLR065C	S	S	S	S	S	S	S	S	S	S	S	S	P	P	P	P	P	P	P	P
YDR244W	S	S	S	S	S	S	S	P	S	S	S	S	P	P	P	P	P	P	P	P
YPR017C	S	S	S	S	S	S	S	S	S	S	S	S	L	P	L	L	L	P	P	P
YJL029C	S	S	S	S	S	S	S	S	S	S	S	S	P	P	P	P	P	P	P	P
YNL015W	D	S	S	S	S	D	D	S	S	S	S	S	P	P	P	P	P	P	P	P
YIL109C	P	S	S	S	P	P	P	P	P	P	P	P	P	P	P	P	P	P	P	P
YDL058W	S	S	S	S	S	S	S	S	S	S	S	S	P	P	P	P	P	P	P	P
YLR026C	S	S	S	S	S	S	S	S	S	S	S	S	P	P	P	P	P	P	P	P
YPL010W	S	S	S	S	S	S	S	S	S	S	S	S	P	P	P	P	P	P	P	P
YKR078W	P	P	P	P	P	S	S	P	P	P	P	P	P	P	P	P	P	P	P	P
YOR075W	S	S	S	S	S	S	S	S	S	S	S	S	P	P	P	P	P	P	P	P
YPR173C	S	S	S	S	S	S	S	S	S	S	S	S	P	P	P	P	P	P	P	P
YGL200C	S	P	S	S	S	S	S	S	S	S	S	S	P	P	P	P	P	P	P	P
YML012W	P	P	S	S	P	P	S	S	S	S	S	S	P	P	P	P	P	P	P	P
YBR171W	S	S	S	S	S	S	S	S	S	S	S	S	P	P	P	P	P	P	P	P
YFR022W	P	P	P	P	P	P	P	P	P	P	P	P	P	P	P	P	P	P	P	P
YBR264C	S	S	D	S	S	S	S	S	S	S	S	S	P	P	P	P	P	P	P	P
YBR131W	S	S	S	S	S	S	S	S	S	S	S	S	P	P	P	P	P	P	P	P
YPL063W	S	S	S	S	S	S	S	S	S	S	S	S	P	P	P	P	P	P	P	P
YIL022W	S	S	S	S	S	S	S	S	S	S	S	S	P	P	P	P	P	P	P	P
YER107C	P	P	S	S	S	S	S	S	S	S	S	S	P	P	P	P	P	P	P	P
YPL149W	S	S	S	S	S	S	S	S	S	S	S	S	P	P	P	P	P	P	P	P
YAR002W	S	S	S	S	S	S	S	S	S	S	S	S	P	P	P	P	P	P	P	P
YNL272C	S	S	S	S	S	S	S	S	S	S	S	S	P	P	P	P	P	P	P	P
YMR004W	P	P	P	S	S	S	S	S	S	S	S	S	P	P	P	P	P	P	P	P
YER122C	S	S	P	S	S	S	P	S	S	S	S	S	P	P	P	P	P	P	P	P
YMR159C	S	S	S	S	S	S	S	S	S	S	S	S	P	P	P	P	P	P	P	P
YLR347C	S	S	S	S	S	S	S	S	S	S	S	S	P	P	P	P	P	P	P	P
YFR002W	P	P	P	S	S	S	S	P	S	S	S	S	P	P	P	P	L	P	P	P
YNL223W	S	S	S	S	S	S	S	S	S	S	S	S	P	P	P	P	P	P	P	P
YGR218W	P	P	S	P	P	S	P	P	S	S	S	S	P	P	P	P	P	P	P	P
YLR119W	S	S	S	S	S	S	S	S	S	S	S	S	P	P	P	P	P	P	P	P
YER006W	P	P	S	S	S	S	S	S	S	S	S	S	P	P	P	P	P	P	P	P
YKR035W-A	S	S	S	S	S	S	S	S	S	S	S	S	P	P	P	P	P	P	P	P
YDR358W	S	S	P	S	S	S	S	S	P	P	P	P	P	P	P	P	P	P	P	P
YGL095C	S	S	S	S	S	S	S	S	S	S	S	S	P	P	P	P	P	P	P	P
YGL137W	S	S	S	S	S	S	S	S	S	S	S	S	P	P	P	P	L	P	P	P
YOL026C	S	S	S	S	S	S	S	S	S	S	S	S	P	P	P	P	P	P	P	P
YMR192W	S	S	S	P	P	P	P	P	P	P	P	P	P	P	P	P	P	P	P	P
YOR359W	S	S	S	S	S	S	S	S	S	S	S	S	P	P	P	P	P	P	P	P
YBR077C	S	S	S	S	S	S	S	S	S	S	S	S	P	P	P	P	P	P	P	P
YOL082W	S	S	S	P	P	S	S	S	S	S	S	S	P	P	P	P	P	P	P	P
YNR049C	S	S	S	S	S	S	S	S	S	S	S	S	P	P	P	P	P	P	P	P
YGR261C	S	S	S	S	S	S	S	S	S	S	S	S	P	P	P	P	P	P	P	P
YKL065C	S	S	S	P	P	S	S	S	P	P	P	P	P	P	P	P	P	P	P	P
YIL115C	S	S	S	S	S	S	S	S	S	S	S	S	P	P	P	P	P	P	P	P
YDL113C	S	S	S	S	S	S	S	S	S	S	S	S	P	P	P	P	L	P	P	P
YDR086C	S	S	S	D	S	S	S	S	S	S	S	S	P	P	P	P	P	P	P	P
YBR105C	S	S	S	P	P	S	S	S	S	S	S	S	P	P	P	P	P	P	P	P
YNL189W	S	S	P	P	P	S	S	S	S	S	S	S	P	P	P	P	P	P	P	P
YMR255W	S	S	S	S	S	S	S	S	S	S	S	S	P	P	P	P	P	P	P	P
YDR153C	P	P	P	S	S	S	S	S	S	S	S	S	P	P	P	P	P	P	P	P
YPL002C	S	S	S	S	S	S	S	S	S	S	S	S	P	P	P	P	P	P	P	P
YGR009C	P	S	P	P	P	S	P	S	S	S	S	S	P	P	P	P	P	P	P	P
YHR098C	P	P	P	S	S	S	S	S	S	S	S	S	P	P	P	P	P	P	P	P
YIL048W	P	P	P	S	S	S	S	S	S	S	S	S	P	P	P	P	P	P	P	P
YBR128C	S	S	S	S	S	S	S	S	S	S	S	S	P	P	P	P	P	P	P	P
YMR237W	P	P	S	S	S	S	S	S	P	P	P	P	P	P	P	P	P	P	P	P
YLR166C	S	S	S	S	S	S	S	S	S	S	S	S	P	P	P	P	P	P	P	P
YKL065C	S	S	S	P	P	S	S	S	P	P	P	P	P	P	P	P	P	P	P	P
YIL109C	P	S	S	S	P	P	P	P	P	P	P	P	P	P	P	P	P	P	P	P
YGL045W	S	S	S	S	S	S	S	S	S	S	S	S	P	P	P	P	P	P	P	L
YER008C	S	S	P	S	S	S	S	S	S	S	S	S	P	P	P	P	P	P	P	P
YJR074W	S	S	S	S	S	S	S	S	S	S	S	S	P	P	P	P	P	P	P	P
YNL214W	S	S	S	S	S	S	S	S	S	S	S	S	P	P	P	P	P	P	P	P
YER143W	S	S	S	S	S	S	S	S	S	S	S	S	P	P	P	P	P	P	P	P
YLR293C	S	S	S	S	S	S	S	S	P	P	P	P	P	P	P	P	P	P	P	P
YKL068W	P	P	P	P	P	P	P	P	P	P	P	P	P	P	P	P	P	P	P	P
YDL217C	S	S	S	P	P	S	P	S	S	S	S	S	P	P	P	P	P	P	P	P
YIL002C	S	S	S	S	S	S	S	S	S	S	S	S	P	P	P	P	P	P	P	P
YLR309C	S	S	S	S	S	S	S	S	S	S	S	S	P	P	P	P	P	P	P	P
YMR026C	S	S	S	S	S	S	S	S	S	S	S	S	P	P	P	P	P	P	P	P
YGR245C	S	S	S	S	S	S	S	S	S	S	S	S	P	P	P	P	P	P	P	P
YGR071C	D	D	D	P	P	P	P	D	P	P	P	P	L	L	L	P	P	P	L	L
YDR093W	S	S	P	P	P	P	P	P	P	P	P	P	P	P	P	P	P	P	P	P
YNL131W	S	P	S	S	S	S	S	S	S	S	S	S	P	P	P	P	P	P	P	P
YNL265C	S	S	S	S	S	S	S	S	S	S	S	S	P	P	P	P	P	P	P	P
YBR162W-A	S	S	S	S	S	S	S	S	S	S	S	S	P	P	P	P	L	P	P	P
YER031C	S	S	S	S	S	S	S	P	P	P	P	P	P	P	P	P	P	P	P	P
YAR033W	D	D	D	D	D	D	D	D	D	S	S	S	L	L	L	L	L	L	L	L
YKL195W	S	S	S	P	P	P	P	S	S	S	S	S	P	P	P	P	P	P	P	P
YPL065W	S	S	S	S	S	S	S	S	S	S	S	S	P	P	P	P	P	P	P	P
YJL054W	S	S	S	S	S	S	S	S	S	S	S	S	P	P	P	P	P	P	P	P
YDR080W	S	S	S	S	S	S	S	S	S	S	S	S	P	P	P	P	P	P	P	P
YNL093W	S	S	S	S	S	S	S	S	P	P	P	P	P	P	P	P	P	P	P	P
YMR060C	S	S	S	S	S	S	S	S	S	S	S	S	P	P	P	P	P	P	P	P
YDR142C	S	S	S	S	S	S	S	S	S	S	S	S	P	P	P	P	P	P	P	P
YDL212W	S	S	S	S	S	S	S	S	S	S	S	S	P	P	P	P	P	P	P	P
YPR185W	S	S	S	S	S	S	S	S	S	S	S	S	P	P	P	P	P	P	P	P
YJL192C	S	S	S	S	S	S	S	S	S	S	S	S	P	P	P	P	P	P	P	P
YHL023C	S	S	S	S	S	S	S	S	S	S	S	S	P	P	P	P	P	P	P	P
YBL040C	S	S	S	S	S	S	S	S	S	S	S	S	P	P	P	P	P	P	P	P
YOR322C	P	P	P	S	S	S	S	S	S	S	S	S	P	P	P	P	P	P	P	P
YOL031C	S	S	S	S	S	S	S	S	S	S	S	S	P	P	P	P	P	P	P	P
YLR431C	S	S	S	S	S	S	S	S	S	S	S	S	P	P	P	P	P	P	P	P
YCL008C	S	S	S	S	S	S	S	S	S	S	S	S	P	P	P	P	P	P	P	P
YJL099W	S	S	S	P	P	S	S	S	P	P	P	P	P	P	P	P	P	P	P	P
YGL180W	S	S	S	S	S	S	S	S	S	S	S	S	P	P	P	P	P	P	P	P
YJL085W	S	S	S	S	S	S	S	S	S	S	S	S	P	P	P	P	P	P	P	P
YGR209C	S	P	S	S	S	D	S	S	P	P	P	P	P	P	P	P	P	P	P	P
YLL042C	S	S	S	S	S	S	S	S	S	S	S	S	P	P	P	P	P	P	P	P
YOR094W	S	S	S	S	S	S	S	D	S	S	S	S	P	P	P	P	P	P	P	P
YDR027C	S	S	S	S	S	S	S	S	S	S	S	S	P	P	P	P	P	P	P	P
YJL036W	S	S	S	S	S	S	S	S	S	S	S	S	P	P	P	P	P	P	P	P
YER157W	S	S	S	S	S	S	S	S	S	S	S	S	P	P	P	P	P	P	P	P
YHR171W	S	S	S	S	S	S	S	S	S	S	S	S	P	P	P	P	L	P	P	P
YIL063C	S	S	S	S	S	S	S	S	S	S	S	S	P	P	P	P	P	P	P	P
YGL099W	S	S	S	S	S	S	S	S	S	S	S	S	P	P	P	P	P	P	P	P
YMR197C	S	S	S	S	S	S	S	S	S	S	S	S	P	P	P	P	P	P	P	P
YGL233W	S	S	S	S	S	S	S	S	S	S	S	S	P	P	P	P	P	P	P	P
YJL212C	D	D	D	D	D	D	D	D	S	S	S	S	L	L	L	L	L	L	L	L
YBR106W	S	S	S	P	P	P	P	S	S	S	S	S	P	P	P	P	P	P	P	P
YJL024C	S	S	S	S	S	S	S	S	S	S	S	S	P	P	P	P	P	P	P	P
YJR125C	S	S	P	S	S	S	S	S	S	S	S	S	P	P	P	P	P	P	P	P
YPL085W	P	P	P	S	P	S	S	S	S	S	S	S	P	P	P	P	P	P	P	P
YLR360W	S	S	S	S	S	S	S	S	S	S	S	S	P	P	P	P	L	P	P	P
YDR164C	S	S	S	S	S	S	S	S	S	S	S	S	P	P	P	P	P	P	P	P
YIL076W	S	S	S	S	S	S	S	S	S	S	S	S	P	P	P	P	P	P	P	P
YBL101C	P	P	P	P	P	P	P	P	P	P	P	P	P	P	P	P	P	P	P	P
YDL207W	S	S	S	S	S	S	S	S	S	S	S	S	P	P	P	P	P	P	P	P
YNL093W	S	S	S	S	S	S	S	S	P	P	P	P	P	P	P	P	P	P	P	P
YLR335W	S	S	S	S	S	S	S	S	S	S	S	S	P	P	P	P	P	P	P	P
YML121W	S	S	S	S	S	S	S	S	S	S	S	S	P	P	P	P	P	P	P	P
YDL018C	S	D	S	S	S	S	S	S	S	S	S	S	P	P	P	P	P	P	P	P
YJL084C	S	S	P	P	P	P	P	P	P	P	P	P	P	P	P	P	P	P	P	P
YHL019C	S	S	S	S	S	S	S	S	S	S	S	S	P	P	P	P	P	P	P	P
YER009W	S	S	S	S	S	S	S	S	S	S	S	S	P	P	P	P	P	P	P	P
YOR046C	S	S	S	S	S	S	S	S	S	S	S	S	P	P	P	P	P	P	P	P
YDR351W	P	P	P	P	P	P	P	P	P	P	P	P	P	P	P	P	P	P	P	P
YLR384C	S	S	S	S	S	S	S	S	S	S	S	S	P	P	P	P	P	P	P	P
YBR288C	S	S	S	S	S	S	S	S	S	S	S	S	P	P	P	P	P	P	P	P
YJR033C	S	S	P	S	S	S	S	S	S	S	S	S	P	P	P	P	P	P	P	P
YJL039C	S	S	S	S	S	S	S	S	S	S	S	S	P	P	P	P	P	P	P	P
YHR012W	S	S	S	S	S	S	S	S	S	S	S	S	P	P	P	P	P	P	P	P
YLR240W	S	S	S	S	S	S	S	S	S	S	S	S	P	P	P	P	P	P	P	P
YBR102C	S	S	S	S	S	S	S	S	S	S	S	S	P	P	P	P	P	P	P	P
YNL064C	S	S	S	S	S	S	S	S	S	S	S	S	P	P	P	P	P	P	P	P
YLR018C	S	S	S	S	S	S	S	S	S	S	S	S	P	P	P	P	L	P	P	P
YAL002W	S	S	S	S	S	S	S	S	S	S	S	S	P	P	P	P	P	P	P	P
YDR468C	S	S	S	S	S	S	S	S	S	S	S	S	P	P	P	P	P	P	P	P
YER019C-A	P	P	P	P	P	S	S	P	P	P	P	P	P	P	P	P	P	P	P	P
YHR036W	P	P	P	S	S	S	S	S	S	S	S	S	P	P	P	P	P	P	P	P
YKL176C	S	S	S	S	S	S	S	S	S	S	S	S	P	P	P	P	P	P	P	P
YOR297C	S	S	S	S	S	S	S	S	S	S	S	S	P	P	P	P	P	P	P	P
YGL092W	S	S	S	S	S	S	S	S	S	S	S	S	P	P	P	P	P	P	P	P
YDR252W	S	S	S	P	P	P	P	S	P	P	P	P	P	P	P	P	P	P	P	P
YDL231C	S	S	S	S	S	S	S	S	S	S	S	S	P	P	P	P	P	P	P	P
YGR033C	S	S	S	S	S	S	S	S	S	S	S	S	P	P	P	P	P	P	P	P
YOL129W	S	S	S	P	S	S	S	S	S	S	S	S	P	P	P	P	P	P	P	P
YGR120C	S	S	S	S	S	S	S	S	S	S	S	S	P	P	P	P	P	P	P	P
YJR126C	S	S	S	S	S	S	S	S	S	S	S	S	P	P	P	P	P	P	P	P
YBR017C	S	S	S	S	S	S	S	S	S	S	S	S	P	P	P	P	P	P	P	P
YDR189W	S	S	S	S	S	S	S	S	S	S	S	S	P	P	P	P	P	P	P	P
YDR524C	D	D	S	S	S	S	S	S	S	S	S	S	P	P	L	P	P	P	P	P
YPL100W	S	S	S	S	S	S	S	S	S	S	S	S	P	P	P	P	P	P	P	P
YAR002C-A	S	S	S	S	S	S	S	P	P	P	P	P	P	P	P	P	P	P	P	P
YBL017C	D	S	S	S	S	S	S	S	S	S	S	S	P	P	P	P	P	P	P	P
YKL068W	P	P	P	P	P	P	P	P	P	P	P	P	P	P	P	P	P	P	P	P
YLR330W	S	S	S	S	S	S	S	S	S	S	S	S	P	P	P	P	P	P	P	P
YNL051W	S	S	S	S	S	S	S	S	S	S	S	S	P	P	P	P	P	P	P	P
YBL104C	S	S	S	S	S	S	S	S	S	S	S	S	P	P	P	P	L	P	P	P
YER136W	P	P	S	S	S	S	S	S	S	S	S	S	P	P	P	P	P	P	P	P
YJL143W	S	S	S	S	S	S	S	S	S	S	S	S	P	P	P	P	P	P	P	P
YNL070W	S	S	S	S	S	S	S	S	S	S	S	S	P	P	P	P	P	P	P	P
YOL083W	D	D	D	D	D	D	D	D	S	S	S	S	L	L	L	L	L	L	L	L
YGR206W	S	S	S	S	S	S	S	S	S	S	S	S	P	P	P	P	P	P	P	P
YJL207C	S	S	S	S	S	S	S	S	S	S	S	S	P	P	P	L	L	P	P	P
YHR083W	S	S	S	S	S	D	S	S	S	S	S	S	P	P	P	P	P	P	P	P
YDR486C	S	S	S	S	S	S	S	S	S	S	S	S	P	P	P	P	P	P	P	P
YLR268W	S	S	S	S	S	S	S	S	S	S	S	S	P	P	P	P	P	P	P	P
YML031W	P	P	P	S	S	S	S	S	S	S	S	S	P	P	P	P	P	P	P	P
YDR484W	S	S	S	S	S	S	S	S	S	S	S	S	P	P	P	P	P	P	P	P
YDL137W	P	P	P	P	P	P	P	P	P	P	P	P	P	P	P	P	P	P	P	P
YPL069C	S	S	S	S	S	S	S	S	S	S	S	S	P	P	P	P	P	P	P	P
YBL079W	S	S	S	S	S	S	S	S	P	P	P	P	P	P	P	P	P	P	P	P
YFL005W	S	S	S	S	P	P	P	S	S	S	S	S	P	P	P	P	P	P	P	P
YBR170C	S	S	S	S	S	S	S	S	S	S	S	S	P	P	P	P	P	P	P	P
YDR192C	S	S	S	S	S	S	S	S	S	S	S	S	P	P	P	P	P	P	P	P
YNL242W	S	S	S	S	S	S	S	S	S	S	S	S	P	P	P	P	P	P	P	P
YEL031W	S	S	S	S	S	S	S	S	S	S	S	S	P	P	P	P	P	P	P	P
YMR214W	S	S	S	S	S	S	S	S	S	S	S	S	P	P	P	P	P	P	P	P
YJR058C	S	S	S	S	S	S	S	S	S	S	S	S	P	P	P	P	P	P	P	P
YDL126C	P	S	P	P	P	S	S	S	S	S	S	S	P	P	P	P	P	P	P	P
YFR022W	P	P	P	P	P	P	P	P	P	P	P	P	P	P	P	P	P	P	P	P
YBR283C	S	S	S	S	S	S	S	S	S	S	S	S	P	P	P	P	P	P	P	P
YGL241W	S	S	S	S	S	S	S	S	S	S	S	S	P	P	P	P	P	P	P	P
YDR351W	P	P	P	P	P	P	P	P	P	P	P	P	P	P	P	P	P	P	P	P
YLR189C	S	D	S	S	S	S	S	D	S	S	S	S	P	P	P	P	P	P	P	P
YBR201W	S	S	S	S	S	S	S	S	S	S	S	S	P	P	P	P	P	P	P	L
YDR170C	S	S	P	S	S	S	S	S	S	S	S	S	P	P	P	P	P	P	P	P
YPL086C	S	S	S	S	S	S	S	S	S	S	S	S	P	P	P	P	P	P	P	P
YFL038C	S	S	S	S	S	S	S	S	S	S	S	S	P	P	P	P	P	P	P	P
YLR392C	S	S	S	S	S	S	S	S	S	S	S	S	P	P	L	P	P	P	P	P
YPR105C	S	S	S	S	S	S	S	S	S	S	S	S	P	P	P	P	P	P	P	P
YGL114W	S	S	S	S	S	S	S	S	S	S	S	S	P	P	P	P	L	P	P	P
YPL094C	S	S	S	S	S	S	S	S	S	S	S	S	P	P	P	P	P	P	P	P
YIR011C	D	S	S	S	S	S	S	S	S	S	S	S	P	P	P	P	P	P	P	P
YOR357C	S	S	S	S	S	S	S	S	S	S	S	S	P	P	P	P	P	P	P	P
YGR119C	S	S	S	S	S	S	S	S	S	S	S	S	P	P	P	P	P	P	P	P
YNL258C	S	S	S	S	S	S	S	S	S	S	S	S	P	P	P	P	L	P	P	P
YJL222W	D	D	D	D	D	D	D	D	D	D	D	S	L	L	L	L	L	L	L	L
YML071C	S	S	S	S	S	S	S	S	S	S	S	S	P	P	P	P	P	P	P	P
YDL226C	S	S	P	S	S	S	S	S	P	P	P	P	P	P	P	P	P	P	P	P
YOR329C	S	S	S	S	S	S	S	S	S	S	S	S	P	P	P	P	P	P	P	P
YGR209C	S	P	S	S	S	D	S	S	P	P	P	P	P	P	P	P	P	P	P	P
YFR051C	P	S	S	S	S	S	S	S	S	S	S	S	P	P	P	P	P	P	P	P
YNL328C	S	S	S	S	S	S	S	S	S	S	S	S	P	P	P	P	P	P	P	P
YLR148W	S	S	S	S	S	S	S	S	S	S	S	S	P	P	P	P	P	P	P	P
YGL124C	S	S	S	S	S	S	S	S	S	S	S	S	P	P	P	P	P	P	P	P
YMR171C	S	S	S	S	S	S	S	S	S	S	S	S	P	P	P	P	P	P	P	P
YIL173W	D	D	D	D	D	D	D	D	D	D	D	S	L	L	L	L	L	L	L	L
YKL006C-A	S	S	S	S	S	S	S	S	S	S	S	S	P	P	P	P	P	P	P	P
YGL164C	S	S	S	S	S	S	S	S	S	S	S	S	P	P	L	P	P	P	P	P
YBL102W	S	S	S	S	S	S	S	S	S	S	S	S	P	P	P	P	P	P	P	P
YDL137W	P	P	P	P	P	P	P	P	P	P	P	P	P	P	P	P	P	P	P	P
YER019C-A	P	P	P	P	P	S	S	P	P	P	P	P	P	P	P	P	P	P	P	P
YOR045W	S	S	S	S	S	S	S	S	S	S	S	S	P	P	P	P	P	P	P	P
YOL018C	S	S	S	S	S	S	S	S	S	S	S	S	P	P	P	P	L	P	P	P
YGL238W	S	S	S	S	S	S	S	S	S	S	S	S	P	P	P	P	P	P	P	P
YPR079W	S	S	S	S	S	S	S	S	S	S	S	S	P	P	P	P	L	P	P	P
YNL287W	S	S	S	S	S	S	S	S	S	S	S	S	P	P	P	P	P	P	P	P
YDR141C	P	P	S	S	S	S	S	S	S	S	S	S	P	P	P	P	P	P	P	P
YDR424C	S	S	S	S	S	S	S	S	S	S	S	S	P	P	P	P	P	P	P	P
YOR016C	S	S	P	P	P	S	S	S	P	P	P	P	P	P	P	P	P	P	P	P
YPR055W	S	S	P	S	S	S	S	S	S	S	S	S	P	P	P	P	P	P	P	P
YLR396C	S	S	S	S	S	S	S	S	S	S	S	S	P	P	P	P	P	P	P	P
YJR102C	S	S	S	S	S	S	S	S	S	S	S	S	P	P	P	P	P	P	P	P
YJL004C	S	S	S	S	S	S	S	S	S	S	S	S	P	P	P	P	P	P	P	P
YLR386W	S	S	S	S	S	S	S	S	S	S	S	S	P	P	P	P	P	P	P	P
YNL106C	P	P	P	P	P	P	P	P	P	P	P	P	P	P	P	P	P	P	P	P
YJL154C	P	P	P	P	P	S	S	S	S	S	S	S	P	P	P	P	P	P	P	P
YKR020W	S	S	S	S	S	S	S	S	S	S	S	S	P	P	P	P	P	P	P	P
YOR254C	S	S	S	S	S	S	S	S	S	S	S	S	P	P	P	P	P	P	P	P
YHR193C	S	S	S	S	S	P	P	S	S	S	S	S	P	P	P	P	P	P	P	P
YDL088C	S	S	S	S	S	S	S	P	P	P	P	P	P	P	P	P	P	P	P	P
YPL120W	S	S	S	S	S	S	S	S	S	S	S	S	P	P	P	P	P	P	P	P
YBL078C	S	S	S	P	S	S	P	S	S	S	S	S	P	P	P	P	P	P	P	P
YGL005C	S	S	S	S	S	S	S	S	S	S	S	S	P	P	P	P	P	P	P	P
YDR395W	S	S	S	S	S	S	S	S	S	S	S	S	P	P	P	P	P	P	P	P
YLR208W	P	P	S	S	S	S	S	P	S	S	S	S	P	P	P	P	P	P	P	P
YFL025C	S	S	S	S	S	S	S	S	S	S	S	S	P	P	P	P	P	P	P	P
YDR372C	P	S	P	S	P	S	S	S	S	S	S	S	P	P	P	P	P	P	P	P
YJL053W	S	S	S	S	S	S	S	S	S	S	S	S	P	P	P	P	P	P	P	P
YDR498C	S	S	S	S	S	S	S	S	S	S	S	S	P	P	P	P	P	P	P	P
YER074W-A	S	S	S	S	S	S	S	S	S	S	S	S	P	P	P	P	P	P	P	P
YML067C	S	S	S	P	P	S	S	S	S	S	S	S	P	P	P	P	P	P	P	P
YKR065C	S	S	S	S	S	S	S	S	S	S	S	S	P	P	P	P	P	P	P	P
YGL172W	S	S	S	S	S	S	S	S	S	S	S	S	P	P	P	P	P	P	P	P
YCR067C	S	S	S	P	P	P	P	P	P	P	P	P	P	P	P	P	P	P	P	P
YBR164C	S	S	S	S	S	S	S	S	P	P	S	S	P	P	P	P	P	P	P	L
YLR064W	S	S	S	S	S	S	S	S	S	S	S	S	P	P	P	P	P	P	L	L
YMR231W	S	S	S	S	S	S	S	S	S	S	S	S	P	P	P	P	P	P	P	P
YDL063C	S	S	S	S	S	S	S	S	S	S	S	S	P	P	P	P	P	P	P	P
YDR202C	S	S	S	S	S	S	S	S	S	S	S	S	P	P	P	P	P	P	P	P
YAR002C-A	S	S	S	S	S	S	S	P	P	P	P	P	P	P	P	P	P	P	P	P
YJL178C	S	S	P	S	S	S	S	S	S	S	S	S	P	P	P	P	L	P	P	P
YNL106C	P	P	P	P	P	P	P	P	P	P	P	P	P	P	P	P	P	P	P	P
YML103C	S	S	S	S	S	S	S	S	S	S	S	S	P	P	P	P	L	P	P	P
YGL223C	S	S	S	S	S	D	S	S	S	S	S	S	P	P	P	P	P	P	P	P
YPR133W-A	S	S	S	D	S	D	S	S	S	S	S	S	P	P	P	P	P	P	P	P
YDL088C	S	S	S	S	S	S	S	P	P	P	P	P	P	P	P	P	P	P	P	P
YLR417W	S	S	S	S	S	S	S	S	S	S	S	S	P	P	P	P	P	P	P	P
YJL205C	S	S	S	S	S	S	S	S	S	S	S	S	P	P	P	L	L	P	P	P
YEL020W-A	S	S	S	S	S	S	S	S	S	S	S	S	P	P	P	P	P	P	P	P
YHR142W	S	S	S	S	S	S	S	S	S	S	S	S	P	P	P	P	P	P	P	P
YLR440C	S	S	S	S	S	S	S	S	S	S	S	S	P	P	P	P	P	P	P	P
YDL195W	P	P	S	S	S	S	S	S	S	S	S	S	P	P	P	P	P	P	P	P
YMR192W	S	S	S	P	P	P	P	P	P	P	P	P	P	P	P	P	P	P	P	P
YMR292W	S	S	S	S	S	S	S	S	S	S	S	S	P	P	P	P	P	P	P	P
YGL051W	D	D	D	D	D	D	D	D	D	D	D	S	L	L	L	L	L	L	L	L
YER110C	S	S	S	S	S	S	S	S	S	S	S	S	P	P	P	P	P	P	P	P
YLR292C	S	S	S	S	S	S	S	S	S	S	S	S	P	P	P	P	L	P	P	P
YJR132W	S	S	S	S	S	S	S	S	S	S	S	S	P	P	P	P	P	P	P	P
YPR029C	S	S	S	S	S	S	S	S	S	S	S	S	P	P	P	P	P	P	P	P
YMR237W	P	P	S	S	S	S	S	S	P	P	P	P	P	P	P	P	P	P	P	P
YOR257W	S	S	S	P	S	S	S	S	S	S	S	S	P	P	P	P	P	P	P	P
YHR110W	S	D	S	S	S	S	S	S	S	S	S	S	P	P	P	P	P	P	P	P
YOR016C	S	S	P	P	P	S	S	S	P	P	P	P	P	P	P	P	P	P	P	P
YPL195W	S	S	S	S	S	S	S	S	S	S	S	S	P	P	P	P	P	P	P	P
YDR022C	S	S	S	S	S	S	D	S	S	S	S	S	P	P	P	P	P	P	P	P
YOR223W	S	S	S	S	S	S	S	S	S	S	S	S	P	P	P	P	P	P	P	P
YJR042W	S	S	S	S	S	S	S	S	S	S	S	S	P	P	P	P	P	P	P	P
YBL050W	S	S	S	S	S	S	S	S	S	S	S	S	P	P	P	P	P	P	P	L
YPL259C	S	S	S	S	S	S	S	S	S	S	S	S	P	P	P	P	P	P	P	P
YHR181W	S	S	S	S	S	S	S	S	S	S	S	S	P	P	P	P	P	P	P	P
YDR252W	S	S	S	P	P	P	P	S	P	P	P	P	P	P	P	P	P	P	P	P
YKL057C	S	S	S	S	S	S	S	S	S	S	S	S	P	P	P	P	P	P	P	P
YOL062C	S	S	S	S	S	S	S	S	S	S	S	S	P	P	P	P	P	P	P	P
YBR080C	S	S	P	S	S	S	S	P	S	S	S	S	P	P	P	P	P	P	P	P
YLL040C	S	S	P	S	S	S	S	S	S	S	S	S	P	P	P	P	P	P	P	P
YBL101C	P	P	P	P	P	P	P	P	P	P	P	P	P	P	P	P	P	P	P	P
YMR129W	S	S	S	S	S	S	S	S	S	S	S	S	P	P	P	P	P	P	P	P
