Gene ID	V.polysp	T.phaffi	T.blatta	N.dairen	N.castel	K.nagani	K.africa	C.glabra	S.uvarum	S.kudria	S.mikata	S.cerevi	Z.rouxii	T.delbru	K.lactis	E.gossyp	E.cymbal	L.kluyve	L.thermo	L.waltii
YFR027W	S	S	S	S	S	S	S	S	S	S	S	S	P	P	P	P	P	P	P	P
YLR272C	S	S	S	S	S	S	S	S	S	S	S	S	P	P	P	P	P	P	P	P
YML124C	P	P	S	S	P	S	P	S	P	P	P	P	P	P	P	P	P	P	P	P
YDR130C	S	S	S	S	S	D	S	S	S	S	S	S	P	P	P	P	P	P	P	P
YGR098C	S	S	S	S	S	S	S	S	S	S	S	S	P	P	P	P	L	P	P	P
YAL034W-A	S	S	S	S	S	S	S	S	S	S	S	S	P	P	P	P	P	P	P	P
YDR113C	S	S	S	S	S	S	S	S	S	S	S	S	P	P	P	P	P	P	P	P
YGL216W	S	S	S	S	S	S	S	S	S	S	S	S	P	P	P	P	P	P	P	P
YBL063W	D	S	S	S	S	D	S	D	S	S	S	S	P	P	L	P	P	P	L	L
YKR054C	D	S	S	S	S	S	S	S	S	S	S	S	P	P	P	P	L	P	P	P
YPL233W	S	S	S	S	S	S	S	S	S	S	S	S	P	P	P	P	P	P	P	P
YFL008W	S	S	S	S	S	S	S	S	S	S	S	S	P	P	P	P	P	P	P	P
YKL049C	S	S	S	S	S	S	S	S	S	S	S	S	P	P	P	P	P	P	P	P
YNL307C	S	S	P	S	S	S	S	S	P	P	P	P	P	P	P	P	P	P	P	P
YIR025W	S	S	S	S	S	S	D	S	S	S	S	S	P	P	P	P	P	P	P	P
YMR198W	S	S	S	P	P	P	P	P	P	P	P	P	P	P	P	P	P	P	P	P
YLR086W	S	S	S	S	S	S	S	S	S	S	S	S	P	P	P	P	P	P	P	P
YFL037W	S	S	S	S	S	S	S	S	S	S	S	S	P	P	P	P	P	P	P	P
YMR190C	P	P	S	P	P	P	P	P	S	S	S	S	P	P	P	P	P	P	P	P
YAL047C	S	S	S	S	S	S	S	S	S	S	S	S	P	P	P	P	P	P	P	P
YML124C	P	P	S	S	P	S	P	S	P	P	P	P	P	P	P	P	P	P	P	P
YOR073W	S	S	S	S	S	S	S	S	S	S	S	S	P	P	P	P	P	P	P	P
YEL061C	P	P	S	S	S	S	S	S	S	S	S	S	P	P	P	P	P	P	P	P
YIR010W	S	S	S	S	S	S	S	S	S	S	S	S	P	P	P	P	P	P	P	P
YDR325W	S	S	S	S	S	S	S	S	S	S	S	S	P	P	P	P	P	P	P	P
YLR212C	S	S	S	S	S	S	S	S	S	S	S	S	P	P	P	P	P	P	P	P
YFR031C	S	S	S	S	S	S	S	S	S	S	S	S	P	P	P	P	P	P	P	P
YBL097W	S	S	S	S	S	S	S	S	S	S	S	S	P	P	P	P	P	P	P	P
YLR226W	S	S	S	S	S	S	S	S	S	S	S	S	P	P	P	P	P	P	P	P
YDR458C	P	P	P	P	P	P	P	P	P	P	P	P	P	P	P	P	P	P	P	P
