Gene ID	V.polysp	T.phaffi	T.blatta	N.dairen	N.castel	K.nagani	K.africa	C.glabra	S.uvarum	S.kudria	S.mikata	S.cerevi	Z.rouxii	T.delbru	K.lactis	E.gossyp	E.cymbal	L.kluyve	L.thermo	L.waltii
YFL026W	P	S	S	S	S	S	S	S	S	S	S	S	P	P	P	P	P	P	P	P
YHR084W	S	S	P	P	P	P	P	P	S	S	S	S	P	P	P	P	P	P	P	P
YOR281C	S	S	S	S	S	S	S	S	S	S	S	S	P	P	P	P	P	P	P	P
YGL097W	S	S	P	S	S	S	S	S	S	S	S	S	P	P	P	P	P	P	P	P
YOR212W	S	S	S	S	S	S	S	S	S	S	S	S	P	P	P	P	P	P	P	P
YDL214C	P	S	P	P	P	S	P	P	P	P	P	P	P	P	P	P	P	P	P	P
YKL116C	S	S	S	S	S	S	S	S	S	S	S	S	P	P	P	P	P	P	P	P
YDR410C	S	S	S	S	S	S	S	S	S	S	S	S	P	P	P	P	P	P	P	P
YLR362W	S	S	S	S	S	S	S	S	S	S	S	S	P	P	P	P	P	P	P	P
YGR198W	S	S	S	S	S	S	S	S	S	S	S	S	P	P	P	P	P	P	P	P
YJR086W	S	S	S	S	S	S	S	S	S	S	S	S	P	P	P	P	P	P	P	P
YDR183W	S	S	S	S	S	S	S	S	S	S	S	S	P	P	P	P	P	P	P	P
YKL209C	S	S	S	S	S	S	S	S	S	S	S	S	P	P	P	P	P	P	P	P
YMR274C	S	S	S	S	S	S	S	S	S	S	S	S	P	P	P	P	P	P	P	P
YJR117W	S	S	S	S	S	S	S	S	S	S	S	S	P	P	P	P	P	P	P	P
YCL032W	S	S	S	S	S	S	S	S	S	S	S	S	P	P	P	P	P	P	P	P
YLR389C	S	S	P	S	S	S	S	S	S	S	S	S	P	P	P	P	P	P	P	P
YDL159W	S	S	S	S	S	S	S	S	S	S	S	S	P	P	P	P	P	P	P	P
YKL178C	S	S	S	S	S	S	S	S	S	S	S	S	P	P	P	P	P	P	P	P
YDR379W	P	P	P	P	S	P	P	P	P	P	P	P	P	P	P	P	P	P	P	P
YLR452C	S	S	S	S	S	S	S	S	S	S	S	S	P	P	P	P	P	P	P	P
YHL007C	S	S	S	P	P	P	P	P	S	S	S	S	P	P	P	P	P	P	P	P
YCR089W	S	S	S	P	P	P	P	S	P	P	P	P	P	P	L	L	L	P	P	P
YDR103W	S	S	P	S	S	S	S	S	S	S	S	S	P	P	P	P	P	P	P	P
YLR229C	S	S	P	S	S	S	S	S	S	S	S	S	P	P	P	P	P	P	P	P
YOR219C	S	S	S	S	S	S	S	S	S	S	S	S	P	P	P	P	P	P	P	P
YCR089W	S	S	S	P	P	P	P	S	P	P	P	P	P	P	L	L	L	P	P	P
YNL298W	S	S	S	S	P	S	S	P	P	P	P	P	P	P	P	P	P	P	P	P
YHR005C	S	S	S	S	S	S	S	S	S	S	S	S	P	P	P	P	P	P	P	P
YPL161C	S	P	S	S	S	S	S	S	S	S	S	S	P	P	P	P	P	P	P	P
YIL015W	S	D	S	S	S	S	D	S	S	S	S	S	P	P	P	P	P	P	L	L
