Gene ID	V.polysp	T.phaffi	T.blatta	N.dairen	N.castel	K.nagani	K.africa	C.glabra	S.uvarum	S.kudria	S.mikata	S.cerevi	Z.rouxii	T.delbru	K.lactis	E.gossyp	E.cymbal	L.kluyve	L.thermo	L.waltii
YCR052W	S	S	S	S	S	S	S	P	P	P	P	P	P	P	P	P	P	P	P	P
YMR091C	S	S	S	S	S	S	S	S	S	S	S	S	P	P	P	P	P	P	P	P
YNL097C	S	S	S	S	S	S	S	S	S	S	S	S	P	P	P	P	P	P	P	P
YNL030W	P	P	S	P	P	P	S	S	S	D	S	S	P	P	P	P	P	P	P	P
YLR321C	S	S	S	S	S	S	S	P	S	S	S	S	P	P	P	P	P	P	P	P
YIL126W	S	S	S	D	S	S	S	S	S	S	S	S	P	P	P	P	P	P	P	P
YAL019W	S	S	S	S	S	S	S	S	S	S	S	S	P	P	P	P	P	P	P	P
YBR111W-A	S	S	S	S	S	S	S	S	S	S	S	S	P	P	P	P	P	P	P	P
YMR075W	S	S	S	S	S	S	S	S	S	S	S	S	P	P	P	P	P	P	P	P
YOR038C	S	S	S	S	S	S	S	S	S	S	S	S	P	P	P	P	P	P	P	P
YGR274C	S	S	S	S	S	S	S	S	S	S	S	S	P	P	P	P	P	P	P	P
YBR136W	S	S	S	S	S	S	S	S	S	S	S	S	P	P	P	P	L	P	P	P
YPR068C	S	S	S	S	S	S	S	S	S	S	S	S	P	P	P	P	P	P	P	P
YER161C	S	S	S	S	S	S	S	S	S	S	S	S	P	P	P	P	P	P	P	P
YDL076C	S	S	S	S	S	S	S	S	S	S	S	S	P	P	P	P	P	P	P	L
YMR233W	P	S	P	P	P	P	P	P	P	P	P	P	P	P	P	P	L	P	P	P
YML127W	S	S	S	S	S	S	S	S	S	S	S	S	P	P	P	P	P	P	P	P
YBR245C	S	S	S	P	P	P	P	S	S	S	S	S	P	P	P	P	P	P	P	P
YBL002W	D	D	S	S	S	S	P	S	S	S	S	S	P	P	P	P	P	P	P	P
YEL018W	S	S	S	S	S	S	S	S	S	S	S	S	P	P	P	P	P	P	P	P
YDR448W	S	S	S	S	S	S	S	S	S	S	S	S	P	P	P	P	P	P	P	P
YDR303C	P	P	P	P	P	P	P	P	P	P	P	P	P	P	L	P	P	P	L	L
YJR119C	S	S	S	S	S	S	S	S	S	S	S	S	P	P	P	P	P	P	P	P
YHR119W	S	S	S	S	S	S	S	S	S	S	S	S	P	P	P	P	P	P	P	P
YLR033W	S	S	S	S	S	S	S	S	S	S	S	S	P	P	P	P	P	P	P	P
YBL088C	S	S	S	S	S	S	S	S	S	S	S	S	P	P	P	P	L	P	P	P
YBR010W	S	S	S	S	S	S	P	P	S	S	S	S	P	P	P	P	P	P	P	P
YPL254W	S	S	S	S	S	S	S	S	S	S	S	S	P	P	P	P	L	P	P	P
YGR270W	S	S	S	S	S	S	S	S	S	S	S	S	P	P	P	P	P	P	P	P
YGR252W	S	S	S	D	S	S	S	S	S	S	S	S	P	P	P	P	P	P	P	P
YPR034W	S	S	S	S	S	S	S	S	S	S	S	S	P	P	P	P	L	P	P	P
YMR284W	S	S	S	S	S	D	S	S	S	S	S	S	P	P	P	P	P	P	P	P
YGL194C	S	S	S	S	S	S	S	S	S	S	S	S	P	P	P	P	P	P	P	P
YOR213C	S	S	S	S	S	S	P	S	S	S	S	S	P	P	P	P	P	P	P	P
YGR056W	P	P	P	P	P	P	P	P	P	P	P	P	P	P	P	P	P	P	P	P
YDR499W	S	S	S	S	S	S	S	S	S	S	S	S	P	P	P	P	P	P	P	P
YBL003C	D	D	S	S	S	S	P	S	S	S	S	S	P	P	P	P	P	P	P	P
YPL116W	S	S	S	S	S	S	S	S	S	S	S	S	P	P	P	P	P	P	P	P
YBR009C	S	S	S	S	S	S	P	P	S	S	S	S	P	P	P	P	P	P	P	P
YBR081C	S	S	S	S	S	S	S	S	S	S	S	S	P	P	P	P	L	P	P	P
YLR085C	S	S	S	S	S	S	S	S	S	S	S	S	P	P	P	P	P	P	P	P
YIL084C	S	S	P	S	S	S	S	S	S	S	S	S	P	P	P	P	L	P	P	P
YGL058W	S	S	S	S	S	S	S	S	S	S	S	S	P	P	P	P	P	P	P	P
YMR236W	S	S	S	S	S	S	S	S	S	S	S	S	P	P	P	P	P	P	P	P
YOR191W	S	S	S	S	S	S	S	S	S	S	S	S	P	P	P	P	P	P	P	P
YDR485C	S	S	S	S	S	S	S	S	S	S	S	S	P	P	P	P	P	P	P	P
YJR082C	S	S	S	S	S	S	S	S	S	S	S	S	P	P	P	P	P	P	P	P
YER125W	S	S	S	S	S	S	S	S	S	S	S	S	P	P	P	P	P	P	P	P
YKR063C	S	S	S	S	S	S	S	S	S	S	S	S	P	P	P	P	L	P	P	P
YMR106C	S	S	S	S	S	S	S	S	S	S	S	S	P	P	P	P	P	P	P	P
YBR231C	S	S	S	S	S	S	S	S	S	S	S	S	P	P	P	P	P	P	P	P
YHR090C	S	S	P	S	S	S	S	S	S	S	S	S	P	P	P	P	P	P	P	L
YNL021W	P	S	S	S	S	S	S	S	S	S	S	S	P	P	P	P	P	P	P	P
YOL012C	S	S	S	S	S	S	S	S	S	S	S	S	P	P	P	P	P	P	P	P
YDR176W	S	S	S	S	S	S	S	S	S	S	S	S	P	P	P	P	L	P	P	P
YPR193C	D	D	D	S	S	D	D	D	S	S	S	S	L	L	L	L	L	L	L	L
YPL001W	S	S	S	S	S	S	S	S	S	S	S	S	P	P	P	P	P	P	P	P
YAL011W	S	S	S	S	S	S	S	S	S	S	S	S	P	P	P	P	P	P	P	P
YBR215W	S	S	S	S	S	S	S	S	S	S	S	S	P	P	P	P	P	P	P	P
YPL181W	S	S	S	S	P	S	S	S	S	S	S	S	P	P	P	P	P	P	P	P
YDR225W	P	P	S	S	S	S	D	S	S	S	S	S	P	P	P	P	P	P	P	P
YER164W	S	S	S	P	S	S	S	S	S	S	S	S	P	P	P	P	L	P	P	P
YDR224C	P	P	S	S	S	S	D	S	S	S	S	S	P	P	P	P	P	P	P	P
YMR033W	S	S	S	S	S	S	S	S	S	S	S	S	P	P	P	P	P	P	P	P
YML041C	S	S	S	S	S	S	S	S	S	S	S	S	P	P	P	P	P	P	P	P
YAL013W	S	S	S	S	S	S	S	S	S	S	S	S	P	P	P	P	P	P	P	P
YNL031C	P	P	S	P	P	P	S	S	S	D	S	S	P	P	P	P	P	P	P	P
YDR334W	S	S	S	S	S	S	S	S	S	S	S	S	P	P	P	P	L	P	P	P
YPL047W	S	S	S	S	S	S	S	S	S	S	S	S	P	P	P	P	P	P	P	P
YOL004W	S	S	S	S	S	S	S	P	S	S	S	S	P	P	P	P	P	P	P	P
YDR071C	S	S	S	S	S	S	S	S	S	S	S	S	P	P	P	P	P	P	P	P
YGR116W	S	S	S	S	S	S	S	S	S	S	S	S	P	P	P	P	L	P	P	P
YJL081C	S	S	S	S	S	S	S	S	S	S	S	S	P	P	P	P	P	P	P	P
YHR099W	S	S	S	S	S	S	S	S	S	S	S	S	P	P	P	P	P	P	P	P
YER051W	S	S	D	D	D	D	D	S	S	S	S	S	P	P	P	P	P	P	P	P
YCR076C	S	S	S	S	S	S	S	S	S	S	S	S	P	P	P	P	P	P	P	P
YDR207C	S	S	S	S	S	S	S	S	S	S	S	S	P	P	P	P	P	P	P	P
YDR295C	S	S	S	S	S	S	S	S	S	S	S	S	P	P	P	P	P	P	P	P
YMR239C	S	S	S	S	S	S	S	P	S	S	S	S	P	P	P	P	P	P	P	P
YLR055C	S	S	S	S	S	S	S	S	S	S	S	S	P	P	P	P	P	P	P	P
YOL006C	S	S	S	S	S	S	S	P	S	S	S	S	P	P	P	P	P	P	P	P
YGL066W	S	S	S	S	S	S	S	S	S	S	S	S	P	P	P	P	P	P	P	P
YJR136C	S	S	S	S	S	S	S	S	S	S	S	S	P	P	P	P	P	P	P	P
YOL148C	S	S	S	S	S	S	S	S	S	S	S	S	P	P	P	P	P	P	P	P
YNL107W	S	S	S	S	S	S	S	S	S	S	S	S	P	P	P	P	P	P	P	P
YDR359C	S	S	S	S	S	S	S	S	S	S	S	S	P	P	P	P	P	P	P	P
YNL088W	S	S	S	S	S	S	S	S	S	S	S	S	P	P	P	P	L	P	P	P
YBR103W	S	S	S	S	S	S	S	S	S	S	S	S	P	P	P	P	P	P	P	P
YGR063C	S	S	S	S	S	S	S	S	S	S	S	S	P	P	P	P	P	P	P	P
YJL105W	P	P	P	P	P	P	P	P	P	P	P	P	P	P	P	P	P	P	P	P
YCL010C	S	S	S	S	S	S	S	S	S	S	S	S	P	P	P	P	P	P	P	L
YDR145W	S	S	P	S	S	S	S	S	S	S	S	S	P	P	P	P	P	P	P	P
YGL112C	S	S	S	S	S	S	S	S	S	S	S	S	P	P	P	P	P	P	P	P
YDR190C	S	S	S	S	S	S	S	S	S	S	S	S	P	P	P	P	P	P	P	P
YPR023C	S	S	S	S	S	S	S	S	S	S	S	S	P	P	P	P	P	P	P	P
YOR229W	S	P	P	P	P	P	P	P	P	P	P	P	P	P	P	P	P	P	P	P
YDL074C	S	S	S	S	S	S	S	S	S	S	S	S	P	P	P	P	P	P	P	P
YOR123C	S	S	S	S	S	S	S	S	S	S	S	S	P	P	P	P	P	P	P	P
YKL185W	S	S	S	S	S	S	S	S	S	S	S	S	P	P	P	P	P	P	P	P
YNL215W	S	S	S	S	S	S	S	S	S	S	S	S	P	P	P	P	P	P	P	P
YKR008W	S	S	S	S	S	S	S	S	S	S	S	S	P	P	P	P	P	P	P	P
YLR385C	S	S	S	S	S	S	S	S	S	S	S	S	P	P	P	P	P	P	P	P
YBL052C	S	S	S	S	S	S	S	S	S	S	S	S	P	P	P	P	P	P	P	P
YBR198C	P	P	S	S	S	S	S	S	S	S	S	S	P	P	P	P	P	P	P	P
YBL008W	S	S	S	S	S	S	S	S	S	S	S	S	P	P	P	P	P	P	P	P
YLR141W	S	S	S	S	S	S	S	S	S	S	S	S	P	P	P	P	P	P	P	P
YFL049W	S	S	S	S	S	S	S	S	S	S	S	S	P	P	P	P	P	P	P	P
YPL235W	S	S	S	S	S	S	S	S	S	S	S	S	P	P	P	P	P	P	P	P
YDR440W	S	S	P	S	S	S	S	S	S	S	S	S	P	P	P	P	P	P	P	P
YDR303C	P	P	P	P	P	P	P	P	P	P	P	P	P	P	L	P	P	P	L	L
YOR064C	S	S	S	S	S	S	S	S	S	S	S	S	P	P	P	P	P	P	P	P
YBR095C	S	S	S	S	S	S	S	S	S	S	S	S	P	P	P	P	P	P	P	P
YGR056W	P	P	P	P	P	P	P	P	P	P	P	P	P	P	P	P	P	P	P	P
YMR247C	S	S	S	S	S	S	S	S	S	S	S	S	P	P	P	P	P	P	P	P
YDL042C	P	P	P	P	P	P	P	P	P	P	P	P	P	P	P	P	P	P	P	P
YEL056W	S	S	S	S	S	S	S	S	S	S	S	S	P	P	P	P	P	P	P	P
YBL006C	S	S	S	S	S	S	S	S	S	S	S	S	P	P	P	P	P	P	P	P
YNL330C	S	S	S	S	S	S	S	S	S	S	S	S	P	P	P	P	P	P	P	P
YFR037C	P	P	S	S	S	S	S	P	S	S	S	S	P	P	P	P	P	P	P	P
YDL042C	P	P	P	P	P	P	P	P	P	P	P	P	P	P	P	P	P	P	P	P
YJL115W	S	S	S	S	S	S	S	S	S	S	S	S	P	P	P	P	P	P	P	P
YDR216W	S	S	S	S	S	S	S	S	S	S	S	S	P	P	P	P	L	P	P	P
YJL105W	P	P	P	P	P	P	P	P	P	P	P	P	P	P	P	P	P	P	P	P
YPL055C	S	S	S	S	S	S	S	S	S	S	S	S	P	P	P	P	P	P	P	L
YDR392W	S	S	S	S	S	S	S	S	S	S	S	S	P	P	P	P	P	P	P	P
YMR263W	S	S	S	S	S	S	S	S	S	S	S	S	P	P	P	P	P	P	P	P
YOR304W	S	S	S	S	S	S	S	S	S	S	S	S	P	P	P	P	P	P	P	P
YDR110W	P	P	P	S	S	S	S	S	S	S	S	S	P	P	P	P	P	P	P	P
YDR167W	S	S	S	S	S	S	S	S	S	S	S	S	P	P	P	P	P	P	P	P
YMR127C	S	S	S	S	S	S	S	S	S	S	S	S	P	P	P	P	P	P	P	P
YNL135C	S	S	S	S	S	S	S	S	S	S	S	S	P	P	P	P	P	P	P	P
YBL032W	S	S	S	P	P	P	P	P	P	P	P	S	P	P	P	P	P	P	P	P
YGL133W	S	S	S	P	P	P	P	S	P	P	P	P	P	P	P	P	P	P	P	P
YGL133W	S	S	S	P	P	P	P	S	P	P	P	P	P	P	P	P	P	P	P	P
YOR244W	S	S	S	S	S	S	S	S	S	S	S	S	P	P	P	P	P	P	P	P
YLL022C	S	S	S	S	S	S	S	S	S	S	S	S	P	P	P	P	P	P	P	P
YMR022W	S	S	S	S	S	S	S	S	S	S	S	S	P	P	P	P	P	P	P	P
YPR085C	S	S	S	S	S	S	S	S	S	S	S	S	P	P	P	P	L	P	P	P
YGR002C	S	S	S	S	S	S	S	S	S	S	S	S	P	P	P	P	P	P	P	P
YKL033W	S	S	S	S	S	S	S	S	S	S	S	S	P	P	P	P	L	P	P	P
YNL136W	S	S	S	S	S	S	S	S	S	S	S	S	P	P	P	P	P	P	P	P
YPR179C	S	S	S	S	S	S	S	S	S	S	S	S	P	P	P	P	P	P	P	P
YDR181C	S	S	S	S	S	S	S	S	S	S	S	S	P	P	P	P	P	P	P	P
