Gene ID	V.polysp	T.phaffi	T.blatta	N.dairen	N.castel	K.nagani	K.africa	C.glabra	S.uvarum	S.kudria	S.mikata	S.cerevi	Z.rouxii	T.delbru	K.lactis	E.gossyp	E.cymbal	L.kluyve	L.thermo	L.waltii
YLR437C	S	S	S	P	P	P	P	P	P	P	P	P	P	P	P	P	P	P	P	P
YOR039W	P	S	S	S	S	S	S	S	S	S	S	S	P	P	P	P	P	P	P	P
YDL181W	S	S	S	S	P	P	P	P	P	P	P	P	P	P	P	P	P	P	P	P
YFR017C	S	S	P	S	S	S	S	P	P	P	P	P	P	P	P	P	P	L	L	P
YLR270W	P	P	P	P	P	P	P	P	P	P	P	P	P	P	P	P	P	P	P	P
YML058W-A	D	D	D	S	S	S	S	D	S	S	S	S	L	L	L	L	L	L	L	L
YBR214W	S	S	P	P	P	P	P	S	P	P	P	P	P	P	P	P	P	P	P	P
YPL052W	S	S	S	S	S	S	S	S	S	S	S	S	P	P	P	P	P	P	P	P
YDR322W	S	S	S	S	S	S	S	S	S	S	S	S	P	P	P	P	P	P	P	P
YLR437C	S	S	S	P	P	P	P	P	P	P	P	P	P	P	P	P	P	P	P	P
YHR132W-A	S	S	S	S	S	S	S	S	P	P	P	P	P	P	P	P	P	P	P	P
YDR014W-A	S	S	D	S	S	S	S	S	S	S	S	S	P	P	L	L	L	P	P	P
YNL307C	S	S	P	S	S	S	S	S	P	P	P	P	P	P	P	P	P	P	P	P
YKR072C	P	P	S	P	P	S	P	P	P	P	P	P	P	P	P	P	P	P	P	P
YBR214W	S	S	P	P	P	P	P	S	P	P	P	P	P	P	P	P	P	P	P	P
YJL157C	S	S	S	S	S	S	S	S	S	S	S	S	P	P	P	P	P	P	P	P
YDR152W	S	S	S	S	S	S	S	S	S	S	S	S	P	P	P	P	P	P	P	P
YEL019C	S	S	S	S	S	S	S	S	S	S	S	S	P	P	P	P	P	P	P	P
YMR311C	S	S	S	S	S	S	S	S	S	S	S	S	P	P	P	P	P	P	P	P
YDR283C	S	S	S	S	S	S	S	S	S	S	S	S	P	P	P	P	L	P	P	P
YPL096C-A	S	S	S	S	S	S	S	S	S	S	S	S	P	P	P	P	L	P	P	P
YGL019W	S	S	S	S	S	S	S	S	S	S	S	S	P	P	P	P	P	P	P	P
YER165W	P	S	S	S	S	S	S	S	S	S	S	S	P	P	P	P	P	P	P	P
YLR179C	D	D	D	S	S	D	S	D	S	S	S	S	L	L	L	L	L	L	L	L
YCR030C	P	P	P	S	S	S	S	P	S	S	S	S	P	P	P	P	P	P	P	P
YML109W	P	P	P	S	S	S	P	P	P	P	P	P	P	P	P	P	P	P	P	P
YHR136C	S	D	S	S	S	S	D	D	S	S	S	S	P	L	P	L	P	P	P	P
YJL076W	P	P	S	P	P	P	P	P	P	P	P	P	P	P	P	P	P	P	P	P
