Gene ID	V.polysp	T.phaffi	T.blatta	N.dairen	N.castel	K.nagani	K.africa	C.glabra	S.uvarum	S.kudria	S.mikata	S.cerevi	Z.rouxii	T.delbru	K.lactis	E.gossyp	E.cymbal	L.kluyve	L.thermo	L.waltii
YJL103C	S	S	S	S	S	S	D	S	S	S	S	S	P	P	P	P	P	P	L	L
YLR270W	P	P	P	P	P	P	P	P	P	P	P	P	P	P	P	P	P	P	P	P
YHR186C	S	S	S	S	S	S	S	S	S	S	S	S	P	P	P	P	L	P	P	P
YGR163W	S	S	S	S	S	S	S	S	S	S	S	S	P	P	P	P	P	P	P	P
YDR294C	S	S	S	S	S	S	S	S	S	S	S	S	P	P	P	L	L	P	P	P
YKL100C	S	S	S	S	S	S	S	S	S	S	S	S	P	P	L	L	L	P	L	L
YGR211W	S	S	S	S	S	S	S	S	S	S	S	S	P	P	P	P	P	P	P	P
YEL060C	P	S	S	P	P	S	P	P	P	P	P	P	P	P	P	P	P	P	P	P
YDR155C	S	S	S	S	S	S	S	S	S	S	S	S	P	P	P	P	P	P	P	P
YGL194C	S	S	S	S	S	S	S	S	S	S	S	S	P	P	P	P	P	P	P	P
YFL033C	S	S	S	S	S	S	S	S	S	S	S	S	P	P	P	P	P	P	P	P
YBR239C	S	S	S	S	S	S	S	S	S	S	S	S	P	P	P	P	P	P	P	P
YJL083W	P	P	P	S	P	S	P	S	P	P	P	P	P	P	P	P	P	P	P	P
YPL154C	P	S	S	S	S	S	S	S	S	S	S	S	P	P	P	P	P	P	P	P
YIL112W	S	S	S	S	S	S	S	S	S	S	S	S	P	P	P	P	L	P	P	P
YDR080W	S	S	S	S	S	S	S	S	S	S	S	S	P	P	P	P	P	P	P	P
YLR270W	P	P	P	P	P	P	P	P	P	P	P	P	P	P	P	P	P	P	P	P
YML121W	S	S	S	S	S	S	S	S	S	S	S	S	P	P	P	P	P	P	P	P
YBR103W	S	S	S	S	S	S	S	S	S	S	S	S	P	P	P	P	P	P	P	P
YJL105W	P	P	P	P	P	P	P	P	P	P	P	P	P	P	P	P	P	P	P	P
YCR033W	S	S	S	P	P	P	S	S	S	S	S	S	P	P	P	P	P	P	P	P
YMR251W-A	S	S	S	P	P	S	S	S	S	P	S	P	P	P	P	P	L	P	P	P
YDL042C	P	P	P	P	P	P	P	P	P	P	P	P	P	P	P	P	P	P	P	P
YJL083W	P	P	P	S	P	S	P	S	P	P	P	P	P	P	P	P	P	P	P	P
