Gene ID	V.polysp	T.phaffi	T.blatta	N.dairen	N.castel	K.nagani	K.africa	C.glabra	S.uvarum	S.kudria	S.mikata	S.cerevi	Z.rouxii	T.delbru	K.lactis	E.gossyp	E.cymbal	L.kluyve	L.thermo	L.waltii
YJL139C	P	P	S	S	S	P	P	P	P	P	P	P	P	P	P	P	P	P	P	P
YJR131W	S	S	S	S	S	S	S	S	S	S	S	S	P	P	P	P	P	P	P	P
YBR243C	S	S	S	S	S	S	S	S	S	S	S	S	P	P	P	P	P	P	P	P
YDR483W	P	P	P	P	P	S	P	P	P	P	P	P	P	P	P	P	P	P	P	P
YJL186W	S	S	P	S	S	S	S	P	S	S	S	S	P	L	P	P	P	P	P	P
YMR149W	S	S	S	S	S	S	S	S	S	S	S	S	P	P	P	P	P	P	P	P
YDR307W	S	S	S	S	S	S	S	S	S	S	S	S	P	P	P	P	P	P	P	P
YOR099W	P	P	P	S	S	S	S	S	S	S	S	S	P	P	P	P	P	P	P	P
YAL023C	P	P	P	P	P	P	P	P	P	P	P	P	P	P	P	P	P	P	P	P
YNL048W	S	S	S	S	S	S	S	S	S	S	S	S	P	P	P	P	P	P	P	P
YOR085W	S	S	P	S	S	S	S	S	S	S	S	S	P	P	P	P	P	P	P	P
YGL022W	S	S	S	S	S	S	S	S	S	S	S	S	P	P	P	P	P	P	P	P
YBL082C	S	S	S	S	S	S	S	S	S	S	S	S	P	P	P	P	P	P	P	P
YBR002C	S	S	S	S	S	S	S	S	S	S	S	S	P	P	P	P	P	P	P	P
YOR002W	S	S	S	S	S	S	S	S	S	S	S	S	P	P	P	P	P	P	P	P
YDL232W	S	S	S	D	S	S	P	S	S	S	S	S	P	P	P	P	P	P	P	P
YGL065C	S	S	S	S	S	S	S	S	S	S	S	S	P	P	P	P	P	P	P	P
YOR336W	S	S	S	S	S	S	S	S	S	S	S	S	P	P	P	P	P	P	P	P
YDR414C	S	S	S	S	S	S	S	S	S	S	S	S	P	P	P	P	P	P	P	P
YIL085C	S	S	S	P	P	P	P	S	P	P	P	P	P	P	P	L	L	P	P	P
YJL002C	P	S	S	S	S	S	S	S	S	S	S	S	P	P	P	P	P	P	P	P
YKL201C	P	P	P	P	P	S	P	P	P	P	P	P	P	L	P	L	P	P	P	P
YHR204W	S	S	S	S	S	S	S	S	S	S	S	S	P	P	P	P	L	P	P	P
YER003C	S	S	S	S	S	S	S	S	S	S	S	S	P	P	P	P	P	P	P	P
YGL226C-A	S	S	S	S	S	S	S	S	S	S	S	S	P	P	P	P	L	P	P	P
YIL014W	D	S	S	P	P	S	S	S	S	S	S	S	P	P	L	L	L	L	P	P
YEL002C	P	S	S	S	S	S	S	S	S	S	S	S	P	P	P	P	P	P	P	P
YPL227C	D	S	S	S	S	S	S	S	S	S	S	S	P	P	P	P	P	P	P	P
YEL042W	P	P	P	S	S	S	S	S	S	S	S	S	P	P	P	P	P	P	P	P
YBR199W	S	S	S	S	S	S	S	D	S	S	S	S	P	P	L	P	P	P	L	L
YGR227W	S	S	S	S	S	S	S	S	S	S	S	S	P	P	P	P	P	P	P	P
YJL139C	P	P	S	S	S	P	P	P	P	P	P	P	P	P	P	P	P	P	P	P
YBR110W	S	S	S	S	S	S	S	S	S	S	S	S	P	P	P	P	P	P	P	P
YNR030W	S	S	S	S	S	S	S	S	S	S	S	S	P	P	P	P	P	P	P	P
YBR162W-A	S	S	S	S	S	S	S	S	S	S	S	S	P	P	P	P	L	P	P	P
YOR067C	S	S	S	S	S	S	S	S	S	S	S	S	P	P	P	P	P	P	P	P
YIL085C	S	S	S	P	P	P	P	S	P	P	P	P	P	P	P	L	L	P	P	P
YDL055C	S	P	S	P	P	S	S	P	S	S	S	S	P	P	P	P	P	P	P	P
YKL201C	P	P	P	P	P	S	P	P	P	P	P	P	P	L	P	L	P	P	P	P
YDR483W	P	P	P	P	P	S	P	P	P	P	P	P	P	P	P	P	P	P	P	P
YBR205W	P	S	S	S	S	S	S	S	S	S	S	S	P	P	P	P	P	P	P	P
YGR036C	S	S	S	S	S	S	S	S	S	S	S	S	P	P	P	P	P	P	P	P
YJL183W	S	S	P	S	S	S	S	S	S	S	S	S	P	P	P	P	P	P	P	P
YML019W	S	S	S	S	S	S	S	S	S	S	S	S	P	P	P	P	P	P	P	P
YJR143C	S	S	S	S	S	S	S	S	P	S	S	S	P	P	P	P	P	P	P	P
YNR059W	D	D	D	D	D	D	D	D	S	S	S	S	L	L	L	L	L	L	L	L
YAL023C	P	P	P	P	P	P	P	P	P	P	P	P	P	P	P	P	P	P	P	P
YGL257C	D	D	D	D	D	D	D	D	S	S	S	S	L	L	L	L	L	L	L	L
YER005W	S	S	S	S	S	S	S	S	S	S	S	S	P	P	P	P	P	P	P	P
YIL049W	S	S	S	S	S	S	S	S	S	S	S	S	P	P	P	P	P	P	P	P
YGR199W	S	S	S	S	S	S	S	S	S	S	S	S	P	P	P	L	P	P	P	P
YDL095W	P	P	P	S	S	S	S	S	S	S	S	S	P	P	P	P	P	P	P	P
YOR103C	S	S	S	S	S	S	S	S	S	S	S	S	P	P	P	P	P	P	P	P
YDL193W	S	S	P	S	S	S	S	P	S	S	S	S	P	P	P	P	P	P	P	P
YBR015C	P	S	P	P	S	S	S	S	S	S	S	S	P	P	P	P	P	P	P	P
YPL050C	S	S	S	P	P	P	S	S	S	S	S	S	P	P	P	P	P	P	P	P
YDL093W	D	D	D	S	S	S	S	S	S	S	S	S	L	L	L	L	L	L	L	L
YLR057W	S	S	S	S	S	S	S	S	S	S	S	S	P	P	P	P	P	P	P	P
YMR013C	S	S	S	S	S	S	S	S	S	S	S	S	P	P	P	P	P	P	P	P
YMR101C	S	S	S	S	S	S	S	S	S	S	S	S	P	P	P	P	P	P	P	P
YPR183W	S	S	P	S	S	S	S	S	S	S	S	S	P	P	P	P	P	P	P	P
YER001W	D	D	D	D	D	D	D	D	S	S	S	S	L	L	L	L	L	L	L	L
YHR181W	S	S	S	S	S	S	S	S	S	S	S	S	P	P	P	P	P	P	P	P
YNL219C	S	S	S	S	S	S	S	S	S	S	S	S	P	P	P	P	P	P	P	P
