Gene ID	V.polysp	T.phaffi	T.blatta	N.dairen	N.castel	K.nagani	K.africa	C.glabra	S.uvarum	S.kudria	S.mikata	S.cerevi	Z.rouxii	T.delbru	K.lactis	E.gossyp	E.cymbal	L.kluyve	L.thermo	L.waltii
YOL048C	S	S	S	S	S	S	S	S	S	S	S	S	P	P	P	P	P	P	P	P
YDR523C	S	S	S	S	S	S	S	S	S	S	S	S	P	P	P	P	P	P	P	P
YLR054C	P	S	S	D	S	S	S	S	S	S	S	S	P	P	P	P	P	P	P	P
YLR308W	S	S	S	S	S	S	S	P	S	S	S	S	P	P	P	P	P	P	P	P
YDR512C	S	S	S	S	S	S	S	S	S	S	D	S	P	P	P	P	P	P	P	P
YHR184W	S	S	S	S	S	S	S	S	S	S	S	S	P	P	P	P	L	P	P	P
YMR017W	D	D	D	D	D	D	D	D	S	S	S	S	L	L	L	L	L	L	L	L
YBR238C	P	P	P	P	P	P	P	P	P	P	P	P	P	P	P	P	P	P	P	P
YFR039C	P	P	P	P	P	S	P	P	P	P	P	P	P	P	P	P	P	P	P	P
YAL018C	P	P	D	S	S	S	S	S	P	P	P	S	P	P	L	P	P	P	P	P
YJL103C	S	S	S	S	S	S	D	S	S	S	S	S	P	P	P	P	P	P	L	L
YBR180W	S	S	S	S	S	S	S	S	S	S	S	S	P	P	P	P	P	P	P	P
YLR300W	P	P	P	P	P	P	P	P	P	P	P	P	P	P	P	P	P	P	P	P
YPL121C	S	S	S	S	S	S	S	S	S	S	S	S	P	P	P	P	P	P	P	P
YGL170C	S	S	S	D	S	D	S	S	S	S	S	S	P	P	P	P	P	P	P	P
YPR036W-A	S	S	S	P	S	S	S	S	S	S	S	S	P	P	P	P	P	P	P	P
YGL075C	S	S	S	S	S	S	S	S	P	P	P	P	P	P	P	P	P	P	P	P
YFR012W	S	S	S	S	S	S	P	S	P	P	P	P	P	P	P	P	P	P	P	P
YER132C	P	P	P	P	P	P	P	P	P	P	P	P	P	P	P	P	P	P	P	P
YLL005C	S	S	S	S	S	S	S	S	S	S	S	S	P	P	P	P	P	P	P	P
YER115C	S	D	S	D	S	D	S	S	S	S	S	S	P	P	P	P	P	P	P	P
YCL048W	S	S	S	P	P	P	P	P	P	P	P	P	P	P	P	P	P	P	P	P
YKR089C	P	P	P	P	P	P	P	P	P	P	P	P	P	P	P	P	P	P	P	P
YDL070W	S	S	S	S	S	S	S	S	P	P	P	P	P	P	P	P	P	P	P	P
YOR275C	S	S	S	S	S	S	S	S	S	S	S	S	P	P	P	P	P	P	P	P
YEL060C	P	S	S	P	P	S	P	P	P	P	P	P	P	P	P	P	P	P	P	P
YJL106W	S	S	S	S	S	S	S	S	S	S	S	S	P	P	P	P	P	P	P	P
YLR341W	S	S	S	S	S	D	D	S	S	S	S	S	P	P	P	P	L	P	P	P
YGR032W	P	P	P	P	P	P	P	P	P	P	P	P	P	P	P	P	P	P	P	P
YJL037W	D	D	D	D	D	D	D	D	S	D	S	S	L	L	L	L	L	L	L	L
YGR056W	P	P	P	P	P	P	P	P	P	P	P	P	P	P	P	P	P	P	P	P
YML115C	S	S	S	S	S	S	S	S	S	S	S	S	P	P	P	P	P	P	P	P
YDR310C	S	S	P	P	P	P	S	S	S	S	S	S	P	P	P	P	P	P	P	P
YLR227C	S	D	D	S	S	D	S	D	S	S	S	S	P	L	P	P	P	P	P	P
YGL058W	S	S	S	S	S	S	S	S	S	S	S	S	P	P	P	P	P	P	P	P
YER179W	S	S	S	S	S	S	S	S	S	S	S	S	P	P	P	P	P	P	P	P
YOL091W	P	S	P	P	P	S	P	S	P	P	P	P	P	P	P	P	P	P	P	P
YLR213C	S	S	S	S	S	S	S	S	S	S	S	S	P	P	P	P	P	P	P	P
YBR057C	P	P	P	P	P	S	S	S	S	S	S	S	P	P	P	P	P	P	P	P
YHR185C	S	S	S	S	D	S	S	S	S	S	S	S	P	P	P	P	P	P	P	P
YBL066C	S	S	S	S	S	S	S	S	S	S	S	S	P	P	P	P	P	P	P	P
YMR148W	S	S	S	S	S	S	S	S	S	S	S	S	P	P	P	P	P	P	P	P
YDR403W	S	S	S	S	S	S	S	S	S	S	S	S	P	P	P	P	P	P	P	P
YER132C	P	P	P	P	P	P	P	P	P	P	P	P	P	P	P	P	P	P	P	P
YOR242C	S	S	S	S	S	S	S	S	S	S	S	S	P	P	P	P	P	P	P	P
YDR273W	S	S	S	P	P	S	P	P	P	P	P	P	P	P	P	P	P	P	P	P
YBR273C	P	S	S	S	S	S	P	P	P	P	P	P	P	P	P	P	P	P	P	P
YOR177C	D	S	D	D	D	D	D	D	S	S	S	S	L	P	L	P	P	P	P	P
YMR067C	S	S	S	S	S	S	S	S	S	S	S	S	P	P	P	P	P	P	P	P
YLL033W	S	S	S	S	S	S	S	S	S	S	S	S	P	P	P	P	P	P	P	P
YJL038C	D	D	D	D	D	D	S	D	S	D	S	S	L	L	L	L	L	L	L	L
YEL072W	D	D	D	D	D	D	D	D	D	D	D	S	L	L	L	L	L	L	L	L
YKR089C	P	P	P	P	P	P	P	P	P	P	P	P	P	P	P	P	P	P	P	P
YLR307W	D	D	D	D	D	D	D	S	S	S	S	S	L	L	L	L	L	L	L	L
YHR014W	S	S	D	D	S	S	S	S	S	S	S	S	P	P	P	P	P	P	P	P
YBR250W	S	S	S	S	S	D	S	D	S	S	S	S	P	P	P	P	P	P	P	P
YKR031C	S	S	S	S	S	S	S	S	S	S	S	S	P	P	P	P	P	P	P	P
YOR298W	S	S	S	S	S	S	S	S	S	S	S	S	P	P	P	P	P	P	P	P
YML052W	S	S	S	S	S	S	S	S	S	S	S	S	P	P	P	P	P	P	P	P
YAL009W	S	S	S	S	S	S	S	S	S	S	S	S	P	P	P	P	P	P	P	P
YNL012W	S	D	S	S	S	D	S	S	D	S	S	S	P	P	P	P	P	P	P	P
YDL070W	S	S	S	S	S	S	S	S	P	P	P	P	P	P	P	P	P	P	P	P
YDR371W	S	S	S	S	S	S	S	S	S	S	S	S	P	P	P	P	P	P	P	P
YBL061C	P	P	S	S	S	S	S	S	P	P	P	P	P	P	P	P	P	P	P	P
YDL239C	S	S	P	S	P	P	P	P	P	P	P	P	P	P	P	P	P	P	P	P
YER044C-A	S	S	S	S	S	S	S	S	S	S	S	S	P	P	P	P	P	P	P	P
YNL202W	S	S	S	S	S	S	S	S	S	S	S	S	P	P	P	P	P	P	P	P
YGR059W	S	S	S	S	S	S	S	S	S	S	S	S	P	L	P	P	P	P	L	L
YLR263W	S	S	S	S	S	S	S	S	S	S	S	S	P	P	P	P	P	P	P	P
YOR313C	P	S	S	S	S	P	S	S	S	S	S	S	P	P	P	P	P	P	P	P
YDR402C	S	S	S	S	S	S	S	S	S	S	S	S	P	P	P	P	L	P	P	P
YHR139C	S	P	P	P	P	P	P	P	P	P	P	P	P	P	L	L	L	P	P	P
YPL027W	D	D	D	D	D	D	D	D	S	S	S	S	L	L	L	L	L	L	L	L
YIL099W	D	S	S	S	S	S	S	S	S	S	S	S	P	P	P	P	P	P	P	P
YHL022C	S	S	S	S	S	S	S	S	S	S	S	S	P	P	P	P	P	P	P	P
YFR012W	S	S	S	S	S	S	P	S	P	P	P	P	P	P	P	P	P	P	P	P
YCR045C	P	S	P	S	S	S	S	S	S	S	S	S	P	P	P	P	P	P	P	P
YCL048W	S	S	S	P	P	P	P	P	P	P	P	P	P	P	P	P	P	P	P	P
YIL073C	S	S	S	S	S	S	S	S	S	S	S	S	P	P	P	L	P	P	L	L
YDL239C	S	S	P	S	P	P	P	P	P	P	P	P	P	P	P	P	P	P	P	P
YGL192W	S	S	S	S	S	S	S	S	S	S	S	S	P	P	P	P	L	P	P	P
YBR273C	P	S	S	S	S	S	P	P	P	P	P	P	P	P	P	P	P	P	P	P
YER046W	S	S	S	S	S	S	S	D	S	S	S	S	P	P	P	P	P	P	P	P
YDR255C	S	S	S	S	S	S	S	S	S	S	S	S	P	P	P	P	P	P	P	P
YHR153C	S	S	S	D	S	S	S	S	S	S	S	S	P	P	P	L	L	P	L	L
YHL024W	S	S	S	S	S	S	S	S	S	S	S	S	P	P	P	P	P	P	P	P
YNL196C	S	D	D	S	S	S	S	D	S	S	S	S	P	L	P	L	P	P	P	L
YJR094C	S	S	S	S	S	S	D	S	S	S	S	S	P	P	P	P	P	P	P	P
YDL001W	S	S	S	S	S	S	S	S	S	S	S	S	P	P	P	P	P	P	P	P
YOL047C	S	S	S	D	S	D	D	S	S	S	S	S	P	P	L	L	L	P	P	L
YPR054W	S	S	S	S	S	S	S	S	S	S	S	S	P	P	P	P	P	P	P	P
YCL040W	P	P	P	P	P	P	P	P	P	P	P	P	P	P	P	P	P	P	P	P
YMR188C	S	S	S	S	S	S	S	S	S	S	S	S	P	P	P	P	P	P	P	P
YGR056W	P	P	P	P	P	P	P	P	P	P	P	P	P	P	P	P	P	P	P	P
YDL042C	P	P	P	P	P	P	P	P	P	P	P	P	P	P	P	P	P	P	P	P
YGR230W	P	P	S	P	P	S	P	P	P	P	P	P	P	P	P	P	P	P	P	P
YDL240W	S	S	S	S	S	S	S	S	S	S	S	S	P	P	P	P	P	P	P	P
YDL222C	P	S	D	P	P	S	P	S	P	P	P	P	L	P	P	P	P	P	P	P
YAL051W	S	S	S	P	P	P	P	P	P	P	P	P	P	P	P	P	P	P	L	P
YOR255W	S	S	S	S	S	S	S	S	S	S	S	S	P	P	P	P	P	P	P	P
YBR268W	S	S	S	S	S	S	S	S	S	S	S	S	P	P	P	P	P	P	P	P
YDL226C	S	S	P	S	S	S	S	S	P	P	P	P	P	P	P	P	P	P	P	P
YMR306W	S	S	S	S	S	S	S	S	S	S	S	S	P	P	P	P	L	P	P	P
YFR039C	P	P	P	P	P	S	P	P	P	P	P	P	P	P	P	P	P	P	P	P
YDR369C	S	S	S	S	S	S	S	S	S	S	S	S	P	P	P	P	P	P	P	P
YFR048W	S	S	S	S	S	S	S	S	S	S	S	S	P	P	P	P	P	P	P	P
YDR104C	S	S	S	S	S	S	S	D	S	S	S	S	P	P	P	P	P	P	P	P
YER180C	S	S	S	S	S	S	S	S	S	S	S	S	P	P	P	P	P	P	P	P
YPL130W	P	P	S	S	S	P	P	S	P	P	P	P	P	P	L	L	L	P	L	L
YFL009W	P	P	S	S	S	D	S	S	S	S	S	S	P	P	P	P	P	P	P	P
YDR108W	S	S	S	S	S	S	S	S	S	S	S	S	P	P	P	P	P	P	P	P
YML066C	S	S	S	S	S	S	S	S	S	S	S	S	P	P	P	P	P	P	P	P
