Gene ID	V.polysp	T.phaffi	T.blatta	N.dairen	N.castel	K.nagani	K.africa	C.glabra	S.uvarum	S.kudria	S.mikata	S.cerevi	Z.rouxii	T.delbru	K.lactis	E.gossyp	E.cymbal	L.kluyve	L.thermo	L.waltii
YNR017W	S	S	S	S	S	S	S	S	S	S	S	S	P	P	P	P	P	P	P	P
YGR082W	P	S	S	P	P	P	S	S	S	S	S	S	P	P	P	P	P	P	P	P
YBR227C	S	S	S	S	S	S	S	S	S	S	S	S	P	P	P	L	L	P	P	P
YHR117W	S	S	S	P	P	S	S	P	P	P	P	P	P	P	P	P	P	P	P	P
YNL310C	S	S	S	S	S	S	S	S	S	S	S	S	P	P	P	P	P	P	P	P
YLR008C	S	S	S	S	S	S	S	S	S	S	S	S	P	P	P	P	P	P	P	P
YNL026W	S	S	S	S	P	S	S	S	S	S	S	S	P	P	P	P	P	P	P	P
YEL030W	P	S	S	S	S	S	S	P	P	P	P	P	P	P	P	P	P	P	P	P
YMR203W	S	S	S	S	S	S	S	S	S	S	S	S	P	P	P	P	P	P	P	P
YJL104W	S	S	S	S	S	S	S	S	S	S	S	S	P	P	P	P	P	P	P	P
YPR024W	P	S	S	P	S	S	S	S	S	S	S	S	P	P	P	P	P	P	P	P
YPL063W	S	S	S	S	S	S	S	S	S	S	S	S	P	P	P	P	P	P	P	P
YIL022W	S	S	S	S	S	S	S	S	S	S	S	S	P	P	P	P	P	P	P	P
YPL098C	S	S	S	S	S	S	S	S	S	S	S	S	P	P	P	P	P	P	P	P
YLR090W	S	S	D	S	S	S	D	S	S	S	S	S	P	P	P	P	P	P	P	P
YNL131W	S	P	S	S	S	S	S	S	S	S	S	S	P	P	P	P	P	P	P	P
YMR060C	S	S	S	S	S	S	S	S	S	S	S	S	P	P	P	P	P	P	P	P
YER017C	S	S	S	S	S	S	S	S	S	S	S	S	P	P	P	P	P	P	P	P
YGR033C	S	S	S	S	S	S	S	S	S	S	S	S	P	P	P	P	P	P	P	P
YOR232W	S	S	S	S	S	S	S	S	S	S	S	S	P	P	P	P	P	P	P	P
YJL143W	S	S	S	S	S	S	S	S	S	S	S	S	P	P	P	P	P	P	P	P
YNL070W	S	S	S	S	S	S	S	S	S	S	S	S	P	P	P	P	P	P	P	P
YHR083W	S	S	S	S	S	D	S	S	S	S	S	S	P	P	P	P	P	P	P	P
YNL328C	S	S	S	S	S	S	S	S	S	S	S	S	P	P	P	P	P	P	P	P
YOR045W	S	S	S	S	S	S	S	S	S	S	S	S	P	P	P	P	P	P	P	P
YKR065C	S	S	S	S	S	S	S	S	S	S	S	S	P	P	P	P	P	P	P	P
