Gene ID	V.polysp	T.phaffi	T.blatta	N.dairen	N.castel	K.nagani	K.africa	C.glabra	S.uvarum	S.kudria	S.mikata	S.cerevi	Z.rouxii	T.delbru	K.lactis	E.gossyp	E.cymbal	L.kluyve	L.thermo	L.waltii
YKL103C	S	S	S	S	S	S	S	S	S	S	S	S	P	P	P	P	P	P	P	P
YDL079C	S	S	P	P	P	S	S	S	P	P	P	P	P	P	P	P	P	P	P	P
YFR052W	S	S	S	S	S	S	S	S	S	S	S	S	P	P	P	P	P	P	P	P
YBL022C	S	S	S	S	S	S	S	S	S	S	S	S	P	P	P	P	P	P	P	P
YPR103W	S	S	S	S	S	S	S	S	S	S	S	S	P	P	P	P	P	P	P	P
YEL059C-A	S	S	S	D	S	S	S	D	S	S	S	S	P	P	P	P	P	P	P	P
YBR227C	S	S	S	S	S	S	S	S	S	S	S	S	P	P	P	L	L	P	P	P
YIR039C	D	D	D	D	D	D	D	D	D	D	D	S	L	L	L	L	L	L	L	L
YMR304W	S	S	S	S	S	S	S	S	S	S	S	S	P	P	P	P	P	P	P	P
YHR132C	S	S	S	S	S	S	S	S	S	S	S	S	P	P	P	P	L	P	P	P
YGR098C	S	S	S	S	S	S	S	S	S	S	S	S	P	P	P	P	L	P	P	P
YOR157C	S	S	S	S	S	S	S	S	S	S	S	S	P	P	P	P	P	P	P	P
YPR122W	S	S	S	S	S	S	S	S	S	S	S	S	P	P	P	P	P	P	P	P
YHR047C	S	P	D	S	P	P	P	P	P	S	P	P	P	P	P	P	P	P	P	P
YKR087C	S	S	S	S	S	S	S	S	S	S	S	S	P	P	P	L	P	P	P	P
YJL156C	D	D	D	S	S	S	D	S	S	S	S	S	P	P	P	P	P	P	P	P
YDR101C	S	S	S	S	S	S	S	S	S	S	S	S	P	P	P	P	P	P	P	P
YDR069C	S	S	S	P	P	P	S	P	P	P	P	P	P	P	P	P	P	P	P	P
YBL067C	P	P	S	P	P	P	P	P	P	P	P	P	P	P	P	P	P	P	P	P
YIR022W	S	S	S	S	S	S	S	S	S	S	S	S	P	P	P	P	P	P	P	P
YIL108W	P	P	S	S	S	S	S	S	S	S	S	S	P	P	P	P	P	P	P	P
YKL100C	S	S	S	S	S	S	S	S	S	S	S	S	P	P	L	L	L	P	L	L
YFR044C	S	S	S	S	S	S	S	S	S	S	S	S	P	P	P	P	L	P	P	P
YDR349C	S	S	S	S	S	S	S	S	S	S	S	S	P	P	P	P	P	P	P	P
YCL057W	S	S	S	S	S	S	S	S	S	S	S	S	P	L	P	P	L	P	L	L
YHR024C	S	S	S	S	S	S	S	S	S	S	S	S	P	P	P	P	P	P	P	P
YBL091C	S	S	S	S	S	S	S	S	S	S	S	S	P	P	P	P	P	P	P	P
YOR275C	S	S	S	S	S	S	S	S	S	S	S	S	P	P	P	P	P	P	P	P
YHR113W	S	S	S	S	S	S	S	S	S	S	S	S	P	P	P	L	L	P	P	P
YOR256C	P	P	P	P	P	P	P	P	P	P	P	P	P	P	P	P	P	P	P	P
YEL060C	P	S	S	P	P	S	P	P	P	P	P	P	P	P	P	P	P	P	P	P
YMR297W	S	S	S	S	S	S	S	S	S	S	S	S	P	P	P	P	P	P	P	P
YJL172W	D	D	D	S	S	S	S	S	S	S	S	S	P	P	P	P	P	P	P	P
YDR415C	S	S	S	S	S	S	S	S	S	S	S	S	P	P	P	P	L	P	L	P
YPL246C	P	P	S	S	S	S	S	S	S	S	S	S	P	P	P	P	P	P	P	P
YMR089C	S	S	S	S	S	S	S	S	S	S	S	S	P	P	P	P	P	P	P	P
YPL020C	P	P	S	S	S	S	S	S	S	S	S	S	P	P	P	P	P	P	P	P
YNL239W	S	S	S	S	S	S	S	S	S	S	S	S	P	P	L	P	P	P	L	L
YDR144C	S	P	P	P	P	P	P	P	P	P	P	P	P	P	P	P	P	P	P	P
YFL044C	S	S	S	S	S	S	S	S	S	S	S	S	P	P	P	P	P	P	P	P
YPR024W	P	S	S	P	S	S	S	S	S	S	S	S	P	P	P	P	P	P	P	P
YOR124C	P	P	S	S	S	S	S	S	S	S	S	S	P	P	P	P	P	P	P	P
YPR191W	S	S	S	S	S	S	S	S	S	S	S	S	P	P	P	P	P	P	P	P
YDR331W	S	S	S	S	S	S	S	S	S	S	S	S	P	P	P	P	P	P	P	P
YGR101W	S	S	S	S	S	S	S	S	S	S	S	S	P	P	P	P	P	P	P	P
YBR281C	S	S	S	S	S	S	S	S	S	S	S	S	P	P	P	P	L	P	P	P
YNL123W	S	S	S	S	S	S	S	S	S	S	S	S	L	P	P	P	P	P	P	P
YIL031W	P	P	S	S	S	S	S	S	S	S	S	S	P	P	P	P	P	P	P	P
YDL216C	S	S	S	S	S	S	S	S	S	S	S	S	P	P	P	P	P	P	P	P
YKL134C	S	S	S	S	S	S	S	S	S	S	S	S	P	P	P	P	P	P	P	P
YNL223W	S	S	S	S	S	S	S	S	S	S	S	S	P	P	P	P	P	P	P	P
YIL137C	S	S	S	S	S	S	S	S	S	S	S	S	P	P	P	P	L	P	P	P
YLR163C	S	S	S	S	S	S	S	S	S	S	S	S	P	P	P	P	P	P	P	P
YBR058C	S	S	S	S	S	S	S	S	S	S	S	S	P	P	P	P	L	P	P	P
YMR274C	S	S	S	S	S	S	S	S	S	S	S	S	P	P	P	P	P	P	P	P
YLL029W	P	P	S	P	P	S	S	S	S	S	S	S	P	P	P	P	P	P	P	P
YNL307C	S	S	P	S	S	S	S	S	P	P	P	P	P	P	P	P	P	P	P	P
YBR139W	S	D	D	S	S	S	D	D	S	S	S	S	P	L	P	P	P	P	P	P
YGR232W	S	S	S	S	S	S	S	S	S	S	S	S	P	P	P	P	P	P	P	P
YJR099W	S	S	S	S	S	S	S	S	S	S	S	S	P	P	P	P	P	P	P	P
YPL154C	P	S	S	S	S	S	S	S	S	S	S	S	P	P	P	P	P	P	P	P
YJL197W	S	S	S	S	S	S	S	S	S	S	S	S	P	P	P	P	P	P	P	P
YER143W	S	S	S	S	S	S	S	S	S	S	S	S	P	P	P	P	P	P	P	P
YGL258W-A	D	D	D	D	D	D	D	D	D	D	D	S	L	L	L	L	L	L	L	L
YLR299W	S	S	S	S	S	S	S	S	S	S	S	S	P	P	P	P	P	P	P	P
YMR150C	S	S	S	S	S	S	S	S	S	S	S	S	P	P	P	P	P	P	P	P
YIL156W	P	S	S	S	S	S	P	S	P	P	P	P	P	P	P	P	P	P	P	P
YJR117W	S	S	S	S	S	S	S	S	S	S	S	S	P	P	P	P	P	P	P	P
YDR069C	S	S	S	P	P	P	S	P	P	P	P	P	P	P	P	P	P	P	P	P
YNL238W	S	S	S	S	S	S	S	S	S	S	S	S	P	P	P	P	P	P	P	P
YLR389C	S	S	P	S	S	S	S	S	S	S	S	S	P	P	P	P	P	P	P	P
YER078C	S	S	S	S	S	S	S	S	S	S	S	S	P	P	P	P	P	P	P	P
YMR114C	S	S	S	S	S	S	S	S	S	S	S	S	P	P	P	P	P	P	P	P
YLR121C	D	D	D	D	D	S	D	D	S	S	S	S	P	L	L	L	L	L	L	L
YOR197W	P	S	S	P	P	S	S	S	S	S	S	S	P	P	P	P	P	P	P	P
YMR154C	S	S	S	S	S	S	S	S	S	S	S	S	P	P	P	P	P	P	P	P
YBL067C	P	P	S	P	P	P	P	P	P	P	P	P	P	P	P	P	P	P	P	P
YJL001W	P	P	S	S	S	S	S	S	S	S	S	S	P	P	P	P	P	P	P	P
YDR144C	S	P	P	P	P	P	P	P	P	P	P	P	P	P	P	P	P	P	P	P
YNL186W	S	S	S	S	S	S	S	S	S	S	S	S	P	P	P	P	L	P	P	P
YER017C	S	S	S	S	S	S	S	S	S	S	S	S	P	P	P	P	P	P	P	P
YIL156W	P	S	S	S	S	S	P	S	P	P	P	P	P	P	P	P	P	P	P	P
YGL259W	D	D	D	D	D	D	D	D	D	D	D	S	L	L	L	L	L	L	L	L
YJR126C	S	S	S	S	S	S	S	S	S	S	S	S	P	P	P	P	P	P	P	P
YOR219C	S	S	S	S	S	S	S	S	S	S	S	S	P	P	P	P	P	P	P	P
YLR244C	S	S	S	S	S	S	S	S	S	S	S	S	P	P	P	P	L	P	P	P
YER151C	S	S	S	S	S	S	S	S	S	S	S	S	P	P	P	P	P	P	P	P
YMR035W	S	S	S	S	S	S	S	S	S	S	S	S	P	P	P	P	P	P	P	P
YDL122W	S	S	P	P	P	S	S	S	S	S	S	S	P	P	P	P	L	P	P	P
YCR045C	P	S	P	S	S	S	S	S	S	S	S	S	P	P	P	P	P	P	P	P
YFR010W	S	S	S	S	S	S	P	S	S	S	S	S	P	P	P	P	P	P	P	P
YOL057W	S	S	D	D	S	S	S	S	S	S	S	S	P	P	P	P	P	P	P	P
YGR058W	S	S	S	S	S	S	S	S	S	S	S	S	P	P	P	P	L	P	P	P
YMR223W	S	S	S	S	S	S	S	S	S	S	S	S	P	P	P	P	P	P	P	P
YNL045W	S	S	S	S	S	S	S	S	S	S	S	S	P	L	P	P	P	P	L	P
YHR047C	S	P	D	S	P	P	P	P	P	S	P	P	P	P	P	P	P	P	P	P
YHR028C	S	S	S	S	S	S	S	S	S	S	S	S	P	P	P	P	P	P	P	P
YGL082W	S	S	S	P	P	P	P	P	P	P	P	P	P	P	P	P	P	P	P	P
YHR134W	S	S	S	S	S	S	S	S	S	S	S	S	P	P	P	P	P	P	P	P
YGL203C	S	S	S	S	S	S	S	S	S	S	D	S	P	P	P	P	P	P	P	P
YEL060C	P	S	S	P	P	S	P	P	P	P	P	P	P	P	P	P	P	P	P	P
YGR225W	S	S	S	S	S	S	S	S	S	S	S	S	P	P	P	P	P	P	P	P
YBR286W	S	S	S	S	S	S	S	S	S	S	S	S	P	P	P	P	P	P	P	P
YBR074W	S	S	S	S	S	S	S	S	S	S	S	S	P	P	P	P	P	P	P	P
YKL171W	S	S	S	S	S	S	S	S	S	S	S	S	P	P	P	P	P	P	P	P
YDR430C	S	S	S	S	S	S	S	S	S	S	S	S	P	P	P	P	P	P	P	P
YIL015W	S	D	S	S	S	S	D	S	S	S	S	S	P	P	P	P	P	P	L	L
YPL072W	S	S	S	S	S	S	S	S	S	S	S	S	P	P	P	P	P	P	P	P
YFR004W	P	P	S	S	S	S	S	S	S	S	S	S	P	P	P	P	P	P	P	P
