Gene ID	V.polysp	T.phaffi	T.blatta	N.dairen	N.castel	K.nagani	K.africa	C.glabra	S.uvarum	S.kudria	S.mikata	S.cerevi	Z.rouxii	T.delbru	K.lactis	E.gossyp	E.cymbal	L.kluyve	L.thermo	L.waltii
YCL040W	P	P	P	P	P	P	P	P	P	P	P	P	P	P	P	P	P	P	P	P
YGL156W	S	S	S	S	S	S	S	S	S	S	S	S	P	P	L	P	P	P	P	P
YLR308W	S	S	S	S	S	S	S	P	S	S	S	S	P	P	P	P	P	P	P	P
YBR019C	S	P	S	S	S	S	S	D	S	S	S	S	P	P	P	L	L	P	P	L
YKL127W	P	P	P	P	P	P	S	P	P	P	P	P	P	P	P	P	P	P	P	P
YCR005C	S	S	P	S	S	S	P	P	P	P	P	P	P	P	P	P	P	P	P	P
YER059W	S	S	S	P	P	P	P	S	P	P	P	P	P	P	P	P	P	P	P	P
YJR131W	S	S	S	S	S	S	S	S	S	S	S	S	P	P	P	P	P	P	P	P
YGL028C	S	P	S	S	S	S	S	P	S	S	S	S	P	P	P	L	L	P	P	P
YEL040W	S	S	S	S	S	S	S	S	S	S	S	S	P	P	P	L	L	P	P	P
YCR036W	S	S	S	S	S	S	S	S	S	S	S	S	P	P	P	P	P	P	P	P
YBR229C	S	S	S	S	S	S	S	S	S	S	S	S	P	P	P	P	P	P	P	P
YGR194C	S	S	D	S	S	S	S	S	S	S	S	S	P	P	P	P	L	P	P	P
YHL032C	S	S	S	S	S	S	S	S	S	S	S	S	P	P	P	P	P	P	P	P
YLR300W	P	P	P	P	P	P	P	P	P	P	P	P	P	P	P	P	P	P	P	P
YPL248C	S	S	S	P	P	S	S	D	S	D	S	S	P	L	P	P	L	P	P	L
YIL123W	S	P	P	P	P	S	S	P	P	P	P	P	P	P	P	P	P	P	P	P
YCR005C	S	S	P	S	S	S	P	P	P	P	P	P	P	P	P	P	P	P	P	P
YGR248W	S	S	S	P	P	P	P	S	P	P	P	P	P	P	P	P	P	P	P	L
YDR109C	S	S	S	S	S	S	S	S	S	S	S	S	P	P	P	P	P	P	P	P
YGR279C	P	P	S	P	P	P	P	P	P	P	P	P	P	P	P	P	P	P	P	P
YJL216C	D	D	D	D	D	D	D	D	D	D	D	S	L	L	L	L	L	L	L	L
YJL221C	D	D	D	D	D	D	D	D	D	D	D	S	L	L	L	L	L	L	L	L
YJL116C	S	S	P	P	P	P	P	P	P	P	P	P	P	P	P	P	P	P	P	P
YJR153W	D	D	D	D	D	D	D	D	S	S	D	S	L	L	L	P	P	P	L	L
YDL022W	P	P	P	P	P	P	P	P	P	P	P	P	P	P	P	P	P	P	P	P
YNR071C	D	D	D	D	D	D	D	D	D	S	S	S	L	L	L	L	L	L	L	L
YMR099C	P	P	S	S	S	S	S	S	S	S	S	S	P	P	P	P	P	P	P	P
YHR204W	S	S	S	S	S	S	S	S	S	S	S	S	P	P	P	P	L	P	P	P
YER003C	S	S	S	S	S	S	S	S	S	S	S	S	P	P	P	P	P	P	P	P
YGR248W	S	S	S	P	P	P	P	S	P	P	P	P	P	P	P	P	P	P	P	L
YGL115W	S	S	S	S	S	S	S	P	S	S	S	S	P	P	P	P	P	P	P	P
YGR043C	P	P	S	P	P	P	P	P	P	P	P	P	P	P	P	P	P	P	P	P
YEL011W	S	S	D	S	S	S	S	S	S	S	S	S	P	P	P	P	P	P	P	P
YBR001C	P	P	P	S	S	S	S	P	P	P	P	P	P	P	P	P	P	P	P	P
YLR213C	S	S	S	S	S	S	S	S	S	S	S	S	P	P	P	P	P	P	P	P
YCR073W-A	P	S	P	S	P	S	P	P	P	P	P	P	P	P	P	P	P	P	P	P
YDR477W	P	P	S	S	S	S	S	S	S	S	S	S	P	P	P	P	P	P	P	P
YLR377C	S	S	S	S	S	P	S	P	S	S	S	S	P	P	P	P	P	P	P	P
YDL022W	P	P	P	P	P	P	P	P	P	P	P	P	P	P	P	P	P	P	P	P
YPR001W	S	S	D	S	S	S	S	S	S	S	S	S	P	P	P	P	L	P	L	L
YIL042C	S	S	S	S	S	S	S	S	S	S	S	S	P	P	P	P	P	P	P	P
YGR143W	S	P	P	P	P	P	P	P	P	P	P	P	P	P	P	P	P	P	P	P
YGL035C	S	S	S	S	S	S	S	S	S	S	S	S	P	P	P	P	P	P	P	P
YGR279C	P	P	S	P	P	P	P	P	P	P	P	P	P	P	P	P	P	P	P	P
YPR184W	S	S	S	S	S	S	S	S	S	S	S	S	P	P	P	P	P	P	P	P
YFR053C	S	S	P	P	P	P	S	P	P	P	P	P	P	P	P	P	P	P	P	P
YLR300W	P	P	P	P	P	P	P	P	P	P	P	P	P	P	P	P	P	P	P	P
YGR287C	D	D	D	D	D	D	D	D	D	S	S	S	L	L	L	L	L	L	L	L
YCR073W-A	P	S	P	S	P	S	P	P	P	P	P	P	P	P	P	P	P	P	P	P
YLR307W	D	D	D	D	D	D	D	S	S	S	S	S	L	L	L	L	L	L	L	L
YER133W	S	S	S	S	S	S	S	S	S	S	S	S	P	P	P	P	P	P	P	P
YIL123W	S	P	P	P	P	S	S	P	P	P	P	P	P	P	P	P	P	P	P	P
YGL059W	S	S	S	S	S	S	S	S	S	S	S	S	P	P	P	P	P	P	P	P
YFL053W	D	D	D	D	D	D	D	D	S	S	S	S	L	P	L	L	L	L	P	P
YDR371W	S	S	S	S	S	S	S	S	S	S	S	S	P	P	P	P	P	P	P	P
YBR001C	P	P	P	S	S	S	S	P	P	P	P	P	P	P	P	P	P	P	P	P
YGR282C	S	S	S	S	S	S	S	S	S	S	S	S	P	P	P	P	P	P	P	P
YGL134W	S	S	S	P	P	P	P	P	P	P	P	P	P	P	P	P	P	P	P	P
YMR311C	S	S	S	S	S	S	S	S	S	S	S	S	P	P	P	P	P	P	P	P
YKR043C	S	S	S	S	S	S	S	S	S	S	S	S	P	P	P	P	P	P	P	P
YER028C	P	P	P	P	P	P	P	P	P	P	P	P	P	P	P	L	L	P	P	P
YJR090C	S	S	S	S	S	S	S	S	S	S	S	S	P	P	P	P	P	P	P	P
YBR020W	P	P	P	P	P	P	P	D	P	D	P	P	P	P	P	L	L	P	P	L
YFR053C	S	S	P	P	P	P	S	P	P	P	P	P	P	P	P	P	P	P	P	P
YMR196W	S	S	S	S	P	S	P	P	S	S	S	S	P	P	P	P	P	P	P	P
YMR280C	D	D	D	S	S	S	S	S	S	S	S	S	P	P	P	P	P	P	P	P
YHR210C	D	D	D	D	D	D	D	D	D	S	S	S	L	L	L	L	L	L	L	L
YGR292W	D	D	D	D	D	D	D	D	D	S	D	S	L	L	L	L	L	L	L	L
YIL099W	D	S	S	S	S	S	S	S	S	S	S	S	P	P	P	P	P	P	P	P
YDR261C	S	S	S	S	S	S	S	S	S	S	S	S	P	P	L	P	P	P	L	P
YBR020W	P	P	P	P	P	P	P	D	P	D	P	P	P	P	P	L	L	P	P	L
YGR143W	S	P	P	P	P	P	P	P	P	P	P	P	P	P	P	P	P	P	P	P
YMR278W	S	S	S	S	S	S	S	S	S	S	S	S	P	P	P	P	P	P	P	P
YOL157C	D	D	D	D	D	D	D	D	D	D	D	S	L	L	L	L	L	L	L	L
YLR189C	S	D	S	S	S	S	S	D	S	S	S	S	P	P	P	P	P	P	P	P
YKL127W	P	P	P	P	P	P	S	P	P	P	P	P	P	P	P	P	P	P	P	P
YIL162W	S	D	D	D	D	D	D	D	S	S	S	S	P	P	P	P	P	P	P	P
YNL241C	S	S	S	P	S	P	P	S	S	S	S	S	P	P	P	P	P	P	P	P
YNL249C	D	D	D	D	S	S	D	D	S	S	S	S	P	P	P	L	L	P	P	P
YMR238W	S	S	S	S	S	S	S	S	S	S	S	S	P	P	P	P	P	P	P	P
YLR446W	S	S	S	S	S	S	S	S	S	S	S	S	P	L	L	P	P	P	P	P
YPR160W	S	S	P	S	S	S	S	S	S	S	S	S	P	P	P	P	P	P	P	P
YML070W	S	S	S	S	S	S	S	S	S	S	S	S	P	P	P	P	P	P	P	P
YJL121C	S	S	S	S	S	S	S	S	S	S	S	S	P	P	P	P	P	P	P	P
YCL040W	P	P	P	P	P	P	P	P	P	P	P	P	P	P	P	P	P	P	P	P
YBR018C	S	S	S	S	P	S	S	D	S	S	S	S	P	P	P	L	L	P	P	L
YER059W	S	S	S	P	P	P	P	S	P	P	P	P	P	P	P	P	P	P	P	P
YGR189C	P	S	D	P	P	S	S	S	S	S	S	S	P	P	P	P	P	P	P	P
YIR007W	S	S	S	S	S	S	P	S	S	S	S	S	P	P	P	P	P	P	P	P
YGR043C	P	P	S	P	P	P	P	P	P	P	P	P	P	P	P	P	P	P	P	P
YGL027C	S	S	S	S	S	S	S	S	S	S	S	S	P	P	P	P	P	P	P	P
YKL085W	S	S	S	S	S	S	S	S	S	S	S	S	P	P	P	P	P	P	P	P
YML051W	S	S	P	P	P	P	S	D	P	D	S	S	P	L	P	L	L	P	P	L
YLR070C	S	D	D	D	S	D	D	D	S	D	S	S	P	P	P	P	L	P	P	L
YLR057W	S	S	S	S	S	S	S	S	S	S	S	S	P	P	P	P	P	P	P	P
YKL046C	S	S	S	P	P	S	P	S	S	S	S	S	P	P	P	P	P	P	P	P
YEL058W	S	S	S	S	S	S	S	S	S	S	S	S	P	P	P	P	P	P	P	P
YBR299W	D	D	D	D	D	D	D	D	D	D	D	S	L	L	L	L	L	L	L	L
YKL060C	P	P	P	S	S	S	S	S	S	S	S	S	P	P	P	P	P	P	P	P
YPR026W	S	S	P	S	S	S	S	S	S	S	S	S	P	P	P	P	P	P	P	P
YIL172C	D	D	D	D	D	D	D	D	D	D	D	S	L	L	L	L	L	L	L	L
YGL134W	S	S	S	P	P	P	P	P	P	P	P	P	P	P	P	P	P	P	P	P
YDR248C	S	S	S	S	S	S	S	S	S	S	S	S	P	P	P	P	L	P	P	P
YLR286C	S	P	S	S	S	S	S	S	S	S	S	S	P	P	P	L	P	P	P	P
