Gene ID	V.polysp	T.phaffi	T.blatta	N.dairen	N.castel	K.nagani	K.africa	C.glabra	S.uvarum	S.kudria	S.mikata	S.cerevi	Z.rouxii	T.delbru	K.lactis	E.gossyp	E.cymbal	L.kluyve	L.thermo	L.waltii
YHL031C	S	S	S	S	S	S	S	S	S	S	S	S	P	P	P	P	P	P	P	P
YML077W	S	S	S	S	S	S	S	S	S	S	S	S	P	P	P	P	P	P	P	P
YOR115C	S	S	S	S	S	S	S	S	S	S	S	S	P	P	P	P	P	P	P	P
YPL218W	S	S	S	S	S	S	S	S	S	S	S	S	P	P	P	P	P	P	P	P
YGL145W	S	S	S	S	S	S	S	S	S	S	S	S	P	P	P	P	P	P	P	P
YPR181C	P	P	P	P	S	S	S	P	S	S	S	S	P	P	P	P	P	P	P	P
YGR172C	S	S	S	S	S	S	S	S	S	S	S	S	P	P	P	P	P	P	P	P
YNL263C	S	S	S	S	S	S	S	S	S	S	S	S	P	P	P	P	P	P	P	P
YNL044W	S	S	S	S	S	S	S	S	S	S	S	S	P	P	P	P	P	P	P	P
YIL044C	S	S	S	S	S	P	P	S	S	S	S	S	P	P	P	P	P	P	P	P
YDR238C	S	S	S	S	S	S	S	S	S	S	S	S	P	P	P	P	P	P	P	P
YKR044W	P	P	P	S	S	S	S	S	S	S	S	S	P	P	L	P	P	P	P	P
YOR216C	S	S	S	S	S	S	S	S	S	S	S	S	P	P	P	P	P	P	P	P
YHR035W	S	D	S	S	S	D	D	S	S	S	S	S	P	L	P	P	L	P	P	P
YKR068C	S	S	S	S	S	S	S	S	S	S	S	S	P	P	P	P	P	P	P	P
YAL042W	P	P	P	P	P	P	P	S	S	S	S	S	P	P	P	P	P	P	P	P
YDR246W	S	S	S	S	S	S	S	S	S	S	S	S	P	P	P	P	P	P	P	P
YLR078C	S	S	S	S	S	S	S	S	S	S	S	S	P	P	P	P	P	P	P	P
YBR002C	S	S	S	S	S	S	S	S	S	S	S	S	P	P	P	P	P	P	P	P
YJL117W	S	S	S	S	S	S	S	S	S	S	S	S	P	P	P	P	P	P	P	P
YDL072C	S	S	S	S	S	S	S	S	S	S	S	S	P	P	P	P	P	P	P	P
YFL048C	S	P	P	S	S	P	S	P	P	P	P	P	P	P	P	P	P	P	P	P
YIL004C	S	S	S	S	S	S	S	S	S	S	S	S	P	P	P	P	P	P	P	L
YDL145C	S	S	S	S	S	S	S	S	S	S	S	S	P	P	P	P	P	P	P	P
YGR284C	P	S	S	P	P	S	P	S	S	S	S	S	P	P	P	P	P	P	P	P
YCL001W	S	S	S	S	S	S	S	S	S	S	S	S	P	P	P	P	P	P	P	P
YIL109C	P	S	S	S	P	P	P	P	P	P	P	P	P	P	P	P	P	P	P	P
YDL058W	S	S	S	S	S	S	S	S	S	S	S	S	P	P	P	P	P	P	P	P
YLR026C	S	S	S	S	S	S	S	S	S	S	S	S	P	P	P	P	P	P	P	P
YOR075W	S	S	S	S	S	S	S	S	S	S	S	S	P	P	P	P	P	P	P	P
YGL200C	S	P	S	S	S	S	S	S	S	S	S	S	P	P	P	P	P	P	P	P
YML012W	P	P	S	S	P	P	S	S	S	S	S	S	P	P	P	P	P	P	P	P
YIL039W	P	P	P	S	S	S	S	S	S	S	S	S	P	P	P	P	P	P	P	P
YOR370C	S	S	S	S	S	S	S	S	S	S	S	S	P	P	P	P	P	P	P	P
YER122C	S	S	P	S	S	S	P	S	S	S	S	S	P	P	P	P	P	P	P	P
YGL137W	S	S	S	S	S	S	S	S	S	S	S	S	P	P	P	P	L	P	P	P
YMR192W	S	S	S	P	P	P	P	P	P	P	P	P	P	P	P	P	P	P	P	P
YDL099W	S	S	S	S	S	S	S	S	S	S	S	S	P	P	P	P	P	P	P	P
YKL065C	S	S	S	P	P	S	S	S	P	P	P	P	P	P	P	P	P	P	P	P
YHR098C	P	P	P	S	S	S	S	S	S	S	S	S	P	P	P	P	P	P	P	P
YKL065C	S	S	S	P	P	S	S	S	P	P	P	P	P	P	P	P	P	P	P	P
YIL109C	P	S	S	S	P	P	P	P	P	P	P	P	P	P	P	P	P	P	P	P
YGL181W	S	S	S	S	P	P	P	S	S	S	S	S	P	P	P	P	P	P	P	P
YDL212W	S	S	S	S	S	S	S	S	S	S	S	S	P	P	P	P	P	P	P	P
YKL196C	D	S	S	S	S	S	S	S	S	S	S	S	P	P	P	P	P	P	P	P
YJL192C	S	S	S	S	S	S	S	S	S	S	S	S	P	P	P	P	P	P	P	P
YBL040C	S	S	S	S	S	S	S	S	S	S	S	S	P	P	P	P	P	P	P	P
YGR209C	S	P	S	S	S	D	S	S	P	P	P	P	P	P	P	P	P	P	P	P
YBR254C	S	S	P	S	S	S	S	S	S	S	S	S	P	P	P	P	P	P	P	P
YER157W	S	S	S	S	S	S	S	S	S	S	S	S	P	P	P	P	P	P	P	P
YMR197C	S	S	S	S	S	S	S	S	S	S	S	S	P	P	P	P	P	P	P	P
YBR210W	P	P	P	S	S	S	S	S	P	P	P	P	P	P	P	P	P	P	P	P
YOR307C	S	S	S	S	S	S	S	S	S	S	S	S	P	P	P	P	L	P	P	P
YIL076W	S	S	S	S	S	S	S	S	S	S	S	S	P	P	P	P	P	P	P	P
YEL022W	P	P	P	P	P	P	S	P	P	P	P	P	P	P	P	P	P	P	P	P
YDL018C	S	D	S	S	S	S	S	S	S	S	S	S	P	P	P	P	P	P	P	P
YEL043W	S	S	S	S	S	S	S	S	S	S	S	S	P	P	P	P	P	P	P	P
YDR472W	S	S	S	S	S	S	S	S	S	S	S	S	P	P	P	P	P	P	P	P
YFL048C	S	P	P	S	S	P	S	P	P	P	P	P	P	P	P	P	P	P	P	P
YGR120C	S	S	S	S	S	S	S	S	S	S	S	S	P	P	P	P	P	P	P	P
YDR189W	S	S	S	S	S	S	S	S	S	S	S	S	P	P	P	P	P	P	P	P
YDR524C	D	D	S	S	S	S	S	S	S	S	S	S	P	P	L	P	P	P	P	P
YAR002C-A	S	S	S	S	S	S	S	P	P	P	P	P	P	P	P	P	P	P	P	P
YBR210W	P	P	P	S	S	S	S	S	P	P	P	P	P	P	P	P	P	P	P	P
YLR268W	S	S	S	S	S	S	S	S	S	S	S	S	P	P	P	P	P	P	P	P
YGL198W	S	S	S	S	S	S	S	S	S	S	S	S	P	P	P	P	L	P	P	P
YDL137W	P	P	P	P	P	P	P	P	P	P	P	P	P	P	P	P	P	P	P	P
YDR170C	S	S	P	S	S	S	S	S	S	S	S	S	P	P	P	P	P	P	P	P
YFL038C	S	S	S	S	S	S	S	S	S	S	S	S	P	P	P	P	P	P	P	P
YPR176C	S	S	S	S	S	S	S	S	S	S	S	S	P	P	P	P	P	P	P	P
YNL258C	S	S	S	S	S	S	S	S	S	S	S	S	P	P	P	P	L	P	P	P
YDR517W	S	S	S	S	S	S	S	S	S	S	S	S	P	P	P	P	P	P	P	P
YDL226C	S	S	P	S	S	S	S	S	P	P	P	P	P	P	P	P	P	P	P	P
YGR209C	S	P	S	S	S	D	S	S	P	P	P	P	P	P	P	P	P	P	P	P
YFR051C	P	S	S	S	S	S	S	S	S	S	S	S	P	P	P	P	P	P	P	P
YEL022W	P	P	P	P	P	P	S	P	P	P	P	P	P	P	P	P	P	P	P	P
YKL006C-A	S	S	S	S	S	S	S	S	S	S	S	S	P	P	P	P	P	P	P	P
YNL287W	S	S	S	S	S	S	S	S	S	S	S	S	P	P	P	P	P	P	P	P
YOR016C	S	S	P	P	P	S	S	S	P	P	P	P	P	P	P	P	P	P	P	P
YBL078C	S	S	S	P	S	S	P	S	S	S	S	S	P	P	P	P	P	P	P	P
YFL025C	S	S	S	S	S	S	S	S	S	S	S	S	P	P	P	P	P	P	P	P
YER074W-A	S	S	S	S	S	S	S	S	S	S	S	S	P	P	P	P	P	P	P	P
YDR182W	S	S	S	S	S	S	S	S	S	S	S	S	P	P	P	P	P	P	P	P
YML067C	S	S	S	P	P	S	S	S	S	S	S	S	P	P	P	P	P	P	P	P
YBR172C	S	S	S	P	P	S	S	P	P	P	P	P	P	P	P	P	P	P	P	P
YAR002C-A	S	S	S	S	S	S	S	P	P	P	P	P	P	P	P	P	P	P	P	P
YEL048C	S	S	S	S	S	S	S	S	S	S	S	S	P	P	P	P	P	P	P	P
YFL027C	S	S	S	S	S	S	S	S	S	S	S	S	P	P	P	P	P	P	P	P
YHR142W	S	S	S	S	S	S	S	S	S	S	S	S	P	P	P	P	P	P	P	P
YDL195W	P	P	S	S	S	S	S	S	S	S	S	S	P	P	P	P	P	P	P	P
YMR192W	S	S	S	P	P	P	P	P	P	P	P	P	P	P	P	P	P	P	P	P
YMR292W	S	S	S	S	S	S	S	S	S	S	S	S	P	P	P	P	P	P	P	P
YGL051W	D	D	D	D	D	D	D	D	D	D	D	S	L	L	L	L	L	L	L	L
YJL031C	S	S	S	S	S	S	S	S	S	S	S	S	P	P	P	P	P	P	P	P
YHR110W	S	D	S	S	S	S	S	S	S	S	S	S	P	P	P	P	P	P	P	P
YOR016C	S	S	P	P	P	S	S	S	P	P	P	P	P	P	P	P	P	P	P	P
YHR181W	S	S	S	S	S	S	S	S	S	S	S	S	P	P	P	P	P	P	P	P
YBR080C	S	S	P	S	S	S	S	P	S	S	S	S	P	P	P	P	P	P	P	P
YDR108W	S	S	S	S	S	S	S	S	S	S	S	S	P	P	P	P	P	P	P	P
