Gene ID	V.polysp	T.phaffi	T.blatta	N.dairen	N.castel	K.nagani	K.africa	C.glabra	S.uvarum	S.kudria	S.mikata	S.cerevi	Z.rouxii	T.delbru	K.lactis	E.gossyp	E.cymbal	L.kluyve	L.thermo	L.waltii
YMR290C	S	S	S	S	S	S	S	S	S	S	S	S	P	P	P	P	P	P	P	P
YLR466W	D	D	D	D	D	D	D	D	D	D	D	S	L	L	L	L	L	L	L	L
YDR243C	S	S	S	S	S	S	S	S	S	S	S	S	P	P	P	P	P	P	P	P
YDL160C	S	S	S	S	S	S	S	S	S	S	S	S	P	P	P	P	P	P	P	P
YLR448W	P	P	S	P	P	P	S	S	P	P	P	P	P	P	P	P	P	P	P	P
YDR471W	S	S	S	P	P	S	S	S	P	P	P	P	P	P	P	P	P	P	P	P
YOR204W	S	S	P	P	P	P	P	P	P	P	P	P	P	P	P	P	P	P	P	P
YPL054W	S	S	D	S	S	D	S	S	S	S	S	S	P	P	P	P	P	P	P	L
YHR169W	S	S	S	S	S	S	S	S	S	S	S	S	P	P	P	P	P	P	P	P
YLL008W	S	S	S	S	S	S	S	S	S	S	S	S	P	P	P	P	L	P	P	P
YGR271W	S	S	S	S	S	S	S	S	S	S	S	S	P	P	P	P	P	P	P	P
YHR065C	S	S	S	S	S	S	S	S	S	S	S	S	P	P	P	P	P	P	P	P
YLR276C	S	S	S	S	S	S	S	S	S	S	S	S	P	P	P	P	L	P	P	P
YBR237W	S	S	S	S	S	S	S	S	S	S	S	S	P	P	P	P	P	P	P	P
YBR142W	S	S	S	S	S	S	S	S	S	S	S	S	P	P	P	P	P	P	P	P
YLR323C	S	S	S	S	S	S	S	S	S	S	S	S	P	P	P	P	P	P	P	P
YDL031W	S	S	S	S	S	S	S	S	S	S	S	S	P	P	P	P	L	P	P	P
YER190W	D	D	D	D	D	D	D	D	D	D	D	S	L	L	L	L	L	L	L	L
YJL050W	S	S	S	S	S	S	S	S	S	S	S	S	P	P	P	P	P	P	P	P
YDR291W	S	S	S	S	S	S	S	S	S	S	S	S	P	P	P	P	P	P	P	P
YKR024C	S	S	S	S	S	S	S	S	S	S	S	S	P	P	P	P	P	P	P	P
YFL066C	D	D	D	D	D	D	D	D	D	D	D	S	L	L	L	L	L	L	L	L
YCR046C	S	S	S	S	S	S	S	S	S	S	S	S	P	P	P	P	P	P	P	P
YHL001W	S	S	S	P	P	S	S	S	P	P	P	P	P	P	P	P	P	P	P	P
YGL078C	S	S	S	S	S	S	S	S	S	S	S	S	P	P	P	P	P	P	P	P
YGR034W	S	S	S	P	P	S	S	S	P	P	P	P	P	P	P	P	P	P	P	P
YGL064C	S	S	S	S	S	S	S	S	S	S	S	S	P	P	P	P	P	P	P	P
YLR448W	P	P	S	P	P	P	S	S	P	P	P	P	P	P	P	P	P	P	P	P
YNR038W	S	S	S	S	S	S	S	S	S	S	S	S	P	P	P	P	P	P	P	P
YML010W	S	S	S	S	S	S	S	S	S	S	S	S	P	P	P	P	P	P	P	P
YDR151C	S	S	S	P	P	S	S	S	P	P	P	P	P	P	P	P	P	P	P	P
YFL002C	S	S	S	S	S	S	S	S	S	S	S	S	P	P	P	P	P	P	P	P
YLR398C	S	S	S	S	S	S	S	S	S	S	S	S	P	P	P	P	P	P	P	P
YOR091W	S	S	S	S	S	S	S	S	S	S	S	S	P	P	P	P	P	P	P	P
YJL138C	S	S	S	S	S	S	S	S	P	P	P	P	P	P	P	P	P	P	P	P
YOR046C	S	S	S	S	S	S	S	S	S	S	S	S	P	P	P	P	P	P	P	P
YGR034W	S	S	S	P	P	S	S	S	P	P	P	P	P	P	P	P	P	P	P	P
YDL084W	P	P	P	S	S	S	S	S	S	S	S	S	P	P	P	P	P	P	P	P
YDR151C	S	S	S	P	P	S	S	S	P	P	P	P	P	P	P	P	P	P	P	P
YNL112W	S	S	S	S	S	S	S	S	S	S	S	S	P	P	P	P	P	P	P	P
YGL171W	S	S	S	D	S	S	S	S	S	S	S	S	P	P	P	P	P	P	P	P
YJL138C	S	S	S	S	S	S	S	S	P	P	P	P	P	P	P	P	P	P	P	P
YPL173W	S	S	S	S	S	S	S	S	S	S	S	S	P	P	P	P	P	P	P	P
YJL033W	S	S	S	S	S	S	S	S	S	S	S	S	P	P	P	P	P	P	P	P
YDR021W	S	S	S	S	S	S	S	S	S	S	S	S	P	P	P	P	P	P	P	P
YDR194C	S	S	S	S	S	S	S	S	S	S	S	S	P	P	P	P	P	P	P	P
YGL251C	S	S	S	S	S	S	S	S	S	S	S	S	P	P	P	L	P	P	L	P
YDR471W	S	S	S	P	P	S	S	S	P	P	P	P	P	P	P	P	P	P	P	P
YBR191W	P	P	S	P	S	P	P	S	P	P	P	P	P	P	P	P	P	P	P	P
YPR107C	S	S	S	S	S	S	S	S	S	S	S	S	P	P	P	P	P	P	P	P
YBR191W	P	P	S	P	S	P	P	S	P	P	P	P	P	P	P	P	P	P	P	P
YOR204W	S	S	P	P	P	P	P	P	P	P	P	P	P	P	P	P	P	P	P	P
YHL001W	S	S	S	P	P	S	S	S	P	P	P	P	P	P	P	P	P	P	P	P
