YMR290C	HAS1
YCR031C	RPS14A
YPL217C	BMS1
YGR251W	NOP19
YOR039W	CKB2
YDR299W	BFR2
YKL143W	LTV1
YBR247C	ENP1
YPL090C	RPS6A
YGR159C	NSR1
YJR002W	MPP10
YHR169W	DBP8
YHR065C	RRP3
YDR365C	ESF1
YOR004W	UTP23
YJL010C	NOP9
YPL081W	RPS9A
YEL026W	SNU13
YDR398W	UTP5
YHR148W	IMP3
YGL120C	PRP43
YLR409C	UTP21
YLR068W	FYV7
YDR339C	FCF1
YDL213C	NOP6
YCL059C	KRR1
YLR186W	EMG1
YLR197W	NOP56
YPR112C	MRD1
YGR081C	SLX9
YNL075W	IMP4
YEL055C	POL5
YER082C	UTP7
YLR336C	SGD1
YLR430W	SEN1
YBL004W	UTP20
YDR324C	UTP4
YLR129W	DIP2
YKL099C	UTP11
YIL035C	CKA1
YOL010W	RCL1
YKL009W	MRT4
YOR078W	BUD21
YBR189W	RPS9B
YHR196W	UTP9
YCR057C	PWP2
YNR054C	ESF2
YDL014W	NOP1
YDL153C	SAS10
YGL123W	RPS2
YER127W	LCP5
YGR145W	ENP2
YDL148C	NOP14
YLL011W	SOF1
YCL031C	RRP7
YPR137W	RRP9
YMR229C	RRP5
YOR310C	NOP58
YGR128C	UTP8
YDR449C	UTP6
YML093W	UTP14
YGR090W	UTP22
YIL091C	UTP25
YOR287C	RRP36
YPL126W	NAN1
YDR174W	HMO1
YBR181C	RPS6B
YGL171W	ROK1
YPR144C	NOC4
YGR280C	PXR1
YJL069C	UTP18
YJL033W	HCA4
YMR128W	ECM16
YDR021W	FAL1
YNL096C	RPS7B
YNL132W	KRE33
YKR060W	UTP30
YGL019W	CKB1
YJL191W	RPS14B
YJL109C	UTP10
YKL078W	DHR2
YLR222C	UTP13
YMR265C	
YOR096W	RPS7A
YMR093W	UTP15
YOR061W	CKA2
