YNL288W	CAF40
YGR162W	TIF4631
YER146W	LSM5
YDR533C	HSP31
YNL157W	IGO1
YNR052C	POP2
YDR505C	PSP1
YBR111W-A	SUS1
YDL160C	DHH1
YPR072W	NOT5
YBR212W	NGR1
YOR173W	DCS2
YOL149W	DCP1
YNR051C	BRE5
YGL094C	PAN2
YMR080C	NAM7
YDR206W	EBS1
YBR238C	
YPR129W	SCD6
YPL184C	MRN1
YDL165W	CDC36
YPL280W	HSP32
YHL034C	SBP1
YOR359W	VTS1
YGL173C	XRN1
YDR378C	LSM6
YNL118C	DCP2
YKL166C	TPK3
YCR077C	PAT1
YGL049C	TIF4632
YLR438C-A	LSM3
YLR270W	DCS1
YBL026W	LSM2
YML017W	PSP2
YDR404C	RPB7
YMR287C	DSS1
YPL105C	SYH1
YMR322C	SNO4
YNL197C	WHI3
YAL021C	CCR4
YNL147W	LSM7
YNL085W	MKT1
YNL255C	GIS2
YEL015W	EDC3
YLR136C	TIS11
YJL140W	RPB4
YML117W	NAB6
YOR391C	HSP33
YBR094W	PBY1
YIL038C	NOT3
YNL016W	PUB1
YPL203W	TPK2
YJL124C	LSM1
YER112W	LSM4
YCR093W	CDC39
YBL032W	HEK2
YKL025C	PAN3
YDR293C	SSD1
