YJL208C	NUC1
YDR375C	BCS1
YMR158W	MRPS8
YBL111C	
YER014W	HEM14
YOR323C	PRO2
YIL155C	GUT2
YMR241W	YHM2
YMR205C	PFK2
YHR051W	COX6
YJL127C-B	
YHR194W	MDM31
YKL170W	MRPL38
YDL036C	PUS9
YDL217C	TIM22
YPL189C-A	COA2
YHR168W	MTG2
YEL039C	CYC7
YDL164C	CDC9
YHR050W	SMF2
YER053C	PIC2
YDR384C	ATO3
YML010W	SPT5
YMR150C	IMP1
YGR287C	IMA1
YNL131W	TOM22
YLL018C-A	COX19
YDR032C	PST2
YOL033W	MSE1
YGL057C	GEP7
YGL187C	COX4
YML032C	RAD52
YER155C	BEM2
YGR116W	SPT6
YER050C	RSM18
YMR003W	AIM34
YER031C	YPT31
YOL109W	ZEO1
YJR057W	CDC8
YMR221C	FMP42
YMR257C	PET111
YKL195W	MIA40
YEL006W	YEA6
YDL174C	DLD1
YOR168W	GLN4
YOR226C	ISU2
YJL054W	TIM54
YER181C	
YDR069C	DOA4
YER015W	FAA2
YMR060C	SAM37
YPL167C	REV3
Q0032	
YKL196C	YKT6
YOR334W	MRS2
YLR389C	STE23
YOR241W	MET7
YLR438W	CAR2
YLR290C	COQ11
YLR270W	DCS1
YOL009C	MDM12
YOR153W	PDR5
YER048W-A	ISD11
YPL013C	MRPS16
YAL054C	ACS1
YER078C	ICP55
YGL219C	MDM34
YKR071C	DRE2
YMR194C-B	CMC4
YPL103C	FMP30
YLR356W	ATG33
YCL057C-A	
YGR244C	LSC2
YLR106C	MDN1
Q0115	BI3
YBL016W	FUS3
Q0297	
YCL044C	MGR1
YCL033C	MXR2
YBL057C	PTH2
YKR036C	CAF4
YBR192W	RIM2
YHR174W	ENO2
YCR008W	SAT4
YGR052W	FMP48
YDR027C	VPS54
YBR204C	LDH1
YHR179W	OYE2
YDR256C	CTA1
YLR105C	SEN2
YLR142W	PUT1
YFL010C	WWM1
YPR125W	YLH47
YLR239C	LIP2
YHR171W	ATG7
YBR263W	SHM1
YKL067W	YNK1
Q0130	OLI1
YDR393W	SHE9
YPL262W	FUM1
YHR116W	COX23
YDR033W	MRH1
YGL059W	PKP2
YAL035W	FUN12
YDR035W	ARO3
YAL008W	FUN14
YBR120C	CBP6
YOR150W	MRPL23
YOR354C	MSC6
YGR102C	GTF1
YDR332W	IRC3
YNL005C	MRP7
YLR154W-C	TAR1
YBR106W	PHO88
YML025C	YML6
YGR240C	PFK1
YGR243W	MPC3
YKL150W	MCR1
YMR193W	MRPL24
YOR222W	ODC2
YLR312W-A	MRPL15
YJR051W	OSM1
YDR350C	ATP22
YHR063C	PAN5
YLR188W	MDL1
YML052W	SUR7
YER154W	OXA1
YGR231C	PHB2
YDR342C	HXT7
YAL015C	NTG1
YGR215W	RSM27
YNL318C	HXT14
YJL200C	ACO2
YHL035C	VMR1
YNL256W	FOL1
YCR003W	MRPL32
YEL071W	DLD3
YDR058C	TGL2
YDL207W	GLE1
YOR089C	VPS21
YDL148C	NOP14
YNL130C-A	DGR1
YOL089C	HAL9
YDR379C-A	SDH6
YLR335W	NUP2
YKR070W	
YGL011C	SCL1
YGR147C	NAT2
YJR031C	GEA1
YHR076W	PTC7
YJL066C	MPM1
YJR077C	MIR1
YBR122C	MRPL36
YDL003W	MCD1
YKR016W	
YGR046W	TAM41
YFL030W	AGX1
YER017C	AFG3
YML042W	CAT2
YFL016C	MDJ1
YMR287C	DSS1
YNL130C	CPT1
YBR004C	GPI18
YNL088W	TOP2
YMR289W	ABZ2
YOR286W	RDL2
YPL105C	SYH1
YBR001C	NTH2
YPL168W	MRX4
YOR228C	MCP1
YLR203C	MSS51
YNL252C	MRPL17
YKL167C	MRP49
YBR282W	MRPL27
YOL143C	RIB4
YJL112W	MDV1
YJL180C	ATP12
YJL147C	MRX5
YPL029W	SUV3
YGR169C	PUS6
YDL085W	NDE2
YKL011C	CCE1
YLR390W	ECM19
YDL168W	SFA1
YLR291C	GCD7
YOR011W	AUS1
YKL055C	OAR1
YPR116W	RRG8
YHR037W	PUT2
YGR192C	TDH3
YGL191W	COX13
YJR062C	NTA1
YOR022C	DDL1
YOR125C	CAT5
YDR237W	MRPL7
YOL141W	PPM2
YPL252C	YAH1
YPR047W	MSF1
YGL209W	MIG2
Q0092	
YBR006W	UGA2
YOR246C	ENV9
YDL203C	ACK1
YOR236W	DFR1
YBR196C	PGI1
YFL036W	RPO41
YOR176W	HEM15
YLR084C	RAX2
YOR297C	TIM18
YPR165W	RHO1
YGR132C	PHB1
YFR053C	HXK1
YMR301C	ATM1
YEL050C	RML2
YLR091W	GEP5
YMR002W	MIX17
YDR336W	MRX8
YHR091C	MSR1
YML081C-A	ATP18
YKL010C	UFD4
YPL099C	
YDL040C	NAT1
YIL160C	POT1
YGR033C	TIM21
YOL129W	VPS68
YOR037W	CYC2
YNL168C	FMP41
YOR090C	PTC5
YGL093W	SPC105
YHL018W	
YPL134C	ODC1
YML009C	MRPL39
YDR074W	TPS2
YBR291C	CTP1
YPL222W	FMP40
YOR158W	PET123
YGR049W	SCM4
YHR155W	LAM1
YDR450W	RPS18A
YKL120W	OAC1
YDR376W	ARH1
YNR022C	MRPL50
YPL118W	MRP51
YJL005W	CYR1
YOR232W	MGE1
YGR076C	MRPL25
YMR019W	STB4
YGR062C	COX18
YPL033C	SRL4
YLR283W	
YDR226W	ADK1
YPR011C	
YNL037C	IDH1
YBR035C	PDX3
YAR002C-A	ERP1
YLL041C	SDH2
YPL271W	ATP15
YGL229C	SAP4
YIL093C	RSM25
YER151C	UBP3
YIR024C	
YLR174W	IDP2
YOR040W	GLO4
YJL143W	TIM17
YGL119W	COQ8
YPL005W	AEP3
Q0110	BI2
YNL070W	TOM7
YNL198C	
YPL148C	PPT2
YNR018W	RCF2
YOL021C	DIS3
YOL077W-A	ATP19
YMR035W	IMP2
YHR083W	SAM35
YLR382C	NAM2
YBR262C	
YMR108W	ILV2
Q0120	BI4
YPL096W	PNG1
YKL152C	GPM1
YHR008C	SOD2
YAR008W	SEN34
YKL093W	MBR1
YLR087C	CSF1
YJR073C	OPI3
YBR221C	PDB1
YMR023C	MSS1
YOR347C	PYK2
YLR426W	TDA5
YBL045C	COR1
YLL009C	COX17
YPL104W	MSD1
YIL078W	THS1
YER153C	PET122
YGL195W	GCN1
YHL038C	CBP2
YEL030W	ECM10
YOL008W	COQ10
YIL125W	KGD1
YNL100W	
YDL178W	DLD2
YML120C	NDI1
YLR281C	
YDL202W	MRPL11
YMR078C	CTF18
YPL069C	BTS1
YKL056C	TMA19
YJL131C	AIM23
YBR104W	YMC2
YGL236C	MTO1
YKL162C	
YGR015C	
Q0050	AI1
YGL023C	PIB2
YPL188W	POS5
YIL043C	CBR1
YNL292W	PUS4
YFL005W	SEC4
YBR203W	COS111
YFR019W	FAB1
YFL042C	
YEL031W	SPF1
YLR295C	ATP14
YML007C-A	
YMR256C	COX7
YKL192C	ACP1
YPL207W	TYW1
YPR021C	AGC1
YER073W	ALD5
YDR494W	RSM28
YIL055C	
YKR064W	OAF3
YPL132W	COX11
YDR070C	FMP16
YDR031W	MIX14
YEL024W	RIP1
YOR374W	ALD4
YDL126C	CDC48
YHR017W	YSC83
YHR004C	NEM1
YDR079W	PET100
YLR168C	UPS2
YJR101W	RSM26
YJL096W	MRPL49
Q0085	ATP6
YEL037C	RAD23
YCR024C	SLM5
Q0182	
YML110C	COQ5
YNL125C	ESBP6
YER004W	FMP52
YDR282C	MRX10
YIL162W	SUC2
YKR049C	FMP46
YIL077C	
YNL112W	DBP2
YFL038C	YPT1
YDL048C	STP4
YNL249C	MPA43
YOL096C	COQ3
YKL053C-A	MDM35
YBL099W	ATP1
YFR015C	GSY1
YOR020C	HSP10
YMR225C	MRPL44
YNL073W	MSK1
YMR264W	CUE1
YDR538W	PAD1
YLR201C	COQ9
YCR004C	YCP4
YDR301W	CFT1
YJL063C	MRPL8
YDR041W	RSM10
YAL029C	MYO4
YGR155W	CYS4
YMR030W	RSF1
YDR234W	LYS4
YDR511W	SDH7
YOR356W	CIR2
YLR204W	QRI5
YKL194C	MST1
YLL007C	LMO1
YML061C	PIF1
YKL205W	LOS1
YKL137W	CMC1
YDL001W	RMD1
YGL041W-A	
YCR028C-A	RIM1
YGR171C	MSM1
YHR067W	HTD2
YBR056W	
YNL208W	
YGR220C	MRPL9
YLR355C	ILV5
YER168C	CCA1
YBL030C	PET9
YLR446W	
YKL028W	TFA1
YIL157C	COA1
YMR252C	
YGR144W	THI4
YGR178C	PBP1
YOR221C	MCT1
YKR010C	TOF2
YIR038C	GTT1
YGR207C	CIR1
YPL183W-A	RTC6
YMR243C	ZRC1
YMR145C	NDE1
YCL064C	CHA1
YDL226C	GCS1
YLR043C	TRX1
YPR054W	SMK1
YHR038W	RRF1
YML072C	TCB3
YNL328C	MDJ2
YKL212W	SAC1
YDL078C	MDH3
YGL085W	LCL3
YNL081C	SWS2
YER086W	ILV1
YDR529C	QCR7
YMR293C	HER2
YGR254W	ENO1
YGR235C	
YHR042W	NCP1
YJL130C	URA2
YDR347W	MRP1
YBL090W	MRP21
YNR037C	RSM19
YGR236C	SPG1
YPL173W	MRPL40
YPR098C	
YDR516C	EMI2
YOR201C	MRM1
YJL045W	
YOR065W	CYT1
YOR045W	TOM6
YDR233C	RTN1
YMR188C	MRPS17
YER074W	RPS24A
YJR122W	IBA57
YPR095C	SYT1
YMR128W	ECM16
YKL026C	GPX1
YDR049W	VMS1
YEL063C	CAN1
YKL044W	MMO1
YDR353W	TRR1
YMR267W	PPA2
YJR148W	BAT2
YJL123C	MTC1
YMR152W	YIM1
YDR141C	DOP1
YOL023W	IFM1
YAL044W-A	BOL1
YDR194C	MSS116
YIL148W	RPL40A
YEL061C	CIN8
YJL046W	AIM22
YMR228W	MTF1
YLR351C	NIT3
YPL283C	YRF1-7
YJL071W	ARG2
YLR183C	TOS4
YPL206C	PGC1
YOL126C	MDH2
YER140W	EMP65
YLR442C	SIR3
YGL221C	NIF3
YDL240W	LRG1
YLR380W	CSR1
YNR003C	RPC34
YIL114C	POR2
YDR185C	UPS3
YLR422W	DCK1
YHR199C	AIM46
YBR185C	MBA1
YKL037W	AIM26
YJR089W	BIR1
YOR147W	MDM32
YOR254C	SEC63
YDR419W	RAD30
YPL083C	SEN54
YJR003C	MRX12
YGR234W	YHB1
YDR341C	
YJL116C	NCA3
YBR037C	SCO1
YGL245W	GUS1
YDR132C	
YGL005C	COG7
YMR056C	AAC1
YMR282C	AEP2
YHR030C	SLT2
YDL222C	FMP45
YIL087C	AIM19
YGL249W	ZIP2
YKL106W	AAT1
YHR162W	MPC2
YJR104C	SOD1
YPR081C	GRS2
YOR136W	IDH2
YCL017C	NFS1
YBR269C	SDH8
YLR454W	FMP27
YPR097W	
YOR205C	GEP3
YJL126W	NIT2
YNL274C	GOR1
YJL166W	QCR8
YJL023C	PET130
YMR062C	ARG7
YFR033C	QCR6
YMR038C	CCS1
YJL094C	KHA1
YDL067C	COX9
YGL139W	FLC3
YKR065C	PAM17
YGR088W	CTT1
YOR305W	RRG7
YBR208C	DUR1,2
YFR031C	SMC2
YLR132C	USB1
YHR183W	GND1
YLR038C	COX12
YDR322C-A	TIM11
YLR139C	SLS1
YKL085W	MDH1
YDL130W-A	STF1
YLR305C	STT4
YER026C	CHO1
YDL069C	CBS1
YKL003C	MRP17
YJL109C	UTP10
Q0060	AI3
YDR178W	SDH4
YCR012W	PGK1
YMR113W	FOL3
YGL002W	ERP6
YLL024C	SSA2
YJL133C-A	
YKL132C	RMA1
YJL178C	ATG27
YNL320W	
YLR348C	DIC1
YPL226W	NEW1
YBR268W	MRPL37
YOR074C	CDC21
