YJL160C	PIR5
YDR542W	PAU10
YER011W	TIR1
YOR214C	SPR2
YOL154W	ZPS1
YGL028C	SCW11
YIR039C	YPS6
YEL040W	UTR2
YLR390W-A	CCW14
YOL161C	PAU20
YLR110C	CCW12
YHR143W	DSE2
YPL163C	SVS1
YKL096W-A	CWP2
YJR150C	DAN1
YOR190W	SPR1
YKR102W	FLO10
YDR077W	SED1
YIL123W	SIM1
YNL190W	
YJR009C	TDH2
YOR009W	TIR4
YDL024C	DIA3
YJL159W	HSP150
YGR279C	SCW4
YER150W	SPI1
YIL011W	TIR3
YDR349C	YPS7
YKR042W	UTH1
YOR394W	PAU21
YCL048W	SPS22
YBR067C	TIP1
YLR343W	GAS2
YIL169C	
YBR040W	FIG1
YJL223C	PAU1
YOL132W	GAS4
YJL171C	TOH1
YAL063C	FLO9
YKL224C	PAU16
YNR067C	DSE4
YCR104W	PAU3
YDR144C	MKC7
YHL046C	PAU13
YAR020C	PAU7
YOR382W	FIT2
YJL052W	TDH1
YAR050W	FLO1
YLR213C	CRR1
YBR092C	PHO3
YKL163W	PIR3
YPL282C	PAU22
YOL155C	HPF1
YOR010C	TIR2
YHR215W	PHO12
YMR215W	GAS3
YIL176C	PAU14
YMR305C	SCW10
YJL158C	CIS3
YKL096W	CWP1
YPL154C	PEP4
YOL030W	GAS5
YLR300W	EXG1
YDL049C	KNH1
YAR071W	PHO11
YJL078C	PRY3
YEL049W	PAU2
YLR194C	NCW2
YFL020C	PAU5
YAL005C	SSA1
YLR121C	YPS3
YNL066W	SUN4
YJR004C	SAG1
YDR055W	PST1
YBR162C	TOS1
YNR076W	PAU6
YBR301W	PAU24
YCR089W	FIG2
YLR120C	YPS1
YGL261C	PAU11
YGR282C	BGL2
YGR192C	TDH3
YOR383C	FIT3
YNL322C	KRE1
YMR006C	PLB2
YGL259W	YPS5
YGR294W	PAU12
YHR211W	FLO5
YDR261C	EXG2
YNL327W	EGT2
YIR041W	PAU15
YDR522C	SPS2
YNR044W	AGA1
YJR151C	DAN4
YNL300W	TOS6
YLL025W	PAU17
YBR093C	PHO5
YOR247W	SRL1
YJR091C	JSN1
YMR325W	PAU19
YKL164C	PIR1
YLL064C	PAU18
YLR461W	PAU4
YGR189C	CRH1
YLR042C	
YJL116C	NCA3
YAL068C	PAU8
YKL165C	MCD4
YDR534C	FIT1
YLL024C	SSA2
YKL060C	FBA1
YPR026W	ATH1
YGL032C	AGA2
YBR078W	ECM33
YLR040C	AFB1
YIL015W	BAR1
YLR286C	CTS1
YMR307W	GAS1
YLR037C	PAU23
YPL130W	SPO19
