YGL041C-B	
YEL063C	CAN1
YNL287W	SEC21
YMR152W	YIM1
YNL095C	
YOR165W	SEY1
YMR251W-A	HOR7
YLR242C	ARV1
YHR039C	MSC7
YOR016C	ERP4
YLR130C	ZRT2
YJR118C	ILM1
YER140W	EMP65
YJR015W	
YPR138C	MEP3
YDR056C	EMC10
YLR380W	CSR1
YPL243W	SRP68
YPR027C	
YKR030W	GMH1
YGL053W	PRM8
YOR254C	SEC63
YPR091C	NVJ2
YLR208W	SEC13
YFL025C	BST1
YAR042W	SWH1
YCR068W	ATG15
YDR498C	SEC20
YER074W-A	YOS1
YDR182W	CDC1
YJL094C	KHA1
YGL258W	VEL1
YPL274W	SAM3
YML067C	ERV41
YGL139W	FLC3
YPL050C	MNN9
YPR114W	
YCR067C	SED4
YGL126W	SCS3
YBL020W	RFT1
YGL027C	CWH41
YDL093W	PMT5
YGL231C	EMC4
YLR064W	PER33
YCR044C	PER1
YKL165C	MCD4
YIL090W	ICE2
YER026C	CHO1
YBR183W	YPC1
YDR461W	MFA1
YLR157C	ASP3-2
YCL043C	PDI1
YCL025C	AGP1
YLL048C	YBT1
YGL002W	ERP6
YPR192W	AQY1
YLR057W	MNL2
YNL320W	
YHR072W	ERG7
YBR058C-A	TSC3
YJL062W	LAS21
YKL046C	DCW1
YMR306W	FKS3
YLR050C	
YBR287W	
YIL089W	
YML059C	NTE1
YMR013C	SEC59
YJL196C	ELO1
YNL046W	
YFR039C	OSW7
YMR296C	LCB1
YMR101C	SRT1
YDR297W	SUR2
YHR142W	CHS7
YER039C	HVG1
YPR183W	DPM1
YLR440C	SEC39
YER019W	ISC1
YML130C	ERO1
YDL195W	SEC31
YCL027W	FUS1
YAL058W	CNE1
YMR292W	GOT1
YGL051W	MST27
YOL060C	MAM3
YJL097W	PHS1
YLR292C	SEC72
YPR170W-B	
YLR034C	SMF3
YGL010W	MPO1
YDR205W	MSC2
YFL004W	VTC2
YDR411C	DFM1
YLR047C	FRE8
YMR022W	UBC7
YAR028W	
YGL032C	AGA2
YFR048W	RMD8
YNL159C	ASI2
YHR110W	ERP5
YAL007C	ERP2
YDR459C	PFA5
YOR032W-A	
YOR223W	DSC3
YDL027C	MRX9
YBR078W	ECM33
YKR067W	GPT2
YNL264C	PDR17
YLR160C	ASP3-4
YLR286C	CTS1
YHR181W	SVP26
YNL219C	ALG9
YLR100W	ERG27
YLR088W	GAA1
YJR134C	SGM1
YKL008C	LAC1
YML066C	SMA2
YKL119C	VPH2
