YMR290C	HAS1
YCR031C	RPS14A
YPL217C	BMS1
YGR251W	NOP19
YDR299W	BFR2
YBR247C	ENP1
YPL090C	RPS6A
YJR002W	MPP10
YJR145C	RPS4A
YDL083C	RPS16B
YHR169W	DBP8
YNL224C	SQS1
YJL010C	NOP9
YPL081W	RPS9A
YPL266W	DIM1
YDR083W	RRP8
YDR064W	RPS13
YHR148W	IMP3
YMR143W	RPS16A
YGL120C	PRP43
YLR409C	UTP21
YDL213C	NOP6
YCL059C	KRR1
YLR186W	EMG1
YNL308C	KRI1
YLR197W	NOP56
YPR112C	MRD1
YGR081C	SLX9
YPL012W	RRP12
YNL075W	IMP4
YDR025W	RPS11A
YER082C	UTP7
YBL004W	UTP20
YML063W	RPS1B
YNL178W	RPS3
YDR324C	UTP4
YLR129W	DIP2
YMR014W	BUD22
YHR203C	RPS4B
YOL010W	RCL1
YOR145C	PNO1
YLR175W	CBF5
YOR078W	BUD21
YBR189W	RPS9B
YGR214W	RPS0A
YFL002C	SPB4
YHR196W	UTP9
YLR340W	RPP0
YCR057C	PWP2
YDL014W	NOP1
YGR145W	ENP2
YDL148C	NOP14
YLL011W	SOF1
YPR137W	RRP9
YBL072C	RPS8A
YMR229C	RRP5
YOR310C	NOP58
YGR128C	UTP8
YDR449C	UTP6
YLR048W	RPS0B
YGR090W	UTP22
YER102W	RPS8B
YBR048W	RPS11B
YOR287C	RRP36
YPL126W	NAN1
YDL060W	TSR1
YBR181C	RPS6B
YGL171W	ROK1
YLR003C	CMS1
YLR441C	RPS1A
YPR144C	NOC4
YJL069C	UTP18
YMR128W	ECM16
YNL096C	RPS7B
YJR123W	RPS5
YNL132W	KRE33
YKR060W	UTP30
YJL109C	UTP10
YLR222C	UTP13
YOR096W	RPS7A
YMR093W	UTP15
YFL009W	CDC4
