YMR290C	HAS1
YOL072W	THP1
YLR025W	SNF7
YPL192C	PRM3
YIL016W	SNL1
YER105C	NUP157
YJL061W	NUP82
YML075C	HMG1
YGL075C	MPS2
YKR082W	NUP133
YPL125W	KAP120
YDR458C	HEH2
YGR159C	NSR1
YKR044W	UIP5
YNL199C	GCR2
YJL030W	MAD2
YCR086W	CSM1
YKR095W	MLP1
YPR174C	
YNR075W	COS10
YHR195W	NVJ1
YDR159W	SAC3
YIL149C	MLP2
YGL100W	SEH1
YAR027W	UIP3
YDL116W	NUP84
YJL079C	PRY1
YOR373W	NUD1
YMR284W	YKU70
YNL149C	PGA2
YPL020C	ULP1
YGL016W	KAP122
YDL019C	OSH2
YMR134W	ERG29
YPL255W	BBP1
YOR098C	NUP1
YDR120C	TRM1
YOR060C	SLD7
YPL186C	UIP4
YDR196C	CAB5
YER107C	GLE2
YIL030C	SSM4
YAR002W	NUP60
YJL019W	MPS3
YLR347C	KAP95
YFR002W	NIC96
YIL040W	APQ12
YGL086W	MAD1
YEL002C	WBP1
YIL115C	NUP159
YER120W	SCS2
YNL189W	SRP1
YHL020C	OPI1
YMR047C	NUP116
YGR202C	PCT1
YLR158C	ASP3-3
YPL075W	GCR1
YGL247W	BRR6
YDL207W	GLE1
YLR335W	NUP2
YHR076W	PTC7
YMR298W	LIP1
YEL019C	MMS21
YER009W	NTF2
YJL039C	NUP192
YLR450W	HMG2
YNL181W	PBR1
YLR018C	POM34
YHR036W	BRL1
YNL158W	PGA1
YKL068W	NUP100
YCR045C	RRT12
YML031W	NDC1
YBR273C	UBX7
YBL079W	NUP170
YDR192C	NUP42
YGR212W	SLI1
YGL241W	KAP114
YHR134W	WSS1
YLR155C	ASP3-1
YOR269W	PAC1
YGR119C	NUP57
YDR437W	GPI19
YDL193W	NUS1
YGL238W	CSE1
YDR424C	DYN2
YMR153W	NUP53
YDR395W	SXM1
YLR208W	SEC13
YAR042W	SWH1
YGL172W	NUP49
YKL045W	PRI2
YLR064W	PER33
YLR157C	ASP3-2
YML034W	SRC1
YML103C	NUP188
YDL088C	ASM4
YLR440C	SEC39
YJR132W	NMD5
YBL035C	POL12
YHL048W	COS8
YLR160C	ASP3-4
YJR042W	NUP85
YLR286C	CTS1
YKL057C	NUP120
YMR129W	POM152
