YDR492W	IZH1
YHL031C	GOS1
YPR139C	
YML125C	PGA3
YNR026C	SEC12
YML055W	SPC2
YJR088C	EMC2
YOL081W	IRA2
YPR103W	PRE2
YOL003C	PFA4
YDL015C	TSC13
YPL244C	HUT1
YAL053W	FLC2
YJR131W	MNS1
YHR007C	ERG11
YMR202W	ERG2
YBR243C	ALG7
YDR200C	VPS64
YML013W	UBX2
YPL218W	SAR1
YIL016W	SNL1
YGL145W	TIP20
YPR181C	SEC23
YGL098W	USE1
YNL304W	YPT11
YOR157C	PUP1
YHR073W	OSH3
YGR172C	YIP1
YML075C	HMG1
YEL036C	ANP1
YMR149W	SWP1
YNL263C	YIF1
YLR072W	LAM6
YOL065C	INP54
YOR092W	ECM3
YDR319C	
YER094C	PUP3
YPL175W	SPT14
YDR302W	GPI11
YLR056W	ERG3
YNL257C	SIP3
YLR310C	CDC25
YDR307W	PMT7
YIR022W	SEC11
YLL052C	AQY2
YKR044W	UIP5
YDR057W	YOS9
YAL023C	PMT2
YNL080C	EOS1
YLR378C	SEC61
YLR023C	IZH3
YGR038W	ORM1
YNL048W	ALG11
YHR079C	IRE1
YOR154W	SLP1
YOL101C	IZH4
YOR085W	OST3
YGL022W	STT3
YMR052W	FAR3
YMR065W	KAR5
YBL082C	ALG3
YGL084C	GUP1
YDR294C	DPL1
YKL100C	YPF1
YAL042W	ERV46
YEL004W	YEA4
YPL200W	CSM4
YLR301W	HRI1
YGR157W	CHO2
YCR011C	ADP1
YOR311C	DGK1
YMR161W	HLJ1
YDL010W	GRX6
YDL065C	PEX19
YDR349C	YPS7
YLR078C	BOS1
YLR404W	
YPL210C	SRP72
YBR002C	RER2
YGR177C	ATF2
YOR002W	ALG6
YLL055W	YCT1
YDL232W	OST4
YOR044W	IRC23
YNR039C	ZRG17
YDR410C	STE14
YIL005W	EPS1
YDL072C	YET3
YGL065C	ALG2
YLR080W	EMP46
YER012W	PRE1
YLL006W	MMM1
YDR326C	YSP2
YMR200W	ROT1
YKL207W	
YIL004C	BET1
YPR113W	PIS1
YNL087W	TCB2
YGL225W	VRG4
YDR414C	ERD1
YBL100C	
YHR001W	OSH7
YPL087W	YDC1
YNL024C-A	KSH1
YDL149W	ATG9
YGR284C	ERV29
YPL189W	GUP2
YNL149C	PGA2
YDL019C	OSH2
YMR134W	ERG29
YJL002C	OST1
YOL110W	SHR5
YPL186C	UIP4
YFR041C	ERJ5
YML115C	VAN1
YLL023C	POM33
YLR065C	ENV10
YLL031C	GPI13
YGL020C	GET1
YNL305C	BXI1
YIL109C	SEC24
YDL058W	USO1
YJL073W	JEM1
YLR026C	SED5
YLR246W	ERF2
YOR075W	UFE1
YGR089W	NNF2
YGL200C	EMP24
YML012W	ERV25
YGL055W	OLE1
YIL039W	TED1
YBR171W	SEC66
YCR017C	CWH43
YDR331W	GPI8
YNL146W	
YNR021W	
YIL030C	SSM4
YDL204W	RTN2
YHR190W	ERG9
YKL154W	SRP102
YLR004C	THI73
YBR159W	IFA38
YMR272C	SCS7
YDL100C	GET3
YGL226C-A	OST5
YNR016C	ACC1
YGR175C	ERG1
YLL014W	EMC6
YIL040W	APQ12
YGR105W	VMA21
YOL013C	HRD1
YEL002C	WBP1
YHR080C	LAM4
YMR040W	YET2
YNL127W	FAR11
YDR086C	SSS1
YPR003C	
YHL003C	LAG1
YER120W	SCS2
YDR245W	MNN10
YHR133C	NSG1
YMR274C	RCE1
YDR434W	GPI17
YPL227C	ALG5
YJL145W	SFH5
YHR101C	BIG1
YCL045C	EMC1
YCL005W	LDB16
YHR098C	SFB3
YOR175C	ALE1
YPR037C	ERV2
YNL098C	RAS2
YKL065C	YET1
YGR227W	DIE2
YGL142C	GPI10
YNL049C	SFB2
YOR086C	TCB1
YNR019W	ARE2
YBR110W	ALG1
YGR263C	SAY1
YER053C-A	
YNR030W	ALG12
YDR320C	SWA2
YNL038W	GPI15
YMR281W	GPI12
YER044C	ERG28
YNR008W	LRO1
YOR324C	FRT1
YBR162W-A	YSY6
YLR066W	SPC3
YJR117W	STE24
YKL130C	SHE2
YJL134W	LCB3
YER100W	UBC6
YFR008W	FAR7
YDL212W	SHR3
YBL041W	PRE7
YKL196C	YKT6
YOR245C	DGA1
YOL009C	MDM12
YHR188C	GPI16
YJL192C	SOP4
YBL040C	ERD2
YOL044W	PEX15
YPR028W	YOP1
YGL038C	OCH1
YGL047W	ALG13
YBR029C	CDS1
YGR106C	VOA1
YPR071W	
YOR067C	ALG8
YNL321W	VNX1
YPL221W	FLC1
YHR176W	FMO1
YIL027C	
YLR372W	
YMR197C	VTI1
YBR210W	ERV15
YJL001W	PRE3
YBR106W	PHO88
YBR005W	RCR1
YLR207W	HRD3
YBR132C	AGP2
YPL085W	SEC16
YAL028W	FRT2
YAL009W	SPO7
YDL121C	
YLR205C	HMX1
YNL012W	SPO1
YOR171C	LCB4
YJL034W	KAR2
YGR036C	CAX4
YDL018C	ERP3
YBR130C	SHE3
YMR298W	LIP1
YNL130C	CPT1
YBR004C	GPI18
YGR216C	GPI1
YKR053C	YSR3
YML048W	GSF2
YJR010C-A	SPC1
YOR149C	SMP3
YLR450W	HMG2
YNL181W	PBR1
YKR039W	GAP1
YER019C-A	SBH2
YFL048C	EMP47
YNL158W	PGA1
YML019W	OST6
YLR459W	GAB1
YGL001C	ERG26
YBR036C	CSG2
YHR155W	LAM1
YJL005W	CYR1
YMR123W	PKR1
YMR165C	PAH1
YCR048W	ARE1
YLR238W	FAR10
YHR140W	
YPL076W	GPI2
YAR002C-A	ERP1
YGL054C	ERV14
YIL023C	YKE4
YLR268W	SEC22
YNL156C	NSG2
YJR073C	OPI3
YJR143C	PMT4
YMR029C	FAR8
YMR122W-A	
YER083C	GET2
YOR321W	PMT3
YGR060W	ERG25
YHL028W	WSC4
YBR265W	TSC10
YIL043C	CBR1
YBR170C	NPL4
YNL242W	ATG2
YFL042C	
YEL031W	SPF1
YFR042W	KEG1
YNL111C	CYB5
YFR050C	PRE4
YHR192W	LNP1
YIL049W	DFG10
YDR126W	SWF1
YPR063C	
YDL126C	CDC48
YBR283C	SSH1
YHR004C	NEM1
YGR199W	PMT6
YBR201W	DER1
YPL096C-A	ERI1
YDR292C	SRP101
YNL125C	ESBP6
YBR070C	ALG14
YFL038C	YPT1
YCR034W	
YCL052C	PBN1
YMR264W	CUE1
YPR105C	COG4
YLR350W	ORM2
YLR312C	
YDR519W	FPR2
YPL094C	SEC62
YDL095W	PMT1
YKR003W	OSH6
YIR038C	GTT1
YJL080C	SCP160
YOR152C	ATG40
YNL231C	PDR16
YOR103C	OST2
YOR377W	ATF1
YJR013W	GPI14
YNL258C	DSL1
YMR015C	ERG5
YML072C	TCB3
YKL212W	SAC1
YDR437W	GPI19
YHR042W	NCP1
YML029W	USA1
YKL006C-A	SFT1
YEL001C	IRC22
YDL193W	NUS1
YBL011W	SCT1
YER087C-B	SBH1
YJL091C	GWT1
YDR233C	RTN1
YDR049W	VMS1
YOR165W	SEY1
YLR242C	ARV1
YOR016C	ERP4
YJR118C	ILM1
YER140W	EMP65
YJR015W	
YDR056C	EMC10
YKR030W	GMH1
YOR254C	SEC63
YPR091C	NVJ2
YLR208W	SEC13
YFL025C	BST1
YAR042W	SWH1
YCR068W	ATG15
YDR498C	SEC20
YER074W-A	YOS1
YML067C	ERV41
YGL139W	FLC3
YPL050C	MNN9
YPR114W	
YCR067C	SED4
YGL126W	SCS3
YBL020W	RFT1
YGL027C	CWH41
YDL093W	PMT5
YGL231C	EMC4
YLR064W	PER33
YCR044C	PER1
YKL165C	MCD4
YBR172C	SMY2
YIL090W	ICE2
YER026C	CHO1
YBR183W	YPC1
YBL091C-A	SCS22
YGL002W	ERP6
YPR192W	AQY1
YLR057W	MNL2
YHR072W	ERG7
YBR058C-A	TSC3
YJL062W	LAS21
YLR050C	
YML059C	NTE1
YMR013C	SEC59
YJL196C	ELO1
YNL046W	
YFL027C	GYP8
YMR296C	LCB1
YDR297W	SUR2
YHR142W	CHS7
YER039C	HVG1
YPR183W	DPM1
YLR440C	SEC39
YER019W	ISC1
YML130C	ERO1
YDL195W	SEC31
YAL058W	CNE1
YJL097W	PHS1
YPR170W-B	
YLR034C	SMF3
YGL010W	MPO1
YDR205W	MSC2
YDR411C	DFM1
YMR022W	UBC7
YHR110W	ERP5
YAL007C	ERP2
YOR223W	DSC3
YKR067W	GPT2
YNL219C	ALG9
YLR100W	ERG27
YLR088W	GAA1
YKL008C	LAC1
YKL119C	VPH2
