YHL002W	HSE1
YGR167W	CLC1
YPL218W	SAR1
YPR181C	SEC23
YNL263C	YIF1
YLR170C	APS1
YLR411W	CTR3
YDR238C	SEC26
YFL034W	MIL1
YBR023C	CHS3
YGL225W	VRG4
YDL145C	COP1
YDL149W	ATG9
YKL077W	
YIL118W	RHO3
YEL005C	VAB2
YIL109C	SEC24
YDL058W	USO1
YEL065W	SIT1
YPL010W	RET3
YML038C	YMD8
YNL272C	SEC2
YGL137W	SEC27
YGR105W	VMA21
YGR261C	APL6
YBR105C	VID24
YNL090W	RHO2
YAR033W	MST28
YJL085W	EXO70
YBR029C	CDS1
YKR055W	RHO4
YJL024C	APS3
YJR125C	ENT3
YDL121C	
YIL076W	SEC28
YHL019C	APM2
YBR288C	APM3
YBR102C	EXO84
YPR165W	RHO1
YMR258C	ROY1
YGL206C	CHC1
YFL005W	SEC4
YHL040C	ARN1
YFL038C	YPT1
YGR066C	
YFR051C	RET2
YJL151C	SNA3
YJL123C	MTC1
YNL287W	SEC21
YPL120W	VPS30
YBL078C	ATG8
YLR208W	SEC13
YML067C	ERV41
YJL178C	ATG27
YER039C	HVG1
YDL195W	SEC31
YGL051W	MST27
YPR029C	APL4
YPL195W	APL5
YPL259C	APM1
YOL062C	APM4
YDR108W	TRS85
