YHL002W	HSE1
YKL002W	DID4
YLR025W	SNF7
YNL297C	MON2
YPL084W	BRO1
YJR044C	VPS55
YLR181C	VTA1
YJR040W	GEF1
YDR425W	SNX41
YHL047C	ARN2
YBR097W	VPS15
YFR021W	ATG18
YHR039C-A	VMA10
YOR036W	PEP12
YAL014C	SYN8
YKL124W	SSH4
YKL041W	VPS24
YHR105W	YPT35
YMR110C	HFD1
YBL007C	SLA1
YHR026W	VMA16
YAL030W	SNC1
YOR332W	VMA4
YMR077C	VPS20
YJL029C	VPS53
YEL065W	SIT1
YOR069W	VPS5
YPR173C	VPS4
YNR006W	VPS27
YER166W	DNF1
YKL213C	DOA1
YER125W	RSP5
YKR035W-A	DID2
YGR223C	HSV2
YDL113C	ATG20
YOL158C	ENB1
YDR153C	ENT5
YPL002C	SNF8
YPL234C	VMA11
YIL048W	NEO1
YNL006W	LST8
YDR456W	NHX1
YKL196C	YKT6
YLR083C	EMP70
YGR106C	VOA1
YDR027C	VPS54
YJL036W	SNX4
YGR170W	PSD2
YJR066W	TOR1
YMR197C	VTI1
YPR036W	VMA13
YPR109W	
YGR020C	VMA7
YLR360W	VPS38
YOR089C	VPS21
YLR240W	VPS34
YDR468C	TLG1
YLR447C	VMA6
YPR165W	RHO1
YBR127C	VMA2
YMR010W	ANY1
YCL005W-A	VMA9
YDR313C	PIB1
YDR486C	VPS60
YKL080W	VMA5
YDR484W	VPS52
YDL185W	VMA1
YFR019W	FAB1
YEL027W	VMA3
YHL040C	ARN1
YOR327C	SNC2
YNL084C	END3
YMR054W	STV1
YMR171C	EAR1
YIL173W	VTH1
YOL018C	TLG2
YPR079W	MRL1
YEL063C	CAN1
YEL051W	VMA8
YDR141C	DOP1
YIR006C	PAN1
YJR102C	VPS25
YLR386W	VAC14
YKR020W	VPS51
YPL120W	VPS30
YHR005C	GPA1
YBR164C	ARL1
YCR075C	ERS1
YLR417W	VPS36
YPR170W-B	
YPL195W	APL5
YNL264C	PDR17
YLL040C	VPS13
