YJL204C	RCY1
YHL002W	HSE1
YKL002W	DID4
YLR025W	SNF7
YPL183C	RTT10
YNL297C	MON2
YPL084W	BRO1
YKL061W	BLI1
YGR142W	BTN2
YJR044C	VPS55
YLR181C	VTA1
YKR014C	YPT52
YGL079W	KXD1
YML001W	YPT7
YJR040W	GEF1
YDR425W	SNX41
YHL047C	ARN2
YLR170C	APS1
YCR102W-A	
YBR097W	VPS15
YFR021W	ATG18
YML132W	COS3
YHL042W	
YFL034W	MIL1
YOR132W	VPS17
YCR094W	CDC50
YOR036W	PEP12
YLR073C	RFU1
YAL014C	SYN8
YKR078W	
YPL045W	VPS16
YKL124W	SSH4
YKL041W	VPS24
YHR105W	YPT35
YDR264C	AKR1
YGL210W	YPT32
YNR075W	COS10
YJR161C	COS5
YBR246W	RRT2
YMR110C	HFD1
YBL007C	SLA1
YKL039W	PTM1
YOR275C	RIM20
YAL030W	SNC1
YMR077C	VPS20
YER128W	VFA1
YFL062W	COS4
YFL014W	HSP12
YNL086W	SNN1
YJL029C	VPS53
YEL005C	VAB2
YEL065W	SIT1
YOR069W	VPS5
YPR173C	VPS4
YGR198W	YPP1
YNR006W	VPS27
YBR264C	YPT10
YER166W	DNF1
YBR131W	CCZ1
YDL248W	COS7
YKL213C	DOA1
YMR004W	MVP1
YLR119W	SRN2
YKR035W-A	DID2
YGR223C	HSV2
YDL113C	ATG20
YOL158C	ENB1
YDR153C	ENT5
YPL002C	SNF8
YIL048W	NEO1
YDR495C	VPS3
YDR357C	CNL1
YDL161W	ENT1
YDR456W	NHX1
YNL265C	IST1
YER031C	YPT31
YPL065W	VPS28
YDR080W	VPS41
YDR069C	DOA4
YKL196C	YKT6
YGL263W	COS12
YLR083C	EMP70
YCL008C	STP22
YBR302C	COS2
YDR027C	VPS54
YJL036W	SNX4
YGR170W	PSD2
YKL219W	COS9
YKR031C	SPO14
YPR109W	
YJR125C	ENT3
YLR360W	VPS38
YIL076W	SEC28
YJL044C	GYP6
YOR089C	VPS21
YOR171C	LCB4
YHL019C	APM2
YLR408C	BLS1
YHR012W	VPS29
YLR240W	VPS34
YKR039W	GAP1
YDR107C	TMN2
YAL002W	VPS8
YDR468C	TLG1
YPR165W	RHO1
YHR009C	TDA3
YJL100W	LSB6
YMR010W	ANY1
YDR524C	AGE1
YPL100W	ATG21
YDR313C	PIB1
YGR206W	MVB12
YDR486C	VPS60
YKR106W	GEX2
YDR484W	VPS52
YFL005W	SEC4
YFR019W	FAB1
YHL040C	ARN1
YOR327C	SNC2
YLR206W	ENT2
YNL084C	END3
YMR054W	STV1
YOR357C	SNX3
YDL226C	GCS1
YJL151C	SNA3
YLR148W	PEP3
YGL124C	MON1
YMR171C	EAR1
YIL173W	VTH1
YOL018C	TLG2
YPR079W	MRL1
YEL063C	CAN1
YCL073C	GEX1
YNL287W	SEC21
YDR141C	DOP1
YIR006C	PAN1
YJR102C	VPS25
YLR380W	CSR1
YJL154C	VPS35
YKR020W	VPS51
YPL120W	VPS30
YJL053W	PEP8
YCR068W	ATG15
YHR005C	GPA1
YMR231W	PEP5
YCR075C	ERS1
YDR202C	RAV2
YPL170W	DAP1
YLR417W	VPS36
YGR295C	COS6
YHL048W	COS8
YNL336W	COS1
YNL264C	PDR17
YLL040C	VPS13
