YHL031C	GOS1
YJL139C	YUR1
YNL297C	MON2
YLR220W	CCC1
YDR367W	KEI1
YJR131W	MNS1
YMR017W	SPO20
YDR483W	KRE2
YPL218W	SAR1
YPL145C	KES1
YPR181C	SEC23
YNL304W	YPT11
YGR172C	YIP1
YJR040W	GEF1
YOL107W	
YEL036C	ANP1
YNL263C	YIF1
YNL044W	YIP3
YBR097W	VPS15
YDR238C	SEC26
YFL034W	MIL1
YKR044W	UIP5
YHR039C-A	VMA10
YOR216C	RUD3
YOR099W	KTR1
YOR036W	PEP12
YAL026C	DRS2
YAL014C	SYN8
YOL073C	DSC2
YAL042W	ERV46
YMR079W	SEC14
YDR264C	AKR1
YNL041C	COG6
YGL210W	YPT32
YDR373W	FRQ1
YOR311C	DGK1
YKL034W	TUL1
YLR078C	BOS1
YMR183C	SSO2
YGL167C	PMR1
YKL039W	PTM1
YHR026W	VMA16
YLR080W	EMP46
YAL030W	SNC1
YIL004C	BET1
YGL225W	VRG4
YDL145C	COP1
YPL087W	YDC1
YNL024C-A	KSH1
YDL149W	ATG9
YOR332W	VMA4
YPL246C	RBD2
YML115C	VAN1
YHR204W	MNL1
YGL020C	GET1
YCL001W	RER1
YIL109C	SEC24
YDL058W	USO1
YLR026C	SED5
YPL010W	RET3
YML038C	YMD8
YOR069W	VPS5
YGL200C	EMP24
YML012W	ERV25
YER166W	DNF1
YLR039C	RIC1
YER122C	GLO3
YKL174C	TPO5
YIL014W	MNT3
YGL095C	VPS45
YGL137W	SEC27
YKL179C	COY1
YPL057C	SUR1
YDR245W	MNN10
YPR159W	KRE6
YGR009C	SEC9
YPL234C	VMA11
YEL042W	GDA1
YHR098C	SFB3
YIL048W	NEO1
YNL049C	SFB2
YKR061W	KTR2
YMR162C	DNF3
YDR084C	TVP23
YNL006W	LST8
YLR309C	IMH1
YDR093W	DNF2
YER031C	YPT31
YDR503C	LPP1
YKL196C	YKT6
YPR028W	YOP1
YGL038C	OCH1
YGR106C	VOA1
YGR209C	TRX2
YGR170W	PSD2
YER157W	COG3
YDR137W	RGP1
YKR088C	TVP38
YJR066W	TOR1
YMR197C	VTI1
YPR036W	VMA13
YOR320C	GNT1
YPR109W	
YGR020C	VMA7
YPL085W	SEC16
YOR079C	ATX2
YDL121C	
YLR360W	VPS38
YBR161W	CSH1
YIL076W	SEC28
YOR171C	LCB4
YJL183W	MNN11
YHL019C	APM2
YLR260W	LCB5
YLR240W	VPS34
YDR468C	TLG1
YLR447C	VMA6
YMR071C	TVP18
YFL048C	EMP47
YHR123W	EPT1
YGR120C	COG2
YBR127C	VMA2
YDR189W	SLY1
YMR010W	ANY1
YCL005W-A	VMA9
YNL051W	COG5
YGL054C	ERV14
YDL091C	UBX3
YDR072C	IPT1
YLR268W	SEC22
YGL198W	YIP4
YKL080W	VMA5
YER113C	TMN3
YER083C	GET2
YGL257C	MNT2
YER005W	YND1
YDL185W	VMA1
YEL027W	VMA3
YOR034C	AKR2
YOR327C	SNC2
YFL038C	YPT1
YPR105C	COG4
YMR054W	STV1
YOR357C	SNX3
YDR100W	TVP15
YDR517W	GRH1
YML071C	COG8
YLR043C	TRX1
YFR051C	RET2
YKL212W	SAC1
YKL006C-A	SFT1
YBL102W	SFT2
YOL018C	TLG2
YPR095C	SYT1
YNL287W	SEC21
YEL051W	VMA8
YDR141C	DOP1
YLR242C	ARV1
YJL004C	SYS1
YPL232W	SSO1
YKR030W	GMH1
YPL120W	VPS30
YBR015C	MNN2
YGL005C	COG7
YIL041W	GVP36
YLR208W	SEC13
YAR042W	SWH1
YDR372C	VPS74
YCR068W	ATG15
YER074W-A	YOS1
YML067C	ERV41
YPL050C	MNN9
YCR067C	SED4
YKL165C	MCD4
YBR183W	YPC1
YLR057W	MNL2
YJL178C	ATG27
YNL204C	SPS18
YGL223C	COG1
YER039C	HVG1
YDL195W	SEC31
YBR187W	GDT1
YMR292W	GOT1
YPR170W-B	
YPR029C	APL4
YER001W	MNN1
YOR223W	DSC3
