YOR331C	
YNR074C	AIF1
YIL140W	AXL2
YLL043W	FPS1
YJL019W	MPS3
YOR104W	PIN2
YLL066W-A	
YHR190W	ERG9
YKL154W	SRP102
YJR095W	SFC1
YLR004C	THI73
YOR378W	AMF1
YPL098C	MGR2
YBR159W	IFA38
YFR036W-A	
YLR324W	PEX30
YKL174C	TPO5
YPR147C	
YMR272C	SCS7
YGL226C-A	OST5
YGR045C	
YGR175C	ERG1
YDL068W	
YFR045W	
YLR046C	
YGL008C	PMA1
YGR115C	
YIL014W	MNT3
YHR117W	TOM71
YDL026W	
YPR153W	MAY24
YBR008C	FLR1
YLL061W	MMP1
YJL077C	ICS3
YMR148W	OSW5
Q0105	COB
YOL027C	MDM38
YEL033W	MTC7
YBR038W	CHS2
YPR061C	JID1
YLL020C	
YNL065W	AQR1
YLL014W	EMC6
YHR001W-A	QCR10
YPL019C	VTC3
YDR504C	SPG3
YIL040W	APQ12
YIL100C-A	
YOR100C	CRC1
YGL214W	
YLR173W	
YOL026C	MIM1
YJL118W	
YPL279C	FEX2
YMR177W	MMT1
YGR105W	VMA21
YNL143C	
YDR396W	
YAR047C	
YAL022C	FUN26
YBR224W	
Q0055	AI2
YBR077C	SLM4
YOL013C	HRD1
YPL044C	
YEL002C	WBP1
YKL179C	COY1
YDR133C	
YHR180W-A	
YHR092C	HXT4
YPL057C	SUR1
YHR080C	LAM4
YEL064C	AVT2
YGL080W	MPC1
YMR040W	YET2
YBR168W	PEX32
YHL045W	
YDR187C	
YGR226C	
YDR417C	
YGL140C	
YKL220C	FRE2
YLR302C	
YDR521W	
YPL041C	MRX11
YDR086C	SSS1
YJR018W	
YPR003C	
YER093C-A	AIM11
YHL003C	LAG1
YPL185W	
YHR150W	PEX28
YOL158C	ENB1
YER120W	SCS2
YMR119W	ASI1
YKL209C	STE6
YDR245W	MNN10
YJL012C	VTC4
YNR025C	
YBR099C	
YDR431W	
YHR133C	NSG1
YPR159W	KRE6
YOR384W	FRE5
YGR023W	MTL1
YMR274C	RCE1
YDR434W	GPI17
YLL047W	
YLR001C	
YPL227C	ALG5
YNL324W	
YOR020W-A	
YHR101C	BIG1
YCL045C	EMC1
YCL005W	LDB16
YPL234C	VMA11
YIL006W	YIA6
YDL039C	PRM7
YEL042W	GDA1
YBR199W	KTR4
YIL048W	NEO1
YLR081W	GAL2
YHR145C	
YOR175C	ALE1
YPR037C	ERV2
YPL215W	CBP3
YKL141W	SDH3
YBL070C	
YKL065C	YET1
YBR054W	YRO2
YCR037C	PHO87
YGR227W	DIE2
YDR276C	PMP3
YPL112C	PEX25
YER190C-A	
YMR163C	INP2
YGL142C	GPI10
YDR545C-A	
YDL247W	MPH2
YOR086C	TCB1
YPR087W	VPS69
YKR061W	KTR2
YDR406W	PDR15
YAL047W-A	
YNR019W	ARE2
YGR257C	MTM1
YKR050W	TRK2
YDR269C	
YBR110W	ALG1
YMR162C	DNF3
YDR375C	BCS1
YNL019C	
YGR263C	SAY1
YMR241W	YHM2
YDR084C	TVP23
YHR130C	
YGR296C-B	
YHR149C	SKG6
YJL127C-B	
YBL094C	
YER053C-A	
YHR194W	MDM31
YAL016C-A	
YNR030W	ALG12
YHR213W-A	
YNL038W	GPI15
YMR281W	GPI12
YCR098C	GIT1
YOL037C	
YIL046W-A	
YDR456W	NHX1
YDL217C	TIM22
YER044C	ERG28
YBL053W	
YGL077C	HNM1
YNR008W	LRO1
YHR050W	SMF2
YMR026C	PEX12
YLR299W	ECM38
YGR016W	
YER053C	PIC2
YDR384C	ATO3
YDR149C	
YLR373C	VID22
YDR093W	DNF2
YMR150C	IMP1
YOR324C	FRT1
YLR092W	SUL2
YNL131W	TOM22
YMR126C	DLT1
YPR050C	
YGL057C	GEP7
YBR162W-A	YSY6
YLR066W	SPC3
YOR192C	THI72
YEL034C-A	
YJR117W	STE24
YML018C	
YMR003W	AIM34
YAR033W	MST28
YMR221C	FMP42
YPL176C	TRE1
YJR160C	MPH3
YAR069C	
YEL049W	PAU2
YLR402W	
YKL195W	MIA40
YLL051C	FRE6
YEL006W	YEA6
YKL064W	MNR2
YJL134W	LCB3
YER100W	UBC6
YJL219W	HXT9
YJL054W	TIM54
YER181C	
YDR503C	LPP1
YOL162W	
YDR215C	
YMR060C	SAM37
YLR123C	
YKL188C	PXA2
YLR353W	BUD8
YDL212W	SHR3
YKL196C	YKT6
YOR334W	MRS2
YJL038C	LOH1
YNL238W	KEX2
YGL263W	COS12
YJR152W	DAL5
YOR245C	DGA1
YOR153W	PDR5
YGL074C	
YFL055W	AGP3
YBR296C	PHO89
YHR188C	GPI16
YJL142C	IRC9
YJL192C	SOP4
YKR105C	VBA5
YDL159C-B	
YJR001W	AVT1
YDR510C-A	
YDR401W	
YLL067W-A	
YOR081C	TGL5
YPR012W	
YOL156W	HXT11
YAL067C	SEO1
YGL219C	MDM34
YBL040C	ERD2
YOL044W	PEX15
YPL103C	FMP30
YMR058W	FET3
YPR028W	YOP1
YLR356W	ATG33
YPR039W	
YDR135C	YCF1
YGL038C	OCH1
YCL057C-A	
YOR034C-A	
YOR306C	MCH5
YJL182C	
YFL020C	PAU5
YMR306C-A	
YMR193C-A	
YGR289C	MAL11
YLR083C	EMP70
YLR413W	INA1
YEL017C-A	PMP2
Q0115	BI3
YMR088C	VBA1
YMR253C	
YPR077C	
YCL044C	MGR1
YMR254C	
YGL149W	
YBR029C	CDS1
YER060W	FCY21
YBR192W	RIM2
YGR106C	VOA1
YGR004W	PEX31
YPR071W	
YOR067C	ALG8
YEL045C	
YPL182C	
YBR302C	COS2
YNL321W	VNX1
YOL105C	WSC3
YOR329W-A	
YGL247W	BRR6
YBR220C	
YER148W-A	
YFL067W	
YML133W-A	
YKL219W	COS9
YLR400W	
YBR290W	BSD2
YMR155W	
YMR313C	TGL3
YPR125W	YLH47
YNR072W	HXT17
YJR106W	ECM27
YKL178C	STE3
YPL221W	FLC1
YGR160W	
Q0130	OLI1
YDR393W	SHE9
YOR161C	PNS1
YNL142W	MEP2
YDR033W	MRH1
YIL027C	
YKR088C	TVP38
YLL037W	
YAL008W	FUN14
YLR372W	
YMR197C	VTI1
YBL062W	
YOR298W	MUM3
YIL085C	KTR7
YBR210W	ERV15
YNL174W	
YGL072C	
YOR320C	GNT1
YJL212C	OPT1
YBR106W	PHO88
YGR243W	MPC3
YBR005W	RCR1
YMR172C-A	
YKL150W	MCR1
YLR207W	HRD3
YPL053C	KTR6
YPR109W	
YPR159C-A	
YOR222W	ODC2
YGL088W	
YLR188W	MDL1
YBR132C	AGP2
YML052W	SUR7
YER154W	OXA1
YOR307C	SLY41
YGR231C	PHB2
YDR342C	HXT7
YAL028W	FRT2
YML101C-A	
YML047C	PRM6
YKL023C-A	
YHL017W	
YGL152C	
YGL212W	VAM7
YAL042C-A	
YLR171W	
YJR112W-A	
YAL065C	
YLR241W	CSC1
YOR079C	ATX2
YAL009W	SPO7
YNL318C	HXT14
YHL035C	VMR1
YDL121C	
YDR525W-A	SNA2
YIL030W-A	
YLR205C	HMX1
YJL170C	ASG7
YPR201W	ARR3
YBR161W	CSH1
YJL129C	TRK1
YIR036W-A	
YIL029C	
YNL012W	SPO1
YBR255W	MTC4
YBR205W	KTR3
YDR270W	CCC2
YLR230W	
YEL069C	HXT13
YNR065C	
YGR036C	CAX4
YJL183W	MNN11
YDL018C	ERP3
YAR053W	
YJR077C	MIR1
YNR056C	BIO5
YGL041C	
YKR016W	
YMR298W	LIP1
YBR295W	PCA1
YER017C	AFG3
YDL180W	
YNL130C	CPT1
YBR004C	GPI18
YGR216C	GPI1
YDL133W	SRF1
YKR053C	YSR3
YIL120W	QDR1
YPL168W	MRX4
YML048W	GSF2
YOR228C	MCP1
YJR010C-A	SPC1
YOR049C	RSB1
YAL059C-A	
YFL041W	FET5
YOR149C	SMP3
YLR450W	HMG2
YLR140W	
YJR116W	TDA4
YLR390W	ECM19
YOR011W	AUS1
YOR071C	NRT1
YNL181W	PBR1
YGL191W	COX13
YKR039W	GAP1
YDR107C	TMN2
YLR018C	POM34
YOL075C	
YNL283C	WSC2
YOR246C	ENV9
YDR468C	TLG1
YER019C-A	SBH2
YPL119C-A	
YMR071C	TVP18
YOR183W	FYV12
YDR329C	PEX3
YLR084C	RAX2
YHR036W	BRL1
YOR297C	TIM18
YGR296C-A	
YMR063W	RIM9
YFL048C	EMP47
YMR301C	ATM1
YML081C-A	ATP18
YNL158W	PGA1
YML019W	OST6
YPL099C	
YGR114C	
YLR379W	
YMR158W-B	
YHR123W	EPT1
YDL231C	BRE4
YGR033C	TIM21
YKR051W	
YIL134C-A	
YAR023C	
YOL129W	VPS68
YML057C-A	
YFL015W-A	
YLR459W	GAB1
YML009C-A	
YGR168C	
YJR075W	HOC1
YDR491C	
YMR151W	YIM2
YBR036C	CSG2
YDL035C	GPR1
YPL134C	ODC1
YKL175W	ZRT3
YBR291C	CTP1
YGR294W	PAU12
YAL026C-A	
YPR075C	OPY2
YGR049W	SCM4
YHR155W	LAM1
YKL120W	OAC1
YJR126C	VPS70
YEL025C	
YOL092W	YPQ1
YDR090C	
YLL059C	
YMR123W	PKR1
YGL161C	YIP5
YGR062C	COX18
YCR048W	ARE1
YMR010W	ANY1
YLR238W	FAR10
YPR038W	IRC16
YHR140W	
YOR219C	STE13
YLR283W	
YOL099C	
YPR011C	
YHL016C	DUR3
YDL054C	MCH1
YCL005W-A	VMA9
YMR244W	
YPL076W	GPI2
YAR002C-A	ERP1
YMR279C	
YBL017C	PEP1
YDR340W	
YIL020C-A	
YMR316C-B	
YGR055W	MUP1
YDL211C	
YGL054C	ERV14
YIR024C	
YJR124C	
YJL143W	TIM17
YEL050W-A	
YJL059W	YHC3
Q0110	BI2
YNL070W	TOM7
YLR444C	
YOL130W	ALR1
YLR374C	
YDR072C	IPT1
YIL023C	YKE4
YNR018W	RCF2
YOR282W	
YOL077W-A	ATP19
YER119C	AVT6
YML009W-B	
YLL012W	YEH1
YPL265W	DIP5
YBR300C	
YGL042C	
YIL177W-A	
YMR035W	IMP2
YOR030W	DFG16
YGR221C	TOS2
YBR262C	
YKR106W	GEX2
YDR420W	HKR1
YLR466C-A	
YGR143W	SKN1
YLR268W	SEC22
YCR061W	
YGL198W	YIP4
YNL279W	PRM1
YMR304C-A	
YOR291W	YPK9
YFR012W	DCV1
YJL198W	PHO90
YOR390W	FEX1
YNL156C	NSG2
YIL037C	PRM2
YDR481C	PHO8
YHR032W	ERC1
YJL007C	
YOR013W	IRC11
YLR087C	CSF1
YFL040W	
YJR073C	OPI3
YJR143C	PMT4
YNL235C	
YNR059W	MNT4
YLR426W	TDA5
YLR036C	
YER113C	TMN3
YMR122W-A	
YPL283W-B	
YER083C	GET2
YDR281C	PHM6
YOR321W	PMT3
