YDR232W	HEM1
YNR001C	CIT1
YBL022C	PIM1
YOL095C	HMI1
YMR083W	ADH3
YPL059W	GRX5
YBR227C	MCX1
YFL018C	LPD1
YDL045W-A	MRP10
YNL310C	ZIM17
YML129C	COX14
YPR067W	ISA2
YIL098C	FMC1
YDR493W	MZM1
YER069W	ARG5,6
YBR026C	ETR1
YLR304C	ACO1
YML091C	RPM2
YCR005C	CIT2
YBR044C	TCM62
YJR045C	SSC1
YDL044C	MTF2
YLR089C	ALT1
YPL097W	MSY1
YHR100C	GEP4
YPR004C	AIM45
YER170W	ADK2
YPL266W	DIM1
YHR024C	MAS2
YGL018C	JAC1
YDL033C	SLM3
YOR350C	MNE1
YPR006C	ICL2
YKR066C	CCP1
YHR208W	BAT1
YML078W	CPR3
YIL070C	MAM33
YNL295W	MRX6
YNL071W	LAT1
YCR079W	PTC6
YER178W	PDA1
YIL051C	MMF1
YAL046C	BOL3
YOL071W	
YLR289W	GUF1
YHR011W	DIA4
YBL013W	FMT1
YKL134C	OCT1
YPR001W	CIT3
YLR163C	MAS1
YIL042C	PKP1
YDR258C	HSP78
YDL107W	MSS2
YLR259C	HSP60
YDR268W	MSW1
YHR070W	TRM5
YPL040C	ISM1
YGL064C	MRH4
YPL135W	ISU1
YKL040C	NFU1
YGR222W	PET54
YPL189C-A	COA2
YOL033W	MSE1
YMR257C	PET111
YOR226C	ISU2
YOR241W	MET7
YER048W-A	ISD11
YNL066W	SUN4
YDR256C	CTA1
YLR142W	PUT1
YPL262W	FUM1
YGL059W	PKP2
YOR354C	MSC6
YDR332W	IRC3
YDR379C-A	SDH6
YGR046W	TAM41
YFL016C	MDJ1
YMR287C	DSS1
YPL029W	SUV3
YHR037W	PUT2
YOR022C	DDL1
YPL252C	YAH1
YPR047W	MSF1
YFL036W	RPO41
YHR091C	MSR1
YDR376W	ARH1
YOR232W	MGE1
YNL037C	IDH1
YOR040W	GLO4
YGL119W	COQ8
YLR382C	NAM2
YHR008C	SOD2
YBR221C	PDB1
YMR023C	MSS1
YPL104W	MSD1
YIL125W	KGD1
YDL178W	DLD2
YML120C	NDI1
YGL236C	MTO1
YPL188W	POS5
YER073W	ALD5
YOR374W	ALD4
YHR201C	PPX1
YCR024C	SLM5
YML110C	COQ5
YOR020C	HSP10
YNL073W	MSK1
YDR511W	SDH7
YKL194C	MST1
YGR171C	MSM1
YER168C	CCA1
YGR207C	CIR1
YER095W	RAD51
YJR122W	IBA57
YAL044W-A	BOL1
YDR194C	MSS116
YMR228W	MTF1
YJL071W	ARG2
YGR234W	YHB1
YKL106W	AAT1
YOR136W	IDH2
YBR269C	SDH8
YJL023C	PET130
YMR062C	ARG7
YKL085W	MDH1
YGR193C	PDX1
YLR369W	SSQ1
YER058W	PET117
YLL027W	ISA1
YDL120W	YFH1
YIR021W	MRS1
YDL059C	RAD59
YDR430C	CYM1
YLR067C	PET309
YOL140W	ARG8
YKL029C	MAE1
