YOR237W	HES1
YBR293W	VBA2
YIL146C	ATG32
YHL002W	HSE1
YBR241C	
YOR270C	VPH1
YLR220W	CCC1
YIL158W	AIM20
YDL123W	SNA4
YMR195W	ICY1
YPL006W	NCR1
YML001W	YPT7
YDR422C	SIP1
YDR119W	VBA4
YHL047C	ARN2
YBL089W	AVT5
YJR138W	IML1
YFR021W	ATG18
YPL270W	MDL2
YOR106W	VAM3
YHR186C	KOG1
YHR039C-A	VMA10
YDR352W	YPQ2
YEL062W	NPR2
YIL067C	
YGR163W	GTR2
YGR125W	
YKR007W	MEH1
YKL124W	SSH4
YOR068C	VAM10
YER123W	YCK3
YNR013C	PHO91
YBR207W	FTH1
YGR152C	RSR1
YPL162C	
YDR284C	DPP1
YNL058C	
YOL019W	
YOL138C	RTC1
YCL069W	VBA3
YDR128W	MTC5
YBR147W	RTC2
YHR026W	VMA16
YLL015W	BPT1
YGL100W	SEH1
YDL077C	VAM6
YHR175W	CTR2
YIR014W	
YJL058C	BIT61
YPR049C	ATG11
YJL172W	CPS1
YOR332W	VMA4
YMR077C	VPS20
YER072W	VTC1
YER093C	TSC11
YNL275W	BOR1
YNL305C	BXI1
YDL128W	VCX1
YKL203C	TOR2
YEL065W	SIT1
YLR093C	NYV1
YNL054W	VAC7
YNR006W	VPS27
YBR131W	CCZ1
YDR477W	SNF1
YPL180W	TCO89
YPL019C	VTC3
YGL095C	VPS45
YBR077C	SLM4
YEL064C	AVT2
YGL080W	MPC1
YGL140C	
YOL158C	ENB1
YKL209C	STE6
YJL012C	VTC4
YLR001C	
YPL236C	ENV7
YPL234C	VMA11
YBR128C	ATG14
YNL006W	LST8
YHR050W	SMF2
YLR299W	ECM38
YML018C	
YMR221C	FMP42
YLL051C	FRE6
YKL196C	YKT6
YMR068W	AVO2
YGR057C	LST7
YKR105C	VBA5
YJR001W	AVT1
YHL023C	NPR3
YDR135C	YCF1
YLR083C	EMP70
YMR088C	VBA1
YDR229W	IVY1
YGR106C	VOA1
YNL321W	VNX1
YLR211C	ATG38
YJR066W	TOR1
YMR197C	VTI1
YPR036W	VMA13
YJL001W	PRE3
YOR320C	GNT1
YGR020C	VMA7
YLR188W	MDL1
YGL212W	VAM7
YHL035C	VMR1
YBR161W	CSH1
YOL078W	AVO1
YML121W	GTR1
YDL180W	
YLR203C	MSS51
YDR107C	TMN2
YLR447C	VMA6
YKL176C	LST4
YDL231C	BRE4
YOL129W	VPS68
YKL175W	ZRT3
YPR075C	OPY2
YOL092W	YPQ1
YJL100W	LSB6
YBR127C	VMA2
YOR219C	STE13
YPR011C	
YDL054C	MCH1
YCL005W-A	VMA9
YDR313C	PIB1
YBL104C	SEA4
YDL211C	
YJL059W	YHC3
YER119C	AVT6
YDR323C	PEP7
YDR486C	VPS60
YKR106W	GEX2
YOR291W	YPK9
YDR481C	PHO8
YKL080W	VMA5
YDR281C	PHM6
YNL326C	PFA3
YDL185W	VMA1
YGL023C	PIB2
YFR019W	FAB1
YEL027W	VMA3
YCL063W	VAC17
YHL040C	ARN1
YNL115C	
YNL101W	AVT4
YHR028C	DAP2
YKL146W	AVT3
YIL088C	AVT7
YDR452W	PPN1
YLR148W	PEP3
YGL124C	MON1
YMR171C	EAR1
YEL013W	VAC8
YOR087W	YVC1
YCL073C	GEX1
YEL051W	VMA8
YBR235W	VHC1
YIR007W	EGH1
YLR386W	VAC14
YPL120W	VPS30
YBL078C	ATG8
YDL210W	UGA4
YLR208W	SEC13
YAR042W	SWH1
YJR054W	KCH1
YNL176C	TDA7
YNR061C	
YKL165C	MCD4
YMR231W	PEP5
YCR075C	ERS1
YLL048C	YBT1
YJL178C	ATG27
YCR010C	ADY2
YNL325C	FIG4
YBR074W	
YBR187W	GDT1
YOL060C	MAM3
YJL097W	PHS1
YLR034C	SMF3
YCL038C	ATG22
YLR297W	
YFL004W	VTC2
YGL006W	PMC1
YOR292C	
YLL040C	VPS13
