YMR290C	HAS1
YOR206W	NOC2
YER056C-A	RPL34A
YKL180W	RPL17A
YNL061W	NOP2
YKL172W	EBP2
YDR060W	MAK21
YDR471W	RPL27B
YDR101C	ARX1
YAL025C	MAK16
YER002W	NOP16
YLL008W	DRS1
YNL224C	SQS1
YHR088W	RPF1
YNL002C	RLP7
YDL031W	DBP10
YLR074C	BUD20
YPR143W	RRP15
YLL034C	RIX7
YDL191W	RPL35A
YOL127W	RPL25
YBL028C	
YGR103W	NOP7
YKR063C	LAS1
YER006W	NUG1
YOR272W	YTM1
YPL211W	NIP7
YGL078C	DBP3
YLR185W	RPL37A
YNR038W	DBP6
YKL009W	MRT4
YFL002C	SPB4
YFR001W	LOC1
YAL059W	ECM1
YLR106C	MDN1
YKR036C	CAF4
YNL110C	NOP15
YDR087C	RRP1
YLR397C	AFG2
YDR312W	SSF2
YHR052W	CIC1
YPL093W	NOG1
YDR496C	PUF6
YOR294W	RRS1
YOL077C	BRX1
YKR081C	RPF2
YJL177W	RPL17B
YHR066W	SSF1
YDR500C	RPL37B
YGL111W	NSA1
YGL029W	CGR1
YLR221C	RSA3
YNR053C	NOG2
YLR387C	REH1
YMR049C	ERB1
YLR009W	RLP24
YER126C	NSA2
YBR267W	REI1
YPR016C	TIF6
YDL136W	RPL35B
YCL054W	SPB1
