YDR438W	THI74
YDR508C	GNP1
YPL224C	MMT2
YPR155C	NCA2
YBR179C	FZO1
Q0080	ATP8
YJR085C	
YBR150C	TBS1
YML129C	COX14
Q0275	COX3
YML030W	RCF1
YMR118C	SHH3
YOL053W	AIM39
YLR164W	SHH4
YOR271C	FSF1
YGL104C	VPS73
YPL172C	COX10
YBL098W	BNA4
YGL084C	GUP1
YLR077W	FMP25
YHR135C	YCK1
YDR343C	HXT6
YBR147W	RTC2
YMR157C	AIM36
YDR326C	YSP2
YKL084W	HOT13
YPR020W	ATP20
YDL149W	ATG9
YOR316C	COT1
YKL148C	SDH1
YMR089C	YTA12
YJL161W	FMP33
YGL020C	GET1
YNL305C	BXI1
YBL059W	
YPR061C	JID1
YMR177W	MMT1
YOR020W-A	
YPL215W	CBP3
YKL141W	SDH3
YGL253W	HXK2
YGL057C	GEP7
YMR003W	AIM34
YER181C	
YPL103C	FMP30
YLR356W	ATG33
YDR027C	VPS54
Q0130	OLI1
YGR243W	MPC3
YGR231C	PHB2
YNL256W	FOL1
YOR089C	VPS21
YJL066C	MPM1
YPL168W	MRX4
YOR228C	MCP1
YLR390W	ECM19
YOR297C	TIM18
YML081C-A	ATP18
YHR155W	LAM1
YLR283W	
YLL041C	SDH2
YNR018W	RCF2
YJR073C	OPI3
YLR426W	TDA5
YMR256C	COX7
YDR079W	PET100
YIL077C	
YML061C	PIF1
YMR243C	ZRC1
YMR145C	NDE1
YGR236C	SPG1
YPL206C	PGC1
YKL037W	AIM26
YIL087C	AIM19
YPR097W	
YLR038C	COX12
YDR178W	SDH4
YJL178C	ATG27
YNL320W	
Q0045	COX1
YPR140W	TAZ1
YER182W	FMP10
YML086C	ALO1
YJL003W	COX16
YDL027C	MRX9
YLL040C	VPS13
YBR024W	SCO2
