YOR160W	MTR10
YMR308C	PSE1
YIL016W	SNL1
YER105C	NUP157
YJL061W	NUP82
YBR150C	TBS1
YGL075C	MPS2
YKR082W	NUP133
YKR044W	UIP5
YMR065W	KAR5
YER123W	YCK3
YPL200W	CSM4
YPR174C	
YOR311C	DGK1
YGL100W	SEH1
YAR027W	UIP3
YDL116W	NUP84
YER072W	VTC1
YNL149C	PGA2
YGL016W	KAP122
YOR098C	NUP1
YJL073W	JEM1
YDL089W	NUR1
YER107C	GLE2
YAR002W	NUP60
YDR477W	SNF1
YJL019W	MPS3
YLR347C	KAP95
YFR002W	NIC96
YIL040W	APQ12
YIL115C	NUP159
YER120W	SCS2
YMR255W	GFD1
YHL020C	OPI1
YMR047C	NUP116
YGL247W	BRR6
YDR532C	KRE28
YAL009W	SPO7
YNL012W	SPO1
YDL207W	GLE1
YLR335W	NUP2
YOR046C	DBP5
YLR018C	POM34
YHR036W	BRL1
YGL092W	NUP145
YGL093W	SPC105
YLR229C	CDC42
YBR017C	KAP104
YMR165C	PAH1
YKL068W	NUP100
YML031W	NDC1
YBL079W	NUP170
YBR170C	NPL4
YDR192C	NUP42
YHR004C	NEM1
YBR070C	ALG14
YEL017W	GTT3
YIR011C	STS1
YJL080C	SCP160
YGR119C	NUP57
YDL193W	NUS1
YLR265C	NEJ1
YOR254C	SEC63
YMR153W	NUP53
YPR091C	NVJ2
YGL172W	NUP49
YML107C	PML39
YML103C	NUP188
YDL088C	ASM4
YER110C	KAP123
YDR205W	MSC2
YJR042W	NUP85
YKL057C	NUP120
YMR129W	POM152
