YCL011C	GBP2
YGR162W	TIF4631
YPL009C	RQC2
YMR268C	PRP24
YDR533C	HSP31
YMR012W	CLU1
YLR180W	SAM1
YBR160W	CDC28
YDL160C	DHH1
YBR143C	SUP45
YBR212W	NGR1
YOR303W	CPA1
YMR260C	TIF11
YHR186C	KOG1
YGR250C	RIE1
YKL081W	TEF4
YOR204W	DED1
YMR246W	FAA4
YER176W	ECM32
YGR271W	SLH1
YER177W	BMH1
YCL037C	SRO9
YDR432W	NPL3
YFL045C	SEC53
YKL035W	UGP1
YPR129W	SCD6
YPL184C	MRN1
YDL140C	RPO21
YPL280W	HSP32
YGL105W	ARC1
YJR007W	SUI2
YHL034C	SBP1
YMR216C	SKY1
YHR015W	MIP6
YGL009C	LEU1
YGL173C	XRN1
YDR515W	SLF1
YKL181W	PRS1
YDR023W	SES1
YOR361C	PRT1
YDR502C	SAM2
YKL166C	TPK3
YBR072W	HSP26
YCR077C	PAT1
YGL049C	TIF4632
YLR192C	HCR1
YDL166C	FAP7
YDR172W	SUP35
YOL111C	MDY2
YJR137C	MET5
YGR214W	RPS0A
YFR023W	PES4
YIR026C	YVH1
YBL016W	FUS3
YNL209W	SSB2
YMR309C	NIP1
YHR121W	LSM12
YAL035W	FUN12
YLR249W	YEF3
YAL036C	RBG1
YKR059W	TIF1
YOR046C	DBP5
YNL197C	WHI3
YBR079C	RPG1
YBR127C	VMA2
YOR182C	RPS30B
YNL085W	MKT1
YLR244C	MAP1
YNL255C	GIS2
YKL056C	TMA19
YOL139C	CDC33
YKL204W	EAP1
YML117W	NAB6
YNL207W	RIO2
YHR082C	KSP1
YGR155W	CYS4
YLR287C-A	RPS30A
YPR163C	TIF3
YGR178C	PBP1
YDL053C	PBP4
YDL167C	NRP1
YDL134C	PPH21
YJL138C	TIF2
YBL105C	PKC1
YMR146C	TIF34
YGR185C	TYS1
YNL016W	PUB1
YPL048W	CAM1
YGR234W	YHB1
YGL245W	GUS1
YOL123W	HRP1
YNL161W	CBK1
YER165W	PAB1
YOR151C	RPB2
YDR429C	TIF35
YER110C	KAP123
YDR293C	SSD1
YJL128C	PBS2
