YNR017W	TIM23
YDR438W	THI74
YMR244C-A	COA6
YNL306W	MRPS18
YIL146C	ATG32
YCL040W	GLK1
YOR206W	NOC2
YPL217C	BMS1
YDR508C	GNP1
YDR462W	MRPL28
YDR175C	RSM24
YNL137C	NAM9
YEL067C	
YGR162W	TIF4631
YDR150W	NUM1
YEL047C	
YNL102W	POL1
YPR099C	
YMR115W	MGR3
YDL182W	LYS20
YLR251W	SYM1
YDR232W	HEM1
YJL062W-A	COA3
YOR144C	ELG1
YNL180C	RHO5
YPL224C	MMT2
YOL081W	IRA2
YNR001C	CIT1
YOR285W	RDL1
YLR327C	TMA10
YDR125C	ECM18
YGL211W	NCS6
YBL022C	PIM1
YPR155C	NCA2
YLR247C	IRC20
YER183C	FAU1
YDR197W	CBS2
YNL315C	ATP11
YEL059C-A	SOM1
YOR215C	AIM41
YDL015C	TSC13
YOL095C	HMI1
YDL181W	INH1
YHR005C-A	TIM10
YCR071C	IMG2
Q0065	AI4
YGR181W	TIM13
YNL284C	MRPL10
YGR082W	TOM20
YMR083W	ADH3
YNR040W	
YJL133W	MRS3
YFL011W	HXT10
YDR191W	HST4
YBR179C	FZO1
YOL038W	PRE6
YJR100C	AIM25
YDR470C	UGO1
YPL059W	GRX5
YPL218W	SAR1
YBR227C	MCX1
YMR224C	MRE11
YAL019W	FUN30
YNL121C	TOM70
YBR244W	GPX2
YFL018C	LPD1
Q0080	ATP8
YGL107C	RMD9
YMR059W	SEN15
YDR505C	PSP1
YDL045W-A	MRP10
YMR072W	ABF2
YBL080C	PET112
YNR055C	HOL1
YKL094W	YJU3
YKR094C	RPL40B
YLR424W	SPP382
YGL228W	SHE10
YGR183C	QCR9
YBR091C	TIM12
YIL016W	SNL1
YML001W	YPT7
YGR086C	PIL1
YLR253W	MCP2
YNR036C	MRPS12
Q0160	SCEI
YGR098C	ESP1
YLR390W-A	CCW14
YNL304W	YPT11
Q0070	AI5_ALPHA
YNL310C	ZIM17
YDR061W	
YJR085C	
YBR229C	ROT2
YKR052C	MRS4
YPL091W	GLR1
YKL157W	APE2
YPL137C	GIP3
YOR274W	MOD5
YJR039W	
Q0142	
YKR087C	OMA1
YBR150C	TBS1
YNR041C	COQ2
YML129C	COX14
Q0275	COX3
YGL256W	ADH4
YIL139C	REV7
YLR072W	LAM6
YLR069C	MEF1
YKL070W	
YLR008C	PAM18
YML030W	RCF1
YMR118C	SHH3
YIL065C	FIS1
YOL053W	AIM39
YPR067W	ISA2
YIL098C	FMC1
YLR164W	SHH4
YHR003C	TCD1
YNL026W	SAM50
YLL036C	PRP19
YJR098C	
YHL032C	GUT1
YNL104C	LEU4
YDL066W	IDP1
YBL107C	MIX23
YBR097W	VPS15
YDR493W	MZM1
YNL169C	PSD1
YBR136W	MEC1
YNL268W	LYP1
Q0010	
YEL034W	HYP2
YHR031C	RRM3
YLL060C	GTT2
YBR039W	ATP3
YDL131W	LYS21
YER069W	ARG5,6
YAL048C	GEM1
YKL087C	CYT2
YOR271C	FSF1
YGR260W	TNA1
YPL270W	MDL2
YIR004W	DJP1
YLR342W	FKS1
YGR159C	NSR1
YBR026C	ETR1
YOR108W	LEU9
YIL136W	OM45
YBR177C	EHT1
Q0255	
YPR058W	YMC1
YBR176W	ECM31
YPL004C	LSP1
YGR021W	
YKR085C	MRPL20
YLR304C	ACO1
YKL217W	JEN1
YNR045W	PET494
YML091C	RPM2
YNR051C	BRE5
YDL086W	
YHR106W	TRR2
YHR186C	KOG1
YMR286W	MRPL33
YGL104C	VPS73
YDR077W	SED1
YDR381C-A	
YPR149W	NCE102
YJR048W	CYC1
YPL172C	COX10
YDR036C	EHD3
YCR005C	CIT2
YBR044C	TCM62
YDR513W	GRX2
YAL062W	GDH3
YDR487C	RIB3
YPR134W	MSS18
YKR027W	BCH2
YJR009C	TDH2
YKL081W	TEF4
YGR029W	ERV1
YGL125W	MET13
YJR135W-A	TIM8
YGR008C	STF2
YNL003C	PET8
YJR045C	SSC1
YDR204W	COQ4
YHR002W	LEU5
YBR084W	MIS1
YFL046W	FMP32
YOR048C	RAT1
YML133C	
YDL044C	MTF2
YLR089C	ALT1
YBR085W	AAC3
YOR227W	HER1
YPL202C	AFT2
YLR190W	MMR1
YIL134W	FLX1
YDR377W	ATP17
YKR001C	VPS1
YAR035W	YAT1
YMR065W	KAR5
YMR098C	ATP25
YMR302C	YME2
YDR219C	MFB1
YGR031W	IMO32
YLR346C	CIS1
YML060W	OGG1
YBL098W	BNA4
YCR083W	TRX3
YGL084C	GUP1
YLR077W	FMP25
YOR251C	TUM1
YPL097W	MSY1
YOR130C	ORT1
YMR167W	MLH1
YNL213C	RRG9
YNL055C	POR1
YGR084C	MRP13
YAL010C	MDM10
YHR100C	GEP4
YDL119C	HEM25
YFR049W	YMR31
YER141W	COX15
YHR135C	YCK1
YKL138C	MRPL31
YOR266W	PNT1
YDR343C	HXT6
YJR060W	CBF1
YPR004C	AIM45
YPR080W	TEF1
YOR004W	UTP23
YPR100W	MRPL51
YCL004W	PGS1
YDR316W	OMS1
YPR033C	HTS1
YDL142C	CRD1
YGL240W	DOC1
YPR151C	SUE1
YHR086W	NAM8
YFR044C	DUG1
YER170W	ADK2
YKL073W	LHS1
YKR006C	MRPL13
YDR050C	TPI1
YNL122C	
YML021C	UNG1
Q0140	VAR1
YER132C	PMD1
YCL057W	PRD1
YER080W	AIM9
YIL149C	MLP2
YOR330C	MIP1
YPL155C	KIP2
YGL169W	SUA5
YBR147W	RTC2
YMR157C	AIM36
YMR110C	HFD1
YDR065W	RRG1
YHR024C	MAS2
YKR042W	UTH1
YOR142W	LSC1
Q0075	AI5_BETA
YGR296W	YRF1-3
YPR002W	PDH1
YDL004W	ATP16
YBL088C	TEL1
YBL064C	PRX1
YDL171C	GLT1
YOR017W	PET127
YMR097C	MTG1
YHR059W	FYV4
YER115C	SPR6
YGL068W	MNP1
YKL155C	RSM22
YMR064W	AEP1
YDR115W	MRX14
YDL232W	OST4
YOR298C-A	MBF1
YJL060W	BNA3
YBR047W	FMP23
YER076C	
YBR238C	
YOR346W	REV1
YGL018C	JAC1
YKR079C	TRZ1
YNL052W	COX5A
YKL027W	TCD2
YMR031C	EIS1
YMR066W	SOV1
YDL033C	SLM3
YBR230C	OM14
YOR350C	MNE1
YLL006W	MMM1
YOR196C	LIP5
YDR326C	YSP2
YPR006C	ICL2
YKL084W	HOT13
YMR232W	FUS2
YEL052W	AFG1
YKL207W	
YML026C	RPS18B
Q0250	COX2
YPR113W	PIS1
YGR266W	
YPR020W	ATP20
YNL195C	
YDR236C	FMN1
YDR011W	SNQ2
YDR155C	CPR1
YGL225W	VRG4
YGL120C	PRP43
YLL001W	DNM1
YKR066C	CCP1
YHR208W	BAT1
YLR099C	ICT1
YPL107W	
YIL105C	SLM1
YJL171C	TOH1
YMR211W	DML1
YLR256W	HAP1
YDL104C	QRI7
YNL009W	IDP3
YDL149W	ATG9
YDR231C	COX20
YOL042W	NGL1
YML078W	CPR3
YOR316C	COT1
YCR032W	BPH1
YIL070C	MAM33
YMR203W	TOM40
YNL295W	MRX6
YKL148C	SDH1
YMR089C	YTA12
YDR096W	GIS1
YNL071W	LAT1
YLR368W	MDM30
YGR255C	COQ6
YLR393W	ATP10
YDL022W	GPD1
YHL021C	AIM17
YCR079W	PTC6
YJR080C	AIM24
YOR070C	GYP1
YJL104W	PAM16
Q0017	
YER178W	PDA1
YLR099W-A	MIM2
YPL196W	OXR1
YGR091W	PRP31
YPL061W	ALD6
YDL140C	RPO21
YDR120C	TRM1
YJR034W	PET191
YJR019C	TES1
YBL059C-A	CMC2
YPL186C	UIP4
YJL161W	FMP33
YGL136C	MRM2
YJL070C	
YIL051C	MMF1
YGL129C	RSM23
YLR419W	
YNR070W	PDR18
YGL020C	GET1
Q0144	
YNL305C	BXI1
YAL046C	BOL3
YJR010W	MET3
YDR405W	MRP20
YDL157C	
YJR144W	MGM101
YPL017C	IRC15
YHL004W	MRP4
YNL063W	MTQ1
YBL038W	MRPL16
YOR188W	MSB1
YBR081C	SPT7
YKL203C	TOR2
YNR002C	ATO2
YNL036W	NCE103
YOL071W	
YNR058W	BIO3
YCR046C	IMG1
YKL133C	
YGR110W	CLD1
YPR024W	YME1
YFR011C	
YLR370C	ARC18
YOL025W	LAG2
YJL052W	TDH1
YBR146W	MRPS9
YGL226W	MTC3
YLR289W	GUF1
YPR191W	QCR2
YGL151W	NUT1
YOR317W	FAA1
YGR101W	PCP1
YDR196C	CAB5
YBL059W	
YDR116C	MRPL1
YDL230W	PTP1
YER166W	DNF1
YOR211C	MGM1
YHL014C	YLF2
YDR322W	MRPL35
YER061C	CEM1
YDR046C	BAP3
YDL248W	COS7
YPL063W	TIM50
YHR198C	AIM18
YOR191W	ULS1
YNL211C	MRX7
YGL230C	
YGR096W	TPC1
YIL022W	TIM44
YKL113C	RAD27
YGR112W	SHY1
YOL043C	NTG2
YDR019C	GCV1
YHR011W	DIA4
YML008C	ERG6
YNR074C	AIF1
YLR193C	UPS1
YKL213C	DOA1
YDR477W	SNF1
YER020W	GPA2
YER125W	RSP5
YDR514C	
YOL114C	PTH4
YPR166C	MRP2
YHR190W	ERG9
YKR063C	LAS1
YJR095W	SFC1
YPL231W	FAS2
YDR296W	MHR1
YPR025C	CCL1
YPL098C	MGR2
YBR118W	TEF2
YFR024C-A	LSB3
YOL059W	GPD2
YBR163W	EXO5
YGR094W	VAS1
YBL013W	FMT1
YNR016C	ACC1
YFR045W	
YER038W-A	FMP49
YGL008C	PMA1
YKL134C	OCT1
YHR117W	TOM71
YER057C	HMF1
YPR001W	CIT3
YOR386W	PHR1
YBL015W	ACH1
Q0105	COB
YOL027C	MDM38
YPR061C	JID1
YIR037W	HYR1
YKL187C	FAT3
YGL073W	HSF1
YLR163C	MAS1
YHR189W	PTH1
YHR001W-A	QCR10
YKL182W	FAS1
YAL039C	CYC3
Q0143	
YIL129C	TAO3
YHR147C	MRPL6
YOR100C	CRC1
YOL026C	MIM1
YIL124W	AYR1
YLR090W	XDJ1
YMR177W	MMT1
YIL042C	PKP1
YMR192W	GYL1
YDR258C	HSP78
Q0055	AI2
YDR148C	KGD2
YDL107W	MSS2
YPR083W	MDM36
YAL011W	SWC3
YCL009C	ILV6
YLR259C	HSP60
YGR285C	ZUO1
YHR080C	LAM4
YGL080W	MPC1
YDR268W	MSW1
YMR189W	GCV2
YBR003W	COQ1
YLR415C	
YML128C	MSC1
YGR150C	CCM1
YPL041C	MRX11
YBR200W	BEM1
YER093C-A	AIM11
YHR070W	TRM5
YPL040C	ISM1
YGL197W	MDS3
YJL043W	
YER033C	ZRG8
YKR019C	IRS4
YGR286C	BIO2
YAL001C	TFC3
YNL250W	RAD50
YNL227C	JJJ1
YMR024W	MRPL3
YML054C	CYB2
YAL056W	GPB2
YOR384W	FRE5
YGL063W	PUS2
YJR121W	ATP2
YLR001C	
YOR020W-A	
YER164W	CHD1
YJL088W	ARG3
YOL045W	PSK2
YBR251W	MRPS5
YGL064C	MRH4
YCL005W	LDB16
YIL006W	YIA6
YKL016C	ATP7
YNL200C	NNR1
YNL177C	MRPL22
YNL077W	APJ1
YPR037C	ERV2
YPR184W	GDB1
YPL135W	ISU1
YPL215W	CBP3
YKL141W	SDH3
YNL098C	RAS2
YIL066C	RNR3
YBR054W	YRO2
YDR298C	ATP5
YHR120W	MSH1
YBR072W	HSP26
YKL040C	NFU1
YBR111C	YSA1
YIL094C	LYS12
YJR016C	ILV3
YGL143C	MRF1
YLR383W	SMC6
YPR146C	
YGR222W	PET54
YOR086C	TCB1
YGL253W	HXK2
YGR257C	MTM1
YPL154C	PEP4
YJL208C	NUC1
YDR375C	BCS1
YMR158W	MRPS8
YBL111C	
YER014W	HEM14
YOR323C	PRO2
YIL155C	GUT2
YMR241W	YHM2
YMR205C	PFK2
YHR051W	COX6
YJL127C-B	
YHR194W	MDM31
YKL170W	MRPL38
YDL036C	PUS9
YDL217C	TIM22
YPL189C-A	COA2
YHR168W	MTG2
YEL039C	CYC7
YDL164C	CDC9
YHR050W	SMF2
YER053C	PIC2
YDR384C	ATO3
YML010W	SPT5
YMR150C	IMP1
YGR287C	IMA1
YNL131W	TOM22
YLL018C-A	COX19
YDR032C	PST2
YOL033W	MSE1
YGL057C	GEP7
YGL187C	COX4
YML032C	RAD52
YER155C	BEM2
YGR116W	SPT6
YER050C	RSM18
YMR003W	AIM34
YER031C	YPT31
YOL109W	ZEO1
YJR057W	CDC8
YMR221C	FMP42
YMR257C	PET111
YKL195W	MIA40
YEL006W	YEA6
YDL174C	DLD1
YOR168W	GLN4
YOR226C	ISU2
YJL054W	TIM54
YER181C	
YDR069C	DOA4
YER015W	FAA2
YMR060C	SAM37
YPL167C	REV3
Q0032	
YKL196C	YKT6
YOR334W	MRS2
YLR389C	STE23
YOR241W	MET7
YLR438W	CAR2
YLR290C	COQ11
YLR270W	DCS1
YOL009C	MDM12
YOR153W	PDR5
YER048W-A	ISD11
YPL013C	MRPS16
YAL054C	ACS1
YER078C	ICP55
YGL219C	MDM34
YKR071C	DRE2
YMR194C-B	CMC4
YPL103C	FMP30
YLR356W	ATG33
YCL057C-A	
YGR244C	LSC2
YLR106C	MDN1
Q0115	BI3
YBL016W	FUS3
Q0297	
YCL044C	MGR1
YCL033C	MXR2
YBL057C	PTH2
YKR036C	CAF4
YBR192W	RIM2
YHR174W	ENO2
YCR008W	SAT4
YGR052W	FMP48
YDR027C	VPS54
YBR204C	LDH1
YHR179W	OYE2
YDR256C	CTA1
YLR105C	SEN2
YLR142W	PUT1
YFL010C	WWM1
YPR125W	YLH47
YLR239C	LIP2
YHR171W	ATG7
YBR263W	SHM1
YKL067W	YNK1
Q0130	OLI1
YDR393W	SHE9
YPL262W	FUM1
YHR116W	COX23
YDR033W	MRH1
YGL059W	PKP2
YAL035W	FUN12
YDR035W	ARO3
YAL008W	FUN14
YBR120C	CBP6
YOR150W	MRPL23
YOR354C	MSC6
YGR102C	GTF1
YDR332W	IRC3
YNL005C	MRP7
YLR154W-C	TAR1
YBR106W	PHO88
YML025C	YML6
YGR240C	PFK1
YGR243W	MPC3
YKL150W	MCR1
YMR193W	MRPL24
YOR222W	ODC2
YLR312W-A	MRPL15
YJR051W	OSM1
YDR350C	ATP22
YHR063C	PAN5
YLR188W	MDL1
YML052W	SUR7
YER154W	OXA1
YGR231C	PHB2
YDR342C	HXT7
YAL015C	NTG1
YGR215W	RSM27
YNL318C	HXT14
YJL200C	ACO2
YHL035C	VMR1
YNL256W	FOL1
YCR003W	MRPL32
YEL071W	DLD3
YDR058C	TGL2
YDL207W	GLE1
YOR089C	VPS21
YDL148C	NOP14
YNL130C-A	DGR1
YOL089C	HAL9
YDR379C-A	SDH6
YLR335W	NUP2
YKR070W	
YGL011C	SCL1
YGR147C	NAT2
YJR031C	GEA1
YHR076W	PTC7
YJL066C	MPM1
YJR077C	MIR1
YBR122C	MRPL36
YDL003W	MCD1
YKR016W	
YGR046W	TAM41
YFL030W	AGX1
YER017C	AFG3
YML042W	CAT2
YFL016C	MDJ1
YMR287C	DSS1
YNL130C	CPT1
YBR004C	GPI18
YNL088W	TOP2
YMR289W	ABZ2
YOR286W	RDL2
YPL105C	SYH1
YBR001C	NTH2
YPL168W	MRX4
YOR228C	MCP1
YLR203C	MSS51
YNL252C	MRPL17
YKL167C	MRP49
YBR282W	MRPL27
YOL143C	RIB4
YJL112W	MDV1
YJL180C	ATP12
YJL147C	MRX5
YPL029W	SUV3
YGR169C	PUS6
YDL085W	NDE2
YKL011C	CCE1
YLR390W	ECM19
YDL168W	SFA1
YLR291C	GCD7
YOR011W	AUS1
YKL055C	OAR1
YPR116W	RRG8
YHR037W	PUT2
YGR192C	TDH3
YGL191W	COX13
YJR062C	NTA1
YOR022C	DDL1
YOR125C	CAT5
YDR237W	MRPL7
YOL141W	PPM2
YPL252C	YAH1
YPR047W	MSF1
YGL209W	MIG2
Q0092	
YBR006W	UGA2
YOR246C	ENV9
YDL203C	ACK1
YOR236W	DFR1
YBR196C	PGI1
YFL036W	RPO41
YOR176W	HEM15
YLR084C	RAX2
YOR297C	TIM18
YPR165W	RHO1
YGR132C	PHB1
YFR053C	HXK1
YMR301C	ATM1
YEL050C	RML2
YLR091W	GEP5
YMR002W	MIX17
YDR336W	MRX8
YHR091C	MSR1
YML081C-A	ATP18
YKL010C	UFD4
YPL099C	
YDL040C	NAT1
YIL160C	POT1
YGR033C	TIM21
YOL129W	VPS68
YOR037W	CYC2
YNL168C	FMP41
YOR090C	PTC5
YGL093W	SPC105
YHL018W	
YPL134C	ODC1
YML009C	MRPL39
YDR074W	TPS2
YBR291C	CTP1
YPL222W	FMP40
YOR158W	PET123
YGR049W	SCM4
YHR155W	LAM1
YDR450W	RPS18A
YKL120W	OAC1
YDR376W	ARH1
YNR022C	MRPL50
YPL118W	MRP51
YJL005W	CYR1
YOR232W	MGE1
YGR076C	MRPL25
YMR019W	STB4
YGR062C	COX18
YPL033C	SRL4
YLR283W	
YDR226W	ADK1
YPR011C	
YNL037C	IDH1
YBR035C	PDX3
YAR002C-A	ERP1
YLL041C	SDH2
YPL271W	ATP15
YGL229C	SAP4
YIL093C	RSM25
YER151C	UBP3
YIR024C	
YLR174W	IDP2
YOR040W	GLO4
YJL143W	TIM17
YGL119W	COQ8
YPL005W	AEP3
Q0110	BI2
YNL070W	TOM7
YNL198C	
YPL148C	PPT2
YNR018W	RCF2
YOL021C	DIS3
YOL077W-A	ATP19
YMR035W	IMP2
YHR083W	SAM35
YLR382C	NAM2
YBR262C	
YMR108W	ILV2
Q0120	BI4
YPL096W	PNG1
YKL152C	GPM1
YHR008C	SOD2
YAR008W	SEN34
YKL093W	MBR1
YLR087C	CSF1
YJR073C	OPI3
YBR221C	PDB1
YMR023C	MSS1
YOR347C	PYK2
YLR426W	TDA5
YBL045C	COR1
YLL009C	COX17
YPL104W	MSD1
YIL078W	THS1
YER153C	PET122
YGL195W	GCN1
YHL038C	CBP2
YEL030W	ECM10
YOL008W	COQ10
YIL125W	KGD1
YNL100W	
YDL178W	DLD2
YML120C	NDI1
YLR281C	
YDL202W	MRPL11
YMR078C	CTF18
YPL069C	BTS1
YKL056C	TMA19
YJL131C	AIM23
YBR104W	YMC2
YGL236C	MTO1
YKL162C	
YGR015C	
Q0050	AI1
YGL023C	PIB2
YPL188W	POS5
YIL043C	CBR1
YNL292W	PUS4
YFL005W	SEC4
YBR203W	COS111
YFR019W	FAB1
YFL042C	
YEL031W	SPF1
YLR295C	ATP14
YML007C-A	
YMR256C	COX7
YKL192C	ACP1
YPL207W	TYW1
YPR021C	AGC1
YER073W	ALD5
YDR494W	RSM28
YIL055C	
YKR064W	OAF3
YPL132W	COX11
YDR070C	FMP16
YDR031W	MIX14
YEL024W	RIP1
YOR374W	ALD4
YDL126C	CDC48
YHR017W	YSC83
YHR004C	NEM1
YDR079W	PET100
YLR168C	UPS2
YJR101W	RSM26
YJL096W	MRPL49
Q0085	ATP6
YEL037C	RAD23
YCR024C	SLM5
Q0182	
YML110C	COQ5
YNL125C	ESBP6
YER004W	FMP52
YDR282C	MRX10
YIL162W	SUC2
YKR049C	FMP46
YIL077C	
YNL112W	DBP2
YFL038C	YPT1
YDL048C	STP4
YNL249C	MPA43
YOL096C	COQ3
YKL053C-A	MDM35
YBL099W	ATP1
YFR015C	GSY1
YOR020C	HSP10
YMR225C	MRPL44
YNL073W	MSK1
YMR264W	CUE1
YDR538W	PAD1
YLR201C	COQ9
YCR004C	YCP4
YDR301W	CFT1
YJL063C	MRPL8
YDR041W	RSM10
YAL029C	MYO4
YGR155W	CYS4
YMR030W	RSF1
YDR234W	LYS4
YDR511W	SDH7
YOR356W	CIR2
YLR204W	QRI5
YKL194C	MST1
YLL007C	LMO1
YML061C	PIF1
YKL205W	LOS1
YKL137W	CMC1
YDL001W	RMD1
YGL041W-A	
YCR028C-A	RIM1
YGR171C	MSM1
YHR067W	HTD2
YBR056W	
YNL208W	
YGR220C	MRPL9
YLR355C	ILV5
YER168C	CCA1
YBL030C	PET9
YLR446W	
YKL028W	TFA1
YIL157C	COA1
YMR252C	
YGR144W	THI4
YGR178C	PBP1
YOR221C	MCT1
YKR010C	TOF2
YIR038C	GTT1
YGR207C	CIR1
YPL183W-A	RTC6
YMR243C	ZRC1
YMR145C	NDE1
YCL064C	CHA1
YDL226C	GCS1
YLR043C	TRX1
YPR054W	SMK1
YHR038W	RRF1
YML072C	TCB3
YNL328C	MDJ2
YKL212W	SAC1
YDL078C	MDH3
YGL085W	LCL3
YNL081C	SWS2
YER086W	ILV1
YDR529C	QCR7
YMR293C	HER2
YGR254W	ENO1
YGR235C	
YHR042W	NCP1
YJL130C	URA2
YDR347W	MRP1
YBL090W	MRP21
YNR037C	RSM19
YGR236C	SPG1
YPL173W	MRPL40
YPR098C	
YDR516C	EMI2
YOR201C	MRM1
YJL045W	
YOR065W	CYT1
YOR045W	TOM6
YDR233C	RTN1
YMR188C	MRPS17
YER074W	RPS24A
YJR122W	IBA57
YPR095C	SYT1
YMR128W	ECM16
YKL026C	GPX1
YDR049W	VMS1
YEL063C	CAN1
YKL044W	MMO1
YDR353W	TRR1
YMR267W	PPA2
YJR148W	BAT2
YJL123C	MTC1
YMR152W	YIM1
YDR141C	DOP1
YOL023W	IFM1
YAL044W-A	BOL1
YDR194C	MSS116
YIL148W	RPL40A
YEL061C	CIN8
YJL046W	AIM22
YMR228W	MTF1
YLR351C	NIT3
YPL283C	YRF1-7
YJL071W	ARG2
YLR183C	TOS4
YPL206C	PGC1
YOL126C	MDH2
YER140W	EMP65
YLR442C	SIR3
YGL221C	NIF3
YDL240W	LRG1
YLR380W	CSR1
YNR003C	RPC34
YIL114C	POR2
YDR185C	UPS3
YLR422W	DCK1
YHR199C	AIM46
YBR185C	MBA1
YKL037W	AIM26
YJR089W	BIR1
YOR147W	MDM32
YOR254C	SEC63
YDR419W	RAD30
YPL083C	SEN54
YJR003C	MRX12
YGR234W	YHB1
YDR341C	
YJL116C	NCA3
YBR037C	SCO1
YGL245W	GUS1
YDR132C	
YGL005C	COG7
YMR056C	AAC1
YMR282C	AEP2
YHR030C	SLT2
YDL222C	FMP45
YIL087C	AIM19
YGL249W	ZIP2
YKL106W	AAT1
YHR162W	MPC2
YJR104C	SOD1
YPR081C	GRS2
YOR136W	IDH2
YCL017C	NFS1
YBR269C	SDH8
YLR454W	FMP27
YPR097W	
YOR205C	GEP3
YJL126W	NIT2
YNL274C	GOR1
YJL166W	QCR8
YJL023C	PET130
YMR062C	ARG7
YFR033C	QCR6
YMR038C	CCS1
YJL094C	KHA1
YDL067C	COX9
YGL139W	FLC3
YKR065C	PAM17
YGR088W	CTT1
YOR305W	RRG7
YBR208C	DUR1,2
YFR031C	SMC2
YLR132C	USB1
YHR183W	GND1
YLR038C	COX12
YDR322C-A	TIM11
YLR139C	SLS1
YKL085W	MDH1
YDL130W-A	STF1
YLR305C	STT4
YER026C	CHO1
YDL069C	CBS1
YKL003C	MRP17
YJL109C	UTP10
Q0060	AI3
YDR178W	SDH4
YCR012W	PGK1
YMR113W	FOL3
YGL002W	ERP6
YLL024C	SSA2
YJL133C-A	
YKL132C	RMA1
YJL178C	ATG27
YNL320W	
YLR348C	DIC1
YPL226W	NEW1
YBR268W	MRPL37
YOR074C	CDC21
YLR439W	MRPL4
YGR193C	PDX1
YGR165W	MRPS35
YJL082W	IML2
Q0045	COX1
YKL208W	CBT1
YPR140W	TAZ1
YPR048W	TAH18
YMR306W	FKS3
YCR010C	ADY2
YNL247W	
YMR186W	HSC82
YKR005C	
YER182W	FMP10
YML086C	ALO1
YPL036W	PMA2
YLR369W	SSQ1
YEL058W	PCM1
YJL003W	COX16
YOR151C	RPB2
YAL044C	GCV3
YPR133W-A	TOM5
YIL060W	
YOR187W	TUF1
YNL135C	FPR1
YDR039C	ENA2
YMR212C	EFR3
YPL082C	MOT1
YOR355W	GDS1
YDL215C	GDH2
YKL060C	FBA1
YEL020W-A	TIM9
YJR113C	RSM7
YJR111C	PXP2
YMR166C	MME1
YER077C	MRX1
YMR061W	RNA14
YPL159C	PET20
YPR183W	DPM1
YPL109C	
YIL069C	RPS24B
YER019W	ISC1
YBR223C	TDP1
YLR059C	REX2
YDR263C	DIN7
YLR165C	PUS5
YDR119W-A	COX26
YER058W	PET117
YLL027W	ISA1
YDL198C	GGC1
YDL120W	YFH1
YGR019W	UGA1
YPL060W	MFM1
YML076C	WAR1
YDL029W	ARP2
YIR021W	MRS1
YLR395C	COX8
YBL095W	MRX3
YNL144C	
YFR048W	RMD8
YPL078C	ATP4
YDR430C	CYM1
YKL033W	TTI1
YJL102W	MEF2
YGR028W	MSP1
YKR023W	
YDL027C	MRX9
YLR067C	PET309
YBR078W	ECM33
YLL013C	PUF3
YKL114C	APN1
YIL047C	SYG1
YBR129C	OPY1
YNL185C	MRPL19
YJL209W	CBP1
YMR307W	GAS1
YPL072W	UBP16
YOL140W	ARG8
YER087W	AIM10
YLL040C	VPS13
YGR012W	MCY1
YFR004W	RPN11
YDR337W	MRPS28
YPL028W	ERG10
YKL029C	MAE1
YBR140C	IRA1
YMR129W	POM152
YBR024W	SCO2
