YOR237W	HES1
YNL102W	POL1
YDR304C	CPR5
YBR243C	ALG7
YPL145C	KES1
YHR073W	OSH3
YER013W	PRP22
YDR097C	MSH6
YLR170C	APS1
YOL090W	MSH2
YCR092C	MSH3
YDR036C	EHD3
YPL045W	VPS16
YOL011W	PLB3
YJL011C	RPC17
YDR373W	FRQ1
YOR330C	MIP1
YOR346W	REV1
YDL077C	VAM6
YIL004C	BET1
YPR113W	PIS1
YDR236C	FMN1
YGL120C	PRP43
YHR001W	OSH7
YNL071W	LAT1
YDL019C	OSH2
YER178W	PDA1
YJL002C	OST1
YDR003W	RCR2
YFL003C	MSH4
YCL001W	RER1
YBR131W	CCZ1
YOL043C	NTG2
YML008C	ERG6
YHR190W	ERG9
YNR016C	ACC1
YGR175C	ERG1
YML104C	MDM1
YMR008C	PLB1
YDR378C	LSM6
YKR019C	IRS4
YNL250W	RAD50
YDL154W	MSH5
YGL063W	PUS2
YJL145W	SFH5
YJL088W	ARG3
YKR086W	PRP16
YHR120W	MSH1
YDR320C	SWA2
YPL167C	REV3
YER171W	RAD3
YAL054C	ACS1
YOL145C	CTR9
YKR031C	SPO14
YNL262W	POL2
YMR197C	VTI1
YJL024C	APS3
YBR005W	RCR1
YKL138C-A	HSK3
YNL012W	SPO1
YOR171C	LCB4
YGR036C	CAX4
YOR095C	RKI1
YBR295W	PCA1
YNL130C	CPT1
YLR260W	LCB5
YFL036W	RPO41
YMR006C	PLB2
YLR268W	SEC22
YOR180C	DCI1
YLR284C	ECI1
YNL111C	CYB5
YJR058C	APS2
YDL126C	CDC48
YPR182W	SMX3
YLR189C	ATG26
YNR011C	PRP2
YMR190C	SGS1
YHR057C	CPR2
YKR003W	OSH6
YNL231C	PDR16
YKL006C-A	SFT1
YMR128W	ECM16
YLR380W	CSR1
YDR419W	RAD30
YAR042W	SWH1
YDL102W	POL3
YER026C	CHO1
YKL078W	DHR2
YPL008W	CHL1
YPL212C	PUS1
YGL006W	PMC1
YNL264C	PDR17
YLR216C	CPR6
