YCR031C	RPS14A
YLR167W	RPS31
YLR264W	RPS28B
YPL090C	RPS6A
YER131W	RPS26B
YJR145C	RPS4A
YDL083C	RPS16B
YPL081W	RPS9A
YJL136C	RPS21B
YNL007C	SIS1
YDR064W	RPS13
YML026C	RPS18B
YOR369C	RPS12
YMR143W	RPS16A
YGL189C	RPS26A
YKR057W	RPS21A
YDR025W	RPS11A
YHR021C	RPS27B
YLR333C	RPS25B
YHL015W	RPS20
YML063W	RPS1B
YNL178W	RPS3
YER007C-A	TMA20
YDR447C	RPS17B
YGR118W	RPS23A
YCR077C	PAT1
YMR158W	MRPS8
YHR203C	RPS4B
YLR367W	RPS22B
YER050C	RSM18
YBR189W	RPS9B
YGR214W	RPS0A
YJL190C	RPS22A
YOR293W	RPS10A
YOR167C	RPS28A
YGL123W	RPS2
YAL035W	FUN12
YLR388W	RPS29A
YPR132W	RPS23B
YBL072C	RPS8A
YDL061C	RPS29B
YMR116C	ASC1
YGR027C	RPS25A
YDR450W	RPS18A
YLR048W	RPS0B
YOR182C	RPS30B
YER102W	RPS8B
YBR048W	RPS11B
YKL156W	RPS27A
YNL302C	RPS19B
YBR181C	RPS6B
YML024W	RPS17A
YLR287C-A	RPS30A
YLR441C	RPS1A
YOL040C	RPS15
YMR188C	MRPS17
YER074W	RPS24A
YMR230W	RPS10B
YNL096C	RPS7B
YJR123W	RPS5
YOL121C	RPS19A
YPR041W	TIF5
YJL191W	RPS14B
YIL069C	RPS24B
YOR096W	RPS7A
YGR054W	
