YOR084W	LPX1
YPR194C	OPT2
YMR304W	UBP15
YIL065C	FIS1
YJL185C	ATG36
YGL037C	PNC1
YDR265W	PEX10
YLR027C	AAT2
YCR005C	CIT2
YKR001C	VPS1
YBR041W	FAT1
YGL153W	PEX14
YDL065C	PEX19
YHR160C	PEX18
YLR191W	PEX13
YAL055W	PEX22
YPL147W	PXA1
YLL001W	DNM1
YNL009W	IDP3
YOR193W	PEX27
YDL022W	GPD1
YJR019C	TES1
YNL117W	MLS1
YDR244W	PEX5
YOL147C	PEX11
YIR034C	LYS1
YGL184C	STR3
YDR196C	CAB5
YOR211C	MGM1
YIR031C	DAL7
YMR204C	INP1
YLR324W	PEX30
YIR037W	HYR1
YGR077C	PEX8
YBR168W	PEX32
YHR150W	PEX28
YBL039W-B	
YMR018W	PEX9
YPL112C	PEX25
YMR163C	INP2
YNL214W	PEX17
YGR133W	PEX4
YMR026C	PEX12
YNL329C	PEX6
YER015W	FAA2
YDR142C	PEX7
YKL188C	PXA2
YOL044W	PEX15
YGR004W	PEX31
YDR256C	CTA1
YBR222C	PCS60
YBR255W	MTC4
YFL030W	AGX1
YML042W	CAT2
YLR151C	PCD1
YLR240W	VPS34
YNL202W	SPS19
YDR329C	PEX3
YPR165W	RHO1
YGR132C	PHB1
YIL160C	POT1
YGR168C	
YGL067W	NPY1
YKR009C	FOX2
YKL197C	PEX1
YMR220W	ERG8
YOR180C	DCI1
YLR284C	ECI1
YDR255C	RMD5
YGR154C	GTO1
YDR479C	PEX29
YNL258C	DSL1
YPR128C	ANT1
YDL078C	MDH3
YKR096W	ESL2
YKL026C	GPX1
YGR239C	PEX21
YDR424C	DYN2
YGL205W	POX1
YLL039C	UBI4
YDR498C	SEC20
YGR088W	CTT1
YCL056C	PEX34
YIL089W	
YJR111C	PXP2
YPL204W	HRR25
YLR440C	SEC39
YJL031C	BET4
YGR028W	MSP1
YEL020C	PXP1
YJL210W	PEX2
YLL040C	VPS13
