YFL026W	STE2
YPR194C	OPT2
YGR224W	AZR1
YPR156C	TPO3
YML013W	UBX2
YBR294W	SUL1
YNR055C	HOL1
YMR319C	FET4
YJR040W	GEF1
YHL047C	ARN2
YBR180W	DTR1
YLR411W	CTR3
YPR198W	SGE1
YGR260W	TNA1
YLL052C	AQY2
YHR048W	YHK8
YGR125W	
YHL036W	MUP3
YCL069W	VBA3
YIL147C	SLN1
YJL093C	TOK1
YNL275W	BOR1
YOR273C	TPO4
YEL065W	SIT1
YCR017C	CWH43
YBR043C	QDR3
YML123C	PHO84
YLL053C	
YIL140W	AXL2
YKL174C	TPO5
YBR008C	FLR1
YNL065W	AQR1
YPL279C	FEX2
YPR003C	
YOL158C	ENB1
YKL209C	STE6
YGR023W	MTL1
YKR050W	TRK2
YCR098C	GIT1
YGL077C	HNM1
YLR373C	VID22
YLR092W	SUL2
YBR296C	PHO89
YKR105C	VBA5
YBR220C	
YKL178C	STE3
YOR161C	PNS1
YJL212C	OPT1
YBR132C	AGP2
YML047C	PRM6
YJL129C	TRK1
YNR056C	BIO5
YBR295W	PCA1
YIL120W	QDR1
YKR039W	GAP1
YPR075C	OPY2
YHL016C	DUR3
YGR055W	MUP1
YKR106W	GEX2
YDR420W	HKR1
YOR291W	YPK9
YOR390W	FEX1
YGR138C	TPO2
YEL031W	SPF1
YHL040C	ARN1
YGL114W	
YGL255W	ZRT1
YIL121W	QDR2
YOR087W	YVC1
YCL073C	GEX1
YLL028W	TPO1
YDL210W	UGA4
YJR054W	KCH1
YPR192W	AQY1
YJL062W	LAS21
YLR332W	MID2
YBR219C	
YCL027W	FUS1
YHL008C	
YGL006W	PMC1
YGR014W	MSB2
