YER011W	TIR1
YOR214C	SPR2
YHR126C	ANS1
YIR039C	YPS6
YEL040W	UTR2
YLR390W-A	CCW14
YLR110C	CCW12
YHR143W	DSE2
YKL096W-A	CWP2
YJR150C	DAN1
YKR102W	FLO10
YDR077W	SED1
YNL190W	
YOR009W	TIR4
YIR019C	
YER150W	SPI1
YIL011W	TIR3
YOL011W	PLB3
YCL048W	SPS22
YBR067C	TIP1
YLR343W	GAS2
YOL132W	GAS4
YJL171C	TOH1
YAL063C	FLO9
YDR144C	MKC7
YOR382W	FIT2
YAR050W	FLO1
YOL155C	HPF1
YMR008C	PLB1
YOR010C	TIR2
YMR215W	GAS3
YKL096W	CWP1
YOL030W	GAS5
YPL056C	LCL1
YJL078C	PRY3
YLR194C	NCW2
YHR214W	
YLR121C	YPS3
YJR004C	SAG1
YDR055W	PST1
YCR089W	FIG2
YLR120C	YPS1
YDR524C-B	
YCL048W-A	
YOR383C	FIT3
YNL322C	KRE1
YMR006C	PLB2
YHR211W	FLO5
YDR261C	EXG2
YNL327W	EGT2
YDR522C	SPS2
YNR044W	AGA1
YJR151C	DAN4
YNL300W	TOS6
YMR238W	DFG5
YGR189C	CRH1
YLR042C	
YDR534C	FIT1
YKL046C	DCW1
YAR066W	
YBR078W	ECM33
YLR040C	AFB1
YMR307W	GAS1
YPL130W	SPO19
