YER056C-A	RPL34A
YBR031W	RPL4A
YLR075W	RPL10
YEL054C	RPL12A
YKL180W	RPL17A
YOL120C	RPL18A
YPL198W	RPL7B
YKR094C	RPL40B
YJL189W	RPL39
YNL301C	RPL18B
YML073C	RPL6A
YDR471W	RPL27B
YNL067W	RPL9B
YNL162W	RPL42A
YOL039W	RPP2A
YIL133C	RPL16A
YGR085C	RPL11B
YNL002C	RLP7
YLR325C	RPL38
YBL027W	RPL19B
YMR142C	RPL13B
YDL075W	RPL31A
YHR141C	RPL42B
YGR148C	RPL24B
YDL082W	RPL13A
YPL131W	RPL5
YDR382W	RPP2B
YDL191W	RPL35A
YFR032C-A	RPL29
YJR094W-A	RPL43B
YOL127W	RPL25
YGL076C	RPL7A
YKL006W	RPL14A
YBL087C	RPL23A
YLR185W	RPL37A
YDL184C	RPL41A
YBL092W	RPL32
YOR234C	RPL33B
YGR034W	RPL26B
YDR418W	RPL12B
YLR448W	RPL6B
YLR029C	RPL15A
YPL220W	RPL1A
YLR340W	RPP0
YFR031C-A	RPL2A
YIL018W	RPL2B
YGL099W	LSG1
YBR084C-A	RPL19A
YDR012W	RPL4B
YPR043W	RPL43A
YDR237W	MRPL7
YLR344W	RPL26A
YOR063W	RPL3
YGL103W	RPL28
YDL133C-A	RPL41B
YDL081C	RPP1A
YFL034C-A	RPL22B
YIL052C	RPL34B
YLR406C	RPL31B
YJL177W	RPL17B
YHL033C	RPL8A
YNL069C	RPL16B
YPL143W	RPL33A
YDR500C	RPL37B
YER117W	RPL23B
YMR194W	RPL36A
YDL130W	RPP1B
YGL147C	RPL9A
YPL249C-A	RPL36B
YGL031C	RPL24A
YIL148W	RPL40A
YLR061W	RPL22A
YGL135W	RPL1B
YHR010W	RPL27A
YPL079W	RPL21B
YLR009W	RLP24
YGL030W	RPL30
YPR102C	RPL11A
YBR191W	RPL21A
YDL136W	RPL35B
YLL045C	RPL8B
YHL001W	RPL14B
YMR121C	RPL15B
