YNL297C	MON2
YOR115C	TRS33
YGR167W	CLC1
YDR358W	GGA1
YGR172C	YIP1
YCR094W	CDC50
YAL026C	DRS2
YGR166W	TRS65
YAL030W	SNC1
YDR407C	TRS120
YER166W	DNF1
YHR108W	GGA2
YGL095C	VPS45
YIL048W	NEO1
YMR162C	DNF3
YER114C	BOI2
YDR456W	NHX1
YHR050W	SMF2
YDR093W	DNF2
YER031C	YPT31
YNL238W	KEX2
YNL267W	PIK1
YOR079C	ATX2
YJL044C	GYP6
YMR218C	TRS130
YJR031C	GEA1
YHL019C	APM2
YDR468C	TLG1
YJL100W	LSB6
YMR010W	ANY1
YDR524C	AGE1
YOR219C	STE13
YLR330W	CHS5
YGL198W	YIP4
YBL085W	BOI1
YNR048W	
YOR327C	SNC2
YDR170C	SEC7
YGL203C	KEX1
YDL226C	GCS1
YEL022W	GEA2
YOL018C	TLG2
YDR388W	RVS167
YDR141C	DOP1
YJL004C	SYS1
YDR372C	VPS74
YBR164C	ARL1
YJL178C	ATG27
