YOR237W	HES1
YJL204C	RCY1
YPR032W	SRO7
YMR017W	SPO20
YPL145C	KES1
YHR073W	OSH3
YIL068C	SEC6
YAL014C	SYN8
YKL129C	MYO3
YGL210W	YPT32
YBL106C	SRO77
YMR183C	SSO2
YLR096W	KIN2
YAL030W	SNC1
YHR001W	OSH7
YDL019C	OSH2
YDR166C	SEC5
YLR093C	NYV1
YDR363W-A	SEM1
YMR109W	MYO5
YNL272C	SEC2
YMR192W	GYL1
YGR009C	SEC9
YNL293W	MSB3
YLR166C	SEC10
YER008C	SEC3
YER031C	YPT31
YKL196C	YKT6
YJL085W	EXO70
YKR031C	SPO14
YGL233W	SEC15
YFL039C	ACT1
YDR164C	SEC1
YOL112W	MSB4
YBR102C	EXO84
YIL138C	TPM2
YFL005W	SEC4
YOR327C	SNC2
YKR003W	OSH6
YPR095C	SYT1
YDR122W	KIN1
YPR055W	SEC8
YPL232W	SSO1
YAR042W	SWH1
YPL249C	GYP5
YNL243W	SLA2
YNL079C	TPM1
