YDR018C	
YBR042C	CST26
YDR319C	
YNL169C	PSD1
YGR149W	GPC1
YHR100C	GEP4
YCL004W	PGS1
YGR157W	CHO2
YDL142C	CRD1
YDL052C	SLC1
YPR113W	PIS1
YLR099C	ICT1
YBL039C	URA7
YDR147W	EKI1
YDR123C	INO2
YER120W	SCS2
YHL020C	OPI1
YJL153C	INO1
YOR175C	ALE1
YGR202C	PCT1
YGR007W	ECT1
YBR029C	CDS1
YGR170W	PSD2
YOR298W	MUM3
YJR103W	URA8
YGR046W	TAM41
YNL130C	CPT1
YLR133W	CKI1
YHR123W	EPT1
YOL032W	OPI10
YMR165C	PAH1
YJR073C	OPI3
YNL231C	PDR16
YBL011W	SCT1
YOL108C	INO4
YGL126W	SCS3
YER026C	CHO1
YBL091C-A	SCS22
YPR140W	TAZ1
YKR067W	GPT2
YNL264C	PDR17
