YJL160C	PIR5
YDR542W	PAU10
YER011W	TIR1
YML057W	CMP2
YIR039C	YPS6
YEL040W	UTR2
YLR390W-A	CCW14
YOL161C	PAU20
YLR110C	CCW12
YKL096W-A	CWP2
YJR150C	DAN1
YPL175W	SPT14
YDR307W	PMT7
YDR077W	SED1
YIL123W	SIM1
YNL194C	
YAL023C	PMT2
YBL068W	PRS4
YOR009W	TIR4
YLR425W	TUS1
YHR079C	IRE1
YJL159W	HSP150
YER150W	SPI1
YIL011W	TIR3
YKL129C	MYO3
YLR414C	PUN1
YOR008C	SLG1
YDR528W	HLR1
YNL313C	EMW1
YDR349C	YPS7
YKR042W	UTH1
YOR394W	PAU21
YCL048W	SPS22
YBR067C	TIP1
YLR443W	ECM7
YJL223C	PAU1
YJL058C	BIT61
YCR032W	BPH1
YNL192W	CHS1
YER093C	TSC11
YKL224C	PAU16
YER003C	PMI40
YCR104W	PAU3
YDR144C	MKC7
YHL046C	PAU13
YAR020C	PAU7
YLR433C	CNA1
YKR100C	SKG1
YCR017C	CWH43
YDR331W	GPI8
YLR213C	CRR1
YMR109W	MYO5
YKL163W	PIR3
YPL282C	PAU22
YBR038W	CHS2
YKL187C	FAT3
YOL155C	HPF1
YPL180W	TCO89
YOL013C	HRD1
YKL181W	PRS1
YER033C	ZRG8
YKR019C	IRS4
YOR010C	TIR2
YPR159W	KRE6
YGR023W	MTL1
YDR434W	GPI17
YMR215W	GAS3
YIL176C	PAU14
YJL158C	CIS3
YKL096W	CWP1
YPL154C	PEP4
YOL030W	GAS5
YLR300W	EXG1
YNL006W	LST8
YNL038W	GPI15
YNL090W	RHO2
YDL049C	KNH1
YOL109W	ZEO1
YEL049W	PAU2
YMR068W	AVO2
YLR194C	NCW2
YHR188C	GPI16
YFL020C	PAU5
YLR413W	INA1
YLR121C	YPS3
YNL066W	SUN4
YDR055W	PST1
YNR076W	PAU6
YJR066W	TOR1
YBR301W	PAU24
YIL085C	KTR7
YPL031C	PHO85
YHR102W	KIC1
YPL053C	KTR6
YML052W	SUR7
YFL039C	ACT1
YDL047W	SIT4
YPR030W	CSR2
YOL078W	AVO1
YLR120C	YPS1
YGL261C	PAU11
YBR004C	GPI18
YGR216C	GPI1
YDR351W	SBE2
YGR282C	BGL2
YNL283C	WSC2
YDL203C	ACK1
YJL174W	KRE9
YNL322C	KRE1
YNL158W	PGA1
YLR459W	GAB1
YGL259W	YPS5
YDR074W	TPS2
YGR294W	PAU12
YOL061W	PRS5
YPL076W	GPI2
YDR261C	EXG2
YDR420W	HKR1
YGR143W	SKN1
YIR041W	PAU15
YDR522C	SPS2
YJR143C	PMT4
YOR321W	PMT3
YJR151C	DAN4
YKL190W	CNB1
YGR199W	PMT6
YHR103W	SBE22
YPL096C-A	ERI1
YCL052C	PBN1
YLL025W	PAU17
YDL095W	PMT1
YOR247W	SRL1
YJR013W	GPI14
YMR325W	PAU19
YDR437W	GPI19
YKL164C	PIR1
YLL064C	PAU18
YLR461W	PAU4
YGR189C	CRH1
YHL011C	PRS3
YJL042W	MHP1
YJL116C	NCA3
YAL068C	PAU8
YDL222C	FMP45
YJR104C	SOD1
YDL093W	PMT5
YER099C	PRS2
YLR332W	MID2
YCL051W	LRE1
YNL243W	SLA2
YJL083W	TAX4
YMR022W	UBC7
YBR078W	ECM33
YIL015W	BAR1
YHR181W	SVP26
YMR307W	GAS1
YLR037C	PAU23
YLR088W	GAA1
YGR014W	MSB2
