YHL031C	GOS1
YHL002W	HSE1
YML077W	BET5
YNR026C	SEC12
YBL037W	APL3
YOR115C	TRS33
YDR299W	BFR2
YGR167W	CLC1
YMR017W	SPO20
YPL218W	SAR1
YAL024C	LTE1
YBR160W	CDC28
YML001W	YPT7
YGL145W	TIP20
YPR181C	SEC23
YDR358W	GGA1
YGL098W	USE1
YGR172C	YIP1
YNL263C	YIF1
YJR005W	APL1
YLR170C	APS1
YCR102W-A	
YOR106W	VAM3
YML132W	COS3
YKL135C	APL2
YHL042W	
YDR238C	SEC26
YOR216C	RUD3
YKR068C	BET3
YOR036W	PEP12
YAL014C	SYN8
YKL124W	SSH4
YER123W	YCK3
YAL042W	ERV46
YGL210W	YPT32
YIL064W	EFM4
YDR246W	TRS23
YOR311C	DGK1
YLR078C	BOS1
YMR183C	SSO2
YDL234C	GYP7
YDL072C	YET3
YDL077C	VAM6
YIL169C	
YAL030W	SNC1
YIL004C	BET1
YDL145C	COP1
YOR326W	MYO2
YOR070C	GYP1
YDR003W	RCR2
YFL062W	COS4
YGL020C	GET1
YIL109C	SEC24
YDL058W	USO1
YLR026C	SED5
YLR093C	NYV1
YPL010W	RET3
YOR075W	UFE1
YGL200C	EMP24
YML012W	ERV25
YNR006W	VPS27
YOR370C	MRS6
YBR131W	CCZ1
YDL248W	COS7
YDL100C	GET3
YHR108W	GGA2
YGL095C	VPS45
YGL137W	SEC27
YMR192W	GYL1
YDL099W	BUG1
YGR261C	APL6
YER103W	SSA4
YMR040W	YET2
YPL070W	MUK1
YGR009C	SEC9
YOR164C	GET4
YHR098C	SFB3
YDR495C	VPS3
YKL065C	YET1
YNL049C	SFB2
YER143W	DDI1
YDR084C	TVP23
YLR309C	IMH1
YER031C	YPT31
YAR033W	MST28
YDR080W	VPS41
YKL196C	YKT6
YGL263W	COS12
YML097C	VPS9
YBL040C	ERD2
YPR028W	YOP1
YAL005C	SSA1
YOR094W	ARF3
YBR302C	COS2
YBR254C	TRS20
YKL219W	COS9
YKR088C	TVP38
YMR197C	VTI1
YBR210W	ERV15
YJL024C	APS3
YBR005W	RCR1
YPL085W	SEC16
YGL212W	VAM7
YDR164C	SEC1
YIL076W	SEC28
YDL018C	ERP3
YHL019C	APM2
YBR288C	APM3
YBL075C	SSA3
YDR472W	TRS31
YAL002W	VPS8
YDR468C	TLG1
YMR071C	TVP18
YGL161C	YIP5
YDR189W	SLY1
YAR002C-A	ERP1
YER136W	GDI1
YGL054C	ERV14
YLR268W	SEC22
YER083C	GET2
YGL206C	CHC1
YDL192W	ARF1
YIL138C	TPM2
YJR058C	APS2
YOR327C	SNC2
YFL038C	YPT1
YCR034W	
YAR031W	PRM9
YFR043C	IRC6
YDR100W	TVP15
YNL258C	DSL1
YDR517W	GRH1
YFR051C	RET2
YLR148W	PEP3
YGL124C	MON1
YKL006C-A	SFT1
YBL102W	SFT2
YDL137W	ARF2
YOL018C	TLG2
YDR388W	RVS167
YPR095C	SYT1
YNL287W	SEC21
YOR016C	ERP4
YLR396C	VPS33
YPL232W	SSO1
YKR030W	GMH1
YGL053W	PRM8
YLR208W	SEC13
YDR498C	SEC20
YER074W-A	YOS1
YML067C	ERV41
YCR067C	SED4
YBR164C	ARL1
YMR231W	PEP5
YGL002W	ERP6
YLL024C	SSA2
YFL027C	GYP8
YGR295C	COS6
YLR440C	SEC39
YDL195W	SEC31
YPL249C	GYP5
YMR292W	GOT1
YGL051W	MST27
YPR029C	APL4
YHL048W	COS8
YHR110W	ERP5
YAL007C	ERP2
YPL195W	APL5
YNL336W	COS1
YBL050W	SEC17
YPL259C	APM1
YOL062C	APM4
YBR080C	SEC18
YNL079C	TPM1
