YHL031C	GOS1
YML077W	BET5
YOR115C	TRS33
YPL218W	SAR1
YGL145W	TIP20
YPR181C	SEC23
YGR172C	YIP1
YNL263C	YIF1
YNL044W	YIP3
YIL044C	AGE2
YDR238C	SEC26
YKR044W	UIP5
YOR216C	RUD3
YHR035W	NEL1
YKR068C	BET3
YAL042W	ERV46
YDR246W	TRS23
YLR078C	BOS1
YBR002C	RER2
YJL117W	PHO86
YDL072C	YET3
YLR080W	EMP46
YIL004C	BET1
YDL145C	COP1
YGR284C	ERV29
YCL001W	RER1
YIL109C	SEC24
YDL058W	USO1
YLR026C	SED5
YOR075W	UFE1
YGL200C	EMP24
YML012W	ERV25
YIL039W	TED1
YOR370C	MRS6
YER122C	GLO3
YGL137W	SEC27
YMR192W	GYL1
YDL099W	BUG1
YMR040W	YET2
YHR098C	SFB3
YKL065C	YET1
YNL049C	SFB2
YGL181W	GTS1
YDL212W	SHR3
YKL196C	YKT6
YJL192C	SOP4
YBL040C	ERD2
YGR209C	TRX2
YBR254C	TRS20
YER157W	COG3
YMR197C	VTI1
YBR210W	ERV15
YOR307C	SLY41
YIL076W	SEC28
YJR031C	GEA1
YDL018C	ERP3
YEL043W	
YDR472W	TRS31
YFL048C	EMP47
YGR120C	COG2
YDR189W	SLY1
YDR524C	AGE1
YAR002C-A	ERP1
YGL054C	ERV14
YLR268W	SEC22
YGL198W	YIP4
YDL192W	ARF1
YDR170C	SEC7
YFL038C	YPT1
YPR176C	BET2
YNL258C	DSL1
YDR517W	GRH1
YDL226C	GCS1
YLR043C	TRX1
YFR051C	RET2
YEL022W	GEA2
YKL006C-A	SFT1
YNL287W	SEC21
YOR016C	ERP4
YBL078C	ATG8
YFL025C	BST1
YER074W-A	YOS1
YDR182W	CDC1
YML067C	ERV41
YBR172C	SMY2
YGL002W	ERP6
YEL048C	TCA17
YFL027C	GYP8
YHR142W	CHS7
YDL195W	SEC31
YPL249C	GYP5
YMR292W	GOT1
YGL051W	MST27
YJL031C	BET4
YHR110W	ERP5
YAL007C	ERP2
YHR181W	SVP26
YBR080C	SEC18
YDR108W	TRS85
