YMR266W	RSN1
YGL160W	AIM14
YPL224C	MMT2
YDL206W	
YOR270C	VPH1
Q0080	ATP8
YMR319C	FET4
YJR040W	GEF1
YHL047C	ARN2
YLR411W	CTR3
YBR039W	ATP3
YOR271C	FSF1
YHR048W	YHK8
YHR039C-A	VMA10
YLR214W	FRE1
YOL152W	FRE7
YER145C	FTR1
YDR377W	ATP17
YNL055C	POR1
YBR207W	FTH1
YPR124W	CTR1
YLL005C	SPO75
YGL167C	PMR1
YGR217W	CCH1
YDL004W	ATP16
YHR026W	VMA16
YHR175W	CTR2
YPR020W	ATP20
YNL291C	MID1
YOR332W	VMA4
YMR203W	TOM40
YJL093C	TOK1
YNL275W	BOR1
YOR381W	FRE3
YDL128W	VCX1
YNR002C	ATO2
YEL065W	SIT1
YOR382W	FIT2
YDR040C	ENA1
YDR038C	ENA5
YGL008C	PMA1
YMR177W	MMT1
YKL220C	FRE2
YOL158C	ENB1
YOR384W	FRE5
YJR121W	ATP2
YPL234C	VMA11
YKL016C	ATP7
YDR298C	ATP5
YKR050W	TRK2
YDR456W	NHX1
YDR384C	ATO3
YLL051C	FRE6
YOR334W	MRS2
YMR058W	FET3
YLR083C	EMP70
YNL321W	VNX1
Q0130	OLI1
YDR506C	GMC1
YPR036W	VMA13
YGR020C	VMA7
YML047C	PRM6
YLR241W	CSC1
YPR201W	ARR3
YJL129C	TRK1
YDR270W	CCC2
YBR295W	PCA1
YFL041W	FET5
YOR383C	FIT3
YDR107C	TMN2
YLR447C	VMA6
YMR301C	ATM1
YML081C-A	ATP18
YKL175W	ZRT3
YNL259C	ATX1
YBR127C	VMA2
YCL005W-A	VMA9
YPL271W	ATP15
YIL023C	YKE4
YOL077W-A	ATP19
YKR106W	GEX2
YKL080W	VMA5
YER113C	TMN3
YDL185W	VMA1
YLR138W	NHA1
YLR295C	ATP14
YEL027W	VMA3
YOL084W	PHM7
YHL040C	ARN1
Q0085	ATP6
YBL099W	ATP1
YGL255W	ZRT1
YMR054W	STV1
YIL121W	QDR2
YMR243C	ZRC1
YPR128C	ANT1
YOR087W	YVC1
YNR060W	FRE4
YCL073C	GEX1
YEL051W	VMA8
YBR235W	VHC1
YLR130C	ZRT2
YIL114C	POR2
YJL094C	KHA1
YJR054W	KCH1
YDR322C-A	TIM11
YDR534C	FIT1
YLL048C	YBT1
YMR034C	RCH1
YCR010C	ADY2
YPL036W	PMA2
YDR039C	ENA2
YDL120W	YFH1
YLR034C	SMF3
YPL060W	MFM1
YDR205W	MSC2
YLR047C	FRE8
YPL078C	ATP4
YGL006W	PMC1
