YBL055C	
YIL010W	DOT5
YNL099C	OCA1
YOL081W	IRA2
YBL022C	PIM1
YDR533C	HSP31
YKL143W	LTV1
YOR120W	GCY1
YJR100C	AIM25
YPL059W	GRX5
YBR244W	GPX2
YIL056W	VHR1
YPL091W	GLR1
YBR014C	GRX7
YGR097W	ASK10
YHR106W	TRR2
YDR513W	GRX2
YNL080C	EOS1
YCL026C-B	HBN1
YBR216C	YBP1
YGR029W	ERV1
YPL202C	AFT2
YFR014C	CMK1
YCR083W	TRX3
YKL086W	SRX1
YDL010W	GRX6
YBL064C	PRX1
YKL116C	PRR1
YEL052W	AFG1
YKR066C	CCP1
YPL196W	OXR1
YCL026C-A	FRM2
YFL014W	HSP12
YNL036W	NCE103
YGR043C	NQM1
YGL158W	RCK1
YBR126C	TPS1
YJR096W	
YDR296W	MHR1
YLR113W	HOG1
YDL124W	
YKL069W	
YIR037W	HYR1
YML028W	TSA1
YOL016C	CMK2
YGR023W	MTL1
YDR453C	TSA2
YDL166C	FAP7
YNL014W	HEF3
YKR071C	DRE2
YLR109W	AHP1
YCL033C	MXR2
YCL035C	GRX1
YGR209C	TRX2
YJR066W	TOR1
YKL150W	MCR1
YLR011W	LOT6
YAL015C	NTG1
YFL039C	ACT1
YIL008W	URM1
YDL047W	SIT4
YGL060W	YBP2
YIL101C	XBP1
YMR250W	GAD1
YBR006W	UGA2
YOR297C	TIM18
YDL101C	DUN1
YMR176W	ECM5
YNL259C	ATX1
YPL239W	YAR1
YHR104W	GRE3
YDR346C	SVF1
YMR291W	TDA1
YKL056C	TMA19
YPL188W	POS5
YDR368W	YPR1
YLR248W	RCK2
YCR065W	HCM1
YDR538W	PAD1
YLR043C	TRX1
YOR351C	MEK1
YKL026C	GPX1
YDR353W	TRR1
YBR046C	ZTA1
YDR098C	GRX3
YGR234W	YHB1
YBR037C	SCO1
YJR104C	SOD1
YER174C	GRX4
YHR183W	GND1
YHR111W	UBA4
YPR048W	TAH18
YML086C	ALO1
YER042W	MXR1
YDL120W	YFH1
YMR173W	DDR48
YBR024W	SCO2
