YBR115C	LYS2
YDL182W	LYS20
YDR158W	HOM2
YJR130C	STR2
YHR025W	THR1
YNL277W	MET2
YGL026C	TRP5
YNL104C	LEU4
YOR303W	CPA1
YDL131W	LYS21
YER069W	ARG5,6
YOR108W	LEU9
YLL062C	MHT1
YPR118W	MRI1
YBR084W	MIS1
YFR055W	IRC7
YOR130C	ORT1
YOR202W	HIS3
YDR354W	TRP4
YHR033W	
YER052C	HOM3
YDL171C	GLT1
YML082W	
YGR204W	ADE3
YHR208W	BAT1
YER081W	SER3
YGR208W	SER2
YIR034C	LYS1
YDR127W	ARO1
YCR054C	CTR86
YGL184C	STR3
YJR139C	HOM6
YIL074C	SER33
YPR167C	MET16
YGL009C	LEU1
YCL009C	ILV6
YLL058W	
YBR248C	HIS7
YLR303W	MET17
YJL088W	ARG3
YIL094C	LYS12
YJR016C	ILV3
YOR323C	PRO2
YPR145W	ASN1
YCR053W	THR4
YMR009W	ADI1
YCL030C	HIS4
YJR109C	CPA2
YEL038W	UTR4
YML096W	
YDR035W	ARO3
YOR184W	SER1
YBR166C	TYR1
YJL200C	ACO2
YHR018C	ARG4
YKR069W	MET1
YDR300C	PRO1
YDR034C	LYS14
YGR124W	ASN2
YCL018W	LEU2
YER023W	PRO3
YIL020C	HIS6
YMR108W	ILV2
YOL058W	ARG1
YIR017C	MET28
YJR024C	MDE1
YBR249C	ARO4
YKL211C	TRP3
YNR050C	LYS9
YGR155W	CYS4
YDR234W	LYS4
YIL046W	MET30
YLR355C	ILV5
YER086W	ILV1
YJR148W	BAT2
YJL071W	ARG2
YNL316C	PHA2
YEL009C	GCN4
YFR025C	HIS2
YPL273W	SAM4
YER090W	TRP2
YLR451W	LEU3
YMR062C	ARG7
YKL001C	MET14
YGL148W	ARO2
YDR007W	TRP1
YAL012W	CYS3
YPR060C	ARO7
YIL116W	HIS5
YOL140W	ARG8
YER055C	HIS1
YER091C	MET6
