YML088W	UFO1
YLR032W	RAD5
YOR039W	CKB2
YKL139W	CTK1
YOR258W	HNT3
YOL095C	HMI1
YPR119W	CLB2
YGL021W	ALK1
YMR224C	MRE11
YAL019W	FUN30
YBR160W	CDC28
YDR097C	MSH6
YIL139C	REV7
YPL164C	MLH3
YMR048W	CSM3
YER038C	KRE29
YJL006C	CTK2
YLL036C	PRP19
YHR154W	RTT107
YOL034W	SMC5
YPR120C	CLB5
YBR136W	MEC1
YHR031C	RRM3
YPL121C	MEI5
YOL090W	MSH2
YDR113C	PDS1
YKL112W	ABF1
YML058W-A	HUG1
YCR092C	MSH3
YIR002C	MPH1
YFL024C	EPL1
YHL006C	SHU1
YDR079C-A	TFB5
YER142C	MAG1
YJL047C	RTT101
YOR229W	WTM2
YML060W	OGG1
YMR156C	TPP1
YLR135W	SLX4
YNL273W	TOF1
YEL018W	EAF5
YKR095W	MLP1
YER116C	SLX8
YMR167W	MLH1
YDR501W	PLM2
YIL128W	MET18
YPR180W	AOS1
YML021C	UNG1
YBL088C	TEL1
YML011C	RAD33
YLR007W	NSE1
YOR346W	REV1
YDL070W	BDF2
YMR201C	RAD14
YPR056W	TFB4
YCR066W	RAD18
YLR235C	
YML023C	NSE5
YMR073C	IRC21
YDR155C	CPR1
YGL070C	RPB9
YML069W	POB3
YLR288C	MEC3
YIL132C	CSM2
YMR284W	YKU70
YGL194C	HOS2
YHR164C	DNA2
YDR499W	LCD1
YCR021C	HSP30
YBL003C	HTA2
YDR291W	HRQ1
YJR144W	MGM101
YER173W	RAD24
YDL160C-A	MHF2
YGL058W	RAD6
YML112W	CTK3
YKL113C	RAD27
YNL201C	PSY2
YOL043C	NTG2
YJR082C	EAF6
YMR106C	YKU80
YPR164W	MMS1
YML058W	SML1
YOR386W	PHR1
YHR090C	YNG2
YDR317W	HIM1
YIL143C	SSL2
YDR386W	MUS81
YPL022W	RAD1
YPL001W	HAT1
YBR098W	MMS4
YGL207W	SPT16
YCR014C	POL4
YNL250W	RAD50
YDL154W	MSH5
YNL218W	MGS1
YIL035C	CKA1
YDR014W-A	HED1
YDR225W	HTA1
YML095C	RAD10
YHR120W	MSH1
YLR383W	SMC6
YLR035C	MLH2
YER028C	MIG3
YKL210W	UBA1
YDL164C	CDC9
YOR033C	EXO1
YIL112W	HOS4
YML032C	RAD52
YDR004W	RAD57
YGL150C	INO80
YOR368W	RAD17
YJL081C	ARP4
YKL076C	PSY1
YPL167C	REV3
YBR089C-A	NHP6B
YDR311W	TFB1
YER171W	RAD3
YMR114C	
YPL024W	RMI1
YLR376C	PSY3
YER014C-A	BUD25
YBR228W	SLX1
YKL067W	YNK1
YPL262W	FUM1
YBR272C	HSM3
YJR066W	TOR1
YPL031C	PHO85
YPL122C	TFB2
YAL015C	NTG1
YJR136C	TTI2
YNL107W	YAF9
YLR399C	BDF1
YDL003W	MCD1
YEL019C	MMS21
YDR359C	EAF1
YOR141C	ARP8
YLR394W	CST9
YBR103W	SIF2
YDL156W	CMR1
YPL194W	DDC1
YJR035W	RAD26
YGL163C	RAD54
YKR029C	SET3
YDL101C	DUN1
YDR190C	RVB1
YOR189W	IES4
YPR023C	EAF3
YJR052W	RAD7
YPL153C	RAD53
YBL023C	MCM2
YNL085W	MKT1
YCR033W	SNT1
YPR052C	NHP6A
YOL052C-A	DDR2
YDL105W	NSE4
YNL215W	IES2
YBR173C	UMP1
YBL009W	ALK2
YDR433W	
YEL037C	RAD23
YNL082W	PMS1
YML061C	PIF1
YHR134W	WSS1
YDR076W	RAD55
YGR144W	THI4
YAL027W	SAW1
YER095W	RAD51
YPL235W	RVB2
YGR258C	RAD2
YDR314C	RAD34
YKL054C	DEF1
YOL133W	HRT1
YMR152W	YIM1
YDR288W	NSE3
YLR265C	NEJ1
YOL068C	HST1
YBR274W	CHK1
YLR183C	TOS4
YDL042C	SIR2
YDR419W	RAD30
YER162C	RAD4
YLR005W	SSL1
YER041W	YEN1
YDR030C	RAD28
YBR088C	POL30
YHR079C-A	SAE3
YBL019W	APN2
YGL019W	CKB1
YLL002W	RTT109
YDR121W	DPB4
YDL013W	SLX5
YOL086W-A	MHF1
YOR077W	RTS2
YGL175C	SAE2
YBR114W	RAD16
YOR005C	DNL4
YFL007W	BLM10
YPL204W	HRR25
YBR223C	TDP1
YOR244W	ESA1
YDR263C	DIN7
YMR137C	PSO2
YJL092W	SRS2
YGL090W	LIF1
YDR369C	XRS2
YPL008W	CHL1
YDL059C	RAD59
YBR073W	RDH54
YGR002C	SWC4
YDR217C	RAD9
YLR320W	MMS22
YNL136W	EAF7
YDR078C	SHU2
YKL114C	APN1
YOR061W	CKA2
YDL200C	MGT1
