YKL103C	
YMR139W	RIM11
YFR052W	RPN12
YBL022C	PIM1
YPR103W	PRE2
YEL059C-A	SOM1
YBR227C	MCX1
YIR039C	YPS6
YMR304W	UBP15
YHR132C	ECM14
YGR098C	ESP1
YOR157C	PUP1
YPR122W	AXL1
YKL157W	APE2
YKR087C	OMA1
YJL156C	SSY5
YDR101C	ARX1
YER144C	UBP5
YBL067C	UBP13
YIR022W	SEC11
YIL108W	
YKL100C	YPF1
YFR044C	DUG1
YDR349C	YPS7
YCL057W	PRD1
YHR024C	MAS2
YBL091C	MAP2
YOR275C	RIM20
YHR113W	APE4
YOR256C	TRE2
YEL060C	PRB1
YMR297W	PRC1
YJL172W	CPS1
YDR415C	
YPL246C	RBD2
YMR089C	YTA12
YPL020C	ULP1
YNL239W	LAP3
YDR144C	MKC7
YFL044C	OTU1
YPR024W	YME1
YOR124C	UBP2
YPR191W	QCR2
YDR331W	GPI8
YGR101W	PCP1
YBR281C	DUG2
YNL123W	NMA111
YIL031W	ULP2
YDL216C	RRI1
YKL134C	OCT1
YNL223W	ATG4
YIL137C	TMA108
YLR163C	MAS1
YBR058C	UBP14
YMR274C	RCE1
YLL029W	FRA1
YOL128C	YGK3
YBR139W	
YGR232W	NAS6
YJR099W	YUH1
YPL154C	PEP4
YJL197W	UBP12
YER143W	DDI1
YGL258W-A	
YLR299W	ECM38
YMR150C	IMP1
YIL156W	UBP7
YJR117W	STE24
YDR069C	DOA4
YNL238W	KEX2
YLR389C	STE23
YER078C	ICP55
YMR114C	
YLR121C	YPS3
YOR197W	MCA1
YMR154C	RIM13
YER098W	UBP9
YJL001W	PRE3
YLR120C	YPS1
YNL186W	UBP10
YER017C	AFG3
YKR098C	UBP11
YGL259W	YPS5
YJR126C	VPS70
YOR219C	STE13
YLR244C	MAP1
YER151C	UBP3
YMR035W	IMP2
YDL122W	UBP1
YCR045C	RRT12
YFR010W	UBP6
YOL057W	
YGR058W	PEF1
YMR223W	UBP8
YNL045W	LAP2
YHR047C	AAP1
YHR028C	DAP2
YPL191C	
YHR134W	WSS1
YGL203C	KEX1
YOR003W	YSP3
YGR225W	AMA1
YBR286W	APE3
YBR074W	
YKL171W	NNK1
YDR430C	CYM1
YIL015W	BAR1
YPL072W	UBP16
YFR004W	RPN11
