YMR139W	RIM11
YFL026W	STE2
YOL081W	IRA2
YOR231W	MKK1
YOR212W	STE4
YBR160W	CDC28
YDR422C	SIP1
YGL121C	GPG1
YER027C	GAL83
YLR425W	TUS1
YDL079C	MRK1
YPL140C	MKK2
YFR014C	CMK1
YER177W	BMH1
YDR287W	INM2
YER123W	YCK3
YHR135C	YCK1
YGR152C	RSR1
YJL084C	ALY2
YHR146W	CRP1
YIL147C	SLN1
YIL106W	MOB1
YOR014W	RTS1
YIL169C	
YJL201W	ECM25
YDR277C	MTH1
YOL147C	PEX11
YFL047W	RGD2
YKL203C	TOR2
YPR084W	
YPL089C	RLM1
YER020W	GPA2
YJR086W	STE18
YBR077C	SLM4
YOL016C	CMK2
YDR389W	SAC7
YHR022C	
YAL056W	GPB2
YHR046C	INM1
YOR360C	PDE2
YHR182W	
YNL098C	RAS2
YGL045W	RIM8
YNL006W	LST8
YNL307C	MCK1
YER155C	BEM2
YOR134W	BAG7
YCL032W	STE50
YNL154C	YCK2
YFL034C-B	MOB2
YOR322C	LDB19
YNL173C	MDG1
YKL178C	STE3
YBR250W	SPO23
YOR127W	RGA1
YLR452C	SST2
YDR099W	BMH2
YKR021W	ALY1
YOR101W	RAS1
YGL208W	SIP2
YDL035C	GPR1
YJL005W	CYR1
YKL092C	BUD2
YBR203W	COS111
YPR040W	TIP41
YPL242C	IQG1
YLR392C	ART10
YBL105C	PKC1
YDL194W	SNF3
YPL268W	PLC1
YBR274W	CHK1
YDL240W	LRG1
YKL161C	KDX1
YHR030C	SLT2
YJL053W	PEP8
YDR006C	SOK1
YHR005C	GPA1
YDL017W	CDC7
YPL115C	BEM3
YOR047C	STD1
YPL204W	HRR25
YOR353C	SOG2
YDR379W	RGA2
YCR027C	RHB1
YGL179C	TOS3
YBR260C	RGD1
YIL047C	SYG1
YOR371C	GPB1
YBR140C	IRA1
