YOL048C	RRT8
YDR523C	SPS1
YLR054C	OSW2
YLR308W	CDA2
YHR184W	SSP1
YGL228W	SHE10
YAL018C	LDS1
YBR180W	DTR1
YLR342W	FKS1
YLL005C	SPO75
YBR023C	CHS3
YCL048W	SPS22
YLR343W	GAS2
YOL132W	GAS4
YLR341W	SPO77
YGR032W	GSC2
YJL037W	IRC18
YBR043C	QDR3
YLR213C	CRR1
YHR185C	PFS1
YMR148W	OSW5
YDR403W	DIT1
YOR242C	SSP2
YDR273W	DON1
YJL038C	LOH1
YLR307W	CDA1
YIR026C	YVH1
YDR027C	VPS54
YOR298W	MUM3
YFL039C	ACT1
YIL120W	QDR1
YDL239C	ADY3
YPR165W	RHO1
YBR045C	GIP1
YDR402C	DIT2
YHR139C	SPS100
YLR330W	CHS5
YCR045C	RRT12
YDR522C	SPS2
YER046W	SPO73
YNL128W	TEP1
YNL084C	END3
YOL047C	LDS2
YPR054W	SMK1
YGR225W	AMA1
YDR260C	SWM1
YOR255W	OSW1
YMR306W	FKS3
YFR039C	OSW7
YDL029W	ARP2
YDR104C	SPO71
