YJL139C	YUR1
YJR131W	MNS1
YBR243C	ALG7
YDR483W	KRE2
YJL186W	MNN5
YMR149W	SWP1
YDR307W	PMT7
YOR099W	KTR1
YAL023C	PMT2
YNL048W	ALG11
YOR085W	OST3
YGL022W	STT3
YBL082C	ALG3
YBR002C	RER2
YOR002W	ALG6
YDL232W	OST4
YGL065C	ALG2
YOR336W	KRE5
YDR414C	ERD1
YNL029C	KTR5
YJL002C	OST1
YKL201C	MNN4
YHR204W	MNL1
YER003C	PMI40
YGL226C-A	OST5
YIL014W	MNT3
YEL002C	WBP1
YPL227C	ALG5
YEL042W	GDA1
YBR199W	KTR4
YGR227W	DIE2
YKR061W	KTR2
YBR110W	ALG1
YNR030W	ALG12
YBR162W-A	YSY6
YOR067C	ALG8
YIL085C	KTR7
YDL055C	PSA1
YJR061W	
YPL053C	KTR6
YBR205W	KTR3
YGR036C	CAX4
YJL183W	MNN11
YML019W	OST6
YJR143C	PMT4
YNR059W	MNT4
YOR321W	PMT3
YGL257C	MNT2
YER005W	YND1
YIL049W	DFG10
YGR199W	PMT6
YDL095W	PMT1
YOR103C	OST2
YDL193W	NUS1
YBR015C	MNN2
YPL050C	MNN9
YDL093W	PMT5
YLR057W	MNL2
YMR013C	SEC59
YMR101C	SRT1
YPR183W	DPM1
YER001W	MNN1
YHR181W	SVP26
YNL219C	ALG9
