YDR387C	CIN10
YBR293W	VBA2
YHR094C	HXT1
YOL119C	MCH4
YDR508C	GNP1
YBR241C	
YPR194C	OPT2
YPL224C	MMT2
YDL206W	
YDR338C	
YOL103W	ITR2
YPL244C	HUT1
YAL053W	FLC2
YGR224W	AZR1
YPR156C	TPO3
YFL011W	HXT10
YDL199C	
YBR294W	SUL1
YNR055C	HOL1
YPL092W	SSU1
YMR319C	FET4
YJR040W	GEF1
YKR052C	MRS4
YDR119W	VBA4
Q0275	COX3
YBR298C	MAL31
YOR092W	ECM3
YOR365C	
YOL020W	TAT2
YHL047C	ARN2
YBR180W	DTR1
YPR198W	SGE1
YNL268W	LYP1
YBL089W	AVT5
YJL108C	PRM10
YOR271C	FSF1
YGR260W	TNA1
YPL270W	MDL2
YKL217W	JEN1
YLL052C	AQY2
YGL104C	VPS73
YHR048W	YHK8
YHR002W	LEU5
YGR125W	
YBR085W	AAC3
YIL134W	FLX1
YBR068C	BAP2
YNL055C	POR1
YHL036W	MUP3
YNR013C	PHO91
YDL119C	HEM25
YKL221W	MCH2
YFL050C	ALR2
YEL004W	YEA4
YDR343C	HXT6
YCR011C	ADP1
YDL138W	RGT2
YCL069W	VBA3
YGR217W	CCH1
YLL055W	YCT1
YLL015W	BPT1
YPL058C	PDR12
YOL137W	BSC6
YDR536W	STL1
YDR011W	SNQ2
YPL147W	PXA1
YPL169C	MEX67
YOR316C	COT1
YMR203W	TOM40
YJL163C	
YOR328W	PDR10
YNL275W	BOR1
YGR191W	HIP1
YKR093W	PTR2
YBL042C	FUI1
YKR103W	NFT1
YNR070W	PDR18
YOR273C	TPO4
YKR104W	
YBR069C	TAT1
YDL128W	VCX1
YEL065W	SIT1
YDR497C	ITR1
YGL186C	TPN1
YLR152C	
YJR158W	HXT16
YBR043C	QDR3
YDR160W	SSY1
YML123C	PHO84
YDR040C	ENA1
YDR046C	BAP3
YGR096W	TPC1
YBR086C	IST2
YFL054C	AQY3
YLL053C	
YMR011W	HXT2
YDR038C	ENA5
YHR096C	HXT5
YLL043W	FPS1
YJR095W	SFC1
YLR004C	THI73
YOR378W	AMF1
YKL174C	TPO5
YFR045W	
YGL008C	PMA1
YBR008C	FLR1
YLL061W	MMP1
YNL065W	AQR1
YMR177W	MMT1
YAL022C	FUN26
YHR092C	HXT4
YPR003C	
YOL158C	ENB1
YKL209C	STE6
YJL107C	
YIL006W	YIA6
YLR081W	GAL2
YCR037C	PHO87
YDL247W	MPH2
YDR406W	PDR15
YKR050W	TRK2
YDR375C	BCS1
YCR098C	GIT1
YDR456W	NHX1
YGL077C	HNM1
YDR384C	ATO3
YLR092W	SUL2
YOR192C	THI72
YMR221C	FMP42
YJR160C	MPH3
YEL006W	YEA6
YKL064W	MNR2
YJL219W	HXT9
YOL162W	
YKL188C	PXA2
YJR152W	DAL5
YOR153W	PDR5
YFL055W	AGP3
YBR296C	PHO89
YKR105C	VBA5
YOL156W	HXT11
YAL067C	SEO1
YDR135C	YCF1
YOR306C	MCH5
YGR289C	MAL11
YMR088C	VBA1
YER060W	FCY21
YBR192W	RIM2
YNL321W	VNX1
YNR072W	HXT17
YJR106W	ECM27
YPL221W	FLC1
YOR161C	PNS1
YJL212C	OPT1
YOR222W	ODC2
YLR188W	MDL1
YBR132C	AGP2
YOR307C	SLY41
YDR342C	HXT7
YOR079C	ATX2
YNL318C	HXT14
YHL035C	VMR1
YPR201W	ARR3
YJL129C	TRK1
YDR270W	CCC2
YEL069C	HXT13
YJR077C	MIR1
YNR056C	BIO5
YBR295W	PCA1
YIL120W	QDR1
YOR011W	AUS1
YOR071C	NRT1
YKR039W	GAP1
YOL075C	
YMR301C	ATM1
YPL134C	ODC1
YKL175W	ZRT3
YBR291C	CTP1
YKL120W	OAC1
YBR127C	VMA2
YPR011C	
YHL016C	DUR3
YDL054C	MCH1
YCL005W-A	VMA9
YMR279C	
YGR055W	MUP1
YJR124C	
YOL130W	ALR1
YIL023C	YKE4
YER119C	AVT6
YPL265W	DIP5
YKR106W	GEX2
YOR291W	YPK9
YJL198W	PHO90
YHR032W	ERC1
YFL040W	
YBR104W	YMC2
YGR138C	TPO2
YLR138W	NHA1
YEL031W	SPF1
YPR021C	AGC1
YDR345C	HXT3
YHL040C	ARN1
YOR348C	PUT4
YNL125C	ESBP6
YNL270C	ALP1
YGL255W	ZRT1
YBL030C	PET9
YIL121W	QDR2
YLR237W	THI7
YMR243C	ZRC1
YIR028W	DAL4
YCR028C	FEN2
YER056C	FCY2
YDL194W	SNF3
YEL063C	CAN1
YCL073C	GEX1
YNL095C	
YBR235W	VHC1
YLR130C	ZRT2
YLL028W	TPO1
YIL013C	PDR11
YIL114C	POR2
YDL210W	UGA4
YMR056C	AAC1
YNL083W	SAL1
YJL214W	HXT8
YJL094C	KHA1
YPL274W	SAM3
YGL139W	FLC3
YCR075C	ERS1
YCL025C	AGP1
YLL048C	YBT1
YPR192W	AQY1
YCR023C	
YOL163W	
YCR010C	ADY2
YBR287W	
YIL166C	
YGR281W	YOR1
YER060W-A	FCY22
YDR039C	ENA2
YMR166C	MME1
YER039C	HVG1
YML116W	ATR1
YHL008C	
YGR065C	VHT1
YDL198C	GGC1
YDR205W	MSC2
YGL006W	PMC1
YBR021W	FUR4
YDL245C	HXT15
