Gene ID	V.polysp	T.phaffi	T.blatta	N.dairen	N.castel	K.nagani	K.africa	C.glabra	S.uvarum	S.kudria	S.mikata	S.cerevi	Z.rouxii	T.delbru	K.lactis	E.gossyp	E.cymbal	L.kluyve	L.thermo	L.waltii
YMR290C	S	S	S	S	S	S	S	S	S	S	S	S	P	P	P	P	P	P	P	P
YCR031C	P	P	P	P	P	S	S	P	P	P	P	P	P	P	P	P	P	P	P	P
YPL217C	S	S	S	S	S	S	S	S	S	S	S	S	P	P	P	P	L	P	P	P
YGR251W	S	S	S	S	S	S	S	S	S	S	S	S	P	P	P	P	P	P	P	P
YDR299W	S	S	S	S	S	S	S	S	S	S	S	S	P	P	P	P	P	P	P	P
YBR247C	S	S	S	S	S	S	S	S	S	S	S	S	P	P	P	P	P	P	P	P
YBR181C	P	P	S	P	P	P	P	P	P	P	P	P	P	P	P	P	P	P	P	L
YJR002W	D	S	S	S	S	S	S	S	S	S	S	S	P	P	P	P	P	P	P	P
YHR203C	S	P	S	P	P	P	P	S	P	P	P	P	P	P	P	P	P	P	P	P
YDL083C	P	S	S	P	P	P	P	S	P	P	P	P	P	P	P	P	P	P	P	P
YHR169W	S	S	S	S	S	S	S	S	S	S	S	S	P	P	P	P	P	P	P	P
YNL224C	S	S	S	S	S	S	S	S	S	S	S	S	P	P	P	P	P	P	P	P
YJL010C	S	S	S	S	S	P	S	S	S	S	S	S	P	P	P	P	P	P	P	P
YBR189W	P	P	S	P	P	P	P	P	P	P	P	P	P	P	P	P	P	P	P	P
YPL266W	S	S	S	S	S	S	S	S	S	S	S	S	P	P	P	P	P	P	P	P
YDR083W	S	S	S	S	S	S	S	S	S	S	S	S	P	P	P	P	P	P	P	P
YDR064W	S	S	S	S	S	S	S	S	S	S	S	S	P	P	P	P	P	P	P	P
YHR148W	S	S	S	S	S	S	S	S	S	S	S	S	P	P	P	P	P	P	P	P
YDL083C	P	S	S	P	P	P	P	S	P	P	P	P	P	P	P	P	P	P	P	P
YGL120C	S	S	S	S	S	S	S	S	S	S	S	S	P	P	P	P	P	P	P	P
YLR409C	S	S	S	S	S	S	S	S	S	S	S	S	P	P	P	P	P	P	P	P
YDL213C	S	S	S	S	S	S	S	S	S	S	S	S	P	P	P	P	P	P	P	P
YCL059C	S	S	S	S	S	S	S	S	S	S	S	S	P	P	P	P	P	P	P	P
YLR186W	S	S	S	S	S	S	S	S	S	S	S	S	P	P	P	P	P	P	P	P
YNL308C	S	S	S	S	S	S	S	S	S	S	S	S	P	P	P	P	L	P	P	P
YLR197W	S	S	S	S	S	S	S	S	S	S	S	S	P	P	P	P	P	P	P	P
YPR112C	S	S	S	S	S	S	S	S	S	S	S	S	P	P	P	P	P	P	P	P
YGR081C	S	S	S	S	S	S	S	S	S	S	S	S	P	P	P	P	P	P	P	P
YPL012W	S	S	S	S	S	S	S	S	S	S	S	S	P	P	P	P	P	P	P	P
YNL075W	S	S	S	S	S	S	S	S	S	S	S	S	P	P	P	P	P	P	P	P
YBR048W	S	S	S	S	P	P	S	S	P	P	P	P	P	P	P	P	P	P	P	P
YER082C	S	S	S	S	S	S	S	S	S	S	S	S	P	P	P	P	P	P	P	P
YBL004W	P	S	S	S	S	S	S	S	S	S	S	S	P	P	P	P	P	P	P	P
YLR441C	S	S	S	P	P	P	P	S	P	P	P	P	P	P	P	P	P	P	P	P
YNL178W	S	S	S	S	S	S	S	S	S	S	S	S	P	P	P	P	P	P	P	P
YDR324C	S	S	S	S	S	S	S	S	S	S	S	S	P	P	P	P	L	P	P	P
YLR129W	S	S	S	S	S	S	S	S	S	S	S	S	P	P	P	P	P	P	P	P
YMR014W	S	S	S	S	S	S	S	S	S	S	S	S	P	P	P	P	P	P	P	P
YHR203C	S	P	S	P	P	P	P	S	P	P	P	P	P	P	P	P	P	P	P	P
YOL010W	S	S	S	S	S	S	S	S	S	S	S	S	P	P	P	P	P	P	P	P
YOR145C	S	S	S	S	S	S	S	S	S	S	S	S	P	P	P	P	P	P	P	P
YLR175W	S	S	S	S	S	S	S	S	S	S	S	S	P	P	P	P	P	P	P	P
YOR078W	S	S	S	S	S	S	S	S	S	S	S	S	P	P	P	P	P	P	P	P
YBR189W	P	P	S	P	P	P	P	P	P	P	P	P	P	P	P	P	P	P	P	P
YGR214W	P	P	S	P	P	P	P	S	P	P	P	P	P	P	P	P	P	P	P	P
YFL002C	S	S	S	S	S	S	S	S	S	S	S	S	P	P	P	P	P	P	P	P
YHR196W	S	S	S	S	S	S	S	S	S	S	S	S	P	P	P	P	P	P	P	P
YLR340W	S	S	S	S	S	S	S	S	S	S	S	S	P	P	P	P	P	P	P	P
YCR057C	S	S	S	S	S	S	S	S	S	S	S	S	P	P	P	P	P	P	P	P
YDL014W	S	S	S	S	S	S	P	S	S	S	S	S	P	P	P	P	P	P	P	P
YGR145W	S	S	S	S	S	S	S	S	S	S	S	S	P	P	P	P	P	P	P	P
YDL148C	S	S	S	S	S	S	S	S	S	S	S	S	P	P	P	P	P	P	P	P
YLL011W	S	S	S	S	S	S	S	S	S	S	S	S	P	P	P	P	P	P	P	P
YPR137W	S	S	S	S	S	S	S	S	S	S	S	S	P	P	P	P	P	P	P	P
YBL072C	P	S	S	P	P	P	P	S	P	P	P	P	P	P	P	P	P	P	P	P
YMR229C	S	S	S	S	S	S	S	S	S	S	S	S	P	P	P	P	P	P	P	P
YOR310C	S	P	S	S	S	P	P	S	S	S	S	S	P	P	P	P	P	P	P	P
YGR128C	S	S	S	S	S	S	S	S	S	S	S	S	P	P	P	P	L	P	P	P
YDR449C	S	S	S	S	S	S	S	S	S	S	S	S	P	P	P	P	P	P	P	P
YGR214W	P	P	S	P	P	P	P	S	P	P	P	P	P	P	P	P	P	P	P	P
YGR090W	S	S	S	S	S	S	S	S	S	S	S	S	P	P	P	P	P	P	P	P
YBL072C	P	S	S	P	P	P	P	S	P	P	P	P	P	P	P	P	P	P	P	P
YBR048W	S	S	S	S	P	P	S	S	P	P	P	P	P	P	P	P	P	P	P	P
YOR287C	S	S	S	S	S	S	S	S	S	S	S	S	P	P	P	P	P	P	P	P
YPL126W	S	S	S	S	S	S	S	S	S	S	S	S	P	P	P	P	P	P	P	P
YDL060W	S	S	S	S	S	S	S	S	S	S	S	S	P	P	P	P	P	P	P	P
YBR181C	P	P	S	P	P	P	P	P	P	P	P	P	P	P	P	P	P	P	P	L
YGL171W	S	S	S	D	S	S	S	S	S	S	S	S	P	P	P	P	P	P	P	P
YLR003C	S	S	S	S	S	S	S	S	S	S	S	S	P	P	P	P	P	P	P	P
YLR441C	S	S	S	P	P	P	P	S	P	P	P	P	P	P	P	P	P	P	P	P
YPR144C	S	S	S	S	S	S	S	S	S	S	S	S	P	P	P	P	P	P	P	P
YJL069C	S	S	S	S	S	S	S	S	S	S	S	S	P	P	P	P	P	P	P	P
YMR128W	S	S	S	S	S	S	S	S	S	S	S	S	P	P	P	P	P	P	P	P
YNL096C	S	S	S	P	P	P	P	S	P	P	P	P	P	P	P	P	P	P	P	P
YJR123W	P	P	S	P	P	S	S	S	S	S	S	S	P	P	P	P	P	P	P	P
YNL132W	S	S	S	S	S	S	S	S	S	S	S	S	P	P	P	P	P	P	P	P
YKR060W	S	S	S	S	S	S	S	S	S	S	S	S	P	P	P	P	P	P	P	P
YJL109C	S	S	S	S	S	S	S	S	S	S	S	S	P	P	P	P	P	P	P	P
YLR222C	S	S	S	S	S	S	S	S	S	S	S	S	P	P	P	P	P	P	P	P
YNL096C	S	S	S	P	P	P	P	S	P	P	P	P	P	P	P	P	P	P	P	P
YMR093W	S	S	S	S	S	S	S	S	S	S	S	S	P	P	P	P	P	P	P	P
YFL009W	P	P	S	S	S	D	S	S	S	S	S	S	P	P	P	P	P	P	P	P
