Gene ID	V.polysp	T.phaffi	T.blatta	N.dairen	N.castel	K.nagani	K.africa	C.glabra	S.uvarum	S.kudria	S.mikata	S.cerevi	Z.rouxii	T.delbru	K.lactis	E.gossyp	E.cymbal	L.kluyve	L.thermo	L.waltii
YNR069C	D	D	D	D	D	D	D	D	D	D	D	S	L	L	L	L	L	L	L	L
YLR128W	S	S	S	S	S	S	S	S	S	S	S	S	P	P	P	P	P	P	P	P
YDR265W	S	S	S	S	S	S	S	S	S	S	S	S	P	P	P	P	P	P	P	P
YNR068C	D	D	D	D	D	D	D	D	S	S	S	S	L	L	L	L	L	L	L	L
YML111W	S	S	P	P	P	S	P	P	P	P	P	P	P	P	P	P	L	P	P	P
YHR115C	P	S	S	S	P	P	P	S	P	P	P	P	P	P	P	P	P	P	P	P
YBR082C	S	S	S	S	S	S	P	S	P	P	P	P	P	P	P	P	P	P	P	P
YOR057W	S	S	S	S	S	S	S	S	S	S	S	S	P	P	P	P	P	P	P	P
YER125W	S	S	S	S	S	S	S	S	S	S	S	S	P	P	P	P	P	P	P	P
YMR026C	S	S	S	S	S	S	S	S	S	S	S	S	P	P	P	P	P	P	P	P
YIL112W	S	S	S	S	S	S	S	S	S	S	S	S	P	P	P	P	L	P	P	P
YML068W	S	S	S	S	S	S	S	S	S	S	S	S	P	P	L	L	L	P	P	P
YBR082C	S	S	S	S	S	S	P	S	P	P	P	P	P	P	P	P	P	P	P	P
YDL190C	S	S	S	S	S	S	S	S	S	S	S	S	P	P	P	P	P	P	P	P
YHR115C	P	S	S	S	P	P	P	S	P	P	P	P	P	P	P	P	P	P	P	P
YGR184C	P	S	S	S	S	S	S	S	S	S	S	S	P	P	P	P	L	P	P	P
YML111W	S	S	P	P	P	S	P	P	P	P	P	P	P	P	P	P	L	P	P	P
YIL001W	S	S	S	S	S	S	S	S	S	S	S	S	P	P	P	L	P	P	P	P
YLR024C	S	S	S	S	S	S	S	S	S	S	S	S	P	P	P	P	P	P	P	P
YJR141W	S	S	S	S	S	S	S	S	S	S	S	S	P	P	P	P	P	P	P	P
YKR017C	S	S	S	S	S	S	S	S	S	S	S	S	P	P	P	P	P	P	P	P
YBL049W	S	S	S	P	P	P	P	S	S	S	S	S	P	P	P	P	P	P	P	P
YJL210W	S	S	S	S	S	S	S	S	S	S	S	S	P	P	P	P	P	P	P	P
