Gene ID	V.polysp	T.phaffi	T.blatta	N.dairen	N.castel	K.nagani	K.africa	C.glabra	S.uvarum	S.kudria	S.mikata	S.cerevi	Z.rouxii	T.delbru	K.lactis	E.gossyp	E.cymbal	L.kluyve	L.thermo	L.waltii
YHL031C	S	S	S	S	S	S	S	S	S	S	S	S	P	P	P	P	P	P	P	P
YJL139C	P	P	S	S	S	P	P	P	P	P	P	P	P	P	P	P	P	P	P	P
YNL297C	S	S	S	S	S	S	S	S	S	S	S	S	P	P	P	P	P	P	P	P
YLR220W	S	S	P	S	P	S	S	S	S	S	S	S	P	P	P	P	P	P	P	P
YDR367W	S	S	P	S	S	S	S	S	S	S	S	S	P	P	P	P	P	P	P	P
YJR131W	S	S	S	S	S	S	S	S	S	S	S	S	P	P	P	P	P	P	P	P
YMR017W	D	D	D	D	D	D	D	D	S	S	S	S	L	L	L	L	L	L	L	L
YDR483W	P	P	P	P	P	S	P	P	P	P	P	P	P	P	P	P	P	P	P	P
YPL218W	S	S	S	S	S	S	S	S	S	S	S	S	P	P	P	P	P	P	P	P
YOR237W	P	P	P	P	P	P	P	P	P	P	P	P	P	P	P	P	P	P	P	P
YPR181C	P	P	P	P	S	S	S	P	S	S	S	S	P	P	P	P	P	P	P	P
YNL304W	S	S	S	S	S	S	S	S	S	S	S	S	P	P	P	P	P	P	P	P
YGR172C	S	S	S	S	S	S	S	S	S	S	S	S	P	P	P	P	P	P	P	P
YJR040W	S	S	S	S	S	S	S	S	S	S	S	S	P	P	P	P	P	P	P	P
YOL107W	S	S	S	S	S	S	S	S	S	S	S	S	P	P	P	P	L	P	P	P
YEL036C	S	S	S	P	S	S	S	S	S	S	S	S	P	P	P	P	P	P	P	P
YNL263C	S	S	S	S	S	S	S	S	S	S	S	S	P	P	P	P	P	P	P	P
YNL044W	S	S	S	S	S	S	S	S	S	S	S	S	P	P	P	P	P	P	P	P
YBR097W	S	S	S	S	S	S	S	S	S	S	S	S	P	P	P	P	P	P	P	P
YDR238C	S	S	S	S	S	S	S	S	S	S	S	S	P	P	P	P	P	P	P	P
YFL034W	P	P	S	S	S	S	S	S	S	S	S	S	P	P	P	P	L	P	P	P
YKR044W	P	P	P	S	S	S	S	S	S	S	S	S	P	P	L	P	P	P	P	P
YHR039C-A	S	S	S	S	S	S	S	S	S	S	S	S	P	P	P	P	P	P	P	P
YOR216C	S	S	S	S	S	S	S	S	S	S	S	S	P	P	P	P	P	P	P	P
YOR099W	P	P	P	S	S	S	S	S	S	S	S	S	P	P	P	P	P	P	P	P
YOR036W	S	S	S	S	S	S	S	S	S	S	S	S	P	P	P	P	P	P	P	P
YAL026C	S	S	S	S	S	S	S	S	S	S	S	S	P	P	P	P	P	P	P	P
YAL014C	S	S	S	S	S	S	S	S	S	S	S	S	P	P	P	P	P	P	P	P
YOL073C	S	S	S	S	S	S	S	S	S	S	S	S	P	P	P	P	L	P	P	P
YAL042W	P	P	P	P	P	P	P	S	S	S	S	S	P	P	P	P	P	P	P	P
YKL091C	S	S	S	S	S	S	S	P	P	P	P	P	P	P	P	P	P	P	P	P
YDR264C	S	S	S	P	P	P	P	S	P	P	P	P	P	P	P	P	P	P	P	P
YNL041C	S	S	S	S	S	S	S	S	S	S	S	S	P	P	P	P	P	P	P	P
YER031C	S	S	S	S	S	S	S	P	P	P	P	P	P	P	P	P	P	P	P	P
YDR373W	S	S	S	S	S	S	S	S	S	S	S	S	P	P	P	P	P	P	P	P
YOR311C	S	S	P	S	S	S	S	S	S	S	S	S	P	P	P	P	P	P	P	P
YKL034W	S	S	S	S	S	S	S	S	S	S	S	S	P	P	P	P	P	P	P	P
YLR078C	S	S	S	S	S	S	S	S	S	S	S	S	P	P	P	P	P	P	P	P
YMR183C	S	S	S	P	P	S	S	P	P	P	P	P	P	P	P	P	P	P	P	P
YGL167C	S	S	S	S	S	S	S	P	S	S	S	S	P	P	P	P	P	P	P	P
YHL017W	S	S	S	S	S	S	S	P	P	P	P	P	P	P	P	P	P	P	P	P
YHR026W	S	S	S	S	S	S	S	S	S	S	S	S	P	P	P	P	P	P	P	P
YFL048C	S	P	P	S	S	P	S	P	P	P	P	P	P	P	P	P	P	P	P	P
YAL030W	S	S	P	S	S	S	S	P	P	P	P	P	P	P	P	P	P	P	P	P
YIL004C	S	S	S	S	S	S	S	S	S	S	S	S	P	P	P	P	P	P	P	L
YER039C	P	P	S	P	P	S	S	S	P	P	P	P	P	P	P	P	P	P	P	P
YDL145C	S	S	S	S	S	S	S	S	S	S	S	S	P	P	P	P	P	P	P	P
YBR183W	P	P	P	P	P	S	S	P	P	P	P	P	P	P	P	P	P	P	P	P
YNL024C-A	S	S	S	S	S	S	S	S	S	S	S	S	P	P	P	P	P	P	P	P
YDL149W	S	S	S	S	S	S	S	S	S	S	S	S	P	P	P	P	P	P	P	P
YOR332W	S	S	S	S	S	S	S	S	S	S	S	S	P	P	P	P	P	P	P	P
YPL246C	P	P	S	S	S	S	S	S	S	S	S	S	P	P	P	P	P	P	P	P
YML115C	S	S	S	S	S	S	S	S	S	S	S	S	P	P	P	P	P	P	P	P
YHR204W	S	S	S	S	S	S	S	S	S	S	S	S	P	P	P	P	L	P	P	P
YGL020C	S	S	S	S	S	S	S	S	S	S	S	S	P	P	P	P	P	P	P	P
YCL001W	S	S	S	S	S	S	S	S	S	S	S	S	P	P	P	P	P	P	P	P
YIL109C	P	S	S	S	P	P	P	P	P	P	P	P	P	P	P	P	P	P	P	P
YDL058W	S	S	S	S	S	S	S	S	S	S	S	S	P	P	P	P	P	P	P	P
YLR026C	S	S	S	S	S	S	S	S	S	S	S	S	P	P	P	P	P	P	P	P
YPL010W	S	S	S	S	S	S	S	S	S	S	S	S	P	P	P	P	P	P	P	P
YML038C	P	P	S	S	S	S	S	S	S	S	S	S	P	P	P	P	P	P	P	P
YKR078W	P	P	P	P	P	S	S	P	P	P	P	P	P	P	P	P	P	P	P	P
YGL200C	S	P	S	S	S	S	S	S	S	S	S	S	P	P	P	P	P	P	P	P
YML012W	P	P	S	S	P	P	S	S	S	S	S	S	P	P	P	P	P	P	P	P
YDR093W	S	S	P	P	P	P	P	P	P	P	P	P	P	P	P	P	P	P	P	P
YLR039C	P	P	S	S	S	S	S	S	S	S	S	S	P	P	P	P	P	P	P	P
YER122C	S	S	P	S	S	S	P	S	S	S	S	S	P	P	P	P	P	P	P	P
YKL174C	S	S	S	S	S	S	S	S	S	S	S	S	P	P	P	P	P	P	P	P
YIL014W	D	S	S	P	P	S	S	S	S	S	S	S	P	P	L	L	L	L	P	P
YGL095C	S	S	S	S	S	S	S	S	S	S	S	S	P	P	P	P	P	P	P	P
YGL137W	S	S	S	S	S	S	S	S	S	S	S	S	P	P	P	P	L	P	P	P
YKL179C	S	S	S	S	S	S	S	S	S	S	S	S	P	P	P	P	L	P	P	P
YBR161W	S	P	P	P	P	P	P	P	P	P	P	P	P	P	P	L	L	P	P	P
YDR245W	S	S	S	S	S	S	S	S	S	S	S	S	P	P	P	P	P	P	P	P
YGR143W	S	P	P	P	P	P	P	P	P	P	P	P	P	P	P	P	P	P	P	P
YGR009C	P	S	P	P	P	S	P	S	S	S	S	S	P	P	P	P	P	P	P	P
YPL234C	S	S	S	S	S	S	S	S	S	S	S	S	P	P	P	P	P	P	P	P
YEL042W	P	P	P	S	S	S	S	S	S	S	S	S	P	P	P	P	P	P	P	P
YHR098C	P	P	P	S	S	S	S	S	S	S	S	S	P	P	P	P	P	P	P	P
YIL048W	P	P	P	S	S	S	S	S	S	S	S	S	P	P	P	P	P	P	P	P
YIL109C	P	S	S	S	P	P	P	P	P	P	P	P	P	P	P	P	P	P	P	P
YJL139C	P	P	S	S	S	P	P	P	P	P	P	P	P	P	P	P	P	P	P	P
YMR162C	S	S	P	S	S	S	S	S	S	S	S	S	P	P	P	P	P	P	P	P
YDR084C	S	S	S	S	S	S	S	S	S	S	S	S	P	P	P	P	P	P	P	P
YNL006W	S	S	S	S	S	S	S	S	S	S	S	S	P	P	P	P	P	P	P	P
YLR309C	S	S	S	S	S	S	S	S	S	S	S	S	P	P	P	P	P	P	P	P
YDR093W	S	S	P	P	P	P	P	P	P	P	P	P	P	P	P	P	P	P	P	P
YER031C	S	S	S	S	S	S	S	P	P	P	P	P	P	P	P	P	P	P	P	P
YDR503C	S	S	S	S	S	D	S	S	S	S	S	S	P	L	P	P	P	P	P	P
YKL196C	D	S	S	S	S	S	S	S	S	S	S	S	P	P	P	P	P	P	P	P
YPR028W	D	S	P	S	S	S	S	S	S	S	S	S	P	P	P	P	P	P	P	P
YGL038C	S	P	P	S	S	S	S	S	S	S	S	S	P	P	P	P	P	P	P	P
YGR106C	S	S	S	S	S	S	S	S	S	S	S	S	P	P	P	P	P	P	P	P
YGR209C	S	P	S	S	S	D	S	S	P	P	P	P	P	P	P	P	P	P	P	P
YGR170W	S	S	S	S	S	S	S	S	S	S	S	S	P	P	P	P	L	P	P	P
YER157W	S	S	S	S	S	S	S	S	S	S	S	S	P	P	P	P	P	P	P	P
YDR137W	S	S	S	S	S	S	S	S	S	S	S	S	P	P	P	P	P	P	P	P
YKR088C	S	S	S	S	S	S	S	S	S	S	S	S	P	P	P	P	P	P	P	P
YJR066W	S	S	S	P	P	P	P	P	P	P	P	P	P	P	P	P	P	P	P	P
YMR197C	S	S	S	S	S	S	S	S	S	S	S	S	P	P	P	P	P	P	P	P
YPR036W	S	S	S	S	S	S	S	S	S	S	S	S	P	P	P	P	P	P	P	P
YOR320C	S	P	S	S	P	S	S	S	S	S	S	S	P	P	P	L	L	P	P	P
YPR109W	S	S	S	S	S	S	S	S	S	S	S	S	P	P	P	P	P	P	P	P
YGR020C	S	S	S	S	S	S	S	S	S	S	S	S	P	P	P	P	P	P	P	P
YPL085W	P	P	P	S	P	S	S	S	S	S	S	S	P	P	P	P	P	P	P	P
YOR079C	S	S	S	S	S	S	S	S	S	S	S	S	P	P	P	P	L	P	P	P
YDL121C	S	S	S	S	S	S	S	S	S	S	S	S	P	P	P	P	P	P	P	P
YLR360W	S	S	S	S	S	S	S	S	S	S	S	S	P	P	P	P	L	P	P	P
YBR161W	S	P	P	P	P	P	P	P	P	P	P	P	P	P	P	L	L	P	P	P
YIL076W	S	S	S	S	S	S	S	S	S	S	S	S	P	P	P	P	P	P	P	P
YLR260W	P	P	P	P	P	P	P	P	P	P	P	P	P	P	P	P	P	P	P	P
YJL183W	S	S	P	S	S	S	S	S	S	S	S	S	P	P	P	P	P	P	P	P
YHL019C	S	S	S	S	S	S	S	S	S	S	S	S	P	P	P	P	P	P	P	P
YLR260W	P	P	P	P	P	P	P	P	P	P	P	P	P	P	P	P	P	P	P	P
YLR240W	S	S	S	S	S	S	S	S	S	S	S	S	P	P	P	P	P	P	P	P
YDR468C	S	S	S	S	S	S	S	S	S	S	S	S	P	P	P	P	P	P	P	P
YLR447C	S	S	S	S	S	S	S	S	S	S	S	S	P	P	P	P	P	P	P	P
YMR071C	S	S	S	S	S	S	S	S	S	S	S	S	P	P	P	P	P	P	P	P
YFL048C	S	P	P	S	S	P	S	P	P	P	P	P	P	P	P	P	P	P	P	P
YHR123W	S	S	P	P	P	P	P	P	P	P	P	P	P	P	P	P	P	P	P	P
YGR120C	S	S	S	S	S	S	S	S	S	S	S	S	P	P	P	P	P	P	P	P
YBR127C	S	S	S	S	S	S	S	S	S	S	S	S	P	P	P	P	P	P	P	P
YDR189W	S	S	S	S	S	S	S	S	S	S	S	S	P	P	P	P	P	P	P	P
YMR010W	S	S	S	S	S	S	S	S	S	S	S	S	P	P	P	P	P	P	P	P
YCL005W-A	S	S	S	S	S	S	S	S	S	S	S	S	P	P	P	P	P	P	P	P
YNL051W	S	S	S	S	S	S	S	S	S	S	S	S	P	P	P	P	P	P	P	P
YBR210W	P	P	P	S	S	S	S	S	P	P	P	P	P	P	P	P	P	P	P	P
YDL091C	S	S	S	S	S	S	S	S	S	S	S	S	P	P	P	P	P	P	P	P
YDR072C	S	S	S	S	S	S	S	S	S	S	S	S	P	P	P	L	P	P	P	P
YLR268W	S	S	S	S	S	S	S	S	S	S	S	S	P	P	P	P	P	P	P	P
YGL198W	S	S	S	S	S	S	S	S	S	S	S	S	P	P	P	P	L	P	P	P
YKL080W	S	S	S	S	S	S	S	S	S	S	S	S	P	P	P	P	P	P	P	P
YER113C	S	S	S	S	S	S	S	S	S	S	S	S	P	P	P	P	P	P	P	P
YER083C	S	S	S	S	S	S	S	S	S	S	S	S	P	P	P	P	P	P	P	P
YGL257C	D	D	D	D	D	D	D	D	S	S	S	S	L	L	L	L	L	L	L	L
YER005W	S	S	S	S	S	S	S	S	S	S	S	S	P	P	P	P	P	P	P	P
YDL185W	S	S	S	S	S	S	S	S	S	S	S	S	P	P	P	P	P	P	P	P
YEL027W	P	P	S	S	S	P	P	S	S	S	S	S	P	P	P	P	P	P	P	P
YDR264C	S	S	S	P	P	P	P	S	P	P	P	P	P	P	P	P	P	P	P	P
YAL030W	S	S	P	S	S	S	S	P	P	P	P	P	P	P	P	P	P	P	P	P
YFL038C	S	S	S	S	S	S	S	S	S	S	S	S	P	P	P	P	P	P	P	P
YPR105C	S	S	S	S	S	S	S	S	S	S	S	S	P	P	P	P	P	P	P	P
YMR054W	S	S	S	S	S	S	S	S	S	S	S	S	P	P	P	P	P	P	P	P
YOR357C	S	S	S	S	S	S	S	S	S	S	S	S	P	P	P	P	P	P	P	P
YDR100W	P	D	P	S	S	S	S	S	S	S	S	S	P	P	P	P	P	P	P	P
YDR517W	S	S	S	S	S	S	S	S	S	S	S	S	P	P	P	P	P	P	P	P
YML071C	S	S	S	S	S	S	S	S	S	S	S	S	P	P	P	P	P	P	P	P
YGR209C	S	P	S	S	S	D	S	S	P	P	P	P	P	P	P	P	P	P	P	P
YFR051C	P	S	S	S	S	S	S	S	S	S	S	S	P	P	P	P	P	P	P	P
YKL212W	S	S	S	P	P	S	S	S	S	S	S	S	P	P	P	P	P	P	P	P
YKL006C-A	S	S	S	S	S	S	S	S	S	S	S	S	P	P	P	P	P	P	P	P
YBL102W	S	S	S	S	S	S	S	S	S	S	S	S	P	P	P	P	P	P	P	P
YOL018C	S	S	S	S	S	S	S	S	S	S	S	S	P	P	P	P	L	P	P	P
YPR095C	S	S	P	S	S	S	P	S	S	S	S	S	P	P	P	P	P	P	P	P
YNL287W	S	S	S	S	S	S	S	S	S	S	S	S	P	P	P	P	P	P	P	P
YEL051W	S	S	S	S	S	S	S	S	S	S	S	S	P	P	P	P	P	P	P	P
YDR141C	P	P	S	S	S	S	S	S	S	S	S	S	P	P	P	P	P	P	P	P
YLR242C	S	S	S	S	S	S	S	S	S	S	S	S	P	P	P	P	P	P	P	P
YJL004C	S	S	S	S	S	S	S	S	S	S	S	S	P	P	P	P	P	P	P	P
YMR183C	S	S	S	P	P	S	S	P	P	P	P	P	P	P	P	P	P	P	P	P
YKR030W	S	S	S	S	S	D	D	S	S	S	S	S	P	P	P	P	P	P	P	P
YPL120W	S	S	S	S	S	S	S	S	S	S	S	S	P	P	P	P	P	P	P	P
YBR015C	P	S	P	P	S	S	S	S	S	S	S	S	P	P	P	P	P	P	P	P
YGL005C	S	S	S	S	S	S	S	S	S	S	S	S	P	P	P	P	P	P	P	P
YIL041W	P	P	P	S	S	S	S	S	S	S	S	S	P	P	P	P	P	P	P	P
YLR208W	P	P	S	S	S	S	S	P	S	S	S	S	P	P	P	P	P	P	P	P
YDL019C	P	P	P	P	P	P	P	P	P	P	P	P	P	P	P	P	P	P	P	P
YDR372C	P	S	P	S	P	S	S	S	S	S	S	S	P	P	P	P	P	P	P	P
YCR068W	S	S	S	S	S	S	S	S	S	S	S	S	P	P	P	P	P	P	P	P
YER074W-A	S	S	S	S	S	S	S	S	S	S	S	S	P	P	P	P	P	P	P	P
YML067C	S	S	S	P	P	S	S	S	S	S	S	S	P	P	P	P	P	P	P	P
YPL050C	S	S	S	P	P	P	S	S	S	S	S	S	P	P	P	P	P	P	P	P
YCR067C	S	S	S	P	P	P	P	P	P	P	P	P	P	P	P	P	P	P	P	P
YKL165C	S	S	S	S	S	S	S	S	S	S	S	S	P	P	P	P	P	P	P	P
YBR183W	P	P	P	P	P	S	S	P	P	P	P	P	P	P	P	P	P	P	P	P
YLR057W	S	S	S	S	S	S	S	S	S	S	S	S	P	P	P	P	P	P	P	P
YJL178C	S	S	P	S	S	S	S	S	S	S	S	S	P	P	P	P	L	P	P	P
YDL226C	S	S	P	S	S	S	S	S	P	P	P	P	P	P	P	P	P	P	P	P
YGL223C	S	S	S	S	S	D	S	S	S	S	S	S	P	P	P	P	P	P	P	P
YER039C	P	P	S	P	P	S	S	S	P	P	P	P	P	P	P	P	P	P	P	P
YDL195W	P	P	S	S	S	S	S	S	S	S	S	S	P	P	P	P	P	P	P	P
YBR187W	S	S	S	S	S	S	S	S	S	S	S	S	P	P	P	P	P	P	P	P
YMR292W	S	S	S	S	S	S	S	S	S	S	S	S	P	P	P	P	P	P	P	P
YPR170W-B	S	S	S	S	S	S	S	S	S	S	S	S	P	P	P	P	L	P	P	P
YPR029C	S	S	S	S	S	S	S	S	S	S	S	S	P	P	P	P	P	P	P	P
YER001W	D	D	D	D	D	D	D	D	S	S	S	S	L	L	L	L	L	L	L	L
YOR223W	S	S	S	S	S	S	S	S	S	S	S	S	P	P	P	P	P	P	P	P
