Gene ID	V.polysp	T.phaffi	T.blatta	N.dairen	N.castel	K.nagani	K.africa	C.glabra	S.uvarum	S.kudria	S.mikata	S.cerevi	Z.rouxii	T.delbru	K.lactis	E.gossyp	E.cymbal	L.kluyve	L.thermo	L.waltii
YLL050C	S	S	S	S	S	S	S	S	S	S	S	S	P	P	P	P	P	P	P	P
YJL020C	P	S	P	S	S	S	S	S	S	S	S	S	P	P	P	P	P	P	P	P
YBR234C	S	S	S	S	S	S	S	S	S	S	S	S	P	P	P	P	P	P	P	P
YOR181W	S	S	S	S	S	S	S	S	S	S	S	S	P	P	P	P	P	P	P	P
YPR171W	S	S	S	S	S	S	S	S	S	S	S	S	P	P	P	P	P	P	P	P
YDR129C	S	S	S	S	S	S	S	S	S	S	S	S	P	P	P	P	P	P	P	P
YLR429W	S	S	P	P	P	S	P	S	S	S	S	S	P	P	P	P	P	P	P	P
YGR032W	P	P	P	P	P	P	P	P	P	P	P	P	P	P	P	P	P	P	P	P
YCL034W	S	S	P	S	S	S	S	S	S	S	S	S	P	P	P	P	P	P	P	P
YFR024C-A	S	P	P	P	P	P	P	P	P	P	P	P	P	P	P	P	P	P	P	P
YER071C	S	S	S	S	S	S	S	S	S	S	S	S	P	P	P	P	P	P	P	P
YKR001C	S	S	S	S	S	S	S	S	S	S	S	S	P	P	P	P	P	P	P	P
YKL129C	S	P	P	S	S	S	S	P	P	P	P	P	P	P	P	P	P	P	P	P
YBL007C	S	S	S	S	S	S	S	S	S	S	S	S	P	P	P	P	P	P	P	P
YNL094W	S	S	S	S	S	S	S	S	S	S	S	S	P	P	P	P	P	P	P	P
YKL007W	S	S	S	S	S	S	S	S	S	S	S	S	P	P	P	P	P	P	P	P
YGR241C	S	S	S	P	P	P	P	P	P	P	P	P	P	P	P	P	P	P	P	P
YGR198W	S	S	S	S	S	S	S	S	S	S	S	S	P	P	P	P	P	P	P	P
YDL146W	S	S	S	S	S	S	S	S	S	S	S	S	P	P	P	P	P	P	P	P
YIR003W	S	S	S	S	S	S	S	S	S	S	S	S	P	P	P	P	P	P	P	P
YOR239W	P	P	P	P	P	S	S	S	S	S	S	S	P	P	P	P	L	P	P	P
YJR065C	S	S	S	S	S	S	S	S	S	S	S	S	P	P	P	P	P	P	P	P
YKL129C	S	P	P	S	S	S	S	P	P	P	P	P	P	P	P	P	P	P	P	P
YLR337C	S	S	S	S	S	S	S	S	S	S	S	S	P	P	P	P	P	P	P	P
YER125W	S	S	S	S	S	S	S	S	S	S	S	S	P	P	P	P	P	P	P	P
YFR024C-A	S	P	P	P	P	P	P	P	P	P	P	P	P	P	P	P	P	P	P	P
YGR136W	S	S	P	S	S	P	S	S	P	P	P	P	P	P	P	P	P	P	P	P
YBL047C	P	P	S	S	S	P	P	S	S	S	S	S	P	P	P	P	P	P	P	P
YIL095W	P	P	P	P	P	P	P	P	P	P	P	P	P	P	P	P	P	P	P	P
YCR088W	S	S	S	S	S	S	S	S	S	S	S	S	P	P	P	P	P	P	P	P
YKL013C	S	S	S	S	S	S	S	S	S	S	S	S	P	P	P	P	P	P	P	P
YCR009C	P	P	P	S	S	P	P	S	S	S	S	S	P	P	P	P	P	P	P	P
YIL002C	S	S	S	S	S	S	S	S	S	S	S	S	P	P	P	P	P	P	P	P
YDR063W	S	S	S	S	S	S	S	S	S	S	S	S	P	P	P	P	P	P	P	P
YGL181W	S	S	S	S	P	P	P	S	S	S	S	S	P	P	P	P	P	P	P	P
YGR241C	S	S	S	P	P	P	P	P	P	P	P	P	P	P	P	P	P	P	P	P
YJR125C	S	S	P	S	S	S	S	S	S	S	S	S	P	P	P	P	P	P	P	P
YFL039C	P	S	S	S	S	S	S	S	S	S	S	S	P	P	P	P	P	P	P	P
YBR109C	S	S	P	S	P	P	P	S	S	S	S	S	P	P	P	P	P	P	P	P
YOR367W	S	S	S	S	S	S	S	S	S	S	S	S	P	P	P	P	P	P	P	P
YIL062C	S	S	S	S	S	S	S	S	S	S	S	S	P	P	P	P	P	P	P	P
YIL034C	S	S	S	D	S	S	S	S	S	S	S	S	P	P	P	P	P	P	P	P
YMR092C	S	S	S	S	S	S	S	S	S	S	S	S	P	P	P	P	P	P	P	P
YGL206C	S	S	P	S	S	S	S	S	S	S	S	S	P	P	P	P	P	P	P	P
YGR080W	S	S	S	S	S	S	S	S	S	S	S	S	P	P	P	P	P	P	P	P
YDR126W	S	S	S	S	S	S	S	S	S	S	S	S	P	P	P	P	P	P	P	P
YNL138W	S	S	S	S	S	S	S	S	S	S	S	S	P	P	P	P	P	P	P	P
YLL038C	S	S	S	S	S	S	S	S	S	S	S	S	P	P	P	P	P	P	P	P
YNL084C	S	S	P	S	S	S	S	S	S	S	S	S	P	P	P	P	P	P	P	P
YOR329C	S	S	S	S	S	S	S	S	S	S	S	S	P	P	P	P	P	P	P	P
YDR388W	S	S	S	S	S	S	S	S	S	S	S	S	P	P	P	P	P	P	P	P
YBR108W	S	S	S	P	P	P	P	P	S	S	S	S	P	P	P	P	P	P	P	P
YHR114W	S	S	S	S	S	S	S	S	S	S	S	S	P	P	P	P	P	P	P	P
YIR006C	S	S	S	P	P	S	S	S	S	S	S	S	P	P	P	P	P	P	P	P
YNL106C	P	P	P	P	P	P	P	P	P	P	P	P	P	P	P	P	P	P	P	P
YNR035C	S	S	S	S	S	S	S	S	S	S	S	S	P	P	P	P	P	P	P	P
YNL106C	P	P	P	P	P	P	P	P	P	P	P	P	P	P	P	P	P	P	P	P
YIL095W	P	P	P	P	P	P	P	P	P	P	P	P	P	P	P	P	P	P	P	P
YGR136W	S	S	P	S	S	P	S	S	P	P	P	P	P	P	P	P	P	P	P	P
YNL243W	S	S	S	S	S	S	S	S	S	S	S	S	P	P	P	L	L	P	P	P
YDL029W	S	S	S	S	S	D	D	S	S	S	S	S	P	P	P	P	P	P	P	P
YBR260C	P	P	P	S	S	S	S	S	S	S	S	S	P	P	P	P	P	P	P	P
