Gene ID	V.polysp	T.phaffi	T.blatta	N.dairen	N.castel	K.nagani	K.africa	C.glabra	S.uvarum	S.kudria	S.mikata	S.cerevi	Z.rouxii	T.delbru	K.lactis	E.gossyp	E.cymbal	L.kluyve	L.thermo	L.waltii
YMR290C	S	S	S	S	S	S	S	S	S	S	S	S	P	P	P	P	P	P	P	P
YOR206W	P	P	P	S	S	S	S	S	S	S	S	S	P	P	P	P	P	P	P	P
YER056C-A	P	S	S	P	P	P	S	S	P	P	P	P	P	P	P	P	P	P	P	P
YJL177W	S	S	S	P	P	S	S	S	P	P	P	P	P	P	P	P	L	P	P	P
YNL061W	S	S	S	S	S	S	S	S	S	S	S	S	P	P	P	P	P	P	P	P
YKL172W	S	S	S	S	S	S	S	S	S	S	S	S	P	P	P	P	P	P	P	P
YDR060W	S	S	S	S	S	S	S	S	S	S	S	S	P	P	P	P	P	P	P	P
YDR471W	S	S	S	P	P	S	S	S	P	P	P	P	P	P	P	P	P	P	P	P
YDR101C	S	S	S	S	S	S	S	S	S	S	S	S	P	P	P	P	P	P	P	P
YAL025C	S	S	S	S	S	S	S	P	S	S	S	S	P	P	P	P	P	P	P	P
YER002W	S	S	S	S	S	S	S	S	S	S	S	S	P	P	P	P	P	P	P	P
YLL008W	S	S	S	S	S	S	S	S	S	S	S	S	P	P	P	P	L	P	P	P
YNL224C	S	S	S	S	S	S	S	S	S	S	S	S	P	P	P	P	P	P	P	P
YHR088W	S	S	S	S	S	S	S	S	S	S	S	S	P	P	P	P	P	P	P	P
YNL002C	S	S	S	S	S	S	S	S	S	S	S	S	P	P	P	P	P	P	P	P
YDL031W	S	S	S	S	S	S	S	S	S	S	S	S	P	P	P	P	L	P	P	P
YLR074C	S	S	S	S	S	S	S	S	S	S	S	S	P	P	P	P	P	P	P	P
YPR143W	S	S	S	S	S	S	S	S	S	S	S	S	P	P	P	P	P	P	P	P
YLL034C	S	S	S	S	S	S	S	S	S	S	S	S	P	P	P	P	P	P	P	P
YDL191W	S	S	S	S	S	P	P	S	P	P	P	P	P	P	P	P	P	P	P	P
YOL127W	S	S	S	P	P	S	S	S	S	S	S	S	P	P	P	P	P	P	P	P
YBL028C	S	S	S	S	S	S	S	S	S	S	S	S	P	P	P	P	L	P	P	P
YGR103W	S	S	S	S	S	S	S	S	S	S	S	S	P	P	P	P	P	P	P	P
YKR063C	S	S	S	S	S	S	S	S	S	S	S	S	P	P	P	P	L	P	P	P
YER006W	P	P	S	S	S	S	S	S	S	S	S	S	P	P	P	P	P	P	P	P
YOR272W	S	S	S	S	S	S	S	S	S	S	S	S	P	P	P	P	P	P	P	P
YPL211W	S	S	S	S	S	S	S	S	S	S	S	S	P	P	P	P	P	P	P	P
YGL078C	S	S	S	S	S	S	S	S	S	S	S	S	P	P	P	P	P	P	P	P
YDR500C	S	S	S	P	P	P	S	S	P	P	P	P	P	P	P	P	P	P	P	P
YNR038W	S	S	S	S	S	S	S	S	S	S	S	S	P	P	P	P	P	P	P	P
YKL009W	P	S	S	S	S	S	S	S	S	S	S	S	P	P	P	P	P	P	P	P
YFL002C	S	S	S	S	S	S	S	S	S	S	S	S	P	P	P	P	P	P	P	P
YFR001W	S	S	S	S	S	S	S	S	S	S	S	S	P	P	P	P	P	P	P	P
YAL059W	S	S	S	S	S	S	S	S	S	S	S	S	P	P	P	P	P	P	P	P
YLR106C	S	S	S	S	S	S	S	S	S	S	S	S	P	P	P	P	P	P	P	P
YJL112W	P	S	P	P	P	P	P	P	P	P	P	P	P	P	P	P	P	P	P	P
YNL110C	S	S	S	S	S	S	S	S	S	S	S	S	P	P	P	P	P	P	P	P
YDR087C	S	S	S	S	S	S	S	S	S	S	S	S	P	P	P	P	P	P	P	P
YLR397C	S	S	S	S	S	S	S	S	S	S	S	S	P	P	P	P	P	P	P	P
YDR312W	P	P	S	S	S	S	S	S	P	P	P	P	P	P	P	P	P	P	P	P
YHR052W	S	S	S	S	S	S	S	S	S	S	S	S	P	P	P	P	P	P	P	P
YPL093W	S	S	S	S	S	S	S	S	S	S	S	S	P	P	P	P	P	P	P	P
YDR496C	S	S	S	S	S	S	S	S	S	S	S	S	P	P	P	P	P	P	P	P
YOR294W	S	S	S	S	S	S	S	S	S	S	S	S	P	P	P	P	P	P	P	P
YOL077C	S	S	S	S	S	S	S	S	S	S	S	S	P	P	P	P	L	P	P	P
YKR081C	S	S	S	S	S	S	S	S	S	S	S	S	P	P	P	P	P	P	P	P
YJL177W	S	S	S	P	P	S	S	S	P	P	P	P	P	P	P	P	L	P	P	P
YDR312W	P	P	S	S	S	S	S	S	P	P	P	P	P	P	P	P	P	P	P	P
YDR500C	S	S	S	P	P	P	S	S	P	P	P	P	P	P	P	P	P	P	P	P
YGL111W	S	S	S	S	S	S	S	S	S	S	S	S	P	P	P	P	P	P	P	P
YGL029W	S	S	S	S	S	S	S	S	S	S	S	S	P	P	P	P	P	P	P	P
YLR221C	P	P	S	S	S	S	S	S	S	S	S	S	P	P	P	P	P	P	P	P
YNR053C	S	S	S	S	S	S	S	S	S	S	S	S	P	P	P	P	L	P	P	P
YLR387C	S	S	S	S	S	S	S	S	S	S	S	S	P	P	P	P	P	P	P	P
YMR049C	S	S	S	S	S	S	S	S	S	S	S	S	P	P	P	P	P	P	P	P
YLR009W	P	S	S	S	S	S	S	S	S	S	S	S	P	P	P	P	P	P	P	P
YER126C	S	S	S	S	S	S	S	S	S	S	S	S	P	P	P	P	P	P	P	P
YBR267W	S	S	S	S	S	S	S	S	S	S	S	S	P	P	P	P	P	P	P	P
YPR016C	S	S	S	S	S	S	S	S	S	S	S	S	P	P	P	P	P	P	P	P
YDL191W	S	S	S	S	S	P	P	S	P	P	P	P	P	P	P	P	P	P	P	P
YCL054W	S	S	S	S	S	S	S	S	S	S	S	S	P	P	P	P	P	P	P	P
