Gene ID	V.polysp	T.phaffi	T.blatta	N.dairen	N.castel	K.nagani	K.africa	C.glabra	S.uvarum	S.kudria	S.mikata	S.cerevi	Z.rouxii	T.delbru	K.lactis	E.gossyp	E.cymbal	L.kluyve	L.thermo	L.waltii
YOR237W	P	P	P	P	P	P	P	P	P	P	P	P	P	P	P	P	P	P	P	P
YKL103C	S	S	S	S	S	S	S	S	S	S	S	S	P	P	P	P	P	P	P	P
YBR293W	D	D	D	D	D	D	D	D	S	S	S	S	L	L	L	L	L	L	L	L
YIL146C	S	S	S	D	S	S	S	S	S	S	S	S	P	P	P	P	P	P	P	P
YGL156W	S	S	S	S	S	S	S	S	S	S	S	S	P	P	L	P	P	P	P	P
YBR241C	S	S	S	P	P	P	S	S	P	P	P	P	P	P	P	P	P	P	P	P
YOR270C	S	S	S	S	S	S	S	S	S	S	S	S	P	P	P	P	P	P	P	P
YLR220W	S	S	P	S	P	S	S	S	S	S	S	S	P	P	P	P	P	P	P	P
YIL158W	S	S	S	S	P	P	P	S	P	P	P	P	P	P	P	P	P	P	P	P
YDL123W	S	S	S	S	S	S	S	S	S	S	S	S	P	P	P	P	P	L	P	L
YPL250C	P	P	D	S	S	P	P	S	P	P	P	P	P	P	P	P	P	P	L	L
YPL006W	S	S	D	S	D	S	S	S	S	S	S	S	P	P	P	P	P	P	P	P
YHR132C	S	S	S	S	S	S	S	S	S	S	S	S	P	P	P	P	L	P	P	P
YML001W	S	S	S	S	S	S	S	S	S	S	S	S	P	P	P	P	P	P	P	P
YDR422C	P	S	S	S	S	P	S	S	S	S	S	S	P	P	L	P	P	P	P	P
YDR119W	S	S	S	S	S	S	S	D	S	S	S	S	P	P	P	P	P	P	P	P
YDR319C	S	S	S	S	S	S	S	S	S	S	S	S	P	P	P	P	P	P	P	P
YBL089W	S	S	S	S	S	P	S	P	P	P	P	P	P	P	P	P	P	P	P	P
YJR138W	S	S	S	S	S	S	S	S	S	S	S	S	P	P	P	P	P	P	P	P
YFR021W	S	S	S	P	P	P	P	S	S	S	S	S	P	P	P	P	P	P	P	P
YOR106W	S	S	S	S	S	S	S	S	S	S	S	S	P	P	P	P	P	P	P	P
YHR186C	S	S	S	S	S	S	S	S	S	S	S	S	P	P	P	P	L	P	P	P
YHR039C-A	S	S	S	S	S	S	S	S	S	S	S	S	P	P	P	P	P	P	P	P
YDR352W	P	P	P	S	S	S	S	S	S	S	S	S	P	P	P	P	P	P	P	P
YEL062W	S	S	S	S	S	S	S	S	S	S	S	S	P	P	P	P	P	P	P	P
YIL067C	S	S	S	S	S	S	S	S	S	S	S	S	P	P	P	P	P	P	P	P
YGR163W	S	S	S	S	S	S	S	S	S	S	S	S	P	P	P	P	P	P	P	P
YPL123C	S	S	S	S	S	S	S	S	S	S	S	S	P	P	P	P	P	P	P	P
YGR125W	S	S	S	S	S	S	S	S	S	S	S	S	P	P	P	P	L	P	P	P
YKR007W	S	S	S	S	S	S	S	S	S	S	S	S	P	P	P	P	P	P	P	P
YGR279C	P	P	S	P	P	P	P	P	P	P	P	P	P	P	P	P	P	P	P	P
YPL045W	S	S	S	S	S	S	S	S	S	S	S	S	P	P	P	P	P	P	P	P
YKL124W	S	S	P	S	S	S	S	S	S	S	S	S	P	P	P	P	P	P	P	P
YER123W	S	S	S	S	S	S	S	S	S	S	S	S	P	P	P	P	P	P	P	P
YNR013C	S	S	S	S	S	S	S	S	S	S	S	S	P	P	P	P	P	P	P	P
YBR207W	S	S	S	S	D	S	S	S	S	S	S	S	P	P	P	P	P	P	P	P
YPL162C	S	S	S	S	S	S	S	S	S	S	S	S	P	P	P	P	P	P	P	P
YDR284C	S	S	P	S	S	S	S	S	S	S	S	S	P	P	P	P	P	P	P	P
YIL117C	P	P	S	P	P	S	P	S	P	P	P	P	P	P	P	P	P	P	P	P
YBR014C	S	S	S	S	S	S	S	S	P	P	P	P	P	P	P	P	P	P	P	P
YFR012W	S	S	S	S	S	S	P	S	P	P	P	P	P	P	P	P	P	P	P	P
YOL138C	S	S	S	S	S	S	S	S	S	S	S	S	P	P	P	P	P	P	P	P
YCL069W	D	D	D	D	D	D	D	D	D	D	D	S	L	L	L	L	L	L	L	L
YDR128W	S	S	S	S	S	S	S	S	S	S	S	S	P	P	P	P	P	P	P	P
YBR147W	S	S	S	P	P	P	S	P	P	P	P	P	P	P	P	P	P	P	P	P
YHR026W	S	S	S	S	S	S	S	S	S	S	S	S	P	P	P	P	P	P	P	P
YLL015W	S	S	D	D	D	S	S	S	S	S	S	S	P	P	P	L	L	P	L	L
YGL100W	S	S	S	S	S	S	S	S	S	S	S	S	P	P	P	P	P	P	P	P
YDL077C	S	S	S	S	S	S	S	S	S	S	S	S	P	P	P	P	P	P	P	P
YHR113W	S	S	S	S	S	S	S	S	S	S	S	S	P	P	P	L	L	P	P	P
YHR175W	S	S	S	S	S	S	S	S	S	S	S	S	P	P	P	P	P	P	P	P
YEL060C	P	S	S	P	P	S	P	P	P	P	P	P	P	P	P	P	P	P	P	P
YMR297W	S	S	S	S	S	S	S	S	S	S	S	S	P	P	P	P	P	P	P	P
YDR028C	S	S	P	P	P	P	P	S	P	P	P	P	P	P	P	P	P	P	P	P
YIR014W	S	D	S	S	S	S	D	S	S	S	S	S	P	P	P	P	P	P	P	P
YNL217W	D	D	S	S	S	S	S	S	S	S	S	S	P	P	P	P	P	P	P	P
YBR270C	S	S	S	P	P	S	S	S	P	P	P	P	P	P	P	P	P	P	P	P
YIL017C	S	S	S	S	S	S	S	S	S	S	S	S	P	P	P	P	P	P	P	P
YPR049C	S	S	S	S	S	S	S	S	S	S	S	S	P	P	P	P	P	P	P	P
YJL172W	D	D	D	S	S	S	S	S	S	S	S	S	P	P	P	P	P	P	P	P
YOR332W	S	S	S	S	S	S	S	S	S	S	S	S	P	P	P	P	P	P	P	P
YMR077C	S	S	S	S	S	S	S	S	S	S	S	S	P	P	P	P	P	P	P	P
YER072W	S	S	S	S	S	S	S	S	S	S	S	S	P	P	P	P	P	P	P	P
YER093C	S	S	S	S	S	S	S	S	S	S	S	S	P	P	P	P	P	P	P	P
YNL275W	D	S	S	S	S	S	S	S	S	S	S	S	P	P	P	P	P	P	P	P
YDL140C	S	S	S	S	S	S	S	S	S	S	S	S	P	P	P	P	P	P	P	P
YLR065C	S	S	S	S	S	S	S	S	S	S	S	S	P	P	P	P	P	P	P	P
YNL305C	S	S	S	S	S	S	S	S	S	S	S	S	P	P	P	L	L	P	P	P
YEL005C	S	S	S	S	S	S	S	S	S	S	S	S	P	P	P	P	P	P	P	P
YDL128W	S	S	P	S	S	S	S	S	S	S	S	S	P	P	P	P	P	P	P	P
YJR066W	S	S	S	P	P	P	P	P	P	P	P	P	P	P	P	P	P	P	P	P
YLR093C	S	S	S	S	S	S	S	S	S	S	S	S	P	P	P	P	P	P	P	P
YNL054W	S	S	S	S	S	S	S	S	S	S	S	S	P	P	P	P	P	P	P	P
YDR196C	S	S	S	S	S	S	S	S	S	S	S	S	P	P	P	P	P	P	P	P
YBR131W	S	S	S	S	S	S	S	S	S	S	S	S	P	P	P	P	P	P	P	P
YML008C	S	S	S	S	S	S	S	S	S	S	S	S	P	P	P	P	P	P	P	P
YPL180W	S	S	S	S	S	S	S	S	S	S	S	S	P	P	P	P	P	P	P	P
YFL004W	S	S	S	S	S	S	S	S	P	P	P	P	P	P	P	P	P	P	P	P
YGL095C	S	S	S	S	S	S	S	S	S	S	S	S	P	P	P	P	P	P	P	P
YBR077C	S	S	S	S	S	S	S	S	S	S	S	S	P	P	P	P	P	P	P	P
YEL064C	D	D	D	S	S	S	D	D	S	S	S	S	P	P	P	P	P	P	P	P
YBR105C	S	S	S	P	P	S	S	S	S	S	S	S	P	P	P	P	P	P	P	P
YJL012C	S	S	S	S	S	S	S	S	S	S	S	S	P	P	P	P	P	P	P	P
YGR023W	P	P	P	P	P	P	P	P	P	P	P	P	P	P	P	P	P	P	P	P
YLR001C	S	S	S	S	S	S	S	S	S	S	S	S	P	P	P	P	P	P	P	P
YPL236C	S	S	S	S	S	S	S	S	S	S	S	S	P	P	L	P	P	P	P	P
YPL234C	S	S	S	S	S	S	S	S	S	S	S	S	P	P	P	P	P	P	P	P
YBR128C	S	S	S	S	S	S	S	S	S	S	S	S	P	P	P	P	P	P	P	P
YBR139W	S	D	D	S	S	S	D	D	S	S	S	S	P	L	P	P	P	P	P	P
YPL154C	P	S	S	S	S	S	S	S	S	S	S	S	P	P	P	P	P	P	P	P
YNL006W	S	S	S	S	S	S	S	S	S	S	S	S	P	P	P	P	P	P	P	P
YHR050W	S	S	S	S	S	S	S	S	S	S	S	S	P	P	P	P	P	P	P	P
YLR299W	S	S	S	S	S	S	S	S	S	S	S	S	P	P	P	P	P	P	P	P
YGR071C	D	D	D	P	P	P	P	D	P	P	P	P	L	L	L	P	P	P	L	L
YDR438W	S	S	S	P	P	P	P	S	P	P	P	P	P	P	P	P	P	P	P	P
YMR221C	S	S	S	S	S	S	S	S	S	S	S	S	P	P	P	L	L	P	P	P
YDR172W	S	S	S	S	S	S	S	S	S	S	S	S	P	P	P	P	L	P	P	P
YLL051C	S	D	D	D	D	D	S	S	S	S	S	S	L	L	L	L	L	L	L	P
YDR080W	S	S	S	S	S	S	S	S	S	S	S	S	P	P	P	P	P	P	P	P
YMR068W	S	S	S	P	P	S	P	S	S	S	S	S	P	P	P	P	P	P	P	P
YKR105C	D	D	D	D	D	D	D	D	D	D	D	S	L	L	L	L	L	L	L	L
YJR001W	S	S	S	S	S	S	S	S	S	S	S	S	P	P	P	P	P	P	P	P
YHL023C	S	S	S	S	S	S	S	S	S	S	S	S	P	P	P	P	P	P	P	P
YLR398C	S	S	S	S	S	S	S	S	S	S	S	S	P	P	P	P	P	P	P	P
YDR135C	S	S	S	S	S	S	S	S	S	S	S	S	P	P	P	P	P	P	P	P
YDR107C	S	S	P	P	P	S	S	S	P	P	P	P	P	P	P	P	P	P	P	P
YMR088C	S	S	D	S	S	S	D	S	S	S	S	S	P	P	P	P	P	P	P	P
YKR075C	S	P	S	P	P	P	S	P	P	P	P	P	P	P	P	P	L	P	P	P
YDR229W	S	S	S	S	S	S	S	S	S	S	S	S	P	P	P	P	P	P	P	P
YGR106C	S	S	S	S	S	S	S	S	S	S	S	S	P	P	P	P	P	P	P	P
YNL321W	P	P	P	S	S	S	S	S	S	S	S	S	P	P	P	P	P	P	P	P
YBR290W	S	P	S	S	S	S	S	S	S	S	S	S	P	P	P	P	P	P	P	P
YJR066W	S	S	S	P	P	P	P	P	P	P	P	P	P	P	P	P	P	P	P	P
YPR036W	S	S	S	S	S	S	S	S	S	S	S	S	P	P	P	P	P	P	P	P
YOR320C	S	P	S	S	P	S	S	S	S	S	S	S	P	P	P	L	L	P	P	P
YGR020C	S	S	S	S	S	S	S	S	S	S	S	S	P	P	P	P	P	P	P	P
YJR054W	S	S	S	P	P	P	P	P	P	P	P	P	P	P	P	P	L	P	P	P
YGL212W	S	S	S	S	S	S	S	S	S	S	S	S	P	P	P	P	P	P	P	P
YHL035C	P	P	S	S	S	S	S	P	P	P	P	P	P	P	P	P	P	P	P	P
YBR161W	S	P	P	P	P	P	P	P	P	P	P	P	P	P	P	L	L	P	P	P
YMR174C	D	D	D	D	S	S	D	D	S	S	S	S	P	P	L	L	L	P	P	P
YOL078W	S	S	S	S	S	S	S	S	S	S	S	S	P	P	P	P	P	P	P	P
YML121W	S	S	S	S	S	S	S	S	S	S	S	S	P	P	P	P	P	P	P	P
YDL180W	S	S	S	S	S	S	S	S	S	S	S	S	P	P	P	P	P	P	P	P
YDR107C	S	S	P	P	P	S	S	S	P	P	P	P	P	P	P	P	P	P	P	P
YOR246C	S	S	S	S	S	S	S	S	S	S	S	S	P	P	P	P	P	P	P	P
YLR447C	S	S	S	S	S	S	S	S	S	S	S	S	P	P	P	P	P	P	P	P
YOL129W	S	S	S	P	S	S	S	S	S	S	S	S	P	P	P	P	P	P	P	P
YKL175W	S	S	S	S	S	S	S	S	S	S	S	S	P	P	P	P	P	P	P	P
YPR075C	S	S	S	S	S	S	S	S	S	S	S	S	P	P	P	P	P	P	P	P
YBR147W	S	S	S	P	P	P	S	P	P	P	P	P	P	P	P	P	P	P	P	P
YJL100W	D	D	D	S	S	D	D	D	S	S	S	S	P	P	P	P	P	P	P	P
YBR127C	S	S	S	S	S	S	S	S	S	S	S	S	P	P	P	P	P	P	P	P
YMR165C	S	S	S	S	S	S	S	S	S	S	S	S	P	P	P	P	P	P	P	P
YOR219C	S	S	S	S	S	S	S	S	S	S	S	S	P	P	P	P	P	P	P	P
YHR202W	S	S	S	S	S	S	S	S	S	S	S	S	P	P	P	P	L	P	P	P
YDL054C	S	S	S	S	S	S	S	S	S	S	S	S	P	P	P	P	P	P	P	P
YCL005W-A	S	S	S	S	S	S	S	S	S	S	S	S	P	P	P	P	P	P	P	P
YPL100W	S	S	S	S	S	S	S	S	S	S	S	S	P	P	P	P	P	P	P	P
YDR313C	S	S	P	S	S	S	S	S	S	S	S	S	P	P	P	P	P	P	P	P
YBL104C	S	S	S	S	S	S	S	S	S	S	S	S	P	P	P	P	L	P	P	P
YDL211C	S	S	S	P	P	S	P	P	P	P	P	P	P	P	P	P	P	P	P	P
YER065C	S	S	S	S	S	S	S	S	S	S	S	S	P	P	P	P	P	P	P	P
YJL059W	S	S	S	S	S	S	S	S	S	S	S	S	P	P	P	P	L	P	P	P
YBL089W	S	S	S	S	S	P	S	P	P	P	P	P	P	P	P	P	P	P	P	P
YDR323C	S	S	S	S	S	S	S	S	S	S	S	S	P	P	P	P	P	P	P	P
YDR486C	S	S	S	S	S	S	S	S	S	S	S	S	P	P	P	P	P	P	P	P
YKR106W	D	D	D	D	D	D	D	D	D	D	D	S	L	L	L	L	L	L	L	L
YOR291W	S	S	S	S	S	S	S	S	S	S	S	S	P	P	P	P	P	P	P	P
YDR481C	S	S	S	S	S	S	S	S	S	S	S	S	P	P	P	P	P	P	P	P
YKL080W	S	S	S	S	S	S	S	S	S	S	S	S	P	P	P	P	P	P	P	P
YGR071C	D	D	D	P	P	P	P	D	P	P	P	P	L	L	L	P	P	P	L	L
YDR281C	D	D	D	D	D	D	D	D	S	S	S	S	L	L	L	L	L	L	L	L
YNL326C	S	S	S	S	S	S	S	S	S	S	S	S	P	P	P	P	P	P	P	P
YDL185W	S	S	S	S	S	S	S	S	S	S	S	S	P	P	P	P	P	P	P	P
YGL023C	S	S	S	S	S	S	S	S	S	S	S	S	P	P	P	P	P	P	P	P
YFR019W	S	S	S	S	S	S	S	S	S	S	S	S	P	P	P	P	L	P	P	P
YEL027W	P	P	S	S	S	P	P	S	S	S	S	S	P	P	P	P	P	P	P	P
YCL063W	S	S	S	S	S	S	S	S	S	S	S	S	P	P	P	P	P	P	P	P
YDR262W	S	S	S	S	S	D	D	S	S	S	S	S	P	P	P	P	P	P	P	P
YNL115C	S	S	S	S	S	S	S	S	S	S	S	S	P	P	P	L	P	P	P	P
YNL101W	P	P	S	S	S	S	S	P	S	S	S	S	P	P	P	P	P	P	P	P
YGR066C	D	D	D	D	D	D	D	D	S	S	S	S	L	L	L	L	L	L	L	L
YHR028C	S	S	S	S	S	S	S	S	S	S	S	S	P	P	P	P	P	P	P	P
YKL146W	S	S	S	S	S	S	S	S	S	S	S	S	P	P	P	P	P	P	P	P
YIL088C	S	S	S	S	S	S	S	S	S	S	S	S	P	P	P	P	P	P	P	P
YJL151C	S	S	D	S	S	S	S	D	S	S	S	S	P	P	L	L	L	P	P	P
YDR452W	D	S	S	S	S	S	S	S	S	S	S	S	P	P	P	P	L	P	P	P
YLR148W	S	S	S	S	S	S	S	S	S	S	S	S	P	P	P	P	P	P	P	P
YGL124C	S	S	S	S	S	S	S	S	S	S	S	S	P	P	P	P	P	P	P	P
YMR171C	S	S	S	S	S	S	S	S	S	S	S	S	P	P	P	P	P	P	P	P
YEL013W	S	S	S	S	S	S	S	S	S	S	S	S	P	P	P	P	P	P	P	P
YOR087W	D	D	S	S	S	S	S	S	S	S	S	S	P	P	P	L	P	P	P	P
YCL073C	D	D	D	D	D	D	D	D	D	D	D	S	L	L	L	L	L	L	L	L
YEL051W	S	S	S	S	S	S	S	S	S	S	S	S	P	P	P	P	P	P	P	P
YBR235W	S	S	S	S	S	S	S	S	S	S	S	S	P	P	P	P	P	P	P	P
YLR396C	S	S	S	S	S	S	S	S	S	S	S	S	P	P	P	P	P	P	P	P
YIR007W	S	S	S	S	S	S	P	S	S	S	S	S	P	P	P	P	P	P	P	P
YLR386W	S	S	S	S	S	S	S	S	S	S	S	S	P	P	P	P	P	P	P	P
YPL120W	S	S	S	S	S	S	S	S	S	S	S	S	P	P	P	P	P	P	P	P
YBL078C	S	S	S	P	S	S	P	S	S	S	S	S	P	P	P	P	P	P	P	P
YDL210W	D	D	D	D	D	D	D	D	S	S	S	S	L	L	L	L	L	L	L	L
YLR208W	P	P	S	S	S	S	S	P	S	S	S	S	P	P	P	P	P	P	P	P
YDL019C	P	P	P	P	P	P	P	P	P	P	P	P	P	P	P	P	P	P	P	P
YKR075C	S	P	S	P	P	P	S	P	P	P	P	P	P	P	P	P	L	P	P	P
YJR054W	S	S	S	P	P	P	P	P	P	P	P	P	P	P	P	P	L	P	P	P
YDL211C	S	S	S	P	P	S	P	P	P	P	P	P	P	P	P	P	P	P	P	P
YNR061C	D	D	D	D	D	D	D	D	S	S	D	S	L	L	L	L	L	L	L	L
YKL165C	S	S	S	S	S	S	S	S	S	S	S	S	P	P	P	P	P	P	P	P
YMR231W	S	S	S	S	S	S	S	S	S	S	S	S	P	P	P	P	P	P	P	P
YCR075C	S	S	S	S	S	S	S	S	S	S	S	S	P	P	P	P	L	P	P	P
YHL035C	P	P	S	S	S	S	S	P	P	P	P	P	P	P	P	P	P	P	P	P
YBR286W	S	S	S	S	S	S	S	S	S	S	S	S	P	P	P	P	P	P	P	P
YCR010C	S	P	P	P	P	P	P	P	P	P	P	P	P	P	P	P	P	P	L	L
YNL325C	S	S	S	S	S	S	S	S	S	S	S	S	P	P	P	P	P	P	P	P
YDR131C	S	S	S	S	S	S	S	S	S	S	S	S	P	P	P	L	L	P	P	P
YML116W	S	S	S	P	P	P	P	P	P	P	P	P	L	P	L	L	L	P	P	P
YBR074W	S	S	S	S	S	S	S	S	S	S	S	S	P	P	P	P	P	P	P	P
YBR187W	S	S	S	S	S	S	S	S	S	S	S	S	P	P	P	P	P	P	P	P
YPR026W	S	S	P	S	S	S	S	S	S	S	S	S	P	P	P	P	P	P	P	P
YOL060C	S	S	S	S	D	D	D	S	S	S	S	S	P	P	P	P	P	P	P	P
YJL097W	S	S	S	S	S	S	S	S	S	S	S	S	P	P	P	P	P	P	P	P
YLR034C	S	S	S	S	S	S	S	S	S	S	S	S	P	P	P	P	P	P	P	P
YCL038C	S	S	S	S	S	S	S	S	S	S	S	S	P	P	P	P	P	P	P	P
YOR186W	S	S	D	S	S	S	S	P	P	P	P	P	P	P	L	L	L	P	P	P
YFL004W	S	S	S	S	S	S	S	S	P	P	P	P	P	P	P	P	P	P	P	P
YGL006W	S	S	S	S	S	S	S	S	S	S	S	S	P	P	P	P	P	P	P	P
YDL046W	S	S	S	S	S	S	S	S	S	S	S	S	P	P	P	P	P	P	P	P
YOR292C	D	D	P	S	S	S	S	S	S	S	S	S	P	P	P	P	P	P	P	P
YBR080C	S	S	P	S	S	S	S	P	S	S	S	S	P	P	P	P	P	P	P	P
YLL040C	S	S	P	S	S	S	S	S	S	S	S	S	P	P	P	P	P	P	P	P
