Gene ID	V.polysp	T.phaffi	T.blatta	N.dairen	N.castel	K.nagani	K.africa	C.glabra	S.uvarum	S.kudria	S.mikata	S.cerevi	Z.rouxii	T.delbru	K.lactis	E.gossyp	E.cymbal	L.kluyve	L.thermo	L.waltii
YER056C-A	P	S	S	P	P	P	S	S	P	P	P	P	P	P	P	P	P	P	P	P
YBR031W	S	S	S	S	S	S	S	S	P	P	P	P	P	P	P	P	P	P	P	P
YLR075W	S	S	S	S	S	S	S	S	S	S	S	S	P	P	P	P	P	P	P	P
YDR418W	P	P	S	P	P	P	P	S	P	P	P	P	P	P	P	P	P	P	P	P
YJL177W	S	S	S	P	P	S	S	S	P	P	P	P	P	P	P	P	L	P	P	P
YNL301C	S	S	S	P	P	S	P	S	P	P	P	P	P	P	P	P	P	P	P	P
YGL076C	S	S	S	S	S	S	S	S	P	P	P	P	P	P	P	P	P	P	P	P
YIL148W	S	P	S	P	P	P	P	S	P	P	P	P	P	P	P	P	P	P	P	P
YJL189W	S	S	S	P	P	S	S	S	S	S	S	S	P	P	P	P	P	P	P	P
YNL301C	S	S	S	P	P	S	P	S	P	P	P	P	P	P	P	P	P	P	P	P
YLR448W	P	P	S	P	P	P	S	S	P	P	P	P	P	P	P	P	P	P	P	P
YDR471W	S	S	S	P	P	S	S	S	P	P	P	P	P	P	P	P	P	P	P	P
YNL067W	S	S	S	S	S	S	S	S	S	S	S	S	P	P	P	L	P	P	P	P
YHR141C	S	S	S	P	P	P	P	S	P	P	P	P	P	P	P	P	P	P	P	P
YOL039W	S	S	S	S	S	S	S	D	S	S	S	S	P	P	P	P	L	P	P	P
YIL133C	P	P	S	P	P	P	S	S	P	P	P	P	P	P	P	P	P	P	P	P
YGR085C	S	S	S	S	S	S	S	S	P	P	P	P	P	P	P	P	P	P	P	P
YNL002C	S	S	S	S	S	S	S	S	S	S	S	S	P	P	P	P	P	P	P	P
YLR325C	S	S	S	S	S	S	S	S	S	S	S	S	P	P	P	P	P	P	P	P
YBL027W	P	P	S	P	P	P	P	S	P	P	P	P	P	P	P	P	P	P	P	P
YDL082W	S	P	S	P	P	P	P	S	P	P	P	P	P	P	P	P	P	P	P	P
YDL075W	P	S	S	S	S	S	S	S	P	P	P	P	P	P	P	P	P	P	P	P
YHR141C	S	S	S	P	P	P	P	S	P	P	P	P	P	P	P	P	P	P	P	P
YGL031C	S	S	S	P	P	P	P	S	P	P	P	P	P	P	P	P	P	P	P	P
YDL082W	S	P	S	P	P	P	P	S	P	P	P	P	P	P	P	P	P	P	P	P
YPL131W	S	S	S	S	S	S	S	S	S	S	S	S	P	P	P	P	P	P	P	P
YDR382W	D	S	S	S	P	S	S	S	S	S	S	S	P	P	P	P	P	P	P	P
YDL191W	S	S	S	S	S	P	P	S	P	P	P	P	P	P	P	P	P	P	P	P
YFR032C-A	S	S	S	P	P	P	S	S	S	S	S	S	P	P	P	P	P	P	P	P
YJR094W-A	S	S	S	P	P	P	S	S	S	P	P	P	P	P	P	P	P	P	P	P
YOL127W	S	S	S	P	P	S	S	S	S	S	S	S	P	P	P	P	P	P	P	P
YGL076C	S	S	S	S	S	S	S	S	P	P	P	P	P	P	P	P	P	P	P	P
YHL001W	S	S	S	P	P	S	S	S	P	P	P	P	P	P	P	P	P	P	P	P
YBL087C	S	S	S	P	P	P	S	S	P	P	P	P	P	P	P	P	P	P	P	P
YDR500C	S	S	S	P	P	P	S	S	P	P	P	P	P	P	P	P	P	P	P	P
YDL184C	S	S	D	P	P	D	P	S	D	D	D	P	P	P	P	P	P	P	P	P
YBL092W	S	S	S	S	P	S	P	S	S	S	S	S	P	P	P	P	P	P	P	P
YOR234C	S	S	S	S	P	P	P	S	P	P	P	P	P	P	P	P	P	P	P	P
YGR034W	S	S	S	P	P	S	S	S	P	P	P	P	P	P	P	P	P	P	P	P
YDR418W	P	P	S	P	P	P	P	S	P	P	P	P	P	P	P	P	P	P	P	P
YLR448W	P	P	S	P	P	P	S	S	P	P	P	P	P	P	P	P	P	P	P	P
YLR029C	S	S	S	S	S	S	S	S	P	P	P	P	P	P	P	P	P	P	P	P
YGL135W	S	S	P	S	S	S	S	S	P	P	P	P	P	P	P	P	P	P	P	P
YLR340W	S	S	S	S	S	S	S	S	S	S	S	S	P	P	P	P	P	P	P	P
YFR031C-A	P	P	S	P	P	P	P	S	P	P	P	P	P	P	P	P	P	P	P	P
YFR031C-A	P	P	S	P	P	P	P	S	P	P	P	P	P	P	P	P	P	P	P	P
YGL099W	S	S	S	S	S	S	S	S	S	S	S	S	P	P	P	P	P	P	P	P
YBL027W	P	P	S	P	P	P	P	S	P	P	P	P	P	P	P	P	P	P	P	P
YBR031W	S	S	S	S	S	S	S	S	P	P	P	P	P	P	P	P	P	P	P	P
YJR094W-A	S	S	S	P	P	P	S	S	S	P	P	P	P	P	P	P	P	P	P	P
YDR237W	S	S	S	S	S	S	S	S	S	S	S	S	P	P	P	P	P	P	P	P
YGR034W	S	S	S	P	P	S	S	S	P	P	P	P	P	P	P	P	P	P	P	P
YOR063W	S	S	S	S	S	S	S	S	S	S	S	S	P	P	P	P	P	P	P	P
YGL103W	S	S	S	S	S	S	S	S	S	S	S	S	P	P	P	P	P	P	P	P
YDL184C	S	S	D	P	P	D	P	S	D	D	D	P	P	P	P	P	P	P	P	P
YDL081C	S	S	S	S	P	S	P	S	S	S	S	S	P	P	P	P	P	P	P	P
YFL034C-A	S	S	P	P	P	S	S	S	P	P	P	P	P	P	P	P	P	P	P	P
YER056C-A	P	S	S	P	P	P	S	S	P	P	P	P	P	P	P	P	P	P	P	P
YDL075W	P	S	S	S	S	S	S	S	P	P	P	P	P	P	P	P	P	P	P	P
YJL177W	S	S	S	P	P	S	S	S	P	P	P	P	P	P	P	P	L	P	P	P
YHL033C	P	S	S	P	P	P	P	S	P	P	P	P	P	P	P	P	P	P	P	L
YIL133C	P	P	S	P	P	P	S	S	P	P	P	P	P	P	P	P	P	P	P	P
YOR234C	S	S	S	S	P	P	P	S	P	P	P	P	P	P	P	P	P	P	P	P
YDR500C	S	S	S	P	P	P	S	S	P	P	P	P	P	P	P	P	P	P	P	P
YBL087C	S	S	S	P	P	P	S	S	P	P	P	P	P	P	P	P	P	P	P	P
YMR194W	P	P	S	S	P	S	S	S	P	P	P	P	P	P	P	P	P	P	P	P
YDL130W	S	S	S	S	S	S	S	S	S	S	S	S	P	P	P	P	P	L	P	L
YGL147C	D	S	S	S	S	S	S	S	S	S	S	S	P	P	P	P	P	P	P	P
YMR194W	P	P	S	S	P	S	S	S	P	P	P	P	P	P	P	P	P	P	P	P
YGL031C	S	S	S	P	P	P	P	S	P	P	P	P	P	P	P	P	P	P	P	P
YIL148W	S	P	S	P	P	P	P	S	P	P	P	P	P	P	P	P	P	P	P	P
YFL034C-A	S	S	P	P	P	S	S	S	P	P	P	P	P	P	P	P	P	P	P	P
YGL135W	S	S	P	S	S	S	S	S	P	P	P	P	P	P	P	P	P	P	P	P
YDR471W	S	S	S	P	P	S	S	S	P	P	P	P	P	P	P	P	P	P	P	P
YBR191W	P	P	S	P	S	P	P	S	P	P	P	P	P	P	P	P	P	P	P	P
YLR009W	P	S	S	S	S	S	S	S	S	S	S	S	P	P	P	P	P	P	P	P
YGL030W	S	S	S	S	S	S	S	S	S	S	S	S	P	P	P	P	P	P	P	L
YGR085C	S	S	S	S	S	S	S	S	P	P	P	P	P	P	P	P	P	P	P	P
YBR191W	P	P	S	P	S	P	P	S	P	P	P	P	P	P	P	P	P	P	P	P
YDL191W	S	S	S	S	S	P	P	S	P	P	P	P	P	P	P	P	P	P	P	P
YHL033C	P	S	S	P	P	P	P	S	P	P	P	P	P	P	P	P	P	P	P	L
YHL001W	S	S	S	P	P	S	S	S	P	P	P	P	P	P	P	P	P	P	P	P
YLR029C	S	S	S	S	S	S	S	S	P	P	P	P	P	P	P	P	P	P	P	P
