Gene ID	V.polysp	T.phaffi	T.blatta	N.dairen	N.castel	K.nagani	K.africa	C.glabra	S.uvarum	S.kudria	S.mikata	S.cerevi	Z.rouxii	T.delbru	K.lactis	E.gossyp	E.cymbal	L.kluyve	L.thermo	L.waltii
YDR002W	S	S	S	S	S	S	S	S	S	S	S	S	P	P	P	P	P	P	P	P
YBR111W-A	S	S	S	S	S	S	S	S	S	S	S	S	P	P	P	P	P	P	P	P
YBL079W	S	S	S	S	S	S	S	S	P	P	P	P	P	P	P	P	P	P	P	P
YJL061W	S	S	S	S	S	S	S	S	S	S	S	S	P	P	P	P	P	P	P	P
YKR082W	S	S	S	S	S	S	S	S	S	S	S	S	P	P	P	P	P	P	P	P
YOR112W	S	S	S	S	S	S	S	S	S	S	S	S	P	P	P	P	P	P	P	P
YIL149C	P	P	S	P	P	P	P	S	P	P	P	P	P	P	P	P	P	P	P	P
YIL149C	P	P	S	P	P	P	P	S	P	P	P	P	P	P	P	P	P	P	P	P
YGL100W	S	S	S	S	S	S	S	S	S	S	S	S	P	P	P	P	P	P	P	P
YDL116W	S	S	S	S	S	S	S	S	S	S	S	S	P	P	P	P	P	P	P	P
YPL169C	S	S	S	S	S	P	P	S	S	S	S	S	P	P	P	P	P	P	P	P
YOR098C	S	S	S	S	S	S	S	S	S	S	S	S	P	P	P	P	L	P	P	P
YLL023C	S	S	S	S	S	S	S	S	S	S	S	S	P	P	P	P	P	P	P	P
YGR026W	S	S	P	S	S	S	S	S	S	S	S	S	P	P	P	P	P	P	P	P
YPR173C	S	S	S	S	S	S	S	S	S	S	S	S	P	P	P	P	P	P	P	P
YER107C	P	P	S	S	S	S	S	S	S	S	S	S	P	P	P	P	P	P	P	P
YAR002W	S	S	S	S	S	S	S	S	S	S	S	S	P	P	P	P	P	P	P	P
YLR347C	S	S	S	S	S	S	S	S	S	S	S	S	P	P	P	P	P	P	P	P
YFR002W	P	P	P	S	S	S	S	P	S	S	S	S	P	P	P	P	L	P	P	P
YIL115C	S	S	S	S	S	S	S	S	S	S	S	S	P	P	P	P	P	P	P	P
YNL189W	S	S	P	P	P	S	S	S	S	S	S	S	P	P	P	P	P	P	P	P
YMR255W	S	S	S	S	S	S	S	S	S	S	S	S	P	P	P	P	P	P	P	P
YKL068W	P	P	P	P	P	P	P	P	P	P	P	P	P	P	P	P	P	P	P	P
YIL063C	S	S	S	S	S	S	S	S	S	S	S	S	P	P	P	P	P	P	P	P
YDL207W	S	S	S	S	S	S	S	S	S	S	S	S	P	P	P	P	P	P	P	P
YLR335W	S	S	S	S	S	S	S	S	S	S	S	S	P	P	P	P	P	P	P	P
YOR046C	S	S	S	S	S	S	S	S	S	S	S	S	P	P	P	P	P	P	P	P
YJL039C	S	S	S	S	S	S	S	S	S	S	S	S	P	P	P	P	P	P	P	P
YLR018C	S	S	S	S	S	S	S	S	S	S	S	S	P	P	P	P	L	P	P	P
YGL092W	S	S	S	S	S	S	S	S	S	S	S	S	P	P	P	P	P	P	P	P
YBR017C	S	S	S	S	S	S	S	S	S	S	S	S	P	P	P	P	P	P	P	P
YKL068W	P	P	P	P	P	P	P	P	P	P	P	P	P	P	P	P	P	P	P	P
YML031W	P	P	P	S	S	S	S	S	S	S	S	S	P	P	P	P	P	P	P	P
YBL079W	S	S	S	S	S	S	S	S	P	P	P	P	P	P	P	P	P	P	P	P
YDR192C	S	S	S	S	S	S	S	S	S	S	S	S	P	P	P	P	P	P	P	P
YGL241W	S	S	S	S	S	S	S	S	S	S	S	S	P	P	P	P	P	P	P	P
YKL205W	S	S	S	S	S	S	S	S	S	S	S	S	P	P	P	P	P	P	P	P
YGR119C	S	S	S	S	S	S	S	S	S	S	S	S	P	P	P	P	P	P	P	P
YJL041W	S	S	S	S	S	S	S	S	S	S	S	S	P	P	P	P	P	P	P	P
YDR424C	S	S	S	S	S	S	S	S	S	S	S	S	P	P	P	P	P	P	P	P
YDL088C	S	S	S	S	S	S	S	P	P	P	P	P	P	P	P	P	P	P	P	P
YDR395W	S	S	S	S	S	S	S	S	S	S	S	S	P	P	P	P	P	P	P	P
YLR208W	P	P	S	S	S	S	S	P	S	S	S	S	P	P	P	P	P	P	P	P
YGL172W	S	S	S	S	S	S	S	S	S	S	S	S	P	P	P	P	P	P	P	P
YLR064W	S	S	S	S	S	S	S	S	S	S	S	S	P	P	P	P	P	P	L	L
YML103C	S	S	S	S	S	S	S	S	S	S	S	S	P	P	P	P	L	P	P	P
YDL088C	S	S	S	S	S	S	S	P	P	P	P	P	P	P	P	P	P	P	P	P
YER110C	S	S	S	S	S	S	S	S	S	S	S	S	P	P	P	P	P	P	P	P
YOR257W	S	S	S	P	S	S	S	S	S	S	S	S	P	P	P	P	P	P	P	P
YJR042W	S	S	S	S	S	S	S	S	S	S	S	S	P	P	P	P	P	P	P	P
YKL057C	S	S	S	S	S	S	S	S	S	S	S	S	P	P	P	P	P	P	P	P
YMR129W	S	S	S	S	S	S	S	S	S	S	S	S	P	P	P	P	P	P	P	P
