Gene ID	V.polysp	T.phaffi	T.blatta	N.dairen	N.castel	K.nagani	K.africa	C.glabra	S.uvarum	S.kudria	S.mikata	S.cerevi	Z.rouxii	T.delbru	K.lactis	E.gossyp	E.cymbal	L.kluyve	L.thermo	L.waltii
YNL288W	S	S	S	S	S	S	S	S	S	S	S	S	P	P	P	P	P	P	P	P
YGL049C	P	S	P	P	P	P	P	P	P	P	P	P	P	P	P	P	L	P	P	P
YER146W	S	S	S	S	S	S	S	S	S	S	S	S	P	P	P	P	P	P	P	P
YDR533C	D	D	D	D	D	D	D	D	P	S	S	S	L	L	L	L	L	L	L	L
YHR132W-A	S	S	S	S	S	S	S	S	P	P	P	P	P	P	P	P	P	P	P	P
YNR052C	S	S	S	S	S	S	S	S	S	S	S	S	P	P	P	P	P	P	P	P
YDR505C	S	S	P	S	P	P	P	P	P	P	P	P	P	P	P	P	P	P	P	P
YBR111W-A	S	S	S	S	S	S	S	S	S	S	S	S	P	P	P	P	P	P	P	P
YDL160C	S	S	S	S	S	S	S	S	S	S	S	S	P	P	P	P	P	P	P	P
YPR072W	S	S	S	S	S	S	S	S	S	S	S	S	P	P	P	P	P	P	P	P
YBR212W	S	S	S	D	D	D	S	S	S	S	S	S	P	P	P	P	P	P	P	P
YLR270W	P	P	P	P	P	P	P	P	P	P	P	P	P	P	P	P	P	P	P	P
YOL149W	S	S	S	S	S	S	S	S	S	S	S	S	P	P	P	P	P	P	P	P
YNR051C	S	S	S	S	S	S	S	S	S	S	S	S	P	P	P	P	P	P	P	P
YGL094C	S	S	S	S	S	S	S	S	S	S	S	S	P	P	P	P	P	P	P	P
YMR080C	S	S	S	S	S	S	S	S	S	S	S	S	P	P	P	P	P	P	P	P
YDR206W	S	S	S	P	P	P	P	P	P	P	P	P	P	P	P	P	P	P	P	P
YBR238C	P	P	P	P	P	P	P	P	P	P	P	P	P	P	P	P	P	P	P	P
YPR129W	S	S	S	S	S	S	S	S	S	S	S	S	P	P	P	P	P	P	P	P
YPL184C	S	S	S	S	S	S	S	S	S	S	S	S	P	P	P	P	P	P	P	P
YDL165W	S	S	S	S	S	S	S	S	S	S	S	S	P	P	P	P	P	P	P	P
YPL280W	D	D	D	D	D	D	D	D	D	D	D	S	L	L	L	L	L	L	L	L
YHL034C	P	S	P	S	S	S	S	S	P	P	P	P	P	P	P	P	P	P	P	P
YOR359W	S	S	S	S	S	S	S	S	S	S	S	S	P	P	P	P	P	P	P	P
YGL173C	P	P	S	S	S	S	S	S	S	S	S	S	P	P	P	P	P	P	P	P
YDR378C	S	S	S	S	S	S	S	S	S	S	S	S	P	P	P	P	P	P	P	P
YNL118C	S	S	S	S	S	S	S	S	S	S	S	S	P	P	P	P	P	P	P	P
YJL164C	S	S	S	P	P	P	P	S	P	P	P	P	P	P	P	P	P	P	P	P
YCR077C	S	S	S	S	S	S	S	S	S	S	S	S	P	P	P	P	P	P	P	P
YGL049C	P	S	P	P	P	P	P	P	P	P	P	P	P	P	P	P	L	P	P	P
YLR438C-A	S	S	S	S	S	S	S	S	S	S	S	S	P	P	P	P	P	P	P	P
YLR270W	P	P	P	P	P	P	P	P	P	P	P	P	P	P	P	P	P	P	P	P
YBL026W	S	S	S	S	S	S	S	S	S	S	S	S	P	P	P	P	P	P	P	L
YML017W	S	S	P	P	S	S	S	S	S	S	S	S	P	P	P	P	P	P	P	P
YDR404C	S	S	S	S	S	D	S	S	S	S	S	S	P	P	P	P	P	P	P	P
YMR287C	S	S	S	S	S	S	S	S	S	S	S	S	P	P	P	P	L	P	P	P
YBR172C	S	S	S	P	P	S	S	P	P	P	P	P	P	P	P	P	P	P	P	P
YMR322C	D	D	D	D	D	D	D	D	D	D	D	S	L	L	L	L	L	L	L	L
YDL224C	P	P	P	P	P	P	P	P	P	P	P	P	P	P	P	P	P	P	P	P
YAL021C	S	S	S	S	S	S	S	S	S	S	S	S	P	P	P	P	P	P	P	P
YNL147W	S	S	S	S	S	S	S	S	S	S	S	S	P	P	P	P	P	P	P	P
YNL085W	S	S	S	S	S	S	S	S	S	S	S	S	P	P	P	P	P	P	P	P
YNL255C	S	S	S	S	S	S	S	S	S	S	S	S	P	P	P	P	P	P	P	P
YEL015W	S	S	S	S	S	S	S	S	S	S	S	S	P	P	P	P	P	P	P	P
YDR151C	S	S	S	P	P	S	S	S	P	P	P	P	P	P	P	P	P	P	P	P
YJL140W	S	S	S	S	S	S	S	S	S	S	S	S	P	P	P	P	P	P	P	P
YML117W	S	S	S	S	S	S	S	S	S	S	S	S	P	P	P	P	P	P	P	P
YOR391C	D	D	D	D	D	D	D	D	D	D	D	S	L	L	L	L	L	L	L	L
YBR094W	S	S	S	S	S	S	S	S	S	S	S	S	P	P	P	P	L	P	P	P
YIL038C	S	S	S	S	S	S	S	S	S	S	S	S	P	P	P	P	L	P	P	P
YNL016W	S	S	S	S	S	S	S	S	S	S	S	S	P	P	P	P	P	P	P	P
YPL203W	S	S	S	S	S	S	S	S	S	S	S	S	P	P	P	P	P	P	P	P
YJL124C	S	S	S	S	S	S	S	S	S	S	S	S	P	P	P	P	P	P	P	P
YER112W	S	S	S	S	S	S	S	S	S	S	S	S	P	P	P	P	P	P	P	P
YCR093W	P	P	S	S	S	S	S	S	S	S	S	S	P	P	P	P	P	P	P	P
YBL032W	S	S	S	P	P	P	P	P	P	P	P	S	P	P	P	P	P	P	P	P
YKL025C	S	S	S	S	S	S	S	S	S	S	S	S	P	P	P	P	P	P	P	P
YDR293C	P	P	P	S	S	S	S	S	S	S	S	S	P	P	P	P	P	P	P	P
