Gene ID	V.polysp	T.phaffi	T.blatta	N.dairen	N.castel	K.nagani	K.africa	C.glabra	S.uvarum	S.kudria	S.mikata	S.cerevi	Z.rouxii	T.delbru	K.lactis	E.gossyp	E.cymbal	L.kluyve	L.thermo	L.waltii
YDR418W	P	P	S	P	P	P	P	S	P	P	P	P	P	P	P	P	P	P	P	P
YJL177W	S	S	S	P	P	S	S	S	P	P	P	P	P	P	P	P	L	P	P	P
YNL284C	S	S	S	S	S	S	S	S	S	S	S	S	P	P	P	P	P	P	P	P
YIL133C	P	P	S	P	P	P	S	S	P	P	P	P	P	P	P	P	P	P	P	P
YMR286W	S	S	S	S	S	S	S	S	S	S	S	S	P	P	P	P	P	P	P	P
YNL122C	S	S	S	S	S	S	S	S	S	S	S	S	P	P	P	P	P	P	P	P
YDR116C	S	S	S	S	S	S	S	S	S	S	S	S	P	P	P	P	P	P	P	P
YGR285C	S	S	S	S	S	S	S	S	S	S	S	S	P	P	P	P	L	P	P	P
YGR034W	S	S	S	P	P	S	S	S	P	P	P	P	P	P	P	P	P	P	P	P
YDR418W	P	P	S	P	P	P	P	S	P	P	P	P	P	P	P	P	P	P	P	P
YNL177C	S	S	S	S	S	S	S	S	S	S	S	S	P	P	P	P	P	P	P	P
YKL170W	S	S	S	S	S	S	S	S	S	S	S	S	P	P	P	P	P	P	P	P
YGL135W	S	S	P	S	S	S	S	S	P	P	P	P	P	P	P	P	P	P	P	P
YCR003W	S	S	S	S	S	S	S	S	S	S	S	S	P	P	P	P	P	P	P	P
YGR034W	S	S	S	P	P	S	S	S	P	P	P	P	P	P	P	P	P	P	P	P
YEL050C	S	S	S	S	S	S	S	S	S	S	S	S	P	P	P	P	P	P	P	P
YGL103W	S	S	S	S	S	S	S	S	S	S	S	S	P	P	P	P	P	P	P	P
YDR496C	S	S	S	S	S	S	S	S	S	S	S	S	P	P	P	P	P	P	P	P
YDR283C	S	S	S	S	S	S	S	S	S	S	S	S	P	P	P	P	L	P	P	P
YDL202W	S	S	S	S	S	S	S	S	S	S	S	S	P	P	P	P	P	P	P	P
YJL177W	S	S	S	P	P	S	S	S	P	P	P	P	P	P	P	P	L	P	P	P
YIL133C	P	P	S	P	P	P	S	S	P	P	P	P	P	P	P	P	P	P	P	P
YJL063C	S	S	S	S	S	S	S	S	S	S	S	S	P	P	P	P	P	P	P	P
YGL135W	S	S	P	S	S	S	S	S	P	P	P	P	P	P	P	P	P	P	P	P
YNL185C	S	S	S	S	S	S	S	S	S	S	S	S	P	P	P	P	P	P	P	P
