Gene ID	V.polysp	T.phaffi	T.blatta	N.dairen	N.castel	K.nagani	K.africa	C.glabra	S.uvarum	S.kudria	S.mikata	S.cerevi	Z.rouxii	T.delbru	K.lactis	E.gossyp	E.cymbal	L.kluyve	L.thermo	L.waltii
YJL208C	S	S	S	S	S	S	S	S	S	S	S	S	P	P	P	P	P	P	P	P
YDR375C	S	S	S	S	S	S	S	S	S	S	S	S	P	P	P	P	P	P	P	P
YMR158W	S	S	S	S	S	S	S	S	S	S	S	S	P	P	P	P	P	P	P	P
YBL111C	D	D	D	D	D	D	D	D	D	D	D	S	L	L	L	L	L	L	L	L
YER014W	S	S	P	S	S	S	S	S	S	S	S	S	P	P	P	P	P	P	P	P
YOR323C	S	S	S	S	S	S	S	S	S	S	S	S	P	P	P	P	P	P	P	P
YIL155C	S	S	S	S	S	S	S	S	S	S	S	S	P	P	P	P	P	P	P	P
YMR241W	S	S	S	S	S	S	S	S	S	S	S	S	P	P	P	P	P	P	P	P
YMR205C	P	S	S	S	S	P	P	P	S	S	S	S	P	P	P	P	P	P	P	P
YHR051W	S	S	S	S	S	S	S	S	S	S	S	S	P	P	P	P	P	P	P	P
YJL127C-B	S	S	S	S	S	S	S	S	S	S	S	S	P	P	P	P	P	P	P	P
YHR194W	S	S	S	S	S	S	S	S	S	S	S	S	P	P	P	P	P	P	P	P
YKL170W	S	S	S	S	S	S	S	S	S	S	S	S	P	P	P	P	P	P	P	P
YDL036C	S	S	S	P	P	P	P	P	P	P	P	P	P	P	P	P	P	P	P	P
YDL217C	S	S	S	P	P	S	P	S	S	S	S	S	P	P	P	P	P	P	P	P
YPL189C-A	S	S	S	S	S	S	S	S	S	S	S	S	P	P	P	P	P	P	P	P
YHR168W	S	S	S	S	S	S	S	S	S	S	S	S	P	P	P	P	P	P	P	P
YEL039C	S	S	S	P	P	P	S	S	P	P	P	P	P	P	P	P	P	P	P	P
YDL164C	S	S	S	S	S	S	S	S	S	S	S	S	P	P	P	P	L	P	P	P
YHR050W	S	S	S	S	S	S	S	S	S	S	S	S	P	P	P	P	P	P	P	P
YER053C	S	S	S	S	S	S	S	D	S	S	S	S	P	P	L	L	L	P	P	P
YDR384C	S	S	P	S	S	S	S	S	S	S	S	S	P	P	P	P	P	P	P	P
YML010W	S	S	S	S	S	S	S	S	S	S	S	S	P	P	P	P	P	P	P	P
YMR150C	S	S	S	S	S	S	S	S	S	S	S	S	P	P	P	P	P	P	P	P
YGR287C	D	D	D	D	D	D	D	D	D	S	S	S	L	L	L	L	L	L	L	L
YNL131W	S	P	S	S	S	S	S	S	S	S	S	S	P	P	P	P	P	P	P	P
YLL018C-A	D	S	S	S	S	S	S	S	S	S	S	S	P	P	P	P	P	P	P	L
YBR052C	S	S	S	S	S	S	P	P	P	P	P	P	P	P	P	L	P	P	P	P
YOL033W	S	S	S	S	S	S	S	S	S	S	S	S	P	P	P	P	P	P	P	P
YGL057C	S	S	S	S	S	S	S	S	S	S	S	S	P	P	P	P	P	P	P	P
YGL187C	D	S	S	S	S	S	S	S	S	S	S	S	P	P	P	P	P	P	P	P
YML032C	S	S	S	S	S	S	S	S	S	S	S	S	P	P	P	P	P	P	P	P
YER155C	S	S	S	S	S	S	S	S	S	S	S	S	P	P	P	P	P	P	P	P
YGR116W	S	S	S	S	S	S	S	S	S	S	S	S	P	P	P	P	L	P	P	P
YER050C	S	S	S	S	S	S	S	S	S	S	S	S	P	P	P	P	P	P	P	P
YMR003W	D	D	S	D	D	S	D	D	S	S	S	S	P	P	P	P	P	P	P	P
YER031C	S	S	S	S	S	S	S	P	P	P	P	P	P	P	P	P	P	P	P	P
YOL109W	D	D	D	D	D	D	D	S	S	S	S	S	L	P	L	L	L	P	P	L
YJR057W	S	S	S	S	S	S	S	S	S	S	S	S	P	P	P	P	P	P	P	P
YMR221C	S	S	S	S	S	S	S	S	S	S	S	S	P	P	P	L	L	P	P	P
YMR257C	S	S	S	S	S	S	S	S	S	S	S	S	P	P	P	P	P	P	P	P
YKL195W	S	S	S	P	P	P	P	S	S	S	S	S	P	P	P	P	P	P	P	P
YEL006W	S	S	S	S	S	S	S	S	P	P	P	P	P	P	P	P	P	P	P	P
YDL174C	S	S	S	S	S	S	D	S	S	S	S	S	P	P	P	L	L	P	P	P
YOR168W	S	S	S	S	S	S	S	S	S	S	S	S	P	P	P	P	P	P	P	P
YOR226C	P	P	S	P	P	S	P	P	P	P	P	P	P	P	P	P	P	P	P	P
YJL054W	S	S	S	S	S	S	S	S	S	S	S	S	P	P	P	P	P	P	P	P
YDR069C	S	S	S	P	P	P	S	P	P	P	P	P	P	P	P	P	P	P	P	P
YER015W	S	S	S	S	S	S	S	S	S	S	S	S	P	P	P	P	P	P	P	P
YMR060C	S	S	S	S	S	S	S	S	S	S	S	S	P	P	P	P	P	P	P	P
YPL167C	S	S	S	S	S	S	S	S	S	S	S	S	P	P	P	P	P	P	P	P
YKL196C	D	S	S	S	S	S	S	S	S	S	S	S	P	P	P	P	P	P	P	P
YOR334W	S	S	S	S	S	S	S	S	S	S	S	S	P	P	P	P	P	P	P	P
YLR389C	S	S	P	S	S	S	S	S	S	S	S	S	P	P	P	P	P	P	P	P
YOR241W	S	S	S	S	S	S	S	S	S	S	S	S	P	P	P	P	P	P	P	P
YLR438W	S	S	S	S	S	S	S	S	S	S	S	S	P	P	P	P	P	P	P	P
YLR290C	S	S	S	S	S	S	S	S	S	S	S	S	P	P	P	P	P	P	P	P
YLR270W	P	P	P	P	P	P	P	P	P	P	P	P	P	P	P	P	P	P	P	P
YOL009C	S	S	S	S	S	S	S	S	S	S	S	S	P	P	P	P	P	P	P	P
YOR153W	S	D	P	P	P	P	P	S	P	P	P	P	P	P	L	L	L	L	L	L
YER048W-A	S	S	S	S	S	S	S	S	S	S	S	S	P	P	P	P	P	P	P	P
YPL013C	S	S	S	S	S	S	S	S	S	S	S	S	P	P	P	P	P	P	P	P
YAL054C	S	S	S	S	S	S	S	S	S	S	S	S	P	P	P	P	P	P	L	L
YER078C	S	S	S	S	S	S	S	S	S	S	S	S	P	P	P	P	P	P	P	P
YGL219C	S	S	S	S	S	S	S	S	S	S	S	S	P	P	P	P	P	P	P	P
YKR071C	S	P	S	S	S	S	P	S	S	S	S	S	P	P	P	P	P	P	P	P
YMR194C-B	D	D	D	S	S	D	D	S	S	S	S	S	P	P	L	P	P	P	P	P
YPL103C	S	S	S	S	S	S	S	S	S	S	S	S	P	P	P	P	P	P	P	P
YGR049W	S	S	S	P	P	P	P	P	P	P	P	P	P	P	P	P	P	P	P	P
YCL057C-A	S	S	S	S	S	S	S	S	S	S	S	S	P	P	P	P	P	P	P	P
YGR244C	S	S	S	S	S	S	S	S	S	S	S	S	P	P	P	P	P	P	P	P
YLR106C	S	S	S	S	S	S	S	S	S	S	S	S	P	P	P	P	P	P	P	P
YBL016W	S	S	S	S	S	S	S	S	S	S	S	S	P	P	P	P	P	P	P	P
YCL044C	S	S	S	S	S	S	S	S	S	S	S	S	P	P	P	P	P	P	P	P
YCL033C	S	S	S	S	S	S	S	S	S	S	S	S	P	P	P	P	P	P	P	P
YBL057C	S	S	S	S	S	S	S	S	S	S	S	S	P	P	P	P	P	P	P	P
YJL112W	P	S	P	P	P	P	P	P	P	P	P	P	P	P	P	P	P	P	P	P
YBR192W	S	S	S	S	S	S	S	S	S	S	S	S	P	P	P	P	P	P	P	P
YGR254W	P	S	P	S	P	S	P	P	P	P	P	P	P	P	P	P	P	P	P	P
YCR008W	P	P	S	S	S	S	S	S	S	S	S	S	P	P	P	P	P	P	P	P
YGR052W	D	D	S	S	S	S	S	S	S	S	S	S	L	P	P	P	P	P	P	P
YDR027C	S	S	S	S	S	S	S	S	S	S	S	S	P	P	P	P	P	P	P	P
YBR204C	S	S	S	S	S	S	S	S	S	S	S	S	P	P	P	P	P	P	P	P
YHR179W	D	D	D	P	P	S	P	S	S	S	S	S	P	P	P	L	L	P	P	P
YDR256C	S	S	S	S	S	S	S	S	S	S	S	S	P	P	P	P	P	P	P	P
YLR105C	S	S	S	S	S	S	S	S	S	S	S	S	P	P	P	P	P	P	P	P
YLR142W	S	S	S	S	S	S	S	S	S	S	S	S	P	P	P	P	P	P	P	P
YFL010C	S	S	P	S	S	S	S	S	S	S	S	S	P	P	P	P	P	P	P	P
YPR125W	S	S	S	S	S	S	S	S	S	S	S	S	L	P	P	P	P	P	P	P
YLR239C	S	S	S	S	S	S	S	S	S	S	S	S	P	P	P	P	P	P	P	P
YHR171W	S	S	S	S	S	S	S	S	S	S	S	S	P	P	P	P	L	P	P	P
YBR263W	S	S	S	S	S	S	S	S	S	S	S	S	P	P	P	P	P	P	P	P
YKL067W	S	S	S	S	S	S	S	S	S	S	S	S	P	P	P	P	P	P	P	L
YDR393W	S	S	S	S	S	S	S	S	S	S	S	S	P	P	P	P	P	P	P	P
YPL262W	P	S	P	S	S	S	S	S	S	S	S	S	P	P	P	P	P	P	P	P
YHR116W	S	S	S	S	S	S	S	S	S	S	S	S	P	P	P	P	P	P	P	P
YBR054W	P	P	D	P	P	S	D	P	P	P	P	P	P	P	L	L	L	P	L	L
YGL059W	S	S	S	S	S	S	S	S	S	S	S	S	P	P	P	P	P	P	P	P
YAL035W	D	S	S	S	S	S	S	S	S	S	S	S	P	P	P	P	L	P	P	P
YDR035W	S	S	S	S	S	S	S	S	S	S	S	S	P	P	P	P	P	P	P	P
YAL008W	S	S	S	S	S	S	S	S	S	S	S	S	P	P	P	P	P	P	P	P
YBR120C	S	S	S	S	S	S	S	S	S	S	S	S	P	P	P	P	P	P	P	P
YOR150W	S	S	S	S	S	S	S	S	S	S	S	S	P	P	P	P	P	P	P	P
YOR354C	S	S	S	S	S	S	S	S	S	S	S	S	P	P	P	P	L	P	P	P
YGR102C	S	S	S	S	S	S	S	S	S	S	S	S	P	P	P	P	P	P	P	P
YDR332W	S	S	S	S	S	S	S	S	S	S	S	S	P	P	P	P	P	P	P	P
YNL005C	S	S	S	S	S	S	S	S	S	S	S	S	P	P	P	P	P	P	P	P
YBR106W	S	S	S	P	P	P	P	S	S	S	S	S	P	P	P	P	P	P	P	P
YML025C	S	S	S	S	S	S	S	S	S	S	S	S	P	P	P	P	P	P	P	P
YGR240C	S	S	S	S	S	S	S	S	S	S	S	S	P	P	P	P	P	P	P	P
YGR243W	S	S	S	P	P	P	P	P	P	P	P	P	P	P	P	P	P	P	P	P
YKL150W	S	S	S	S	S	S	S	S	S	S	S	S	P	P	P	P	P	P	P	P
YMR193W	S	S	S	S	S	S	S	S	S	S	S	S	P	P	P	P	P	P	P	P
YOR222W	S	S	S	S	S	S	P	S	P	P	P	P	P	P	P	P	P	P	P	P
YLR312W-A	S	S	S	S	S	S	S	S	S	S	S	S	P	P	P	P	P	P	P	P
YEL047C	P	P	P	P	P	P	P	P	P	P	P	P	P	P	P	P	P	P	P	P
YDR350C	S	S	S	S	S	S	S	S	S	S	S	S	P	P	P	P	P	P	P	P
YHR063C	P	S	S	S	S	S	S	S	S	S	S	S	P	P	P	P	L	P	P	P
YLR188W	S	S	S	S	S	D	D	S	S	S	S	S	P	P	P	P	P	P	P	P
YML052W	S	S	S	S	S	S	S	S	S	S	S	S	P	P	P	P	P	P	P	P
YER154W	S	S	S	S	S	S	S	S	S	S	S	S	P	P	P	P	P	P	P	P
YGR231C	S	S	S	S	S	S	S	S	S	S	S	S	P	P	P	P	L	P	P	P
YDR342C	D	D	S	D	D	P	S	P	P	P	P	P	P	P	L	P	P	P	P	P
YAL015C	S	S	S	S	S	S	S	P	P	P	P	P	P	P	P	P	P	P	P	P
YGR215W	S	S	S	S	S	S	S	S	S	S	S	S	P	P	P	P	P	P	P	P
YNL318C	S	D	P	S	S	D	S	S	S	S	S	S	P	P	P	P	P	L	L	L
YJL200C	S	S	S	S	S	S	S	S	S	S	S	S	P	P	P	P	P	P	P	P
YHL035C	P	P	S	S	S	S	S	P	P	P	P	P	P	P	P	P	P	P	P	P
YNL256W	S	S	S	S	S	S	S	S	S	S	S	S	P	P	P	P	P	P	P	P
YCR003W	S	S	S	S	S	S	S	S	S	S	S	S	P	P	P	P	P	P	P	P
YEL071W	D	D	D	D	D	D	D	D	D	D	D	S	L	L	L	L	L	L	L	L
YDR058C	S	S	S	S	S	S	S	S	S	S	S	S	P	P	P	P	P	P	P	P
YDL207W	S	S	S	S	S	S	S	S	S	S	S	S	P	P	P	P	P	P	P	P
YNL093W	S	S	S	S	S	S	S	S	P	P	P	P	P	P	P	P	P	P	P	P
YDL148C	S	S	S	S	S	S	S	S	S	S	S	S	P	P	P	P	P	P	P	P
YBR150C	S	S	P	P	P	P	P	P	P	P	P	P	L	P	P	L	L	P	P	P
YDR379C-A	S	S	S	S	S	S	S	S	S	S	S	S	P	P	P	P	P	P	P	P
YLR335W	S	S	S	S	S	S	S	S	S	S	S	S	P	P	P	P	P	P	P	P
YKR070W	S	S	S	S	S	S	S	S	S	S	S	S	P	P	P	P	L	P	P	P
YGL011C	S	S	S	S	S	S	S	S	S	S	S	S	P	P	P	P	P	P	P	P
YGR147C	S	S	S	S	S	S	S	S	S	S	S	S	P	P	P	P	P	P	P	P
YEL022W	P	P	P	P	P	P	S	P	P	P	P	P	P	P	P	P	P	P	P	P
YHR076W	S	S	P	S	S	S	S	S	S	S	S	S	P	P	P	P	P	P	P	P
YJL066C	S	S	S	S	S	S	S	S	S	S	S	S	P	P	P	P	P	P	P	P
YJR077C	S	S	S	S	S	S	S	S	S	S	S	S	P	P	P	P	P	P	P	P
YBR122C	S	S	S	S	S	S	S	S	S	S	S	S	P	P	P	P	P	P	P	P
YDL003W	S	S	S	S	S	S	S	S	S	S	S	S	P	P	P	P	P	P	P	L
YKR016W	S	S	S	S	S	S	S	S	S	S	S	S	P	P	P	P	P	P	P	P
YGR046W	S	S	S	S	S	S	S	S	S	S	S	S	P	P	P	P	P	P	P	P
YFL030W	S	S	S	S	S	S	S	S	S	S	S	S	P	P	P	L	L	P	P	P
YER017C	S	S	S	S	S	S	S	S	S	S	S	S	P	P	P	P	P	P	P	P
YML042W	S	S	S	S	S	S	S	S	S	S	S	S	P	P	P	P	P	P	P	P
YFL016C	S	S	S	S	S	S	S	S	S	S	S	S	P	P	P	P	P	P	P	P
YMR287C	S	S	S	S	S	S	S	S	S	S	S	S	P	P	P	P	L	P	P	P
YHR123W	S	S	P	P	P	P	P	P	P	P	P	P	P	P	P	P	P	P	P	P
YBR004C	S	S	S	S	S	S	S	S	S	S	S	S	P	P	P	P	P	P	P	P
YNL088W	S	S	S	S	S	S	S	S	S	S	S	S	P	P	P	P	L	P	P	P
YMR289W	S	S	S	S	S	S	S	S	S	S	S	S	P	P	P	P	P	P	P	P
YOR286W	S	S	D	S	S	S	P	S	S	S	S	S	P	P	P	P	P	P	P	P
YBR172C	S	S	S	P	P	S	S	P	P	P	P	P	P	P	P	P	P	P	P	P
YBR001C	P	P	P	S	S	S	S	P	P	P	P	P	P	P	P	P	P	P	P	P
YPL168W	S	S	S	S	S	S	S	S	S	S	S	S	P	P	P	P	P	P	P	P
YOR228C	S	S	S	S	S	D	D	S	S	S	S	S	P	P	P	P	P	P	P	P
YLR203C	S	S	S	P	P	P	S	S	S	S	S	S	P	P	P	P	P	P	P	P
YNL252C	S	S	S	S	S	S	S	S	S	S	S	S	P	P	P	P	P	P	P	P
YKL167C	S	S	S	S	S	S	S	S	S	S	S	S	P	P	P	P	P	P	P	P
YBR282W	S	S	S	S	S	S	S	S	S	S	S	S	P	P	P	P	P	P	P	P
YOL143C	S	S	S	S	S	S	S	S	S	S	S	S	P	P	P	P	P	P	P	P
YJL112W	P	S	P	P	P	P	P	P	P	P	P	P	P	P	P	P	P	P	P	P
YJL180C	S	S	S	S	S	S	S	S	S	S	S	S	P	P	P	P	P	P	P	P
YJL147C	S	S	S	S	S	S	S	S	S	S	S	S	P	P	P	P	P	P	P	P
YPL029W	S	S	S	S	S	S	S	S	S	S	S	S	P	P	P	P	P	P	P	P
YGR169C	S	S	S	S	S	S	S	S	S	S	S	S	P	P	P	P	P	P	P	P
YDL085W	S	S	S	P	P	P	P	S	P	P	P	P	P	P	P	P	P	P	P	P
YIR021W	S	S	S	P	S	S	P	S	P	P	P	P	P	P	P	P	P	P	P	P
YLR390W	S	S	S	S	S	S	S	S	S	S	S	S	P	P	P	P	P	P	P	P
YDL168W	S	S	D	S	S	S	S	S	S	S	S	S	P	P	P	P	P	P	P	P
YLR291C	D	S	S	S	S	S	S	S	S	S	S	S	P	P	P	P	P	P	P	P
YIL013C	D	S	S	S	S	S	P	S	P	P	P	P	L	L	L	P	P	P	L	L
YOR011W	D	D	D	S	S	D	D	S	D	S	D	S	L	L	L	L	L	L	L	L
YKL055C	S	S	S	S	S	S	S	S	S	S	S	S	P	P	P	P	P	P	P	P
YPR116W	S	S	S	S	S	S	S	S	S	S	S	S	P	P	P	P	P	P	P	P
YHR037W	S	S	S	S	S	S	S	S	S	S	S	S	P	P	P	P	P	P	P	P
YGR192C	S	S	P	P	P	S	P	S	P	P	P	P	P	P	P	L	L	P	P	P
YGL191W	S	S	P	S	S	S	S	S	S	S	S	S	P	P	P	P	P	P	P	P
YJR062C	S	S	S	S	S	S	S	S	S	S	S	S	P	P	P	P	L	P	P	P
YOR022C	S	S	S	D	D	S	S	S	S	S	S	S	P	P	P	P	P	P	P	P
YOR125C	S	P	S	S	S	S	S	S	S	S	S	S	P	P	P	P	P	P	P	P
YDR237W	S	S	S	S	S	S	S	S	S	S	S	S	P	P	P	P	P	P	P	P
YOL141W	S	S	S	S	S	S	S	S	S	S	S	S	P	P	L	P	L	P	P	P
YPL252C	S	S	S	S	S	S	S	S	S	S	S	S	P	P	P	P	P	P	P	P
YPR047W	S	S	S	S	S	S	S	S	S	S	S	S	P	P	P	P	P	P	P	P
YER028C	P	P	P	P	P	P	P	P	P	P	P	P	P	P	P	L	L	P	P	P
YBR006W	S	D	S	S	S	S	S	S	S	S	S	S	P	P	P	P	P	P	P	P
YOR246C	S	S	S	S	S	S	S	S	S	S	S	S	P	P	P	P	P	P	P	P
YDL203C	S	S	S	S	S	S	S	S	S	S	S	S	P	P	P	P	P	P	P	P
YOR236W	S	S	S	S	S	S	S	S	S	S	S	S	P	P	P	P	P	P	P	P
YBR196C	S	S	S	S	S	S	S	S	S	S	S	S	P	P	P	P	P	P	P	P
YFL036W	S	S	S	S	S	S	S	S	S	S	S	S	P	P	P	P	P	P	P	P
YOR176W	S	S	S	S	S	S	S	S	S	S	S	S	P	P	P	P	P	P	P	P
YLR084C	S	S	S	S	S	S	S	S	S	S	S	S	P	P	P	P	P	P	P	P
YOR297C	S	S	S	S	S	S	S	S	S	S	S	S	P	P	P	P	P	P	P	P
YPR165W	P	S	P	P	P	S	P	S	S	S	S	S	P	P	L	P	P	P	P	P
YGR132C	S	S	S	S	S	S	S	S	S	S	S	S	P	P	P	P	P	P	P	P
YFR053C	S	S	P	P	P	P	S	P	P	P	P	P	P	P	P	P	P	P	P	P
YMR301C	S	S	S	S	S	S	S	S	S	S	S	S	P	P	P	P	P	P	P	P
YEL050C	S	S	S	S	S	S	S	S	S	S	S	S	P	P	P	P	P	P	P	P
YLR091W	S	S	D	S	S	S	S	S	S	S	S	S	P	P	P	P	P	P	P	P
YMR002W	S	S	S	S	S	S	S	S	S	S	S	S	P	P	P	P	P	P	P	P
YDR336W	S	S	S	S	S	S	S	S	S	S	S	S	P	P	P	P	P	P	P	P
YDR341C	S	S	P	S	S	P	P	P	P	P	P	P	P	P	P	P	P	P	P	P
YML081C-A	S	S	S	S	S	S	S	S	S	S	S	S	P	P	P	P	P	P	P	P
YKL010C	S	S	S	S	S	S	S	S	S	S	S	S	P	P	P	P	P	P	P	P
YPL099C	S	S	S	S	S	S	S	S	S	S	S	S	P	P	P	P	P	P	P	P
YDL040C	S	S	S	S	S	S	S	S	S	S	S	S	P	P	P	P	P	P	P	P
YIL160C	S	S	S	D	S	S	S	S	S	S	S	S	P	P	P	P	P	P	P	P
YGR033C	S	S	S	S	S	S	S	S	S	S	S	S	P	P	P	P	P	P	P	P
YOL129W	S	S	S	P	S	S	S	S	S	S	S	S	P	P	P	P	P	P	P	P
YOR037W	S	S	S	S	S	S	S	S	S	S	S	S	P	P	P	P	P	P	P	P
YNL168C	S	S	S	S	S	S	S	S	S	S	S	S	P	P	P	P	L	P	P	P
YOR090C	S	S	S	S	S	S	S	S	S	S	S	S	P	P	P	P	P	P	P	P
YGL093W	S	S	S	S	S	S	S	S	S	S	S	S	P	P	P	P	P	P	P	P
YHL018W	S	S	D	S	S	S	S	S	S	S	S	S	P	P	P	P	P	P	P	P
YOR222W	S	S	S	S	S	S	P	S	P	P	P	P	P	P	P	P	P	P	P	P
YML009C	S	S	S	S	S	S	S	S	S	S	S	S	P	P	P	P	P	P	P	P
YDR074W	S	S	S	S	S	S	S	S	S	S	S	S	P	P	P	P	P	P	P	P
YBR291C	S	S	S	S	S	S	S	S	S	S	S	S	P	P	P	P	P	P	P	P
YPL222W	S	S	S	S	S	S	S	S	S	S	S	S	P	P	P	P	P	P	P	P
YOR158W	S	S	S	S	S	S	S	S	S	S	S	S	P	P	P	P	P	P	P	P
YGR049W	S	S	S	P	P	P	P	P	P	P	P	P	P	P	P	P	P	P	P	P
YHR155W	P	P	P	S	S	P	P	P	P	P	P	P	P	P	P	P	P	P	P	P
YDR450W	S	P	S	P	P	P	P	S	P	P	P	P	P	P	P	P	P	P	P	P
YKL120W	S	S	S	S	S	S	S	S	S	S	S	S	P	P	P	P	P	P	P	P
YDR376W	S	S	S	S	S	S	S	S	S	S	S	S	P	P	P	P	P	P	P	P
YNR022C	S	S	S	S	S	S	S	S	S	S	S	S	P	P	P	P	P	P	P	P
YPL118W	S	S	S	S	S	S	S	S	S	S	S	S	P	P	P	P	P	P	P	P
YJL005W	S	S	P	S	S	S	S	S	S	S	S	S	P	P	P	P	P	P	P	P
YOR232W	S	S	S	S	S	S	S	S	S	S	S	S	P	P	P	P	P	P	P	P
YGR076C	S	S	S	S	S	S	S	S	S	S	S	S	P	P	P	P	P	P	P	P
YMR019W	D	D	D	S	S	S	S	D	S	S	S	S	P	L	L	L	L	P	P	P
YGR062C	S	S	S	S	S	S	S	S	S	S	S	S	P	P	P	P	P	P	P	P
YPL033C	S	S	S	S	S	S	S	S	S	S	S	S	P	P	P	P	P	P	L	L
YLR283W	S	S	S	S	S	S	S	S	S	S	S	S	P	P	P	P	P	P	P	P
YDR226W	S	S	S	S	S	S	S	S	S	S	S	S	P	P	P	P	P	P	P	P
YPR011C	S	S	D	D	D	S	S	S	S	S	S	S	P	P	P	P	P	P	P	P
YNL037C	S	S	S	S	S	S	S	S	S	S	S	S	P	P	P	P	P	P	P	P
YBR035C	S	S	S	S	S	S	S	S	S	S	S	S	P	P	P	P	P	P	P	P
YAR002C-A	S	S	S	S	S	S	S	P	P	P	P	P	P	P	P	P	P	P	P	P
YLL041C	P	S	S	P	P	S	S	P	S	S	S	S	P	P	P	P	P	P	P	P
YPL271W	S	S	S	S	S	S	S	S	S	S	S	S	P	P	P	P	P	P	P	P
YFR040W	P	P	P	P	P	P	P	S	P	P	P	P	P	P	P	P	P	P	P	P
YIL093C	S	S	S	S	S	S	S	S	S	S	S	S	P	P	P	P	P	P	P	P
YER151C	S	S	S	S	S	S	S	S	S	S	S	S	P	P	P	P	P	P	P	P
YIR024C	S	S	S	S	S	S	S	S	S	S	S	S	P	P	P	P	P	P	P	P
YLR174W	S	S	S	P	P	P	P	P	P	P	P	P	P	P	P	P	P	P	P	P
YDR272W	P	S	P	S	S	S	S	S	P	P	P	P	P	P	P	P	P	P	P	P
YJL143W	S	S	S	S	S	S	S	S	S	S	S	S	P	P	P	P	P	P	P	P
YGL119W	S	S	S	S	S	S	S	S	P	P	P	P	P	P	P	P	P	P	P	P
YPL005W	S	S	S	S	S	S	S	S	S	S	S	S	P	P	P	P	P	P	P	P
YNL070W	S	S	S	S	S	S	S	S	S	S	S	S	P	P	P	P	P	P	P	P
YPL148C	S	S	S	S	S	S	S	S	S	S	S	S	P	P	P	P	P	P	P	P
YNR018W	S	S	S	S	S	S	S	S	S	S	S	S	P	P	P	P	P	P	P	P
YOL021C	S	S	S	S	S	S	S	S	S	S	S	S	P	P	P	P	P	P	P	P
YOL077W-A	S	S	S	S	S	S	S	S	S	S	S	S	P	P	P	P	P	P	P	P
YMR035W	S	S	S	S	S	S	S	S	S	S	S	S	P	P	P	P	P	P	P	P
YHR083W	S	S	S	S	S	D	S	S	S	S	S	S	P	P	P	P	P	P	P	P
YLR382C	S	S	S	S	S	S	S	S	S	S	S	S	P	P	P	P	P	P	P	P
YBR262C	S	S	S	S	S	S	S	S	S	S	S	S	P	P	P	P	P	P	P	P
YMR108W	S	P	S	P	P	P	S	S	S	S	S	S	P	P	P	P	P	P	P	P
YPL096W	S	S	S	S	S	S	S	S	S	S	S	S	P	P	P	P	P	P	P	P
YKL152C	S	S	S	S	S	S	S	S	S	S	S	S	P	P	P	P	P	P	P	P
YHR008C	S	S	S	S	S	S	S	S	S	S	S	S	P	P	P	P	P	P	P	P
YAR008W	S	S	S	S	S	S	S	S	S	S	S	S	P	P	P	P	P	P	P	P
YKL093W	D	D	S	P	P	P	P	S	P	P	P	P	P	L	P	P	P	P	P	P
YLR087C	S	S	S	S	S	S	S	S	S	S	S	S	P	P	P	P	P	P	P	P
YJR073C	S	S	S	S	S	S	S	S	S	S	S	S	P	P	P	P	P	P	P	P
YBR221C	S	S	S	S	S	S	S	S	S	S	S	S	P	P	P	P	P	P	P	P
YMR023C	S	S	S	S	S	S	S	S	S	S	S	S	P	P	P	P	P	P	P	P
YAL038W	S	S	S	P	P	P	S	P	P	P	P	P	P	P	P	P	P	P	P	P
YLR426W	S	S	S	S	S	S	S	S	S	S	S	S	P	P	P	P	P	P	P	P
YBL045C	S	S	S	S	S	S	S	S	S	S	S	S	P	P	P	P	P	P	P	P
YLL009C	S	S	S	S	S	S	S	S	S	S	S	S	P	P	P	P	P	P	P	P
YPL104W	S	S	S	S	S	S	S	S	S	S	S	S	P	P	P	P	P	P	P	P
YIL078W	S	S	S	S	S	S	S	S	S	S	S	S	P	P	P	P	P	P	P	P
YER153C	S	S	S	S	S	S	S	S	S	S	S	S	P	P	P	P	P	P	P	P
YGL195W	P	S	S	S	S	S	S	S	S	S	S	S	P	P	P	P	P	P	P	P
YHL038C	D	S	S	S	S	S	S	S	S	S	S	S	P	P	L	L	P	P	P	P
YEL030W	P	S	S	S	S	S	S	P	P	P	P	P	P	P	P	P	P	P	P	P
YOL008W	S	S	S	S	S	S	S	S	S	S	S	S	P	P	P	P	P	P	P	P
YIL125W	S	S	S	S	S	S	S	S	S	S	S	S	P	P	P	P	P	P	P	P
YNL100W	S	S	S	S	S	S	S	S	S	S	S	S	P	P	P	P	P	P	P	P
YDL178W	S	S	S	S	S	S	S	S	S	S	S	S	P	P	P	P	P	P	P	P
YML120C	S	S	S	S	S	S	S	S	S	S	S	S	P	P	P	P	P	P	P	P
YLR281C	S	S	S	S	S	S	S	S	S	S	S	S	P	P	P	P	P	P	P	P
YDL202W	S	S	S	S	S	S	S	S	S	S	S	S	P	P	P	P	P	P	P	P
YMR078C	S	S	S	S	S	S	S	S	S	S	S	S	P	P	P	P	P	P	P	P
YPL069C	S	S	S	S	S	S	S	S	S	S	S	S	P	P	P	P	P	P	P	P
YKL056C	S	S	S	S	S	S	S	S	S	S	S	S	P	P	P	P	P	P	P	P
YJL131C	S	S	S	S	S	S	S	S	S	S	S	S	P	P	P	P	P	P	P	P
YBR104W	P	P	P	P	P	P	P	P	P	P	P	P	P	P	P	L	L	P	P	P
YGL236C	S	S	S	S	S	S	S	S	S	S	S	S	P	P	P	P	P	P	P	P
YKL162C	D	S	S	S	S	S	S	S	S	S	S	S	P	P	P	P	P	P	L	L
YGR015C	S	S	D	S	S	S	S	S	S	S	S	S	P	P	P	L	L	P	P	P
YGL023C	S	S	S	S	S	S	S	S	S	S	S	S	P	P	P	P	P	P	P	P
YPL188W	S	S	S	S	S	S	S	S	S	S	S	S	P	P	P	P	P	P	P	P
YIL043C	S	S	P	S	S	S	S	S	S	S	S	S	P	P	P	P	P	P	P	P
YNL292W	S	S	S	S	S	S	S	S	S	S	S	S	P	P	P	P	P	P	P	P
YFL005W	S	S	S	S	P	P	P	S	S	S	S	S	P	P	P	P	P	P	P	P
YBR203W	S	S	S	S	S	S	S	S	S	S	S	S	P	P	P	L	P	P	P	P
YFR019W	S	S	S	S	S	S	S	S	S	S	S	S	P	P	P	P	L	P	P	P
YFL042C	P	P	P	P	P	P	P	P	P	P	P	P	P	P	P	P	L	P	P	P
YEL031W	S	S	S	S	S	S	S	S	S	S	S	S	P	P	P	P	P	P	P	P
YLR295C	S	S	S	S	S	S	S	S	S	S	S	S	P	P	P	P	P	P	P	P
YMR256C	S	S	S	S	S	S	S	S	S	S	S	S	P	P	P	P	P	P	P	P
YKL192C	S	S	S	S	S	S	P	P	S	S	S	S	P	P	P	P	P	P	P	P
YPL207W	S	S	S	S	S	S	S	S	S	S	S	S	P	P	P	P	P	P	P	P
YPR021C	S	S	S	S	S	S	S	S	S	S	S	S	P	P	P	P	P	P	P	P
YER073W	D	D	D	S	S	S	S	S	S	S	S	S	P	P	P	P	L	P	P	P
YDR494W	S	S	S	S	S	S	S	S	S	S	S	S	P	P	P	P	P	P	P	P
YIL055C	S	S	S	S	S	S	S	S	S	S	S	S	P	P	P	P	P	P	P	P
YKR064W	S	S	S	S	S	S	S	S	S	S	S	S	P	P	P	P	P	P	P	P
YPL132W	S	S	S	S	S	S	S	S	S	S	S	S	P	P	P	P	P	P	P	P
YDR070C	S	S	S	S	S	S	S	S	S	S	S	S	P	P	P	L	L	P	P	L
YDR031W	S	S	S	D	D	D	D	D	S	S	S	S	P	P	L	P	P	P	P	P
YEL024W	S	S	S	S	S	S	S	S	S	S	S	S	P	P	P	P	P	P	P	P
YOR374W	S	S	S	S	S	S	S	S	S	S	S	S	P	P	P	P	P	P	P	P
YDL126C	P	S	P	P	P	S	S	S	S	S	S	S	P	P	P	P	P	P	P	P
YHR017W	S	S	D	S	S	S	S	S	S	S	S	S	P	P	P	P	P	P	P	P
YHR004C	S	S	S	S	S	S	S	S	S	S	S	S	P	P	P	P	P	P	P	P
YDR079W	S	S	S	S	S	S	S	S	S	S	S	S	P	P	P	P	P	P	P	P
YDR185C	S	S	S	S	S	S	S	S	P	P	P	P	P	P	P	P	P	P	P	P
YJR101W	S	S	S	S	S	S	S	S	S	S	S	S	P	P	P	P	P	P	P	P
YJL096W	S	S	S	S	S	S	S	S	S	S	S	S	P	P	P	P	P	P	P	P
YEL037C	S	S	S	S	S	S	P	S	S	S	S	S	P	P	P	P	P	P	P	P
YCR024C	S	S	S	S	S	S	S	S	S	S	S	S	P	P	P	P	P	P	P	P
YML110C	S	S	S	S	S	S	S	S	S	S	S	S	P	P	P	P	P	P	P	P
YNL125C	S	S	S	S	S	S	S	S	S	S	S	S	P	P	P	L	L	P	L	P
YER004W	S	S	P	S	S	D	S	S	S	S	S	S	P	P	P	P	P	P	P	P
YDR282C	S	S	D	D	D	D	S	S	S	S	S	S	P	P	P	P	P	P	P	P
YIL162W	S	D	D	D	D	D	D	D	S	S	S	S	P	P	P	P	P	P	P	P
YKR049C	S	S	S	S	S	S	S	S	S	S	S	S	P	P	P	P	P	P	P	P
YIL077C	S	S	S	S	S	S	S	S	S	S	S	S	P	P	P	P	P	P	P	P
YNL112W	S	S	S	S	S	S	S	S	S	S	S	S	P	P	P	P	P	P	P	P
YFL038C	S	S	S	S	S	S	S	S	S	S	S	S	P	P	P	P	P	P	P	P
YDL048C	P	P	P	P	P	S	S	P	P	P	P	P	P	P	P	P	P	P	P	P
YNL249C	D	D	D	D	S	S	D	D	S	S	S	S	P	P	P	L	L	P	P	P
YOL096C	S	S	S	S	S	S	S	S	S	S	S	S	P	P	P	P	P	P	P	P
YKL053C-A	S	S	S	S	S	S	S	S	S	S	S	S	P	P	P	P	P	P	P	P
YBL099W	P	S	S	S	S	S	S	S	S	S	S	S	P	P	P	P	P	P	P	P
YFR015C	P	P	S	P	P	P	P	P	P	P	P	P	P	P	P	P	P	P	P	P
YOR020C	S	S	S	S	S	S	S	S	S	S	S	S	P	P	P	P	P	P	P	P
YMR225C	S	S	D	D	S	S	S	S	S	S	S	S	P	P	P	P	P	P	P	P
YNL073W	S	S	S	S	S	S	S	S	S	S	S	S	P	P	P	P	P	P	P	P
YMR264W	S	S	P	P	P	P	P	P	P	P	P	P	P	P	P	P	P	P	P	P
YDR538W	D	D	D	D	D	D	D	D	S	S	S	S	L	L	L	L	L	L	L	L
YLR201C	S	S	S	S	S	S	S	S	S	S	S	S	P	P	P	P	P	P	P	P
YCR004C	P	P	S	P	P	P	P	P	S	S	S	S	P	P	P	L	L	P	P	P
YDR301W	S	S	S	S	S	S	S	S	S	S	S	S	P	P	P	P	P	P	P	P
YJL063C	S	S	S	S	S	S	S	S	S	S	S	S	P	P	P	P	P	P	P	P
YDR041W	S	S	S	S	S	S	S	S	S	S	S	S	P	P	P	P	P	P	P	P
YAL029C	S	S	S	P	P	P	P	P	P	P	P	P	P	P	P	P	P	P	P	P
YGR155W	S	S	S	D	S	S	S	S	S	S	S	S	P	P	P	P	P	P	P	P
YMR030W	D	D	D	S	S	D	S	D	S	S	S	S	L	L	L	L	L	L	L	L
YDR234W	S	S	S	S	S	S	S	S	S	S	S	S	P	P	P	P	P	P	P	P
YDR511W	S	S	S	S	S	S	S	S	S	S	S	S	P	P	P	P	P	P	P	P
YOR356W	S	S	S	S	S	S	S	S	S	S	S	S	P	P	P	P	P	P	P	P
YLR204W	S	S	D	S	D	S	S	S	S	S	S	S	P	L	P	P	P	P	P	P
YKL194C	S	S	S	S	S	S	S	S	S	S	S	S	P	P	P	P	P	P	P	P
YLL007C	S	S	S	S	S	S	S	S	S	S	S	S	P	P	P	P	L	P	P	P
YML061C	P	P	S	S	S	S	S	S	S	S	S	S	P	P	P	P	P	P	P	P
YKL205W	S	S	S	S	S	S	S	S	S	S	S	S	P	P	P	P	P	P	P	P
YKL137W	S	S	S	S	S	S	S	S	S	S	S	S	P	P	P	P	P	P	P	P
YDL001W	S	S	S	S	S	S	S	S	S	S	S	S	P	P	P	P	P	P	P	P
YGL041W-A	S	S	D	S	S	D	D	S	S	S	S	S	P	P	P	L	P	P	P	P
YCR028C-A	S	S	S	S	S	S	S	S	S	S	S	S	P	P	P	P	P	P	P	P
YGR171C	S	S	S	S	S	S	S	S	S	S	S	S	P	P	P	P	P	P	P	P
YHR067W	S	S	S	S	S	S	S	S	S	S	S	S	P	P	P	P	P	P	P	P
YBR056W	S	S	S	S	S	S	P	S	S	S	S	S	P	P	P	P	P	P	P	P
YNL208W	S	D	S	S	S	S	S	S	S	S	S	S	P	L	L	L	L	P	L	L
YGR220C	S	S	S	S	S	S	S	S	S	S	S	S	P	P	P	P	P	P	P	P
YLR355C	S	S	S	S	S	S	S	S	S	S	S	S	P	P	P	P	P	P	P	P
YER168C	S	S	S	S	S	S	P	S	S	S	S	S	P	P	P	P	P	P	P	P
YBL030C	S	S	S	P	P	S	S	S	P	P	P	P	P	P	P	P	P	P	P	P
YLR446W	S	S	S	S	S	S	S	S	S	S	S	S	P	L	L	P	P	P	P	P
YKL028W	S	S	S	S	S	S	S	S	S	S	S	S	P	P	P	P	P	P	P	P
YIL157C	S	S	S	S	S	S	S	S	S	S	S	S	P	P	P	P	P	P	P	P
YMR252C	D	D	S	S	S	S	S	S	S	S	S	S	P	P	P	P	P	P	P	P
YGR144W	S	S	S	S	S	S	D	S	S	S	S	S	P	P	L	P	P	P	P	P
YGR178C	S	S	S	S	S	S	S	S	S	S	S	S	P	P	P	P	P	P	P	P
YOR221C	S	S	S	S	S	S	S	S	S	S	S	S	P	P	P	P	P	P	P	P
YJL076W	P	P	S	P	P	P	P	P	P	P	P	P	P	P	P	P	P	P	P	P
YIR038C	D	D	D	D	D	D	D	D	D	D	D	S	L	L	L	L	L	L	L	L
YGR207C	S	S	S	S	S	S	S	S	S	S	S	S	P	P	P	P	P	P	P	P
YPL183W-A	S	S	S	S	S	S	S	S	S	S	S	S	P	P	P	P	P	P	P	P
YMR243C	S	S	S	P	P	P	P	S	P	P	P	P	P	P	P	P	P	P	P	P
YDL085W	S	S	S	P	P	P	P	S	P	P	P	P	P	P	P	P	P	P	P	P
YCL064C	S	S	S	S	S	S	S	S	S	S	S	S	P	L	P	P	P	P	P	L
YDL226C	S	S	P	S	S	S	S	S	P	P	P	P	P	P	P	P	P	P	P	P
YGR209C	S	P	S	S	S	D	S	S	P	P	P	P	P	P	P	P	P	P	P	P
YPR054W	S	S	S	S	S	S	S	S	S	S	S	S	P	P	P	P	P	P	P	P
YHR038W	S	S	S	S	S	S	S	S	S	S	S	S	P	P	P	P	P	P	P	P
YML072C	S	S	P	S	S	S	S	S	S	S	S	S	P	P	P	P	P	P	P	P
YNL328C	S	S	S	S	S	S	S	S	S	S	S	S	P	P	P	P	P	P	P	P
YKL212W	S	S	S	P	P	S	S	S	S	S	S	S	P	P	P	P	P	P	P	P
YDL078C	S	S	S	S	S	S	S	S	S	S	S	S	P	P	P	P	L	P	P	P
YGL085W	S	S	S	S	S	S	S	S	S	S	S	S	P	P	P	P	P	P	P	P
YNL081C	S	S	S	S	S	S	S	S	S	S	S	S	P	P	P	P	P	P	P	P
YER086W	S	S	S	S	S	S	S	S	S	S	S	S	P	P	P	P	P	P	P	P
YDR529C	S	S	S	S	S	S	S	S	S	S	S	S	P	P	P	P	P	P	P	P
YMR293C	S	S	S	S	S	S	S	S	S	S	S	S	P	P	P	P	P	P	P	P
YGR254W	P	S	P	S	P	S	P	P	P	P	P	P	P	P	P	P	P	P	P	P
YGR235C	S	S	S	S	S	S	S	S	S	S	S	S	P	P	P	P	P	P	P	P
YHR042W	S	S	P	P	P	P	P	S	S	S	S	S	P	P	P	P	P	P	P	P
YJL130C	S	S	S	S	S	S	S	S	S	S	S	S	P	P	P	P	P	P	P	P
YDR347W	S	S	S	S	S	S	S	S	S	S	S	S	P	P	P	P	P	P	P	P
YBL090W	S	S	S	S	S	S	S	S	S	S	S	S	P	P	P	P	P	P	P	P
YNR037C	S	S	S	S	S	S	S	S	S	S	S	S	P	P	P	P	P	P	P	P
YGR236C	S	S	S	S	P	S	S	S	S	S	S	S	P	P	P	P	L	P	P	P
YPL173W	S	S	S	S	S	S	S	S	S	S	S	S	P	P	P	P	P	P	P	P
YPR098C	P	P	S	S	S	S	S	S	S	S	S	S	P	P	P	P	P	P	P	P
YCL040W	P	P	P	P	P	P	P	P	P	P	P	P	P	P	P	P	P	P	P	P
YOR201C	S	S	S	S	S	S	S	S	S	S	S	S	P	P	P	P	P	P	P	P
YJL045W	S	S	S	S	S	S	S	S	P	P	P	P	P	P	P	P	P	P	P	P
YOR065W	S	S	S	S	S	S	S	S	S	S	S	S	P	P	P	P	P	P	P	P
YOR045W	S	S	S	S	S	S	S	S	S	S	S	S	P	P	P	P	P	P	P	P
YDL204W	D	S	P	P	P	S	P	S	P	P	P	P	P	P	P	P	P	P	P	P
YMR188C	S	S	S	S	S	S	S	S	S	S	S	S	P	P	P	P	P	P	P	P
YER074W	S	S	S	S	P	P	P	S	P	P	P	P	P	P	P	P	P	P	P	P
YJR122W	S	S	S	S	S	S	S	S	S	S	S	S	P	P	P	P	P	P	P	P
YPR095C	S	S	P	S	S	S	P	S	S	S	S	S	P	P	P	P	P	P	P	P
YMR128W	S	S	S	S	S	S	S	S	S	S	S	S	P	P	P	P	P	P	P	P
YIR037W	D	D	S	D	S	S	S	S	P	P	P	P	L	L	L	L	L	L	L	L
YDR049W	S	S	S	S	S	S	S	S	S	S	S	S	P	P	P	P	P	P	P	P
YNL270C	S	S	S	P	P	S	P	S	P	P	P	P	P	P	P	P	P	P	P	P
YDR353W	P	P	S	P	P	S	S	P	P	P	P	P	P	P	P	P	P	P	P	P
YMR267W	S	S	S	S	S	S	S	S	S	S	S	S	P	P	P	P	P	P	P	P
YJR148W	P	P	P	P	P	P	P	P	P	P	P	P	P	P	P	P	P	P	P	P
YJL123C	S	S	S	S	S	S	S	S	S	S	S	S	P	P	P	P	P	P	P	P
YMR152W	S	S	S	S	S	S	S	S	S	S	S	S	P	P	L	L	L	P	P	P
YDR141C	P	P	S	S	S	S	S	S	S	S	S	S	P	P	P	P	P	P	P	P
YOL023W	S	S	S	S	S	S	S	S	S	S	S	S	P	P	P	P	P	P	P	P
YAL044W-A	S	S	D	S	S	S	S	S	S	S	S	S	P	P	P	P	P	P	P	P
YDR194C	S	S	S	S	S	S	S	S	S	S	S	S	P	P	P	P	P	P	P	P
YIL148W	S	P	S	P	P	P	P	S	P	P	P	P	P	P	P	P	P	P	P	P
YEL061C	P	P	S	S	S	S	S	S	S	S	S	S	P	P	P	P	P	P	P	P
YJL046W	S	S	S	S	S	S	S	S	S	S	S	S	P	P	P	P	P	P	P	P
YMR228W	S	S	S	S	S	S	S	S	S	S	S	S	P	P	P	P	P	P	P	P
YLR351C	S	S	S	S	S	S	S	S	S	S	S	S	P	P	P	P	P	P	P	P
YPL283C	D	D	D	D	D	D	D	D	D	D	D	S	L	L	L	L	L	L	L	L
YJL071W	S	S	S	S	S	S	S	S	S	S	S	S	P	P	P	P	P	P	P	P
YDR501W	S	S	S	P	P	P	P	S	P	P	P	P	P	P	P	P	P	P	P	P
YPL206C	S	S	S	S	S	S	S	S	S	S	S	S	P	P	P	P	P	P	P	P
YOL126C	P	P	P	S	S	S	S	S	S	S	S	S	P	P	P	P	P	P	P	P
YER140W	S	S	S	S	S	S	S	S	S	S	S	S	P	P	P	P	P	P	P	P
YLR442C	P	P	P	P	P	P	P	P	P	P	P	P	P	P	P	P	P	P	P	P
YGL221C	S	S	S	S	S	S	S	S	S	S	S	S	P	P	P	P	P	P	P	P
YDL240W	S	S	S	S	S	S	S	S	S	S	S	S	P	P	P	P	P	P	P	P
YLR380W	P	P	P	S	S	S	P	P	S	S	S	S	P	P	P	P	P	P	P	P
YNR003C	S	S	S	S	S	S	S	S	S	S	S	S	P	P	P	P	P	P	P	P
YIL114C	S	S	S	S	S	P	P	P	P	P	P	P	P	P	P	P	P	P	P	P
YDR185C	S	S	S	S	S	S	S	S	P	P	P	P	P	P	P	P	P	P	P	P
YLR422W	S	S	S	S	S	S	S	S	S	S	S	S	P	P	P	P	P	P	P	P
YHR199C	S	S	S	S	S	S	S	S	S	S	S	S	P	P	P	P	P	P	P	P
YBR185C	S	S	S	S	S	S	S	S	S	S	S	S	P	P	P	P	P	P	P	P
YJR089W	S	S	S	S	S	S	S	D	S	S	S	S	L	P	P	P	P	P	P	P
YOR147W	S	S	S	S	S	S	S	S	S	S	S	S	P	P	P	P	P	P	P	P
YOR254C	S	S	S	S	S	S	S	S	S	S	S	S	P	P	P	P	P	P	P	P
YDR419W	S	S	S	S	S	S	S	S	S	S	S	S	P	P	P	P	L	P	P	P
YPL083C	S	S	S	S	S	S	S	S	S	S	S	S	P	P	P	P	L	P	P	P
YJR003C	S	S	D	S	S	S	S	S	S	S	S	S	P	P	P	L	L	P	P	P
YGR234W	S	S	P	S	S	S	S	S	S	D	S	S	P	P	P	L	L	P	P	P
YDR341C	S	S	P	S	S	P	P	P	P	P	P	P	P	P	P	P	P	P	P	P
YJL116C	S	S	P	P	P	P	P	P	P	P	P	P	P	P	P	P	P	P	P	P
YBR024W	S	S	P	P	P	P	P	P	P	P	P	P	P	P	P	P	P	P	P	P
YGL245W	S	S	S	S	S	S	S	S	S	S	S	S	P	P	P	P	L	P	P	P
YDR132C	S	S	S	P	P	P	P	P	P	P	P	P	P	P	P	P	P	P	P	P
YGL005C	S	S	S	S	S	S	S	S	S	S	S	S	P	P	P	P	P	P	P	P
YMR056C	S	S	D	S	S	S	S	D	S	S	S	S	P	P	L	L	L	L	L	L
YMR282C	S	S	S	S	S	S	S	S	S	S	S	S	P	P	P	P	P	P	P	P
YHR030C	S	P	P	P	P	S	P	S	P	P	S	P	P	P	P	P	P	P	P	P
YDL222C	P	S	D	P	P	S	P	S	P	P	P	P	L	P	P	P	P	P	P	P
YIL087C	S	S	S	S	S	S	S	S	S	S	S	S	P	P	P	P	P	P	P	P
YGL249W	S	S	S	S	S	S	S	S	S	S	S	S	P	P	P	L	P	P	L	L
YKL106W	S	S	S	S	S	S	P	S	S	S	S	S	P	P	P	P	P	P	P	P
YGR243W	S	S	S	P	P	P	P	P	P	P	P	P	P	P	P	P	P	P	P	P
YJR104C	P	P	S	S	S	S	S	S	S	S	S	S	P	P	P	P	P	P	P	P
YBR121C	P	S	P	S	S	S	S	S	P	P	P	P	P	P	P	P	P	P	P	P
YOR136W	P	P	S	S	S	S	S	S	S	S	S	S	P	P	P	P	P	P	P	P
YCL017C	S	S	S	S	S	S	S	S	S	S	S	S	P	P	P	P	P	P	P	P
YBR269C	S	S	S	S	S	S	S	S	S	S	S	S	P	P	P	P	P	P	P	P
YLR454W	S	S	P	S	S	S	S	S	S	S	S	S	P	P	P	P	L	P	P	P
YPR097W	P	P	P	S	S	S	S	S	S	S	S	S	P	P	P	P	P	P	P	P
YOR205C	S	S	S	S	S	S	S	S	S	S	S	S	P	P	P	P	P	P	P	P
YJL126W	S	D	D	S	S	S	S	S	S	S	S	S	P	P	P	L	L	P	P	P
YNL274C	S	S	S	S	S	S	S	S	S	S	S	S	P	P	P	P	L	P	P	P
YJL166W	S	S	S	S	S	S	S	S	S	S	S	S	P	P	P	P	P	P	P	P
YJL023C	S	S	S	S	S	S	S	S	S	S	S	S	P	P	P	P	P	P	P	P
YMR062C	S	S	S	S	S	S	S	S	S	S	S	S	P	P	P	P	P	P	P	P
YFR033C	S	S	S	S	S	S	S	S	S	S	S	S	P	P	P	P	P	P	P	P
YMR038C	S	S	D	S	S	S	D	S	S	S	S	S	P	P	P	P	P	P	P	P
YJL094C	S	S	S	S	S	S	S	S	S	S	S	S	P	P	P	L	L	P	P	P
YDL067C	S	S	S	S	S	S	S	S	S	S	S	S	P	P	P	P	P	P	P	P
YGL139W	S	P	P	P	P	P	P	P	P	P	P	P	P	P	P	P	P	P	P	P
YKR065C	S	S	S	S	S	S	S	S	S	S	S	S	P	P	P	P	P	P	P	P
YGR088W	S	S	D	S	S	D	D	D	S	S	S	S	P	P	P	L	L	P	P	P
YOR305W	S	S	S	S	S	S	S	S	S	S	S	S	P	P	P	P	P	P	P	P
YBR208C	S	S	D	S	S	S	D	S	S	S	S	S	P	P	P	P	P	P	P	P
YFR031C	S	S	S	S	S	S	S	S	S	S	S	S	P	P	P	P	P	P	P	P
YLR132C	S	S	S	S	S	S	S	S	S	S	S	S	P	P	P	P	P	P	P	P
YGR256W	S	S	S	S	S	S	P	S	P	P	S	P	P	P	P	P	P	P	P	P
YLR038C	P	S	S	S	S	S	S	S	S	S	S	S	P	P	P	P	P	P	P	P
YDR322C-A	S	S	S	S	S	S	S	S	S	S	S	S	P	P	P	P	P	P	P	P
YLR139C	S	S	S	S	S	S	S	S	S	S	S	S	P	P	P	P	P	P	P	P
YKL085W	S	S	S	S	S	S	S	S	S	S	S	S	P	P	P	P	P	P	P	P
YDL181W	S	S	S	S	P	P	P	P	P	P	P	P	P	P	P	P	P	P	P	P
YLR305C	S	S	S	S	S	S	S	S	S	S	S	S	P	P	P	P	P	P	P	P
YER026C	S	S	P	P	P	P	S	S	S	S	S	S	P	P	P	P	P	P	P	P
YDL069C	S	S	S	D	S	D	S	S	S	S	S	S	P	P	P	P	P	P	P	P
YKL003C	S	S	S	S	S	S	S	S	S	S	S	S	P	P	P	P	P	P	P	P
YJL109C	S	S	S	S	S	S	S	S	S	S	S	S	P	P	P	P	P	P	P	P
YDR178W	S	S	S	S	S	P	P	S	P	P	P	P	P	P	P	P	P	P	P	P
YCR012W	S	S	S	S	P	P	P	S	S	S	S	S	P	P	P	P	P	P	P	P
YKL132C	S	S	S	S	S	S	S	S	P	P	P	P	P	P	P	P	P	P	P	P
YAR002C-A	S	S	S	S	S	S	S	P	P	P	P	P	P	P	P	P	P	P	P	P
YLL024C	S	S	S	S	S	S	S	S	S	S	S	S	P	P	P	P	P	P	P	P
YJL133C-A	D	D	D	S	S	S	S	S	S	S	S	S	L	P	P	L	L	P	P	P
YKL132C	S	S	S	S	S	S	S	S	P	P	P	P	P	P	P	P	P	P	P	P
YJL178C	S	S	P	S	S	S	S	S	S	S	S	S	P	P	P	P	L	P	P	P
YNL320W	S	S	P	P	S	P	P	S	S	S	S	S	P	P	P	P	P	P	P	P
YLR348C	S	S	S	S	S	S	S	S	S	S	S	S	P	P	L	L	L	P	L	L
YPL226W	S	S	S	S	S	S	S	S	S	S	S	S	P	P	P	P	P	P	P	P
YBR268W	S	S	S	S	S	S	S	S	S	S	S	S	P	P	P	P	P	P	P	P
YOR074C	S	S	S	S	S	S	S	S	S	S	S	S	P	P	P	P	P	P	P	P
