Gene ID	V.polysp	T.phaffi	T.blatta	N.dairen	N.castel	K.nagani	K.africa	C.glabra	S.uvarum	S.kudria	S.mikata	S.cerevi	Z.rouxii	T.delbru	K.lactis	E.gossyp	E.cymbal	L.kluyve	L.thermo	L.waltii
YOR323C	S	S	S	S	S	S	S	S	S	S	S	S	P	P	P	P	P	P	P	P
YDL161W	S	S	P	S	S	P	P	S	P	P	P	P	P	P	P	P	P	P	P	P
YER143W	S	S	S	S	S	S	S	S	S	S	S	S	P	P	P	P	P	P	P	P
YBL036C	S	S	S	S	S	S	S	S	S	S	S	S	P	P	P	P	P	P	P	P
YCR009C	P	P	P	S	S	P	P	S	S	S	S	S	P	P	P	P	P	P	P	P
YMR205C	P	S	S	S	S	P	P	P	S	S	S	S	P	P	P	P	P	P	P	P
YMR235C	S	S	S	S	S	S	S	S	S	S	S	S	P	P	P	P	P	P	P	P
YDR084C	S	S	S	S	S	S	S	S	S	S	S	S	P	P	P	P	P	P	P	P
YDL056W	S	S	P	S	S	S	P	S	S	S	S	S	P	P	P	P	P	P	P	P
YLR293C	S	S	S	S	S	S	S	S	P	P	P	P	P	P	P	P	P	P	P	P
YLR192C	S	S	S	S	S	S	S	S	S	S	S	S	P	P	P	P	P	P	P	P
YFR013W	P	P	P	P	P	P	P	P	P	P	P	P	P	P	P	P	P	P	P	P
YBR117C	P	P	S	P	P	P	P	S	P	P	P	P	P	P	P	P	P	P	P	P
YDR320C	S	S	S	S	S	S	S	S	S	S	S	S	P	P	P	P	P	P	P	P
YLR448W	P	P	S	P	P	P	S	S	P	P	P	P	P	P	P	P	P	P	P	P
YGL202W	S	S	D	S	S	S	S	S	S	S	S	S	P	P	P	P	L	P	P	P
YMR259C	S	S	S	S	S	S	S	S	S	S	S	S	P	P	P	P	P	P	P	P
YMR281W	S	S	S	S	S	S	S	S	S	S	S	S	P	P	P	P	P	P	P	P
YER028C	P	P	P	P	P	P	P	P	P	P	P	P	P	P	P	L	L	P	P	P
YML100W	D	S	P	S	S	P	P	P	P	P	P	P	P	P	P	P	P	P	P	P
YHR203C	S	P	S	P	P	P	P	S	P	P	P	P	P	P	P	P	P	P	P	P
YDL036C	S	S	S	P	P	P	P	P	P	P	P	P	P	P	P	P	P	P	P	P
YKL210W	S	S	S	S	S	S	S	S	S	S	S	S	P	P	P	P	P	P	P	P
YNL254C	S	S	S	S	S	S	S	S	S	S	S	S	P	P	P	P	P	P	P	P
YGR109C	P	P	P	P	P	P	P	P	P	P	P	P	P	P	P	P	P	P	P	P
YLR367W	S	S	S	S	S	S	S	S	S	S	S	S	P	P	P	P	P	P	P	P
YKR091W	S	S	P	S	S	S	P	S	P	P	P	P	P	P	P	P	L	P	P	P
YGR037C	S	S	S	S	S	S	S	S	S	S	S	S	P	P	P	P	P	P	P	P
YNR008W	S	S	S	S	S	S	S	S	S	S	S	S	P	P	P	P	P	P	P	P
YOR118W	S	S	S	S	S	S	D	S	S	S	S	S	P	P	P	P	P	P	P	P
YGR111W	S	S	S	S	S	S	S	S	S	S	S	S	P	P	P	P	L	P	P	P
YDL164C	S	S	S	S	S	S	S	S	S	S	S	S	P	P	P	P	L	P	P	P
YIL002C	S	S	S	S	S	S	S	S	S	S	S	S	P	P	P	P	P	P	P	P
YNR038W	S	S	S	S	S	S	S	S	S	S	S	S	P	P	P	P	P	P	P	P
YLR309C	S	S	S	S	S	S	S	S	S	S	S	S	P	P	P	P	P	P	P	P
YBL076C	S	S	S	S	S	S	S	S	S	S	S	S	P	P	P	P	P	P	P	P
YLR029C	S	S	S	S	S	S	S	S	P	P	P	P	P	P	P	P	P	P	P	P
YOR128C	S	S	S	S	S	S	S	S	S	S	S	S	P	P	P	P	P	P	P	P
YOL125W	S	S	S	S	S	S	S	S	S	S	S	S	P	P	P	P	P	P	P	P
YJL165C	S	S	P	P	P	P	P	P	P	P	P	P	P	P	P	P	P	P	P	P
YDR071C	S	S	S	S	S	S	S	S	S	S	S	S	P	P	P	P	P	P	P	P
YHR112C	S	D	S	S	S	S	S	S	S	S	S	S	P	L	P	P	P	P	P	P
YOR177C	D	S	D	D	D	D	D	D	S	S	S	S	L	P	L	P	P	P	P	P
YIL156W	P	S	S	S	S	S	P	S	P	P	P	P	P	P	P	P	P	P	P	P
YOR166C	S	S	S	S	S	S	S	S	S	S	S	S	P	P	P	P	P	P	P	P
YDL143W	S	S	S	S	S	S	S	S	S	S	S	S	P	P	P	P	P	P	P	P
YOR006C	S	S	S	S	S	S	S	S	S	S	S	S	P	P	P	P	P	P	P	P
YKL009W	P	S	S	S	S	S	S	S	S	S	S	S	P	P	P	P	P	P	P	P
YIR012W	S	S	S	S	S	S	S	S	S	S	S	S	P	P	P	P	P	P	P	P
YNL307C	S	S	P	S	S	S	S	S	P	P	P	P	P	P	P	P	P	P	P	P
YLL018C-A	D	S	S	S	S	S	S	S	S	S	S	S	P	P	P	P	P	P	P	L
YBR052C	S	S	S	S	S	S	P	P	P	P	P	P	P	P	P	L	P	P	P	P
YKL108W	S	S	S	S	S	S	S	S	S	S	S	S	P	P	P	P	P	P	P	P
YMR067C	S	S	S	S	S	S	S	S	S	S	S	S	P	P	P	P	P	P	P	P
YNL265C	S	S	S	S	S	S	S	S	S	S	S	S	P	P	P	P	P	P	P	P
YDR263C	S	S	S	P	P	S	S	S	P	P	P	P	P	P	P	P	P	P	P	P
YOL070C	P	P	P	S	S	P	P	S	S	S	S	S	P	P	P	P	L	P	P	P
YNL042W	P	P	P	S	S	S	S	S	S	S	S	S	P	P	P	P	P	P	P	P
YIL112W	S	S	S	S	S	S	S	S	S	S	S	S	P	P	P	P	L	P	P	P
YDR063W	S	S	S	S	S	S	S	S	S	S	S	S	P	P	P	P	P	P	P	P
YOL067C	S	S	S	S	S	S	S	S	S	S	S	S	P	P	P	P	P	P	P	P
YOR145C	S	S	S	S	S	S	S	S	S	S	S	S	P	P	P	P	P	P	P	P
YDL166C	S	S	S	S	S	S	S	S	S	S	S	S	P	P	P	P	P	P	P	P
YBR156C	S	S	S	S	S	S	S	S	S	S	S	S	P	P	P	P	P	P	P	P
YOR304C-A	S	S	S	S	S	S	S	S	S	S	S	S	P	P	P	P	P	P	P	P
YER155C	S	S	S	S	S	S	S	S	S	S	S	S	P	P	P	P	P	P	P	P
YHR027C	S	S	S	S	S	S	S	S	S	S	S	S	P	P	P	P	P	P	P	P
YNL056W	S	S	S	S	S	S	S	S	S	S	S	S	P	P	P	P	P	P	P	P
YGR180C	P	P	P	P	P	P	P	P	P	P	P	P	P	P	P	P	P	P	P	P
YDR037W	S	S	S	S	S	S	S	S	P	P	P	S	P	P	P	P	L	P	P	P
YLR175W	S	S	S	S	S	S	S	S	S	S	S	S	P	P	P	P	P	P	P	P
YKL071W	D	D	D	D	D	D	D	D	D	D	S	S	L	L	L	L	L	L	L	L
YJR057W	S	S	S	S	S	S	S	S	S	S	S	S	P	P	P	P	P	P	P	P
YER037W	P	P	P	S	P	P	P	P	P	P	P	P	P	P	P	P	P	P	P	P
YKL075C	S	S	S	P	P	S	S	S	S	S	S	S	P	P	P	P	P	P	P	P
YGR203W	S	S	S	S	S	S	S	S	S	S	S	S	P	P	P	P	P	P	P	P
YGL135W	S	S	P	S	S	S	S	S	P	P	P	P	P	P	P	P	P	P	P	P
YKL206C	S	S	S	S	S	S	S	S	S	S	S	S	P	P	P	P	P	P	P	P
YDR172W	S	S	S	S	S	S	S	S	S	S	S	S	P	P	P	P	L	P	P	P
YOR131C	S	S	D	S	S	S	D	S	S	S	S	S	L	P	P	L	L	P	P	P
YML068W	S	S	S	S	S	S	S	S	S	S	S	S	P	P	L	L	L	P	P	P
YNL329C	S	S	S	S	S	S	S	S	S	S	S	S	P	P	P	P	L	P	P	P
YKL130C	P	P	P	S	S	S	S	S	S	S	S	S	P	P	P	P	P	P	P	P
YIL135C	P	P	S	P	P	P	S	S	P	P	P	P	P	P	P	P	P	P	P	P
YLR158C	D	D	D	D	D	D	D	D	D	D	D	S	L	L	L	L	L	L	L	L
YBR189W	P	P	S	P	P	P	P	P	P	P	P	P	P	P	P	P	P	P	P	P
YCR073W-A	P	S	P	S	P	S	P	P	P	P	P	P	P	P	P	P	P	P	P	P
YOL111C	S	S	S	S	S	S	S	S	S	S	S	S	P	P	P	P	P	P	P	P
YOR168W	S	S	S	S	S	S	S	S	S	S	S	S	P	P	P	P	P	P	P	P
YOR226C	P	P	S	P	P	S	P	P	P	P	P	P	P	P	P	P	P	P	P	P
YPL065W	S	S	S	S	S	S	S	S	S	S	S	S	P	P	P	P	P	P	P	P
YPL074W	S	S	S	S	S	S	S	S	S	S	S	S	P	P	P	P	P	P	P	P
YJR137C	S	S	S	S	S	S	S	S	S	S	S	S	P	P	P	P	P	P	P	P
YDR069C	S	S	S	P	P	P	S	P	P	P	P	P	P	P	P	P	P	P	P	P
YBR011C	S	S	S	S	S	S	S	S	S	S	S	S	P	P	P	P	P	P	P	P
YGR134W	S	S	S	S	S	S	S	S	S	S	S	S	P	P	P	P	P	P	P	P
YLR438C-A	S	S	S	S	S	S	S	S	S	S	S	S	P	P	P	P	P	P	P	P
YLR209C	S	S	S	S	S	S	S	S	S	S	S	S	P	P	P	P	P	P	P	P
YCR091W	S	P	S	P	P	P	P	S	P	P	P	P	P	P	P	P	P	P	P	P
YER015W	S	S	S	S	S	S	S	S	S	S	S	S	P	P	P	P	P	P	P	P
YDR047W	S	S	S	S	S	S	S	S	S	S	S	S	P	P	P	P	P	P	P	P
YGR095C	S	S	S	S	S	S	S	S	S	S	S	S	P	P	P	P	P	P	P	P
YER129W	S	S	S	P	P	P	P	S	P	P	P	P	P	P	P	P	P	P	P	P
YGR214W	P	P	S	P	P	P	P	S	P	P	P	P	P	P	P	P	P	P	P	P
YMR060C	S	S	S	S	S	S	S	S	S	S	S	S	P	P	P	P	P	P	P	P
YDR267C	S	S	S	S	S	S	S	S	S	S	S	S	P	P	P	P	P	P	P	P
YDR142C	S	S	S	S	S	S	S	S	S	S	S	S	P	P	P	P	P	P	P	P
YDR251W	P	P	P	P	P	P	P	P	P	P	P	P	P	P	P	P	P	P	P	P
YDL214C	P	S	P	P	P	S	P	P	P	P	P	P	P	P	P	P	P	P	P	P
YCL032W	S	S	S	S	S	S	S	S	S	S	S	S	P	P	P	P	P	P	P	P
YLR361C	S	S	S	S	S	S	S	S	S	S	S	S	P	P	P	P	P	P	P	P
YBL041W	S	S	S	S	S	S	S	S	S	S	S	S	P	P	P	P	P	P	P	P
YPR185W	S	S	S	S	S	S	S	S	S	S	S	S	P	P	P	P	P	P	P	P
YMR068W	S	S	S	P	P	S	P	S	S	S	S	S	P	P	P	P	P	P	P	P
YFL002C	S	S	S	S	S	S	S	S	S	S	S	S	P	P	P	P	P	P	P	P
YJR056C	S	S	S	S	S	S	S	S	S	S	S	S	P	P	L	L	L	P	P	P
YOR241W	S	S	S	S	S	S	S	S	S	S	S	S	P	P	P	P	P	P	P	P
YLR438W	S	S	S	S	S	S	S	S	S	S	S	S	P	P	P	P	P	P	P	P
YDR253C	S	P	P	P	P	P	P	P	P	P	P	P	P	P	P	P	P	P	P	P
YLR270W	P	P	P	P	P	P	P	P	P	P	P	P	P	P	P	P	P	P	P	P
YOL009C	S	S	S	S	S	S	S	S	S	S	S	S	P	P	P	P	P	P	P	P
YGR057C	S	S	S	S	S	S	S	S	S	S	S	S	P	P	P	P	P	P	P	P
YGR124W	S	S	S	S	S	S	S	S	P	P	P	P	P	P	P	P	P	P	P	P
YHR135C	S	S	S	P	P	P	P	P	P	P	P	P	P	P	P	P	L	P	P	P
YDR044W	S	S	S	S	S	S	S	S	S	S	S	S	P	P	P	P	P	P	P	P
YNL267W	S	S	S	S	S	S	S	S	S	S	S	S	P	P	P	P	P	P	P	P
YLR006C	S	S	S	S	S	S	S	S	S	S	S	S	P	P	P	P	P	P	P	P
YGR007W	S	S	S	S	S	S	S	S	S	S	S	S	P	P	P	P	P	P	P	P
YGR241C	S	S	S	P	P	P	P	P	P	P	P	P	P	P	P	P	P	P	P	P
YPL003W	S	S	S	S	S	S	S	S	S	S	S	S	P	P	P	P	P	P	P	P
YDR222W	S	S	S	S	S	S	S	S	P	S	P	P	P	P	P	L	L	P	P	P
YLR195C	S	S	S	S	S	S	S	S	S	S	S	S	P	P	P	P	P	P	P	P
YJR110W	S	S	S	S	S	S	D	S	S	S	S	S	P	P	P	P	P	P	P	P
YFL034C-B	S	S	S	S	S	S	S	S	S	S	S	S	P	P	P	P	P	P	P	P
YML097C	S	S	S	S	S	S	S	S	S	S	S	S	P	P	P	P	L	P	P	P
YOR267C	P	P	P	P	P	P	P	P	S	S	S	S	P	P	P	P	P	P	P	P
YPL178W	S	S	S	S	S	S	S	S	S	S	S	S	P	P	P	P	P	P	P	P
YJL190C	S	S	S	S	S	S	S	S	S	S	S	S	P	P	P	P	P	P	P	L
YPL013C	S	S	S	S	S	S	S	S	S	S	S	S	P	P	P	P	P	P	P	P
YAL054C	S	S	S	S	S	S	S	S	S	S	S	S	P	P	P	P	P	P	L	L
YLR398C	S	S	S	S	S	S	S	S	S	S	S	S	P	P	P	P	P	P	P	P
YLR249W	P	S	S	P	S	S	P	S	P	P	P	P	P	P	P	P	P	P	P	P
YJR091C	P	P	S	P	P	P	P	P	P	P	P	P	P	P	P	P	P	P	P	P
YGL219C	S	S	S	S	S	S	S	S	S	S	S	S	P	P	P	P	P	P	P	P
YKR071C	S	P	S	S	S	S	P	S	S	S	S	S	P	P	P	P	P	P	P	P
YOR322C	P	P	P	S	S	S	S	S	S	S	S	S	P	P	P	P	P	P	P	P
YGL061C	S	S	S	S	S	S	S	S	S	S	S	S	P	P	P	P	P	P	P	P
YMR140W	S	P	P	S	S	S	S	P	S	S	S	S	P	P	P	P	P	P	P	P
YPL103C	S	S	S	S	S	S	S	S	S	S	S	S	P	P	P	P	P	P	P	P
YBL026W	S	S	S	S	S	S	S	S	S	S	S	S	P	P	P	P	P	P	P	L
YFR001W	S	S	S	S	S	S	S	S	S	S	S	S	P	P	P	P	P	P	P	P
YLR431C	S	S	S	S	S	S	S	S	S	S	S	S	P	P	P	P	P	P	P	P
YAL059W	S	S	S	S	S	S	S	S	S	S	S	S	P	P	P	P	P	P	P	P
YLR109W	S	S	S	S	S	S	S	S	S	S	S	S	P	P	P	L	L	P	L	L
YIR026C	S	S	S	S	S	S	S	S	S	S	S	S	P	P	P	P	P	P	P	P
YJL165C	S	S	P	P	P	P	P	P	P	P	P	P	P	P	P	P	P	P	P	P
YFL023W	S	S	S	S	S	S	S	S	S	S	S	S	P	P	P	P	P	P	P	P
YGL047W	S	S	S	S	S	S	S	S	S	S	S	S	P	P	P	P	P	P	P	P
YFL020C	D	D	D	D	D	D	D	D	S	S	S	S	L	L	L	L	L	L	L	L
YGR244C	S	S	S	S	S	S	S	S	S	S	S	S	P	P	P	P	P	P	P	P
YLR364W	S	S	S	S	S	S	S	S	S	S	S	S	P	P	P	P	P	P	P	P
YEL003W	S	S	S	S	S	S	S	S	S	S	S	S	P	P	P	P	P	P	P	P
YCR053W	S	S	S	S	S	S	S	S	S	S	S	S	P	P	P	P	P	P	P	P
YCL008C	S	S	S	S	S	S	S	S	S	S	S	S	P	P	P	P	P	P	P	P
YLR274W	S	S	S	S	S	S	S	S	S	S	S	S	P	P	P	P	P	P	P	P
YMR114C	S	S	S	S	S	S	S	S	S	S	S	S	P	P	P	P	P	P	P	P
YMR009W	S	S	S	S	S	S	S	S	S	S	S	S	P	P	P	P	P	P	P	P
YNL078W	D	S	D	S	S	S	S	S	S	S	S	S	P	P	P	P	P	P	P	P
YBR082C	S	S	S	S	S	S	P	S	P	P	P	P	P	P	P	P	P	P	P	P
YLR340W	S	S	S	S	S	S	S	S	S	S	S	S	P	P	P	P	P	P	P	P
YGL180W	S	S	S	S	S	S	S	S	S	S	S	S	P	P	P	P	P	P	P	P
YBR061C	S	S	S	S	S	S	S	S	S	S	S	S	P	P	P	P	P	P	P	P
YLR254C	D	S	D	S	S	S	S	D	S	S	S	S	P	L	L	P	P	P	P	P
YDR247W	S	P	P	P	P	P	P	P	P	P	P	P	P	P	P	P	P	P	P	P
YBL016W	S	S	S	S	S	S	S	S	S	S	S	S	P	P	P	P	P	P	P	P
YDL229W	P	P	S	P	P	S	P	P	P	P	P	P	P	P	P	P	P	P	P	P
YMR253C	S	S	S	S	S	S	S	S	S	S	S	S	P	P	L	L	L	P	P	P
YCR057C	S	S	S	S	S	S	S	S	S	S	S	S	P	P	P	P	P	P	P	P
YAL005C	D	D	D	D	D	D	D	D	S	S	S	S	L	L	L	L	L	L	L	L
YER133W	S	S	S	S	S	S	S	S	S	S	S	S	P	P	P	P	P	P	P	P
YMR230W	S	P	S	P	P	P	P	S	P	P	P	P	P	P	P	P	P	P	P	P
YKR090W	S	S	S	P	P	P	P	S	S	S	S	S	P	P	P	P	P	P	P	P
YJL055W	S	S	S	S	S	S	S	S	S	S	S	S	P	P	L	P	P	P	P	P
YJL085W	S	S	S	S	S	S	S	S	S	S	S	S	P	P	P	P	P	P	P	P
YKR075C	S	P	S	P	P	P	S	P	P	P	P	P	P	P	P	P	L	P	P	P
YOR339C	S	D	D	S	D	D	D	D	S	S	S	S	P	P	L	L	L	P	P	P
YHR146W	P	P	P	P	P	P	P	P	P	S	P	P	P	P	P	P	P	P	P	P
YBL057C	S	S	S	S	S	S	S	S	S	S	S	S	P	P	P	P	P	P	P	P
YCL030C	S	S	D	S	S	S	S	S	S	S	S	S	P	P	P	P	P	P	P	P
YPL024W	S	S	S	S	S	S	S	S	S	S	S	S	P	P	P	P	P	P	P	P
YJR109C	S	S	S	S	S	S	S	S	S	S	S	S	P	P	P	P	P	P	P	P
YMR303C	D	D	D	D	D	D	D	D	S	S	S	S	L	L	L	L	L	L	L	L
YCL035C	P	P	P	P	P	P	S	S	P	P	P	P	P	P	P	P	P	P	P	P
YKR084C	S	S	P	P	P	P	P	P	P	P	P	P	P	P	P	P	L	P	P	P
YGR209C	S	P	S	S	S	D	S	S	P	P	P	P	P	P	P	P	P	P	P	P
YGR254W	P	S	P	S	P	S	P	P	P	P	P	P	P	P	P	P	P	P	P	P
YCR008W	P	P	S	S	S	S	S	S	S	S	S	S	P	P	P	P	P	P	P	P
YKL216W	D	S	S	D	S	D	D	D	S	S	S	S	P	P	P	L	L	P	P	P
YGL166W	P	P	S	P	P	P	P	P	P	P	P	P	P	P	P	P	P	P	P	P
YJL167W	S	S	S	S	S	S	S	S	S	S	S	S	P	P	P	P	P	P	P	P
YMR316W	D	D	D	D	D	D	S	D	S	S	S	S	L	L	L	L	L	L	L	L
YGR052W	D	D	S	S	S	S	S	S	S	S	S	S	L	P	P	P	P	P	P	P
YGR158C	S	S	S	S	S	S	S	S	S	S	S	S	P	P	P	P	P	P	P	L
YGR003W	S	S	S	S	S	S	S	S	S	S	S	S	P	P	P	P	P	P	P	P
YML017W	S	S	P	P	S	S	S	S	S	S	S	S	P	P	P	P	P	P	P	P
YHR199C-A	D	S	D	D	D	D	D	D	S	S	S	S	P	L	P	L	L	P	P	P
YPR062W	S	S	S	S	S	S	S	S	S	S	S	S	P	P	P	P	L	P	P	P
YLR211C	S	S	S	S	S	S	S	S	S	S	S	S	P	P	P	P	P	P	P	P
YBR254C	S	S	P	S	S	S	S	S	S	S	S	S	P	P	P	P	P	P	P	P
YHR034C	S	S	S	S	S	S	S	S	S	S	S	S	P	P	P	P	P	P	P	P
YHR179W	D	D	D	P	P	S	P	S	S	S	S	S	P	P	P	L	L	P	P	P
YDR404C	S	S	S	S	S	D	S	S	S	S	S	S	P	P	P	P	P	P	P	P
YKL126W	P	P	S	P	P	S	S	P	P	P	P	P	P	P	P	P	L	P	P	P
YJL036W	S	S	S	S	S	S	S	S	S	S	S	S	P	P	P	P	P	P	P	P
YOR197W	P	S	S	P	P	S	S	S	S	S	S	S	P	P	P	P	P	P	P	P
YDR256C	S	S	S	S	S	S	S	S	S	S	S	S	P	P	P	P	P	P	P	P
YMR309C	S	S	S	S	S	S	S	S	S	S	S	S	P	P	P	P	P	P	P	P
YBR222C	S	S	S	S	S	S	S	S	S	S	S	S	P	P	L	P	P	P	P	P
YNR054C	S	P	S	S	S	S	S	S	S	S	S	S	P	P	P	P	P	P	P	P
YOR262W	S	S	S	S	S	S	S	S	S	S	S	S	P	P	P	P	P	P	P	P
YCR091W	S	P	S	P	P	P	P	S	P	P	P	P	P	P	P	P	P	P	P	P
YBR290W	S	P	S	S	S	S	S	S	S	S	S	S	P	P	P	P	P	P	P	P
YLR376C	S	S	S	S	S	S	S	S	S	S	S	S	P	P	P	L	P	P	P	P
YFR031C-A	P	P	S	P	P	P	P	S	P	P	P	P	P	P	P	P	P	P	P	P
YFL010C	S	S	P	S	S	S	S	S	S	S	S	S	P	P	P	P	P	P	P	P
YPR131C	S	S	S	S	S	S	S	S	S	S	S	S	P	P	P	P	P	P	P	P
YLR264W	P	P	S	P	P	S	P	P	P	P	P	P	P	P	P	P	P	P	P	P
YDL159W	S	S	S	S	S	S	S	S	S	S	S	S	P	P	P	P	P	P	P	P
YBL033C	S	S	S	S	S	S	S	S	S	S	S	S	P	P	P	P	P	P	P	P
YDR532C	S	S	S	S	S	S	S	S	S	S	S	S	P	P	P	P	L	P	P	P
YJR036C	S	S	S	S	S	S	S	S	S	S	S	S	P	L	P	P	P	P	P	P
YCR073C	S	S	S	S	P	P	P	S	P	P	P	P	P	P	P	P	P	P	P	P
YHR171W	S	S	S	S	S	S	S	S	S	S	S	S	P	P	P	P	L	P	P	P
YBR263W	S	S	S	S	S	S	S	S	S	S	S	S	P	P	P	P	P	P	P	P
YJL162C	S	S	S	S	S	S	S	S	S	S	S	S	P	P	P	P	P	P	P	P
YEL038W	S	S	S	S	S	S	S	S	S	S	S	S	P	P	P	P	P	P	P	P
YKL067W	S	S	S	S	S	S	S	S	S	S	S	S	P	P	P	P	P	P	P	L
YHR121W	S	S	S	S	S	S	S	S	S	S	S	S	P	P	P	P	P	P	P	P
YPR073C	S	S	S	S	S	S	S	S	S	S	S	S	P	P	P	P	P	P	P	P
YNL110C	S	S	S	S	S	S	S	S	S	S	S	S	P	P	P	P	P	P	P	P
YNL232W	S	S	S	S	S	S	S	S	S	S	S	S	P	P	P	P	P	P	P	P
YDL219W	S	S	S	S	S	S	S	S	S	S	S	S	P	P	P	P	P	P	P	P
YDL090C	S	S	S	S	S	S	S	S	S	S	S	S	P	P	P	P	P	P	P	P
YMR154C	S	S	S	S	S	S	S	S	S	S	S	S	P	P	P	P	P	P	P	P
YPL262W	P	S	P	S	S	S	S	S	S	S	S	S	P	P	P	P	P	P	P	P
YHR116W	S	S	S	S	S	S	S	S	S	S	S	S	P	P	P	P	P	P	P	P
YIL063C	S	S	S	S	S	S	S	S	S	S	S	S	P	P	P	P	P	P	P	P
YKR031C	S	S	S	S	S	S	S	S	S	S	S	S	P	P	P	P	P	P	P	P
YLR262C-A	S	S	S	D	S	D	D	S	S	S	S	S	P	P	P	P	P	P	P	P
YFR031C-A	P	P	S	P	P	P	P	S	P	P	P	P	P	P	P	P	P	P	P	P
YHR087W	S	S	D	S	S	S	S	S	S	S	S	S	P	P	P	L	L	P	P	P
YKR088C	S	S	S	S	S	S	S	S	S	S	S	S	P	P	P	P	P	P	P	P
YBR272C	S	S	S	S	S	S	S	S	S	S	S	S	P	P	P	P	P	P	P	P
YOL087C	S	S	P	S	S	S	S	S	S	S	S	S	P	P	P	P	P	P	P	P
YGL123W	S	S	S	S	S	S	S	S	S	S	S	S	P	P	P	P	P	P	P	P
YML096W	S	S	S	S	S	S	S	S	S	S	S	S	P	P	P	P	P	P	P	P
YDR436W	P	P	P	S	S	P	S	P	P	P	P	P	P	P	P	P	P	P	P	P
YGL099W	S	S	S	S	S	S	S	S	S	S	S	S	P	P	P	P	P	P	P	P
YML006C	S	S	P	P	P	P	S	S	S	S	S	S	P	P	P	P	P	P	P	P
YMR178W	S	S	S	D	D	S	S	S	S	S	S	S	P	P	P	P	P	P	P	P
YDR379W	P	P	P	P	S	P	P	P	P	P	P	P	P	P	P	P	P	P	P	P
YAL035W	D	S	S	S	S	S	S	S	S	S	S	S	P	P	P	P	L	P	P	P
YDR035W	S	S	S	S	S	S	S	S	S	S	S	S	P	P	P	P	P	P	P	P
YML109W	P	P	P	S	S	S	P	P	P	P	P	P	P	P	P	P	P	P	P	P
YBL027W	P	P	S	P	P	P	P	S	P	P	P	P	P	P	P	P	P	P	P	P
YOR184W	S	S	S	S	S	S	S	S	S	S	S	S	P	P	P	P	P	P	P	P
YKL151C	S	S	S	S	S	S	S	S	S	S	S	S	P	P	P	P	P	P	P	P
YLR452C	S	S	S	S	S	S	S	S	S	S	S	S	P	P	P	P	P	P	P	P
YJR066W	S	S	S	P	P	P	P	P	P	P	P	P	P	P	P	P	P	P	P	P
YNL129W	S	S	S	S	S	S	S	S	S	S	S	S	P	P	P	P	P	P	P	P
YMR197C	S	S	S	S	S	S	S	S	S	S	S	S	P	P	P	P	P	P	P	P
YDR332W	S	S	S	S	S	S	S	S	S	S	S	S	P	P	P	P	P	P	P	P
YML014W	S	S	S	S	S	S	S	S	S	S	S	S	P	P	P	P	L	P	P	P
YMR206W	S	S	S	P	P	S	P	S	P	P	P	P	P	P	P	P	P	P	P	P
YPL031C	S	S	S	S	S	S	S	S	S	S	S	S	P	P	P	P	P	P	P	P
YBL067C	P	P	S	P	P	P	P	P	P	P	P	P	P	P	P	P	P	P	P	P
YGL233W	S	S	S	S	S	S	S	S	S	S	S	S	P	P	P	P	P	P	P	P
YDL055C	S	P	S	P	P	S	S	P	S	S	S	S	P	P	P	P	P	P	P	P
YJL001W	P	P	S	S	S	S	S	S	S	S	S	S	P	P	P	P	P	P	P	P
YHL010C	S	S	S	S	S	S	S	S	S	S	S	S	P	P	P	P	P	P	P	P
YML106W	S	S	S	P	P	S	S	S	P	P	S	P	P	P	P	P	P	P	P	P
YOR259C	S	S	S	S	S	S	S	S	S	S	S	S	P	P	P	P	P	P	P	P
YHR102W	S	S	P	S	S	S	S	S	S	S	S	S	P	P	P	P	P	P	P	P
YBR214W	S	S	P	P	P	P	P	S	P	P	P	P	P	P	P	P	P	P	P	P
YDL103C	S	S	S	S	S	S	S	S	S	S	S	S	P	P	P	P	P	P	P	P
YLR363C	S	S	S	S	S	S	S	S	S	S	S	S	P	P	P	L	P	P	P	P
YDL085C-A	S	S	S	S	S	S	S	S	S	S	S	S	P	P	P	P	P	P	P	P
YML025C	S	S	S	S	S	S	S	S	S	S	S	S	P	P	P	P	P	P	P	P
YGR240C	S	S	S	S	S	S	S	S	S	S	S	S	P	P	P	P	P	P	P	P
YFR030W	S	S	S	S	S	S	S	S	S	S	S	S	P	P	P	P	P	P	P	P
YAL020C	S	S	S	S	S	S	S	S	S	S	S	S	P	P	P	P	P	P	P	P
YJR125C	S	S	P	S	S	S	S	S	S	S	S	S	P	P	P	P	P	P	P	P
YGR100W	S	S	S	S	S	S	S	S	S	S	S	S	P	P	P	P	L	P	P	P
YHR063C	P	S	S	S	S	S	S	S	S	S	S	S	P	P	P	P	L	P	P	P
YLR011W	D	D	D	D	D	D	D	D	S	S	S	S	L	L	L	L	L	L	L	L
YCL055W	S	S	S	S	S	S	S	S	S	S	S	S	P	P	P	P	P	P	P	P
YML079W	D	D	S	S	S	D	S	D	S	S	S	S	P	P	P	L	L	P	P	P
YGR010W	S	S	S	S	S	S	S	S	P	P	P	P	P	P	P	P	P	P	P	P
YFL039C	P	S	S	S	S	S	S	S	S	S	S	S	P	P	P	P	P	P	P	P
YGL212W	S	S	S	S	S	S	S	S	S	S	S	S	P	P	P	P	P	P	P	P
YOR091W	S	S	S	S	S	S	S	S	S	S	S	S	P	P	P	P	P	P	P	P
YJR050W	S	S	S	S	S	D	S	S	S	S	S	S	P	P	P	P	P	P	P	P
YBR166C	S	S	S	S	S	S	S	S	S	S	S	S	P	P	P	P	P	P	P	P
YNL240C	S	S	S	S	S	S	S	S	S	S	S	S	P	P	P	P	P	P	P	P
YLR245C	S	S	D	S	S	S	S	S	S	S	S	S	P	P	P	P	P	P	P	P
YOL022C	S	S	S	S	S	S	S	S	S	S	S	S	P	P	P	P	P	P	P	P
YDL236W	S	S	S	S	S	S	S	S	S	S	S	S	P	P	P	P	P	P	P	P
YJR136C	S	S	S	S	S	S	S	S	S	S	S	S	P	P	P	P	P	P	P	P
YBR031W	S	S	S	S	S	S	S	S	P	P	P	P	P	P	P	P	P	P	P	P
YKL138C-A	S	S	S	S	S	S	S	S	S	S	S	S	P	P	P	P	P	P	P	P
YNL256W	S	S	S	S	S	S	S	S	S	S	S	S	P	P	P	P	P	P	P	P
YDR525W-A	S	S	S	S	S	S	S	S	S	S	S	S	P	P	P	P	L	P	P	P
YIL008W	S	S	S	S	S	S	S	S	S	S	S	S	P	P	P	P	P	P	P	P
YDL190C	S	S	S	S	S	S	S	S	S	S	S	S	P	P	P	P	P	P	P	P
YDL047W	S	S	S	S	S	S	S	S	S	S	S	S	P	P	P	P	P	P	P	P
YDR099W	P	S	P	P	P	P	P	P	P	P	P	P	P	P	P	P	P	P	P	P
YMR174C	D	D	D	D	S	S	D	D	S	S	S	S	P	P	L	L	L	P	P	P
YHR043C	D	S	D	S	S	D	S	S	S	S	S	S	L	L	L	L	L	L	L	L
YDR092W	S	S	S	S	S	S	S	S	S	S	S	S	P	P	P	P	P	P	P	P
YBR109C	S	S	P	S	P	P	P	S	S	S	S	S	P	P	P	P	P	P	P	P
YIL076W	S	S	S	S	S	S	S	S	S	S	S	S	P	P	P	P	P	P	P	P
YBR216C	P	P	P	P	P	P	P	P	P	P	P	P	P	P	P	P	P	P	P	P
YGL185C	S	D	D	S	S	S	D	S	S	S	S	S	P	P	P	L	L	P	P	L
YBL101C	P	P	P	P	P	P	P	P	P	P	P	P	P	P	P	P	P	P	P	P
YOL078W	S	S	S	S	S	S	S	S	S	S	S	S	P	P	P	P	P	P	P	P
YEL071W	D	D	D	D	D	D	D	D	D	D	D	S	L	L	L	L	L	L	L	L
YBL039C	P	S	S	S	S	S	S	S	P	P	P	P	P	P	P	P	P	P	P	P
YHR115C	P	S	S	S	P	P	P	S	P	P	P	P	P	P	P	P	P	P	P	P
YBR255W	S	S	P	S	S	S	S	S	S	S	S	S	P	P	P	P	P	P	P	P
YJL044C	S	S	S	S	S	S	S	S	S	S	S	S	P	P	P	P	P	P	P	P
YDL020C	S	S	S	P	P	P	P	S	S	S	S	S	P	P	P	P	L	P	P	P
YBR205W	P	S	S	S	S	S	S	S	S	S	S	S	P	P	P	P	P	P	P	P
YLR287C	S	S	S	S	S	S	S	S	S	S	S	S	P	P	P	P	P	P	P	P
YDL025C	S	S	S	S	S	S	S	S	S	S	S	S	P	P	P	P	P	P	P	P
YNR029C	S	S	S	S	S	S	S	S	S	S	S	S	P	P	P	P	P	P	P	P
YDR374C	S	S	S	S	S	S	S	S	S	S	S	S	P	P	P	P	P	P	P	P
YHL007C	S	S	S	P	P	P	P	P	S	S	S	S	P	P	P	P	P	P	P	P
YJL157C	S	S	S	S	S	S	S	S	S	S	S	S	P	P	P	P	P	P	P	P
YDL207W	S	S	S	S	S	S	S	S	S	S	S	S	P	P	P	P	P	P	P	P
YMR315W	S	S	S	S	S	S	S	S	S	S	S	S	P	P	P	P	P	P	P	P
YMR001C	P	P	S	S	S	P	P	S	S	S	S	S	P	P	P	P	P	P	P	P
YDR152W	S	S	S	S	S	S	S	S	S	S	S	S	P	P	P	P	P	P	P	P
YOL098C	S	S	S	S	S	S	S	S	S	S	S	S	P	P	P	P	P	P	P	P
YLR410W	S	S	P	S	S	S	S	S	S	S	S	S	P	P	P	P	L	P	P	P
YLR260W	P	P	P	P	P	P	P	P	P	P	P	P	P	P	P	P	P	P	P	P
YJL034W	S	S	S	S	S	S	P	S	S	S	S	S	P	P	P	P	P	P	P	P
YBR150C	S	S	P	P	P	P	P	P	P	P	P	P	L	P	P	L	L	P	P	P
YAR014C	S	S	P	S	S	S	S	S	S	S	S	S	P	P	P	P	P	P	P	P
YNL107W	S	S	S	S	S	S	S	S	S	S	S	S	P	P	P	P	P	P	P	P
YLR397C	S	S	S	S	S	S	S	S	S	S	S	S	P	P	P	P	P	P	P	P
YLR335W	S	S	S	S	S	S	S	S	S	S	S	S	P	P	P	P	P	P	P	P
YGL011C	S	S	S	S	S	S	S	S	S	S	S	S	P	P	P	P	P	P	P	P
YGR147C	S	S	S	S	S	S	S	S	S	S	S	S	P	P	P	P	P	P	P	P
YNL023C	S	S	S	S	S	S	S	S	S	S	S	S	P	P	P	P	P	P	P	P
YOR095C	S	S	P	S	S	S	S	S	S	S	S	S	P	P	P	P	P	P	P	P
YEL022W	P	P	P	P	P	P	S	P	P	P	P	P	P	P	P	P	P	P	P	P
YML121W	S	S	S	S	S	S	S	S	S	S	S	S	P	P	P	P	P	P	P	P
YGL122C	S	S	S	S	S	S	S	S	S	S	S	S	P	P	P	P	P	P	P	P
YBR130C	S	S	S	P	P	P	P	P	S	S	S	S	P	P	P	P	P	P	P	P
YJL084C	S	S	P	P	P	P	P	P	P	P	P	P	P	P	P	P	P	P	P	P
YFL029C	S	S	S	S	S	S	S	S	S	S	S	S	P	P	P	P	P	P	P	P
YCL024W	S	S	S	S	S	S	S	S	P	P	P	P	P	P	P	P	P	P	P	P
YLL057C	D	D	D	D	D	D	D	D	S	S	S	S	L	L	L	L	L	L	L	L
YMR217W	S	S	S	S	S	S	S	S	S	S	S	S	P	P	P	P	P	P	P	P
YDL061C	S	S	S	S	P	P	P	S	P	P	P	P	P	P	P	P	P	P	P	P
YPR190C	S	S	S	S	S	S	S	S	S	S	S	S	P	P	P	P	P	P	P	P
YDR371W	S	S	S	S	S	S	S	S	S	S	S	S	P	P	P	P	P	P	P	P
YLR249W	P	S	S	P	S	S	P	S	P	P	P	P	P	P	P	P	P	P	P	P
YBL061C	P	P	S	S	S	S	S	S	P	P	P	P	P	P	P	P	P	P	P	P
YEL019C	S	S	S	S	S	S	S	S	S	S	S	S	P	P	P	P	P	P	P	P
YFL016C	S	S	S	S	S	S	S	S	S	S	S	S	P	P	P	P	P	P	P	P
YNL153C	S	S	S	S	S	S	S	S	S	S	S	S	P	P	P	P	P	P	P	P
YPL108W	S	S	S	S	S	S	S	S	S	S	S	S	P	P	P	P	P	P	P	P
YER062C	S	P	S	P	P	P	P	S	P	P	P	P	P	P	P	P	P	P	P	P
YLR260W	P	P	P	P	P	P	P	P	P	P	P	P	P	P	P	P	P	P	P	P
YDR309C	S	P	S	P	P	P	P	P	P	P	P	P	P	P	P	P	P	P	P	P
YBR202W	S	S	S	S	S	S	S	S	S	S	S	S	P	P	P	P	P	P	P	P
YER009W	S	S	S	S	S	S	S	S	S	S	S	S	P	P	P	P	P	P	P	P
YAL036C	S	P	S	S	S	S	S	S	S	S	S	S	P	P	P	P	P	P	P	P
YMR289W	S	S	S	S	S	S	S	S	S	S	S	S	P	P	P	P	P	P	P	P
YJL138C	S	S	S	S	S	S	S	S	P	P	P	P	P	P	P	P	P	P	P	P
YGR047C	S	S	S	S	S	S	S	S	S	S	S	S	P	P	P	P	L	P	P	P
YOR046C	S	S	S	S	S	S	S	S	S	S	S	S	P	P	P	P	P	P	P	P
YBR172C	S	S	S	P	P	S	S	P	P	P	P	P	P	P	P	P	P	P	P	P
YDR335W	S	S	S	S	S	S	S	S	S	S	S	S	P	P	P	P	P	P	P	P
YDR147W	S	S	S	P	P	P	P	P	P	P	P	P	P	P	P	P	P	P	P	P
YIL101C	P	P	S	P	P	P	P	S	S	S	S	S	P	P	P	P	P	P	P	P
YBR001C	P	P	P	S	S	S	S	P	P	P	P	P	P	P	P	P	P	P	P	P
YFR040W	P	P	P	P	P	P	P	S	P	P	P	P	P	P	P	P	P	P	P	P
YOR388C	D	D	D	D	D	D	D	D	D	S	D	S	L	L	L	L	L	L	L	L
YML048W	S	S	S	S	S	S	S	S	S	S	S	S	P	P	P	P	P	P	P	P
YNL293W	P	P	P	P	P	P	P	S	P	P	P	P	P	P	P	P	L	P	P	P
YER104W	S	S	S	S	S	S	S	S	S	S	S	S	P	P	P	P	P	P	P	P
YOR141C	S	S	S	S	S	S	S	S	S	S	S	S	P	P	P	P	P	P	P	P
YGR118W	P	S	P	P	P	P	P	S	P	P	P	P	P	P	P	P	P	P	P	P
YNL108C	S	S	S	P	P	P	P	P	P	P	P	P	P	P	P	P	P	P	P	P
YLR384C	S	S	S	S	S	S	S	S	S	S	S	S	P	P	P	P	P	P	P	P
YMR250W	D	D	D	S	S	S	S	S	S	S	S	S	P	P	P	L	L	P	P	P
YGL134W	S	S	S	P	P	P	P	P	P	P	P	P	P	P	P	P	P	P	P	P
YBL113C	D	D	D	D	D	D	D	D	D	D	D	S	L	L	L	L	L	L	L	L
YDR171W	P	D	S	S	S	S	S	S	S	S	S	S	P	P	P	L	P	P	P	P
YCR018C	D	D	D	D	D	D	D	D	S	S	S	S	L	L	L	L	L	L	L	L
YJR033C	S	S	P	S	S	S	S	S	S	S	S	S	P	P	P	P	P	P	P	P
YER067W	S	S	P	P	P	P	P	P	P	P	P	P	P	P	P	P	P	P	P	P
YDR309C	S	P	S	P	P	P	P	P	P	P	P	P	P	P	P	P	P	P	P	P
YBL072C	P	S	S	P	P	P	P	S	P	P	P	P	P	P	P	P	P	P	P	P
YOL143C	S	S	S	S	S	S	S	S	S	S	S	S	P	P	P	P	P	P	P	P
YOR172W	S	S	S	S	D	D	S	S	S	S	S	S	P	P	L	L	L	L	L	L
YDL239C	S	S	P	S	P	P	P	P	P	P	P	P	P	P	P	P	P	P	P	P
YJL068C	S	S	S	S	S	S	S	S	S	S	S	S	P	P	P	P	P	P	P	P
YDL156W	S	S	S	S	S	S	S	S	S	S	S	S	P	P	P	P	P	P	P	P
YLR031W	P	P	S	S	S	P	P	S	P	P	P	P	P	P	P	P	L	P	P	P
YBL024W	S	P	S	P	P	P	S	S	S	S	S	S	P	P	P	P	P	P	P	P
YMR311C	S	S	S	S	S	S	S	S	S	S	S	S	P	P	P	P	P	P	P	P
YKL142W	S	S	S	S	S	S	S	S	S	S	S	S	P	P	P	P	P	P	P	P
YLR021W	S	S	S	S	S	S	S	S	S	S	S	S	P	P	P	P	P	P	P	P
YGR169C	S	S	S	S	S	S	S	S	S	S	S	S	P	P	P	P	P	P	P	P
YMR322C	D	D	D	D	D	D	D	D	D	D	D	S	L	L	L	L	L	L	L	L
YDR300C	S	S	S	P	P	P	P	P	P	P	P	P	P	P	P	P	P	P	P	P
YDL168W	S	S	D	S	S	S	S	S	S	S	S	S	P	P	P	P	P	P	P	P
YPL190C	S	S	S	S	S	S	S	S	S	S	S	S	P	P	P	P	P	P	P	P
YPL241C	S	S	S	S	S	S	S	S	S	S	S	S	P	P	P	P	P	P	P	P
YHR068W	S	S	S	S	S	S	S	S	S	S	S	S	P	P	P	P	P	P	P	P
YJR094W-A	S	S	S	P	P	P	S	S	S	P	P	P	P	P	P	P	P	P	P	P
YML119W	S	S	S	S	S	S	S	S	S	S	S	S	P	P	P	P	L	P	P	P
YGL036W	S	S	S	S	S	S	S	S	S	S	S	S	P	P	P	P	P	P	P	P
YBL075C	P	S	S	P	P	S	S	S	P	P	P	P	P	P	P	P	P	P	P	P
YGR192C	S	S	P	P	P	S	P	S	P	P	P	P	P	P	P	L	L	P	P	P
YDR321W	S	S	S	S	S	S	S	S	S	S	S	S	P	P	P	P	P	P	P	P
YLR240W	S	S	S	S	S	S	S	S	S	S	S	S	P	P	P	P	P	P	P	P
YKR043C	S	S	S	S	S	S	S	S	S	S	S	S	P	P	P	P	P	P	P	P
YOR022C	S	S	S	D	D	S	S	S	S	S	S	S	P	P	P	P	P	P	P	P
YGR013W	S	S	S	S	S	S	S	S	S	S	S	S	P	P	P	P	P	P	P	P
YDL224C	P	P	P	P	P	P	P	P	P	P	P	P	P	P	P	P	P	P	P	P
YHR144C	S	S	S	S	S	S	S	S	S	S	S	S	P	P	P	P	P	P	P	P
YBL069W	S	S	S	S	S	P	P	S	P	P	P	P	P	P	P	P	P	P	P	P
YDL179W	P	P	P	P	P	S	S	P	P	P	P	P	P	P	P	P	P	P	P	P
YOL141W	S	S	S	S	S	S	S	S	S	S	S	S	P	P	L	P	L	P	P	P
YNL064C	S	S	S	S	S	S	S	S	S	S	S	S	P	P	P	P	P	P	P	P
YGR123C	S	S	S	S	S	S	S	S	S	S	S	S	P	P	P	P	P	P	P	P
YHR077C	S	S	S	S	S	S	S	S	S	S	S	S	P	P	P	P	P	P	P	P
YNL098C	P	S	S	S	S	P	P	S	P	P	P	P	P	P	P	P	P	P	P	P
YGR034W	S	S	S	P	P	S	S	S	P	P	P	P	P	P	P	P	P	P	P	P
YPR047W	S	S	S	S	S	S	S	S	S	S	S	S	P	P	P	P	P	P	P	P
YER028C	P	P	P	P	P	P	P	P	P	P	P	P	P	P	P	L	L	P	P	P
YOR056C	S	S	S	S	S	S	S	S	S	S	S	S	P	P	P	P	P	P	P	P
YJR090C	S	S	S	S	S	S	S	S	S	S	S	S	P	P	P	P	P	P	P	P
YKL019W	S	S	S	S	S	S	S	S	S	S	S	S	P	P	P	P	P	P	P	P
YBR006W	S	D	S	S	S	S	S	S	S	S	S	S	P	P	P	P	P	P	P	P
YNL283C	S	S	S	S	S	S	P	D	P	P	P	P	P	P	P	P	P	P	P	P
YKL184W	S	S	S	S	S	S	S	S	S	S	S	S	P	P	P	P	P	P	P	P
YLR412W	S	S	S	S	S	S	S	S	S	S	S	S	P	P	P	P	P	P	P	P
YML004C	S	S	S	S	S	S	S	S	S	S	S	S	P	P	P	P	L	P	P	P
YDR468C	S	S	S	S	S	S	S	S	S	S	S	S	P	P	P	P	P	P	P	P
YBL051C	P	P	S	S	S	S	S	P	S	S	S	S	P	P	P	P	P	P	P	P
YDR273W	S	S	S	P	P	S	P	P	P	P	P	P	P	P	P	P	P	P	P	P
YDL084W	P	P	P	S	S	S	S	S	S	S	S	S	P	P	P	P	P	P	P	P
YOR236W	S	S	S	S	S	S	S	S	S	S	S	S	P	P	P	P	P	P	P	P
YBR196C	S	S	S	S	S	S	S	S	S	S	S	S	P	P	P	P	P	P	P	P
YPL194W	S	S	S	S	S	S	S	S	S	S	S	S	P	P	P	P	P	P	P	P
YJR035W	S	S	S	S	S	S	S	S	S	S	S	S	P	P	P	P	P	P	P	P
YGL163C	S	S	S	S	S	S	S	S	S	S	S	S	P	P	P	P	P	P	P	P
YAL021C	S	S	S	S	S	S	S	S	S	S	S	S	P	P	P	P	P	P	P	P
YDL229W	P	P	S	P	P	S	P	P	P	P	P	P	P	P	P	P	P	P	P	P
YFL036W	S	S	S	S	S	S	S	S	S	S	S	S	P	P	P	P	P	P	P	P
YNL147W	S	S	S	S	S	S	S	S	S	S	S	S	P	P	P	P	P	P	P	P
YLR435W	S	S	S	S	S	S	S	S	S	S	S	S	P	P	P	P	P	P	P	P
YKL176C	S	S	S	S	S	S	S	S	S	S	S	S	P	P	P	P	P	P	P	P
YOR238W	S	S	S	S	S	S	S	S	S	S	S	S	P	P	L	P	P	P	P	P
YOR367W	S	S	S	S	S	S	S	S	S	S	S	S	P	P	P	P	P	P	P	P
YBR020W	P	P	P	P	P	P	P	D	P	D	P	P	P	P	P	L	L	P	P	L
YJL014W	S	S	S	S	S	S	S	S	S	S	S	S	P	P	P	P	P	P	P	P
YKL033W-A	S	S	S	S	S	P	S	S	S	S	S	S	P	P	P	P	P	P	P	P
YGL178W	P	P	P	S	S	S	S	S	S	S	S	S	P	P	P	P	P	P	P	P
YBL031W	D	S	S	S	S	S	S	S	S	S	S	S	P	P	P	P	P	P	P	P
YDR252W	S	S	S	P	P	P	P	S	P	P	P	P	P	P	P	P	P	P	P	P
YPR093C	S	S	S	D	S	S	S	S	S	S	S	S	P	P	P	P	P	P	P	L
YFR053C	S	S	P	P	P	P	S	P	P	P	P	P	P	P	P	P	P	P	P	P
YDR488C	D	S	S	S	S	S	S	S	S	S	S	S	P	P	P	P	P	P	P	P
YPR066W	S	S	S	S	S	S	S	S	S	S	S	S	P	P	P	P	P	P	P	P
YER027C	S	S	S	P	P	P	P	P	P	P	P	P	P	P	P	P	P	P	P	P
YDR103W	S	S	P	S	S	S	S	S	S	S	S	S	P	P	P	P	P	P	P	P
YPL247C	S	S	S	S	S	S	S	S	S	S	S	S	P	P	P	P	P	P	P	P
YPL101W	S	S	S	S	S	S	S	S	S	S	S	S	P	P	P	P	P	P	P	P
YPL064C	S	S	S	S	S	D	S	D	S	S	S	S	P	P	L	P	P	P	P	P
YOR063W	S	S	S	S	S	S	S	S	S	S	S	S	P	P	P	P	P	P	P	P
YJR149W	D	D	D	D	D	D	D	D	S	S	S	S	L	L	L	L	L	L	L	L
YER062C	S	P	S	P	P	P	P	S	P	P	P	P	P	P	P	P	P	P	P	P
YIL096C	S	S	S	S	S	S	S	S	S	S	S	S	P	P	P	P	P	P	P	P
YMR002W	S	S	S	S	S	S	S	S	S	S	S	S	P	P	P	P	P	P	P	P
YLR275W	S	S	S	S	S	S	S	S	S	S	S	S	P	P	P	P	P	P	P	P
YDR341C	S	S	P	S	S	P	P	P	P	P	P	P	P	P	P	P	P	P	P	P
YKR041W	S	S	D	S	D	D	S	D	S	S	S	S	P	P	L	P	P	P	P	P
YAL061W	S	D	D	S	S	S	S	D	S	S	S	S	L	L	P	L	L	P	L	L
YDL101C	S	S	S	S	S	S	S	S	S	S	S	S	P	P	P	P	P	P	P	P
YDR162C	S	S	S	S	S	S	S	S	S	S	S	S	P	P	P	P	P	P	P	P
YKL010C	S	S	S	S	S	S	S	S	S	S	S	S	P	P	P	P	P	P	P	P
YLR102C	S	S	S	S	S	S	S	S	S	S	S	S	P	P	P	P	P	P	P	P
YDL061C	S	S	S	S	P	P	P	S	P	P	P	P	P	P	P	P	P	P	P	P
YMR199W	P	S	P	S	P	S	S	P	P	P	P	P	P	P	P	P	P	P	P	P
YMR176W	D	S	S	S	S	S	S	D	S	S	S	S	P	L	P	P	L	P	P	P
YDL040C	S	S	S	S	S	S	S	S	S	S	S	S	P	P	P	P	P	P	P	P
YML108W	S	S	S	S	S	S	S	S	S	S	S	S	P	P	P	P	P	P	P	P
YMR198W	S	S	S	P	P	P	P	P	P	P	P	P	P	P	P	P	P	P	P	P
YHR009C	P	P	S	S	S	S	S	S	S	S	S	S	P	P	P	P	P	P	P	P
YGL190C	S	S	S	P	P	S	S	S	S	S	S	S	P	P	P	P	P	P	P	P
YML094W	S	S	S	S	S	S	S	S	S	S	S	S	P	P	P	P	P	P	P	P
YOR280C	S	S	D	S	S	D	S	S	S	S	S	S	P	P	P	P	P	P	P	P
YDL064W	S	S	S	S	S	S	S	S	S	S	S	S	P	P	P	P	P	P	P	P
YIL062C	S	S	S	S	S	S	S	S	S	S	S	S	P	P	P	P	P	P	P	P
YJR154W	D	D	D	D	D	D	D	D	S	S	D	S	L	L	L	L	L	L	L	L
YLR316C	S	S	S	S	S	S	S	S	S	S	S	S	P	P	P	P	L	P	P	P
YDR463W	S	S	S	P	P	P	P	P	P	P	P	P	P	P	P	P	P	P	P	P
YGL093W	S	S	S	S	S	S	S	S	S	S	S	S	P	P	P	P	P	P	P	P
YMR116C	S	P	S	S	P	S	S	S	S	S	S	S	P	P	P	P	P	P	P	P
YMR196W	S	S	S	S	P	S	P	P	S	S	S	S	P	P	P	P	P	P	P	P
YPL093W	S	S	S	S	S	S	S	S	S	S	S	S	P	P	P	P	P	P	P	P
YGR027C	P	P	S	P	S	S	P	S	P	P	P	P	P	P	P	P	P	P	P	P
YML053C	S	S	S	D	S	S	S	S	S	S	S	S	P	P	L	L	L	P	P	P
YLR229C	S	S	P	S	S	S	S	S	S	S	S	S	P	P	P	P	P	P	P	P
YER016W	S	S	S	S	S	S	S	S	S	S	S	S	P	P	P	P	P	P	P	P
YDR074W	S	S	S	S	S	S	S	S	S	S	S	S	P	P	P	P	P	P	P	P
YOL032W	S	S	S	S	S	S	S	S	S	S	S	S	P	P	P	P	P	P	P	P
YGR124W	S	S	S	S	S	S	S	S	P	P	P	P	P	P	P	P	P	P	P	P
YGL103W	S	S	S	S	S	S	S	S	S	S	S	S	P	P	P	P	P	P	P	P
YBR218C	P	P	P	P	P	P	P	P	P	P	P	P	P	P	P	P	P	P	P	P
YHL012W	S	S	P	S	S	S	S	S	P	P	S	P	P	P	P	P	P	P	P	P
YLR266C	S	S	P	S	P	P	S	S	P	P	P	P	P	P	L	L	L	L	P	L
YNL259C	S	S	D	S	S	S	S	S	S	S	S	S	P	P	P	P	P	P	P	P
YPR075C	S	S	S	S	S	S	S	S	S	S	S	S	P	P	P	P	P	P	P	P
YBR137W	S	S	S	S	S	S	S	S	S	S	S	S	P	P	L	L	L	P	P	P
YBR079C	S	S	S	S	S	S	S	S	S	S	S	S	P	P	P	P	P	P	P	P
YDR450W	S	P	S	P	P	P	P	S	P	P	P	P	P	P	P	P	P	P	P	P
YBR017C	S	S	S	S	S	S	S	S	S	S	S	S	P	P	P	P	P	P	P	P
YEL025C	S	S	D	S	S	S	S	S	S	S	S	S	P	P	L	L	L	P	L	L
YMR280C	D	D	D	S	S	S	S	S	S	S	S	S	P	P	P	P	P	P	P	P
YGR214W	P	P	S	P	P	P	P	S	P	P	P	P	P	P	P	P	P	P	P	P
YDR161W	S	S	S	S	S	S	S	S	S	S	S	S	P	P	P	P	P	P	P	P
YBL023C	S	S	S	S	S	S	S	S	S	S	S	S	P	P	P	P	P	P	P	P
YCL018W	S	S	S	S	S	S	S	S	S	S	S	S	P	P	P	P	P	P	P	P
YBR147W	S	S	S	P	P	P	S	P	P	P	P	P	P	P	P	P	P	P	P	P
YMR170C	S	D	D	D	D	D	D	D	S	S	S	S	P	L	P	L	L	P	P	P
YPL239W	S	S	S	S	S	S	S	S	S	S	S	S	P	P	P	P	P	P	P	P
YJL005W	S	S	P	S	S	S	S	S	S	S	S	S	P	P	P	P	P	P	P	P
YOL061W	S	S	S	S	S	S	S	S	S	S	S	S	P	P	P	P	P	P	P	P
YJL100W	D	D	D	S	S	D	D	D	S	S	S	S	P	P	P	P	P	P	P	P
YIL131C	P	P	P	P	P	P	P	P	P	P	P	P	P	P	P	P	P	P	P	P
YBR127C	S	S	S	S	S	S	S	S	S	S	S	S	P	P	P	P	P	P	P	P
