Gene ID	V.polysp	T.phaffi	T.blatta	N.dairen	N.castel	K.nagani	K.africa	C.glabra	S.uvarum	S.kudria	S.mikata	S.cerevi	Z.rouxii	T.delbru	K.lactis	E.gossyp	E.cymbal	L.kluyve	L.thermo	L.waltii
YJL082W	S	S	P	S	S	S	S	P	P	P	P	P	P	P	P	L	P	P	P	P
YKR079C	S	S	P	S	S	S	S	S	S	S	S	S	P	P	P	P	P	P	P	P
YLR343W	S	S	S	S	S	S	S	S	S	S	S	S	P	P	P	P	P	P	P	L
YBL054W	S	S	P	P	P	P	P	P	P	P	P	P	P	P	P	P	P	P	P	P
YGR239C	S	S	P	P	P	P	P	P	P	P	P	P	P	P	P	P	P	P	P	P
YPR088C	S	S	S	S	S	S	S	S	S	S	S	S	P	P	P	P	P	P	P	P
YDR482C	D	S	S	S	S	S	S	S	S	S	S	S	P	P	P	P	P	P	P	P
YDL070W	S	S	S	S	S	S	S	S	P	P	P	P	P	P	P	P	P	P	P	P
YOR275C	S	S	S	S	S	S	S	S	S	S	S	S	P	P	P	P	P	P	P	P
YGR126W	S	S	D	S	S	S	S	S	S	S	S	S	L	P	P	L	L	P	P	P
YBL060W	S	S	S	S	S	S	S	D	S	S	S	S	P	P	P	P	P	P	P	P
YDR064W	S	S	S	S	S	S	S	S	S	S	S	S	P	P	P	P	P	P	P	P
YGL014W	S	S	S	S	S	S	P	S	S	S	S	S	P	P	P	P	P	P	P	P
YDL135C	S	S	S	S	S	S	S	S	S	S	S	S	P	P	P	P	P	P	P	P
YDL155W	S	S	S	P	P	P	P	P	P	P	P	P	P	P	P	P	P	P	P	P
YDL077C	S	S	S	S	S	S	S	S	S	S	S	S	P	P	P	P	P	P	P	P
YBR025C	S	S	S	S	S	S	S	S	S	S	S	S	P	P	P	P	P	P	P	P
YKL050C	S	S	P	P	P	P	P	S	P	P	P	P	P	P	P	P	P	P	P	P
YLR058C	P	P	P	S	S	S	P	S	S	S	S	S	P	P	P	P	P	P	P	P
YIL169C	S	D	D	D	D	D	D	S	D	S	S	S	L	L	L	L	L	L	L	L
YLR145W	S	S	S	S	S	S	S	S	S	S	S	S	P	P	P	P	P	P	P	P
YHR113W	S	S	S	S	S	S	S	S	S	S	S	S	P	P	P	L	L	P	P	P
YGL174W	S	S	S	S	S	S	S	S	S	S	S	S	P	P	P	P	P	P	P	P
YOR122C	S	S	S	S	S	S	S	S	S	S	S	S	P	P	P	P	P	P	P	P
YDL031W	S	S	S	S	S	S	S	S	S	S	S	S	P	P	P	P	L	P	P	P
YLR325C	S	S	S	S	S	S	S	S	S	S	S	S	P	P	P	P	P	P	P	P
YHL012W	S	S	P	S	S	S	S	S	P	P	S	P	P	P	P	P	P	P	P	P
YER012W	S	S	S	S	S	S	S	S	S	S	S	S	P	P	P	P	P	P	P	P
YCR035C	P	P	P	S	S	S	S	S	S	S	S	S	P	P	P	P	P	P	P	P
YMR175W	D	S	D	S	S	S	S	S	P	P	P	P	L	P	P	L	P	P	P	P
YOR350C	D	S	D	S	S	S	S	S	S	S	S	S	P	P	P	L	L	P	P	P
YDR326C	S	S	P	P	P	P	P	P	P	P	P	P	P	P	P	P	P	P	P	P
YGR211W	S	S	S	S	S	S	S	S	S	S	S	S	P	P	P	P	P	P	P	P
YER190W	D	D	D	D	D	D	D	D	D	D	D	S	L	L	L	L	L	L	L	L
YMR232W	S	S	S	S	S	S	S	S	S	S	S	S	P	P	P	P	P	P	P	P
YLR074C	S	S	S	S	S	S	S	S	S	S	S	S	P	P	P	P	P	P	P	P
YMR297W	S	S	S	S	S	S	S	S	S	S	S	S	P	P	P	P	P	P	P	P
YEL052W	S	S	S	S	S	S	S	S	S	S	S	S	P	P	P	P	P	P	P	P
YNL311C	S	S	D	S	S	S	S	S	S	S	S	S	P	P	P	P	P	P	P	P
YAL055W	S	S	S	S	S	S	S	S	S	S	S	S	P	P	P	P	P	P	P	P
YIL004C	S	S	S	S	S	S	S	S	S	S	S	S	P	P	P	P	P	P	P	L
YJL164C	S	S	S	P	P	P	P	S	P	P	P	P	P	P	P	P	P	P	P	P
YDR450W	S	P	S	P	P	P	P	S	P	P	P	P	P	P	P	P	P	P	P	P
YFR034C	S	S	S	S	S	S	D	S	S	S	S	S	P	P	P	P	P	P	P	P
YPR129W	S	S	S	S	S	S	S	S	S	S	S	S	P	P	P	P	P	P	P	P
YOR369C	P	S	S	S	S	S	S	S	S	S	S	S	P	P	P	P	P	P	P	P
YNR007C	S	S	S	S	S	S	S	S	S	S	S	S	P	P	P	P	P	P	P	P
YPR199C	D	D	D	D	D	D	D	D	D	D	D	S	L	L	P	L	L	L	L	L
YDR028C	S	S	P	P	P	P	P	S	P	P	P	P	P	P	P	P	P	P	P	P
YGR204W	S	S	S	S	S	S	S	S	S	S	S	S	P	P	P	P	P	P	P	P
YPL166W	S	S	S	S	S	S	D	S	S	S	S	S	P	P	P	P	P	P	P	P
YDL007W	S	S	S	S	S	S	S	S	S	S	S	S	P	P	P	P	P	P	P	P
YDL083C	P	S	S	P	P	P	P	S	P	P	P	P	P	P	P	P	P	P	P	P
YMR073C	S	S	S	S	S	S	S	S	S	S	S	S	P	P	P	L	P	P	P	P
YBL027W	P	P	S	P	P	P	P	S	P	P	P	P	P	P	P	P	P	P	P	P
YDR155C	S	S	S	S	S	S	S	S	S	S	S	S	P	P	P	P	P	P	P	P
YPL160W	S	S	S	S	S	S	S	S	S	S	S	S	P	P	P	P	P	P	P	P
YOL132W	S	S	S	S	S	S	S	S	S	S	S	S	P	P	P	P	P	P	P	P
YER111C	P	P	S	S	S	S	P	S	S	S	S	S	P	P	P	P	P	P	P	P
YDR414C	S	S	S	S	S	S	S	S	S	S	S	S	P	P	P	P	P	P	P	P
YAL060W	D	D	S	S	S	D	S	S	S	S	S	S	L	P	P	L	L	P	P	P
YNL217W	D	D	S	S	S	S	S	S	S	S	S	S	P	P	P	P	P	P	P	P
YLL001W	S	S	S	S	S	S	S	S	S	S	S	S	P	P	P	P	P	P	P	P
YHR001W	S	S	P	P	P	S	P	S	P	P	P	P	P	P	P	P	P	P	P	P
YDR146C	P	P	P	P	P	P	P	P	P	P	P	P	P	P	P	P	L	P	P	P
YER081W	P	S	S	P	P	P	P	S	P	P	P	P	P	P	P	P	P	P	P	P
YDL115C	S	S	S	S	S	S	S	S	S	S	S	S	P	P	P	P	P	P	P	P
YOR296W	S	S	S	S	S	S	S	S	S	S	S	S	P	P	P	P	P	P	P	P
YLR362W	S	S	S	S	S	S	S	S	S	S	S	S	P	P	P	P	P	P	P	P
YJL106W	S	S	S	S	S	S	S	S	S	S	S	S	P	P	P	P	P	P	P	P
YBR261C	S	S	S	S	S	S	S	S	S	S	S	S	P	P	P	P	P	P	P	P
YIL105C	S	P	P	S	S	P	P	P	P	P	P	P	P	P	P	P	P	P	P	P
YPL169C	S	S	S	S	S	P	P	S	S	S	S	S	P	P	P	P	P	P	P	P
YDL145C	S	S	S	S	S	S	S	S	S	S	S	S	P	P	P	P	P	P	P	P
YCR069W	S	P	P	P	S	S	P	S	P	P	P	P	P	P	P	P	P	P	P	P
YMR211W	S	S	S	S	S	S	S	S	S	S	S	S	P	P	P	P	P	P	P	P
YAL017W	P	P	P	P	P	P	P	P	P	P	P	P	P	P	P	P	P	P	P	P
YBR270C	S	S	S	P	P	S	S	S	P	P	P	P	P	P	P	P	P	P	P	P
YOR373W	S	S	S	S	S	S	P	P	S	S	S	S	P	P	P	P	P	P	P	P
YER067W	S	S	P	P	P	P	P	P	P	P	P	P	P	P	P	P	P	P	P	P
YHR131C	P	P	S	P	P	P	P	P	P	P	P	P	P	P	P	P	P	P	P	P
YIL017C	S	S	S	S	S	S	S	S	S	S	S	S	P	P	P	P	P	P	P	P
YLR174W	S	S	S	P	P	P	P	P	P	P	P	P	P	P	P	P	P	P	P	P
YIL132C	S	S	S	S	S	S	S	S	S	S	S	S	P	P	P	P	P	P	P	P
YKL117W	S	S	S	S	S	S	S	S	S	S	S	S	P	P	P	P	P	P	P	P
YGR097W	P	P	P	P	S	S	P	P	P	P	P	P	P	P	P	P	L	P	P	P
YOR163W	S	S	S	S	S	S	S	S	S	S	S	S	P	P	P	P	P	P	P	P
YMR283C	S	S	D	S	S	S	S	D	S	S	S	S	P	P	P	P	P	P	P	P
YLR341W	S	S	S	S	S	D	D	S	S	S	S	S	P	P	P	P	L	P	P	P
YPL184C	S	S	S	S	S	S	S	S	S	S	S	S	P	P	P	P	P	P	P	P
YGR092W	S	S	S	P	P	S	S	P	P	P	P	P	P	P	P	P	P	P	P	P
YOL042W	S	S	S	S	S	S	S	S	S	S	S	S	P	P	P	P	P	P	P	P
YPR189W	S	S	S	S	S	S	S	S	S	S	S	S	P	P	P	P	P	P	P	P
YGR284C	P	S	S	P	P	S	P	S	S	S	S	S	P	P	P	P	P	P	P	P
YML078W	S	S	S	S	S	S	S	S	S	S	S	S	P	L	P	P	P	P	P	P
YCR032W	S	S	S	S	S	S	S	S	S	S	S	S	P	P	P	P	P	P	P	P
YAR018C	S	S	S	S	S	S	S	S	S	S	S	S	P	P	P	P	P	P	P	P
YDL082W	S	P	S	P	P	P	P	S	P	P	P	P	P	P	P	P	P	P	P	P
YKL022C	S	S	S	S	S	S	S	S	S	S	S	S	P	P	P	P	P	P	P	P
YDL075W	P	S	S	S	S	S	S	S	P	P	P	P	P	P	P	P	P	P	P	P
YMR077C	S	S	S	S	S	S	S	S	S	S	S	S	P	P	P	P	P	P	P	P
YLR186W	S	S	S	S	S	S	S	S	S	S	S	S	P	P	P	P	P	P	P	P
YBR101C	S	S	S	S	S	S	S	S	S	S	S	S	P	P	P	P	P	P	P	P
YMR089C	S	S	S	S	S	S	S	S	S	S	S	S	P	P	P	P	P	P	P	P
YJL179W	S	S	S	S	S	S	S	S	S	S	S	S	P	P	P	P	P	P	P	P
YGR208W	S	S	S	S	S	S	S	S	S	S	S	S	P	P	P	P	P	P	P	P
YHR141C	S	S	S	P	P	P	P	S	P	P	P	P	P	P	P	P	P	P	P	P
YHR170W	S	S	S	S	S	P	P	S	S	S	S	S	P	P	P	P	P	P	P	P
YGL016W	S	S	S	S	S	S	S	S	S	S	S	S	P	P	P	P	P	P	P	P
YLR143W	S	S	S	S	S	S	S	S	S	S	S	S	P	P	P	P	P	P	P	P
YBR033W	S	S	S	P	P	P	S	S	P	P	P	P	P	P	P	P	P	P	P	P
YLR368W	S	S	S	S	S	S	S	S	S	S	S	S	P	P	P	P	P	P	P	P
YLR393W	S	S	S	S	S	S	S	S	S	S	S	S	P	P	P	P	P	P	P	P
YDL022W	P	P	P	P	P	P	P	P	P	P	P	P	P	P	P	P	P	P	P	P
YOR243C	S	S	S	S	S	S	S	S	S	S	S	S	P	P	P	P	P	P	P	P
YDR391C	D	D	D	D	D	D	D	S	S	S	S	S	L	L	L	L	L	L	L	L
YMR134W	S	S	S	S	S	S	S	S	S	S	S	S	P	P	P	P	P	P	P	P
YLR176C	S	S	S	S	S	S	P	P	S	S	S	S	P	P	P	P	L	P	P	P
YDR091C	S	S	S	S	S	S	S	S	S	S	S	S	P	P	P	P	P	P	P	P
YGL194C	S	S	S	S	S	S	S	S	S	S	S	S	P	P	P	P	P	P	P	P
YPL255W	S	S	D	S	S	S	S	S	S	S	S	S	P	P	P	P	P	P	P	P
YLR126C	S	S	D	S	S	S	S	S	S	S	S	S	L	P	L	L	L	P	P	P
YKL048C	S	S	S	S	S	S	S	S	S	S	S	S	P	P	P	P	P	P	P	P
YDL021W	S	S	S	S	S	S	S	S	P	P	P	P	P	P	P	P	P	P	P	P
YJL002C	P	S	S	S	S	S	S	S	S	S	S	S	P	P	P	P	P	P	P	P
YDR179C	S	S	S	S	S	S	S	S	S	S	S	S	P	P	P	P	P	P	P	P
YPL061W	D	D	D	S	S	S	S	S	S	S	S	S	L	P	P	L	L	L	P	P
YDL165W	S	S	S	S	S	S	S	S	S	S	S	S	P	P	P	P	P	P	P	P
YGR200C	S	S	S	S	S	S	S	S	S	S	S	S	P	P	P	P	P	P	P	P
YJR084W	S	S	S	S	S	S	S	S	S	S	S	S	P	P	P	P	P	P	P	P
YMR095C	S	S	D	D	D	D	D	D	S	S	S	S	P	P	L	P	P	P	P	P
YBR005W	P	S	S	P	P	S	P	P	P	P	P	P	P	P	P	P	P	P	P	P
YOR253W	S	S	S	P	P	S	S	S	S	S	S	S	P	P	P	P	P	P	P	P
YLR423C	S	S	S	S	S	S	D	S	S	S	S	S	P	P	P	P	P	P	P	P
YGR241C	S	S	S	P	P	P	P	P	P	P	P	P	P	P	P	P	P	P	P	P
YBL059C-A	S	S	S	S	S	S	S	S	S	S	S	S	P	P	P	P	P	P	P	P
YNL298W	S	S	S	S	P	S	S	P	P	P	P	P	P	P	P	P	P	P	P	P
YPL052W	S	S	S	S	S	S	S	S	S	S	S	S	P	P	P	P	P	P	P	P
YHR074W	S	S	S	S	S	S	S	S	S	S	S	S	P	P	P	P	P	P	P	P
YHR164C	S	S	S	S	S	S	S	S	S	S	S	S	P	P	P	P	P	P	P	P
YPR112C	S	S	S	S	S	S	S	S	S	S	S	S	P	P	P	P	P	P	P	P
YGL227W	S	S	S	S	S	S	S	S	S	S	S	S	P	P	P	P	P	P	P	P
YDR499W	S	S	S	S	S	S	S	S	S	S	S	S	P	P	P	P	P	P	P	P
YOR060C	S	S	S	S	S	S	S	S	S	S	S	S	P	P	P	P	P	P	P	P
YER128W	S	S	S	S	S	S	S	S	S	S	S	S	P	P	P	P	P	P	P	P
YLR187W	S	S	S	P	P	P	P	S	P	P	P	P	P	P	P	P	P	P	P	P
YOL076W	S	S	S	S	S	S	S	S	S	S	S	S	P	P	P	P	P	P	P	P
YPR148C	S	S	S	S	S	S	S	S	S	S	S	S	P	P	P	P	P	P	P	P
YJL201W	S	S	S	S	S	S	S	S	S	S	S	S	P	P	P	P	L	P	P	P
YGL243W	S	S	S	S	S	S	S	S	S	S	S	S	P	P	P	P	P	P	P	P
YGL031C	S	S	S	P	P	P	P	S	P	P	P	P	P	P	P	P	P	P	P	P
YDL092W	S	S	S	S	S	S	S	S	S	S	S	S	P	P	P	P	P	P	P	P
YMR099C	P	P	S	S	S	S	S	S	S	S	S	S	P	P	P	P	P	P	P	P
YMR132C	S	S	S	S	S	S	S	S	S	S	S	S	P	P	P	P	P	P	P	P
YBL039C	P	S	S	S	S	S	S	S	P	P	P	P	P	P	P	P	P	P	P	P
YFL062W	D	D	D	D	D	D	D	D	D	D	D	S	L	L	L	L	L	L	L	L
YPL280W	D	D	D	D	D	D	D	D	D	D	D	S	L	L	L	L	L	L	L	L
YBR284W	S	S	S	P	P	S	S	S	P	P	P	P	P	P	L	P	L	P	P	P
YCL026C-A	S	S	S	S	S	S	S	P	S	S	S	S	P	P	P	L	L	P	P	P
YBR217W	S	S	S	S	S	S	S	S	S	S	S	S	P	P	P	P	P	P	P	P
YKL105C	P	S	S	P	P	S	P	S	P	P	P	P	P	P	P	P	P	P	P	P
YNL040W	D	D	D	D	S	S	D	S	S	S	S	S	P	L	P	L	L	P	P	P
YNL117W	S	S	S	S	S	S	S	S	S	S	S	S	P	P	P	P	P	P	P	P
YDL082W	S	P	S	P	P	P	P	S	P	P	P	P	P	P	P	P	P	P	P	P
YFL014W	S	S	D	S	S	S	S	S	S	S	S	S	P	P	P	P	L	P	P	P
YLR419W	S	S	S	S	S	S	S	S	S	S	S	S	P	P	P	P	P	P	P	P
YDR291W	S	S	S	S	S	S	S	S	S	S	S	S	P	P	P	P	P	P	P	P
YER003C	S	S	S	S	S	S	S	S	S	S	S	S	P	P	P	P	P	P	P	P
YIL097W	S	S	S	S	S	S	S	S	S	S	S	S	P	P	P	P	P	P	P	P
YPL116W	S	S	S	S	S	S	S	S	S	S	S	S	P	P	P	P	P	P	P	P
YPL131W	S	S	S	S	S	S	S	S	S	S	S	S	P	P	P	P	P	P	P	P
YDR244W	S	S	S	S	S	S	S	P	S	S	S	S	P	P	P	P	P	P	P	P
YDR382W	D	S	S	S	P	S	S	S	S	S	S	S	P	P	P	P	P	P	P	P
YER163C	S	S	S	S	S	S	S	S	S	S	S	S	P	L	L	P	P	P	P	L
YER131W	S	S	S	S	S	S	S	S	P	P	P	P	P	P	P	P	P	P	P	P
YMR222C	S	S	P	S	S	P	S	S	S	S	S	S	P	P	P	L	L	L	L	L
YJL029C	S	S	S	S	S	S	S	S	S	S	S	S	P	P	P	P	P	P	P	P
YDL188C	S	P	P	P	P	S	S	S	P	P	P	P	P	P	P	P	P	P	P	P
YGR122W	S	S	S	S	S	S	S	S	S	S	S	S	P	P	P	P	L	P	P	P
YNL015W	D	S	S	S	S	D	D	S	S	S	S	S	P	P	P	P	P	P	P	P
YKR024C	S	S	S	S	S	S	S	S	S	S	S	S	P	P	P	P	P	P	P	P
YGL003C	S	S	S	S	S	S	S	S	S	S	S	S	P	P	P	P	P	P	P	P
YPL012W	S	S	S	S	S	S	S	S	S	S	S	S	P	P	P	P	P	P	P	P
YJR010W	S	S	S	S	S	S	S	S	S	S	S	S	P	P	P	P	P	P	P	P
YCL001W	S	S	S	S	S	S	S	S	S	S	S	S	P	P	P	P	P	P	P	P
YGR248W	S	S	S	P	P	P	P	S	P	P	P	P	P	P	P	P	P	P	P	L
YFL066C	D	D	D	D	D	D	D	D	D	D	D	S	L	L	L	L	L	L	L	L
YIR034C	S	S	S	S	S	P	S	S	S	S	S	S	P	P	P	P	P	P	P	P
YEL005C	S	S	S	S	S	S	S	S	S	S	S	S	P	P	P	P	P	P	P	P
YIL109C	P	S	S	S	P	P	P	P	P	P	P	P	P	P	P	P	P	P	P	P
YDL058W	S	S	S	S	S	S	S	S	S	S	S	S	P	P	P	P	P	P	P	P
YGR210C	S	S	S	S	S	S	S	S	S	S	S	S	P	P	P	P	P	P	P	P
YFL018C	S	S	S	S	S	S	S	S	P	P	P	P	P	P	P	P	P	P	P	P
YDL155W	S	S	S	P	P	P	P	P	P	P	P	P	P	P	P	P	P	P	P	P
YOR188W	P	P	P	S	S	S	S	S	S	S	S	S	P	P	P	P	P	P	P	P
YDR147W	S	S	S	P	P	P	P	P	P	P	P	P	P	P	P	P	P	P	P	P
YDL191W	S	S	S	S	S	P	P	S	P	P	P	P	P	P	P	P	P	P	P	P
YNR046W	S	S	S	S	S	S	S	S	S	S	S	S	P	P	P	P	P	P	P	P
YOL159C	D	D	D	D	D	D	D	D	D	D	D	S	L	L	L	L	L	L	L	L
YFL047W	S	S	S	S	S	S	S	S	S	S	S	S	P	P	P	P	P	P	P	P
YFR032C-A	S	S	S	P	P	P	S	S	S	S	S	S	P	P	P	P	P	P	P	P
YLR026C	S	S	S	S	S	S	S	S	S	S	S	S	P	P	P	P	P	P	P	P
YNL036W	S	S	S	S	S	S	S	S	S	S	S	S	P	P	P	P	P	P	P	P
YGL115W	S	S	S	S	S	S	S	P	S	S	S	S	P	P	P	P	P	P	P	P
YKR054C	D	S	S	S	S	S	S	S	S	S	S	S	P	P	P	P	L	P	P	P
YGL105W	S	S	S	S	S	S	S	S	S	S	S	S	P	P	P	P	P	P	P	P
YML131W	S	S	S	S	S	D	P	S	S	S	S	S	P	P	L	P	P	L	L	L
YPL010W	S	S	S	S	S	S	S	S	S	S	S	S	P	P	P	P	P	P	P	P
YGR087C	D	D	D	D	D	D	D	S	S	S	D	S	L	L	L	L	L	L	L	L
YJL136C	P	S	S	P	P	S	S	S	P	P	P	P	P	P	P	P	P	P	P	P
YER029C	S	S	S	S	S	S	S	S	S	S	S	S	P	P	P	P	P	P	P	P
YLR085C	S	S	S	S	S	S	S	S	S	S	S	S	P	P	P	P	P	P	P	P
YGR278W	S	S	S	S	S	S	S	S	S	S	S	S	P	P	P	P	P	P	P	P
YDR127W	S	S	S	P	P	S	S	S	S	S	S	S	P	P	P	P	L	P	P	P
YGR042W	S	S	S	S	S	S	S	S	S	S	S	S	P	P	P	P	P	P	P	P
YNR058W	D	D	D	D	D	D	D	D	S	S	S	S	L	L	P	L	L	P	P	P
YCR054C	S	S	S	S	S	S	S	S	S	S	S	S	P	P	P	P	P	P	P	P
YGR043C	P	P	S	P	P	P	P	P	P	P	P	P	P	P	P	P	P	P	P	P
YKR078W	P	P	P	P	P	S	S	P	P	P	P	P	P	P	P	P	P	P	P	P
YLR433C	S	S	P	S	P	S	S	S	P	P	P	P	P	P	P	P	P	P	P	P
YOR075W	S	S	S	S	S	S	S	S	S	S	S	S	P	P	P	P	P	P	P	P
YPR173C	S	S	S	S	S	S	S	S	S	S	S	S	P	P	P	P	P	P	P	P
YFL044C	S	S	S	S	S	S	S	S	S	S	S	S	P	P	P	P	P	P	P	P
YGL158W	S	S	P	P	P	P	P	P	P	P	P	P	P	P	P	P	P	P	P	P
YFR011C	S	S	S	S	S	S	S	S	S	S	S	S	P	P	P	P	P	P	P	P
YKL122C	S	S	S	S	S	S	S	S	S	S	S	S	P	P	P	P	P	P	P	P
YOR124C	P	P	S	S	S	S	S	S	S	S	S	S	P	P	P	P	P	P	P	P
YBL056W	P	P	S	P	P	P	P	P	P	P	P	P	P	P	P	P	P	P	P	P
YGR262C	S	S	S	S	S	S	S	S	S	S	S	S	P	P	P	P	P	P	P	P
YLR227C	S	D	D	S	S	D	S	D	S	S	S	S	P	L	P	P	P	P	P	P
YDR201W	S	S	S	S	S	S	S	S	S	S	S	S	P	P	P	P	P	P	P	P
YJR094W-A	S	S	S	P	P	P	S	S	S	P	P	P	P	P	P	P	P	P	P	P
YNL001W	S	S	S	P	P	S	P	P	P	P	S	P	P	P	P	P	P	P	P	P
YHL009C	S	S	S	P	P	P	P	P	S	S	S	S	P	P	P	P	P	P	P	P
YLR370C	S	S	S	S	S	S	S	S	S	S	S	S	P	P	P	P	P	P	P	P
YMR036C	S	S	S	S	S	S	S	S	S	S	S	S	P	P	P	P	P	P	P	P
YOR265W	S	S	S	S	S	S	S	S	S	S	S	S	P	P	P	P	P	P	P	P
YGR198W	S	S	S	S	S	S	S	S	S	S	S	S	P	P	P	P	P	P	P	P
YJL052W	D	D	D	D	D	D	D	D	S	S	S	S	L	L	L	L	L	L	L	L
YNL054W	S	S	S	S	S	S	S	S	S	S	S	S	P	P	P	P	P	P	P	P
YNR006W	S	S	S	S	S	S	S	S	S	S	S	S	P	P	P	P	P	P	P	P
YML100W	D	S	P	S	S	P	P	P	P	P	P	P	P	P	P	P	P	P	P	P
YGL058W	S	S	S	S	S	S	S	S	S	S	S	S	P	P	P	P	P	P	P	P
YOL127W	S	S	S	P	P	S	S	S	S	S	S	S	P	P	P	P	P	P	P	P
YOR107W	S	S	D	S	S	S	S	S	S	S	S	S	P	P	P	P	P	P	P	P
YLL026W	S	S	S	S	S	S	S	S	S	S	S	S	P	P	P	P	P	P	P	P
YGL184C	D	D	D	D	D	D	D	S	S	S	S	S	P	P	P	P	P	P	P	P
YDL146W	S	S	S	S	S	S	S	S	S	S	S	S	P	P	P	P	P	P	P	P
YFR022W	P	P	P	P	P	P	P	P	P	P	P	P	P	P	P	P	P	P	P	P
YEL011W	S	S	D	S	S	S	S	S	S	S	S	S	P	P	P	P	P	P	P	P
YBR135W	S	S	S	S	S	S	S	S	S	S	S	S	P	P	P	P	P	P	P	P
YOL142W	S	S	S	S	S	S	S	S	S	S	S	S	P	P	P	P	P	P	P	P
YJR139C	S	S	S	S	S	S	S	S	S	S	S	S	P	P	P	P	P	P	P	P
YHR166C	S	S	S	S	S	S	S	S	S	S	S	S	P	P	P	P	P	P	P	P
YBR264C	S	S	D	S	S	S	S	S	S	S	S	S	P	P	P	P	P	P	P	P
YIR003W	S	S	S	S	S	S	S	S	S	S	S	S	P	P	P	P	P	P	P	P
YOR239W	P	P	P	P	P	S	S	S	S	S	S	S	P	P	P	P	L	P	P	P
YOL091W	P	S	P	P	P	S	P	S	P	P	P	P	P	P	P	P	P	P	P	P
YDR385W	P	P	P	P	P	S	P	S	S	P	P	P	P	P	P	P	P	P	P	P
YMR312W	S	S	S	S	S	S	S	S	S	S	S	S	P	P	P	P	P	P	P	P
YFR047C	S	S	D	S	D	D	D	D	S	S	S	S	P	P	L	P	P	P	P	P
YNL188W	S	S	S	S	S	S	S	S	S	S	S	S	P	P	P	P	P	P	P	P
YKR083C	S	S	S	S	S	S	S	S	S	S	S	S	P	P	P	P	P	P	P	P
YML112W	S	S	S	S	S	S	S	S	S	S	S	S	P	P	P	P	P	P	P	P
YOR370C	S	S	S	S	S	S	S	S	S	S	S	S	P	P	P	P	P	P	P	P
YBR001C	P	P	P	S	S	S	S	P	P	P	P	P	P	P	P	P	P	P	P	P
YLR114C	S	S	S	S	S	S	S	S	S	S	S	S	P	P	P	P	P	P	P	P
YDL230W	S	S	S	S	S	S	S	S	S	S	S	S	P	P	P	P	P	P	P	P
YML099C	P	S	S	S	S	S	S	S	S	S	S	S	P	P	P	P	P	P	P	P
YJL016W	S	S	P	S	S	S	S	S	S	S	S	S	P	P	P	P	P	P	P	P
YOR211C	S	S	S	S	S	S	S	S	S	S	S	S	P	P	P	P	P	P	P	P
YHL014C	S	S	D	S	S	S	D	S	S	S	S	S	P	P	P	P	P	P	P	P
YBR048W	S	S	S	S	P	P	S	S	P	P	P	P	P	P	P	P	P	P	P	P
YIR031C	D	D	D	S	S	S	D	D	S	S	S	S	L	L	L	L	L	L	L	L
YJR007W	S	P	S	S	P	S	S	S	S	S	S	S	P	P	P	P	P	P	P	P
YER152C	S	S	S	S	S	S	S	S	S	S	S	S	P	P	P	P	P	P	P	P
YBR233W-A	S	S	S	S	S	S	S	S	S	S	S	S	P	P	P	P	P	P	P	P
YLR146C	S	S	S	S	S	S	S	S	S	S	S	S	P	P	P	L	L	P	P	P
YAR019C	S	S	S	S	S	S	S	S	S	S	S	S	P	P	P	P	P	P	P	P
YHR021C	S	S	S	P	P	S	S	S	P	P	P	P	P	P	P	P	P	P	P	P
YOR191W	S	S	S	S	S	S	S	S	S	S	S	S	P	P	P	P	P	P	P	P
YBR126C	S	S	S	P	P	S	S	S	S	S	S	S	P	P	P	P	P	P	P	P
YOL064C	S	S	S	S	S	S	S	S	S	S	S	S	P	P	P	P	P	P	P	P
YJR096W	S	D	D	D	S	S	S	S	S	S	S	S	P	P	P	L	L	P	P	P
YBR057C	P	P	P	P	P	S	S	S	S	S	S	S	P	P	P	P	P	P	P	P
YER081W	P	S	S	P	P	P	P	S	P	P	P	P	P	P	P	P	P	P	P	P
YDR485C	S	S	S	S	S	S	S	S	S	S	S	S	P	P	P	P	P	P	P	P
YHL034C	P	S	P	S	S	S	S	S	P	P	P	P	P	P	P	P	P	P	P	P
YAR029W	D	D	D	D	D	D	D	D	D	S	S	S	L	L	L	L	L	L	L	L
YKL113C	S	S	S	S	S	S	S	S	S	S	S	S	P	P	P	P	P	P	P	P
YGR027C	P	P	S	P	S	S	P	S	P	P	P	P	P	P	P	P	P	P	P	P
YOL049W	S	S	S	S	S	S	S	S	S	S	S	S	P	P	P	P	P	P	P	P
YER107C	P	P	S	S	S	S	S	S	S	S	S	S	P	P	P	P	P	P	P	P
YPL149W	S	S	S	S	S	S	S	S	S	S	S	S	P	P	P	P	P	P	P	P
YBR281C	S	S	S	S	S	S	S	S	S	S	S	S	P	P	P	P	L	P	P	P
YJR065C	S	S	S	S	S	S	S	S	S	S	S	S	P	P	P	P	P	P	P	P
YNR033W	S	S	S	S	S	S	S	S	S	S	S	S	P	P	P	P	P	P	P	P
YCR073W-A	P	S	P	S	P	S	P	P	P	P	P	P	P	P	P	P	P	P	P	P
YDR408C	S	S	S	S	S	S	S	S	S	S	S	S	P	P	P	P	P	P	P	P
YDL204W	D	S	P	P	P	S	P	S	P	P	P	P	P	P	P	P	P	P	P	P
YHR011W	S	S	S	S	S	S	S	S	S	S	S	S	P	P	P	P	P	P	P	P
YKL129C	S	P	P	S	S	S	S	P	P	P	P	P	P	P	P	P	P	P	P	P
YLR082C	D	D	D	D	D	D	D	D	S	S	S	S	L	L	L	L	L	L	L	L
YBL103C	S	S	P	S	S	S	S	S	S	S	S	S	P	P	P	P	P	P	P	P
YKL213C	S	S	S	S	S	S	S	S	S	S	S	S	P	P	P	P	P	P	P	P
YLL043W	S	S	S	P	P	S	P	P	S	S	S	S	P	P	P	P	P	P	P	P
YDR477W	P	P	S	S	S	S	S	S	S	S	S	S	P	P	P	P	P	P	P	P
YJL019W	S	S	P	P	P	S	S	S	S	S	S	S	P	P	P	P	P	P	P	P
YMR004W	P	P	P	S	S	S	S	S	S	S	S	S	P	P	P	P	P	P	P	P
YLR337C	S	S	S	S	S	S	S	S	S	S	S	S	P	P	P	P	P	P	P	P
YHR185C	S	S	S	S	D	S	S	S	S	S	S	S	P	P	P	P	P	P	P	P
YER125W	S	S	S	S	S	S	S	S	S	S	S	S	P	P	P	P	P	P	P	P
YLR377C	S	S	S	S	S	P	S	P	S	S	S	S	P	P	P	P	P	P	P	P
YLR319C	S	S	S	S	S	S	S	S	S	S	S	S	P	P	P	P	P	P	P	P
YGL076C	S	S	S	S	S	S	S	S	P	P	P	P	P	P	P	P	P	P	P	P
YKR063C	S	S	S	S	S	S	S	S	S	S	S	S	P	P	P	P	L	P	P	P
YPR167C	S	S	S	S	S	S	S	S	S	S	S	S	P	P	P	P	P	P	P	P
YLL003W	S	S	S	S	S	S	S	S	S	S	S	S	P	P	P	P	P	P	P	P
YOR220W	P	P	S	S	S	S	S	S	S	S	S	S	P	P	P	P	P	P	P	P
YLR407W	S	S	P	S	S	S	S	S	S	S	S	S	P	P	P	P	P	P	P	P
YLR430W	S	S	S	S	S	S	S	S	S	S	S	S	P	P	P	P	P	P	P	P
YBR118W	P	P	P	P	P	P	P	P	P	P	P	P	P	P	P	P	P	P	P	P
YMR216C	P	P	S	S	S	S	S	S	S	S	S	S	P	P	P	P	P	P	P	P
YLR436C	S	S	S	S	S	S	S	S	S	S	S	S	P	P	P	P	L	P	P	P
YMR159C	S	S	S	S	S	S	S	S	S	S	S	S	P	P	P	P	P	P	P	P
YJR086W	S	S	S	S	S	S	S	S	S	S	S	S	P	P	P	P	P	P	P	P
YDL216C	S	S	S	S	S	S	S	S	S	S	S	S	P	P	P	P	P	P	P	P
YLR347C	S	S	S	S	S	S	S	S	S	S	S	S	P	P	P	P	P	P	P	P
YBL004W	P	S	S	S	S	S	S	S	S	S	S	S	P	P	P	P	P	P	P	P
YFR024C-A	S	P	P	P	P	P	P	P	P	P	P	P	P	P	P	P	P	P	P	P
YDL022W	P	P	P	P	P	P	P	P	P	P	P	P	P	P	P	P	P	P	P	P
YPR147C	S	S	S	S	S	D	D	S	S	S	S	S	P	P	L	P	P	P	P	P
YGR094W	S	S	P	P	P	P	P	S	S	S	S	S	P	P	P	P	P	P	P	P
YDL100C	S	S	S	S	S	S	S	S	S	S	S	S	P	P	P	P	P	P	P	P
YBL013W	S	S	S	S	S	S	S	S	S	S	S	S	P	P	P	P	P	P	P	P
YLR113W	S	S	S	S	S	S	S	S	S	S	S	S	P	P	P	P	P	P	P	P
YMR207C	P	P	S	S	S	S	S	S	P	P	P	P	P	P	P	P	P	P	P	P
YLR196W	S	S	S	S	S	S	S	S	S	S	S	S	P	P	P	P	P	P	P	P
YER057C	P	P	P	P	P	P	P	S	P	P	P	P	P	P	P	P	L	P	P	P
YML092C	S	S	S	S	S	S	S	S	S	S	S	S	P	P	P	P	P	P	P	P
YNL223W	S	S	S	S	S	S	S	S	S	S	S	S	P	P	P	P	P	P	P	P
YHR109W	S	S	D	S	S	S	S	S	S	S	S	S	P	P	P	P	L	P	P	P
YGR108W	S	P	P	P	P	P	P	P	P	P	P	P	P	P	P	P	P	P	P	P
YNR032C-A	S	S	S	S	S	S	S	S	S	S	S	S	P	P	P	P	P	P	P	P
YDL124W	S	D	S	S	S	S	S	S	S	S	S	S	P	L	P	L	P	P	L	L
YGR218W	P	P	S	P	P	S	P	P	S	S	S	S	P	P	P	P	P	P	P	P
YDR247W	S	P	P	P	P	P	P	P	P	P	P	P	P	P	P	P	P	P	P	P
YKL069W	S	S	S	S	S	S	S	S	S	D	D	S	P	P	P	P	P	P	P	P
YML104C	S	S	S	S	S	S	S	S	S	S	S	S	P	P	P	P	P	P	P	P
YLR437C	S	S	S	P	P	P	P	P	P	P	P	P	P	P	P	P	P	P	P	P
YGR205W	S	S	S	S	S	S	S	S	S	S	S	S	P	P	P	P	P	P	P	P
YBR008C	D	D	D	D	D	D	D	D	D	S	S	S	L	L	L	L	L	L	L	L
YIL137C	S	S	S	S	S	S	S	S	S	S	S	S	P	P	P	P	L	P	P	P
YOR386W	D	D	D	D	D	D	D	D	D	S	D	S	L	L	P	L	L	P	P	P
YBL015W	S	S	S	S	S	S	S	S	S	S	S	S	P	P	P	P	P	P	P	P
YHR207C	S	S	S	S	S	S	S	S	S	S	S	S	P	P	P	P	P	P	P	P
YHR132W-A	S	S	S	S	S	S	S	S	P	P	P	P	P	P	P	P	P	P	P	P
YFR023W	P	P	P	P	P	P	P	S	P	P	P	P	P	P	P	P	P	P	P	P
YHL015W	S	S	S	S	S	S	S	S	S	S	S	S	P	P	P	P	P	P	P	P
YHL001W	S	S	S	P	P	S	S	S	P	P	P	P	P	P	P	P	P	P	P	P
YDL111C	S	S	S	S	S	S	S	S	S	S	S	S	P	P	P	P	P	P	P	P
YLR119W	S	S	S	S	S	S	S	S	S	S	S	S	P	P	P	P	P	P	P	P
YIR037W	D	D	S	D	S	S	S	S	P	P	P	P	L	L	L	L	L	L	L	L
YLR441C	S	S	S	P	P	P	P	S	P	P	P	P	P	P	P	P	P	P	P	P
YNL178W	S	S	S	S	S	S	S	S	S	S	S	S	P	P	P	P	P	P	P	P
YNL065W	S	S	P	P	P	S	P	P	P	P	P	P	P	P	P	P	L	P	P	P
YDR436W	P	P	P	S	S	P	S	P	P	P	P	P	P	P	P	P	P	P	P	P
YIL079C	P	P	P	P	P	S	P	P	P	P	P	P	P	P	P	P	P	P	P	P
YKR035W-A	S	S	S	S	S	S	S	S	S	S	S	S	P	P	P	P	P	P	P	P
YKL182W	S	S	S	S	S	S	S	S	S	S	S	S	P	P	P	P	P	P	P	P
YFL033C	S	S	S	S	S	S	S	S	S	S	S	S	P	P	P	P	P	P	P	P
YDR463W	S	S	S	P	P	P	P	P	P	P	P	P	P	P	P	P	P	P	P	P
YBR058C	S	S	S	S	S	S	S	S	S	S	S	S	P	P	P	P	L	P	P	P
YNR043W	S	S	S	S	S	S	S	S	S	S	S	S	P	P	P	P	P	P	P	P
YFL021W	P	D	D	S	S	S	S	S	S	S	S	S	P	P	P	P	P	P	P	P
YGL095C	S	S	S	S	S	S	S	S	S	S	S	S	P	P	P	P	P	P	P	P
YJR072C	S	S	S	S	S	S	S	S	S	S	S	S	P	P	P	P	P	P	P	P
YAL062W	S	S	S	S	S	S	S	S	P	P	P	P	P	P	P	L	L	P	P	P
YGL137W	S	S	S	S	S	S	S	S	S	S	S	S	P	P	P	P	L	P	P	P
YIL124W	S	S	S	S	S	S	S	S	S	S	S	S	P	P	P	P	P	P	P	P
YLR090W	S	S	D	S	S	S	D	S	S	S	S	S	P	P	P	P	P	P	P	P
YBL084C	S	S	S	S	S	S	S	S	S	S	S	S	P	P	P	P	P	P	P	P
YGR001C	S	S	S	S	S	S	S	S	S	S	S	S	P	P	P	P	P	P	P	P
YMR213W	S	S	S	S	S	S	S	S	S	S	S	S	P	P	P	P	P	P	P	P
YMR192W	S	S	S	P	P	P	P	P	P	P	P	P	P	P	P	P	P	P	P	P
YDR258C	S	S	S	S	S	S	S	S	S	S	S	S	P	P	P	P	P	P	P	P
YOR359W	S	S	S	S	S	S	S	S	S	S	S	S	P	P	P	P	P	P	P	P
YDL099W	S	S	S	S	S	S	S	S	S	S	S	S	P	P	P	P	P	P	P	P
YDR380W	P	P	P	S	S	S	S	S	S	S	S	S	P	P	P	P	L	P	P	L
YDL110C	S	S	S	S	S	S	S	S	S	S	S	S	P	P	P	P	P	P	P	P
YER007W	S	S	S	S	S	S	S	S	S	S	S	S	P	P	P	P	P	P	P	P
YBR077C	S	S	S	S	S	S	S	S	S	S	S	S	P	P	P	P	P	P	P	P
YPR193C	D	D	D	S	S	D	D	D	S	S	S	S	L	L	L	L	L	L	L	L
YGL173C	P	P	S	S	S	S	S	S	S	S	S	S	P	P	P	P	P	P	P	P
YPL001W	S	S	S	S	S	S	S	S	S	S	S	S	P	P	P	P	P	P	P	P
YPR083W	S	S	S	S	S	S	S	S	S	S	S	S	P	P	P	P	P	P	P	P
YGR223C	S	S	S	S	S	S	S	S	S	S	S	S	P	P	P	P	P	P	P	P
YMR020W	D	D	D	S	S	S	S	S	S	S	S	S	P	P	P	P	P	P	P	P
YCL037C	P	P	S	P	S	S	S	P	P	P	P	P	P	P	P	P	P	P	P	L
YMR208W	S	S	S	S	S	S	S	S	S	S	S	S	P	P	P	P	P	P	P	P
YBL087C	S	S	S	P	P	P	S	S	P	P	P	P	P	P	P	P	P	P	P	P
YJR133W	D	D	S	S	S	S	S	S	S	S	S	S	L	L	P	P	P	P	P	P
YCL009C	S	S	S	S	S	S	S	S	S	S	S	S	P	P	P	P	P	P	P	P
YLR259C	S	S	S	S	S	S	S	S	S	S	S	S	P	P	P	P	P	P	P	P
YOL082W	S	S	S	P	P	S	S	S	S	S	S	S	P	P	P	P	P	P	P	P
YDR378C	S	S	S	S	S	S	S	S	S	S	S	S	P	P	P	P	P	P	P	P
YLR401C	S	S	S	S	S	S	S	S	S	S	S	S	P	P	P	P	P	P	P	P
YGR285C	S	S	S	S	S	S	S	S	S	S	S	S	P	P	P	P	L	P	P	P
YNR049C	S	S	S	S	S	S	S	S	S	S	S	S	P	P	P	P	P	P	P	P
YOR035C	S	S	S	S	S	S	S	S	S	S	S	S	P	P	P	P	P	P	P	P
YDR453C	P	S	S	P	P	S	P	P	P	P	P	P	P	P	P	P	P	P	P	P
YNL163C	S	S	S	S	S	S	S	S	S	S	S	S	P	P	P	P	P	P	P	P
YDR505C	S	S	P	S	P	P	P	P	P	P	P	P	P	P	P	P	P	P	P	P
YJR025C	S	S	D	D	D	D	D	D	S	S	S	S	P	P	L	P	P	P	P	P
YBR239C	S	S	S	S	S	S	S	S	S	S	S	S	P	P	P	P	P	P	P	P
YML118W	S	S	P	P	P	P	P	P	P	P	P	P	P	P	P	P	P	P	P	P
YBL075C	P	S	S	P	P	S	S	S	P	P	P	P	P	P	P	P	P	P	P	P
YPL211W	S	S	S	S	S	S	S	S	S	S	S	S	P	P	P	P	P	P	P	P
YDR409W	P	P	S	P	P	P	P	P	P	P	P	P	P	P	P	P	P	P	P	P
YBL046W	S	S	S	S	S	S	S	S	S	S	S	S	P	P	P	P	P	P	P	P
YFR014C	S	S	S	P	P	P	P	P	P	P	P	P	P	P	P	P	P	P	P	P
YDR173C	S	S	S	S	S	S	S	S	S	S	S	S	P	P	P	P	P	P	P	P
YOR007C	P	P	P	P	P	S	S	S	S	S	S	S	P	P	P	P	P	P	P	P
YDR389W	P	P	P	P	P	S	P	P	P	P	P	P	P	P	P	P	P	P	P	P
YKL047W	S	S	S	S	S	S	S	S	S	S	S	S	P	P	P	P	P	P	P	P
YER007C-A	S	S	S	S	S	S	S	S	S	S	S	S	P	P	P	P	P	P	P	P
YDR441C	S	S	S	S	S	P	S	P	P	P	P	P	P	P	P	P	P	P	P	P
YKL183W	S	S	S	S	S	S	S	S	S	S	S	S	P	P	P	P	P	P	P	P
YLR467W	D	D	D	D	D	D	D	D	D	D	D	S	L	L	L	L	L	L	L	L
YGL078C	S	S	S	S	S	S	S	S	S	S	S	S	P	P	P	P	P	P	P	P
YMR299C	D	S	S	S	S	S	S	S	S	S	S	S	P	P	P	P	P	P	P	P
YKL181W	P	S	P	S	S	S	S	S	S	S	S	S	P	P	P	P	P	P	P	P
YJL095W	S	S	S	S	S	S	S	S	S	S	S	S	P	P	P	P	P	P	P	P
YKL088W	S	S	S	S	S	S	S	S	S	S	S	S	P	P	P	P	L	P	P	P
YDL021W	S	S	S	S	S	S	S	S	P	P	P	P	P	P	P	P	P	P	P	P
YDR023W	S	S	S	S	S	S	S	S	S	S	S	S	P	P	P	P	P	P	P	P
YHL027W	S	S	S	S	S	S	S	S	S	S	S	S	P	P	P	P	P	P	P	P
YBR200W	S	P	P	S	S	S	S	S	S	S	S	S	P	P	P	P	P	P	P	P
YDR500C	S	S	S	P	P	P	S	S	P	P	P	P	P	P	P	P	P	P	P	P
YNL118C	S	S	S	S	S	S	S	S	S	S	S	S	P	P	P	P	P	P	P	P
YGR196C	S	S	S	S	S	S	S	S	S	S	S	S	P	P	P	P	P	P	P	P
YLR060W	S	S	S	S	S	S	S	S	S	S	S	S	P	P	P	P	P	P	P	P
YHR206W	S	S	P	S	S	S	S	S	P	P	P	P	P	P	P	P	P	P	P	P
YDR394W	S	S	S	S	S	S	S	S	S	S	S	S	P	P	P	P	P	P	P	P
YCR051W	S	S	S	S	S	S	S	S	S	S	S	S	P	P	P	P	P	P	P	P
YOR361C	S	S	S	S	S	S	S	S	S	S	S	S	P	P	P	P	P	P	P	P
YDR320C-A	S	S	S	S	S	S	S	S	S	S	S	S	P	P	P	P	P	P	P	P
YBR248C	S	S	D	S	S	S	S	S	S	S	S	S	P	P	P	P	P	P	P	P
YHR070W	S	S	S	S	S	S	S	S	S	S	S	S	P	P	P	P	P	P	P	P
YPL040C	S	S	S	S	S	S	S	S	S	S	S	S	P	P	P	P	P	P	P	P
YER132C	P	P	P	P	P	P	P	P	P	P	P	P	P	P	P	P	P	P	P	P
YJL043W	D	D	D	D	D	D	D	D	S	S	S	S	L	L	L	L	L	L	L	L
YBR145W	S	S	S	P	P	S	S	S	P	P	P	P	P	P	P	P	P	P	P	P
YGR136W	S	S	P	S	S	P	S	S	P	P	P	P	P	P	P	P	P	P	P	P
YFL022C	S	S	S	S	S	S	S	S	S	S	S	S	P	P	P	P	P	P	P	P
YDR183W	S	S	S	S	S	S	S	S	S	S	S	S	P	P	P	P	P	P	P	P
YER033C	S	S	S	S	S	S	S	S	S	S	S	S	P	P	P	P	L	P	P	P
YNL189W	S	S	P	P	P	S	S	S	S	S	S	S	P	P	P	P	P	P	P	P
YBL047C	P	P	S	S	S	P	P	S	S	S	S	S	P	P	P	P	P	P	P	P
YMR255W	S	S	S	S	S	S	S	S	S	S	S	S	P	P	P	P	P	P	P	P
YOR315W	P	P	P	S	S	S	S	S	S	S	S	S	L	P	P	P	P	P	P	P
YGL159W	S	S	D	D	S	D	D	D	S	S	S	S	P	P	P	L	P	L	P	P
YBL014C	S	S	S	S	S	S	S	S	S	S	S	S	P	P	P	P	L	P	P	P
YNL227C	S	S	S	S	S	S	S	S	S	S	S	S	P	P	P	P	L	P	P	P
YDL184C	S	S	D	P	P	D	P	S	D	D	D	P	P	P	P	P	P	P	P	P
YDR153C	P	P	P	S	S	S	S	S	S	S	S	S	P	P	P	P	P	P	P	P
YNL218W	S	S	S	S	S	S	S	S	S	S	S	S	P	P	P	P	P	P	P	P
YPL070W	S	S	S	S	S	S	S	S	S	S	S	S	P	P	P	P	P	P	P	P
YBL092W	S	S	S	S	P	S	P	S	S	S	S	S	P	P	P	P	P	P	P	P
YAL056W	P	P	P	P	P	P	P	P	P	P	P	P	P	P	P	P	P	P	P	P
YPL002C	S	S	S	S	S	S	S	S	S	S	S	S	P	P	P	P	P	P	P	P
YLR303W	S	S	S	S	S	S	S	S	S	S	S	S	P	P	P	P	P	P	P	P
YCL011C	S	S	S	P	P	P	P	P	P	P	P	P	P	P	P	P	P	P	L	P
YLL029W	P	P	S	P	P	S	S	S	S	S	S	S	P	P	P	P	P	P	P	P
YGL154C	S	S	S	S	S	S	S	S	S	S	S	S	P	P	P	P	P	P	P	P
YGL035C	S	S	S	S	S	S	S	S	S	S	S	S	P	P	P	P	P	P	P	P
YOR234C	S	S	S	S	P	P	P	S	P	P	P	P	P	P	P	P	P	P	P	P
YGR009C	P	S	P	P	P	S	P	S	S	S	S	S	P	P	P	P	P	P	P	P
YOR283W	S	S	S	S	S	S	S	S	S	S	S	S	P	P	P	P	P	P	P	P
YGR034W	S	S	S	P	P	S	S	S	P	P	P	P	P	P	P	P	P	P	P	P
YJL145W	S	S	S	S	S	S	S	S	S	S	S	S	P	P	P	P	P	P	P	P
YJL153C	S	S	S	S	S	S	S	S	S	S	S	S	P	P	P	L	L	P	L	L
YJL088W	S	S	S	S	S	S	S	S	S	S	S	S	P	P	P	P	P	P	P	P
YMR215W	S	S	S	S	S	S	S	S	S	S	S	S	P	P	P	P	P	P	L	L
YDR418W	P	P	S	P	P	P	P	S	P	P	P	P	P	P	P	P	P	P	P	P
YAL017W	P	P	P	P	P	P	P	P	P	P	P	P	P	P	P	P	P	P	P	P
YPL067C	S	S	S	S	D	S	S	S	S	S	S	S	P	P	P	L	L	P	P	P
YHR046C	S	S	S	S	S	S	S	S	S	S	S	S	P	P	L	L	L	P	P	P
YPL236C	S	S	S	S	S	S	S	S	S	S	S	S	P	P	L	P	P	P	P	P
YPL151C	S	S	S	S	S	S	S	S	S	S	S	S	P	P	P	P	P	P	P	P
YJR064W	S	S	S	S	S	S	S	S	S	S	S	S	P	P	P	P	P	P	P	P
YNL307C	S	S	P	S	S	S	S	S	P	P	P	P	P	P	P	P	P	P	P	P
YNL155W	P	P	S	S	S	S	S	S	S	S	S	S	P	P	P	P	P	P	P	P
YOR360C	S	S	S	S	S	S	S	S	S	S	S	S	P	P	P	P	P	P	P	P
YDR066C	S	S	S	P	P	P	P	P	P	S	P	P	P	P	P	P	P	P	P	P
YJL137C	S	S	S	S	S	S	S	S	P	P	P	P	P	P	P	P	P	P	P	P
YOL097C	S	S	S	S	S	S	S	S	S	S	S	S	P	P	P	P	P	P	P	P
YHR182W	D	D	S	S	S	D	S	D	S	S	S	S	L	P	P	P	P	P	P	P
YDR447C	S	P	S	P	P	P	S	S	P	P	P	P	P	P	P	P	P	P	P	P
YJL074C	S	S	S	S	S	S	S	S	S	S	S	S	P	P	P	P	P	P	P	P
YOR164C	S	S	S	S	S	S	S	S	S	S	S	S	P	P	P	P	P	P	P	P
YJL164C	S	S	S	P	P	P	P	S	P	P	P	P	P	P	P	P	P	P	P	P
YGR118W	P	S	P	P	P	P	P	S	P	P	P	P	P	P	P	P	P	P	P	P
YIL095W	P	P	P	P	P	P	P	P	P	P	P	P	P	P	P	P	P	P	P	P
YPL015C	S	S	S	S	S	S	S	S	S	S	S	S	P	P	P	P	P	P	P	P
YHR098C	P	P	P	S	S	S	S	S	S	S	S	S	P	P	P	P	P	P	P	P
YNL076W	S	S	S	S	S	S	S	S	S	S	S	S	P	P	P	P	P	P	P	P
YJL111W	S	S	S	S	S	S	S	S	S	S	S	S	P	P	P	P	P	P	P	P
YKR086W	S	S	S	S	S	S	S	S	S	S	S	S	P	P	P	P	P	P	P	P
YML056C	S	S	S	S	S	S	S	S	P	P	P	P	P	P	P	P	P	P	P	P
YPR035W	S	S	S	S	S	S	S	S	S	S	S	S	P	P	P	P	P	P	P	P
YGR279C	P	P	S	P	P	P	P	P	P	P	P	P	P	P	P	P	P	P	P	P
YNL200C	S	S	S	S	S	S	S	S	S	S	S	S	P	P	P	P	P	P	P	P
YGR277C	S	S	S	S	S	S	S	S	S	S	S	S	P	P	P	P	P	P	P	P
YNL077W	S	S	S	S	S	S	D	S	S	S	S	S	P	P	P	P	P	P	P	P
YPR184W	S	S	S	S	S	S	S	S	S	S	S	S	P	P	P	P	P	P	P	P
YOR226C	P	P	S	P	P	S	P	P	P	P	P	P	P	P	P	P	P	P	P	P
YNL293W	P	P	P	P	P	P	P	S	P	P	P	P	P	P	P	P	L	P	P	P
YDR495C	S	S	S	S	S	S	S	S	S	S	S	S	P	P	P	P	P	P	P	P
YCR088W	S	S	S	S	S	S	S	S	S	S	S	S	P	P	P	P	P	P	P	P
YDR357C	S	S	S	S	S	S	S	S	S	S	S	S	P	P	P	P	P	P	P	P
YER070W	P	P	P	P	P	P	P	S	P	P	P	P	P	P	P	P	P	P	P	P
YLR166C	S	S	S	S	S	S	S	S	S	S	S	S	P	P	P	P	P	P	P	P
YDR370C	S	S	S	S	S	S	S	S	S	S	S	S	P	P	P	P	L	P	P	P
YMR018W	D	D	D	D	D	D	D	D	S	S	S	S	L	L	L	L	L	L	L	L
YKL013C	S	S	S	S	S	S	S	S	S	S	S	S	P	P	P	P	P	P	P	P
YBR072W	D	D	D	S	S	S	S	D	S	S	S	S	L	P	P	L	L	P	L	L
YBR111C	S	S	S	S	S	S	S	S	S	S	S	S	P	P	P	P	P	P	P	P
YAL013W	S	S	S	S	S	S	S	S	S	S	S	S	P	P	P	P	P	P	P	P
YMR163C	S	S	S	S	S	S	S	S	S	S	S	S	P	P	P	P	P	P	P	P
YHL030W	S	S	S	S	S	S	S	S	S	S	S	S	P	P	P	P	L	P	P	P
YDR451C	P	P	P	S	S	P	S	S	P	P	P	P	P	P	P	P	P	P	P	P
YIL109C	P	S	S	S	P	P	P	P	P	P	P	P	P	P	P	P	P	P	P	P
YCR077C	S	S	S	S	S	S	S	S	S	S	S	S	P	P	P	P	P	P	P	P
YGL045W	S	S	S	S	S	S	S	S	S	S	S	S	P	P	P	P	P	P	P	L
YBL001C	P	P	P	P	S	S	S	S	S	S	S	S	P	P	P	P	P	P	P	P
YIL103W	S	S	S	S	S	S	S	S	S	S	S	S	P	P	P	P	P	P	P	P
YJR099W	S	S	S	S	S	S	S	S	S	S	S	S	P	P	P	P	P	P	P	P
YDR273W	S	S	S	P	P	S	P	P	P	P	P	P	P	P	P	P	P	P	P	P
YER008C	S	S	P	S	S	S	S	S	S	S	S	S	P	P	P	P	P	P	P	P
YDR453C	P	S	S	P	P	S	P	P	P	P	P	P	P	P	P	P	P	P	P	P
YFL028C	S	S	S	S	S	S	S	S	S	S	S	S	P	P	P	P	P	P	P	P
YGL131C	P	P	S	S	S	S	S	D	S	S	S	S	P	P	P	P	P	P	P	P
YJL197W	S	S	S	S	S	S	S	S	S	S	S	S	P	P	P	P	P	P	P	P
YBL085W	P	P	P	P	P	P	P	P	P	P	P	P	P	P	P	P	P	P	P	P
YER034W	S	S	S	S	S	S	S	S	S	S	S	S	P	P	P	P	P	P	P	P
YOL030W	S	S	S	S	S	S	S	S	S	S	S	S	P	P	P	P	P	P	P	P
YGL049C	P	S	P	P	P	P	P	P	P	P	P	P	P	P	P	P	L	P	P	P
YLR044C	S	S	S	S	S	S	S	S	S	S	S	S	P	P	P	P	P	P	P	P
