Gene ID	V.polysp	T.phaffi	T.blatta	N.dairen	N.castel	K.nagani	K.africa	C.glabra	S.uvarum	S.kudria	S.mikata	S.cerevi	Z.rouxii	T.delbru	K.lactis	E.gossyp	E.cymbal	L.kluyve	L.thermo	L.waltii
YNL297C	S	S	S	S	S	S	S	S	S	S	S	S	P	P	P	P	P	P	P	P
YOR115C	S	S	S	S	S	S	S	S	S	S	S	S	P	P	P	P	P	P	P	P
YGR167W	S	S	S	S	S	S	S	S	S	S	S	S	P	P	P	P	P	P	P	P
YDR358W	S	S	P	S	S	S	S	S	P	P	P	P	P	P	P	P	P	P	P	P
YGR172C	S	S	S	S	S	S	S	S	S	S	S	S	P	P	P	P	P	P	P	P
YCR094W	P	P	S	P	P	P	P	P	P	P	P	P	P	P	P	P	P	P	P	P
YAL026C	S	S	S	S	S	S	S	S	S	S	S	S	P	P	P	P	P	P	P	P
YGR166W	S	S	S	S	S	S	S	S	S	S	S	S	P	P	P	P	P	P	P	P
YAL030W	S	S	P	S	S	S	S	P	P	P	P	P	P	P	P	P	P	P	P	P
YDR407C	S	S	S	S	S	S	S	S	S	S	S	S	P	P	P	P	P	P	P	P
YDR093W	S	S	P	P	P	P	P	P	P	P	P	P	P	P	P	P	P	P	P	P
YDR358W	S	S	P	S	S	S	S	S	P	P	P	P	P	P	P	P	P	P	P	P
YGL095C	S	S	S	S	S	S	S	S	S	S	S	S	P	P	P	P	P	P	P	P
YIL048W	P	P	P	S	S	S	S	S	S	S	S	S	P	P	P	P	P	P	P	P
YMR162C	S	S	P	S	S	S	S	S	S	S	S	S	P	P	P	P	P	P	P	P
YBL085W	P	P	P	P	P	P	P	P	P	P	P	P	P	P	P	P	P	P	P	P
YDR456W	S	S	S	S	S	S	S	S	S	S	S	S	P	P	P	P	P	P	P	P
YHR050W	S	S	S	S	S	S	S	S	S	S	S	S	P	P	P	P	P	P	P	P
YDR093W	S	S	P	P	P	P	P	P	P	P	P	P	P	P	P	P	P	P	P	P
YER031C	S	S	S	S	S	S	S	P	P	P	P	P	P	P	P	P	P	P	P	P
YNL238W	S	S	S	S	S	S	S	S	S	S	S	S	P	P	P	P	P	P	P	P
YNL267W	S	S	S	S	S	S	S	S	S	S	S	S	P	P	P	P	P	P	P	P
YOR079C	S	S	S	S	S	S	S	S	S	S	S	S	P	P	P	P	L	P	P	P
YJL044C	S	S	S	S	S	S	S	S	S	S	S	S	P	P	P	P	P	P	P	P
YMR218C	S	S	S	S	S	S	S	S	S	S	S	S	P	P	P	P	P	P	P	P
YEL022W	P	P	P	P	P	P	S	P	P	P	P	P	P	P	P	P	P	P	P	P
YHL019C	S	S	S	S	S	S	S	S	S	S	S	S	P	P	P	P	P	P	P	P
YDR468C	S	S	S	S	S	S	S	S	S	S	S	S	P	P	P	P	P	P	P	P
YJL100W	D	D	D	S	S	D	D	D	S	S	S	S	P	P	P	P	P	P	P	P
YMR010W	S	S	S	S	S	S	S	S	S	S	S	S	P	P	P	P	P	P	P	P
YDR524C	D	D	S	S	S	S	S	S	S	S	S	S	P	P	L	P	P	P	P	P
YOR219C	S	S	S	S	S	S	S	S	S	S	S	S	P	P	P	P	P	P	P	P
YLR330W	S	S	S	S	S	S	S	S	S	S	S	S	P	P	P	P	P	P	P	P
YGL198W	S	S	S	S	S	S	S	S	S	S	S	S	P	P	P	P	L	P	P	P
YBL085W	P	P	P	P	P	P	P	P	P	P	P	P	P	P	P	P	P	P	P	P
YCR094W	P	P	S	P	P	P	P	P	P	P	P	P	P	P	P	P	P	P	P	P
YAL030W	S	S	P	S	S	S	S	P	P	P	P	P	P	P	P	P	P	P	P	P
YDR170C	S	S	P	S	S	S	S	S	S	S	S	S	P	P	P	P	P	P	P	P
YGL203C	S	S	S	S	S	S	S	S	S	S	D	S	P	P	P	P	P	P	P	P
YDL226C	S	S	P	S	S	S	S	S	P	P	P	P	P	P	P	P	P	P	P	P
YEL022W	P	P	P	P	P	P	S	P	P	P	P	P	P	P	P	P	P	P	P	P
YOL018C	S	S	S	S	S	S	S	S	S	S	S	S	P	P	P	P	L	P	P	P
YDR388W	S	S	S	S	S	S	S	S	S	S	S	S	P	P	P	P	P	P	P	P
YDR141C	P	P	S	S	S	S	S	S	S	S	S	S	P	P	P	P	P	P	P	P
YJL004C	S	S	S	S	S	S	S	S	S	S	S	S	P	P	P	P	P	P	P	P
YDR372C	P	S	P	S	P	S	S	S	S	S	S	S	P	P	P	P	P	P	P	P
YBR164C	S	S	S	S	S	S	S	S	P	P	S	S	P	P	P	P	P	P	P	L
YJL178C	S	S	P	S	S	S	S	S	S	S	S	S	P	P	P	P	L	P	P	P
