Gene ID	V.polysp	T.phaffi	T.blatta	N.dairen	N.castel	K.nagani	K.africa	C.glabra	S.uvarum	S.kudria	S.mikata	S.cerevi	Z.rouxii	T.delbru	K.lactis	E.gossyp	E.cymbal	L.kluyve	L.thermo	L.waltii
YCL011C	S	S	S	P	P	P	P	P	P	P	P	P	P	P	P	P	P	P	L	P
YIL010W	S	S	S	S	S	S	S	S	S	S	S	S	P	P	P	P	P	P	P	P
YLR052W	S	S	S	S	S	S	S	S	S	S	S	S	P	P	P	P	P	P	P	P
YLR032W	S	S	S	S	S	S	S	S	S	S	S	S	P	P	P	P	L	P	P	P
YOR144C	S	S	S	S	S	S	S	S	S	S	S	S	P	P	P	P	P	P	P	P
YIL150C	S	S	S	S	S	S	S	S	S	S	S	S	P	P	P	P	L	P	P	P
YDR191W	S	S	S	S	S	S	S	S	S	S	S	S	P	P	P	P	P	P	P	P
YDR469W	S	S	S	S	S	S	S	S	S	S	S	S	P	P	P	P	P	P	P	P
YAL019W	S	S	S	S	S	S	S	S	S	S	S	S	P	P	P	P	P	P	P	P
YEL032W	S	S	S	S	S	S	S	S	S	S	S	S	P	P	P	P	P	P	P	P
YLR424W	S	S	S	S	S	S	S	S	S	S	S	S	P	P	P	P	P	P	P	P
YDR206W	S	S	S	P	P	P	P	P	P	P	P	P	P	P	P	P	P	P	P	P
YER038C	S	S	S	S	S	S	S	S	S	S	S	S	P	P	P	P	P	P	P	P
YBR060C	S	S	S	S	S	S	S	S	S	S	S	S	P	P	P	P	P	P	P	P
YKR082W	S	S	S	S	S	S	S	S	S	S	S	S	P	P	P	P	P	P	P	P
YOL034W	S	S	S	S	S	S	S	S	S	S	S	S	P	P	P	P	P	P	P	P
YHR031C	S	S	S	S	S	S	S	S	S	S	S	S	P	P	P	P	P	P	P	P
YGL037C	S	S	S	S	S	S	S	S	S	S	S	S	P	P	P	P	P	P	P	P
YKL018W	S	S	S	S	S	S	S	S	S	S	S	S	P	P	P	P	P	P	P	P
YIR002C	S	S	S	S	S	S	S	S	S	S	S	S	P	P	P	P	P	P	P	P
YJL173C	S	S	S	S	S	S	S	S	S	S	S	S	P	P	P	P	P	P	P	P
YOR209C	S	S	S	P	P	S	S	S	S	S	S	S	P	P	P	P	P	P	P	P
YDR448W	S	S	S	S	S	S	S	S	S	S	S	S	P	P	P	P	P	P	P	P
YAR003W	S	S	S	S	S	S	S	S	S	S	S	S	P	P	P	P	P	P	P	P
YGL075C	S	S	S	S	S	S	S	S	P	P	P	P	P	P	P	P	P	P	P	P
YHR119W	S	S	S	S	S	S	S	S	S	S	S	S	P	P	P	P	P	P	P	P
YGL169W	S	S	S	S	S	S	S	S	S	S	S	S	P	P	P	P	P	P	P	P
YBL088C	S	S	S	S	S	S	S	S	S	S	S	S	P	P	P	P	L	P	P	P
YDR083W	S	S	S	S	S	S	S	S	S	S	S	S	P	P	P	P	P	P	P	P
YDR206W	S	S	S	P	P	P	P	P	P	P	P	P	P	P	P	P	P	P	P	P
YAR007C	S	S	S	S	S	S	S	S	S	S	S	S	P	P	P	P	P	P	P	P
YLR007W	S	S	S	S	S	S	S	S	S	S	S	S	P	P	P	P	P	P	P	P
YDL116W	S	S	S	S	S	S	S	S	S	S	S	S	P	P	P	P	P	P	P	P
YML023C	S	S	S	S	S	S	S	S	S	S	S	S	P	P	P	P	P	P	P	P
YLR288C	S	S	S	S	S	S	S	S	S	S	S	S	P	P	P	P	P	P	P	P
YMR284W	S	S	S	S	S	D	S	S	S	S	S	S	P	P	P	P	P	P	P	P
YOR213C	S	S	S	S	S	S	P	S	S	S	S	S	P	P	P	P	P	P	P	P
YHR164C	S	S	S	S	S	S	S	S	S	S	S	S	P	P	P	P	P	P	P	P
YGR042W	S	S	S	S	S	S	S	S	S	S	S	S	P	P	P	P	P	P	P	P
YGR262C	S	S	S	S	S	S	S	S	S	S	S	S	P	P	P	P	P	P	P	P
YGL058W	S	S	S	S	S	S	S	S	S	S	S	S	P	P	P	P	P	P	P	P
YJL019W	S	S	P	P	P	S	S	S	S	S	S	S	P	P	P	P	P	P	P	P
YMR106C	S	S	S	S	S	S	S	S	S	S	S	S	P	P	P	P	P	P	P	P
YNL133C	S	S	S	S	S	S	S	S	S	S	S	S	L	P	P	P	P	P	P	P
YNL312W	S	S	S	S	S	S	S	S	S	S	S	S	P	P	P	P	P	P	P	P
YDL220C	P	P	P	S	S	S	S	S	S	S	S	S	P	P	P	P	P	P	P	P
YJL184W	S	S	S	S	S	S	S	S	S	S	S	S	P	P	P	P	P	P	P	P
YPL001W	S	S	S	S	S	S	S	S	S	S	S	S	P	P	P	P	P	P	P	P
YBL091C-A	P	P	P	S	S	P	P	P	P	P	P	P	P	P	P	P	P	P	P	P
YLR015W	S	S	S	S	S	S	S	S	S	S	S	S	P	P	P	P	P	P	P	P
YLR383W	S	S	S	S	S	S	S	S	S	S	S	S	P	P	P	P	P	P	P	P
YMR235C	S	S	S	S	S	S	S	S	S	S	S	S	P	P	P	P	P	P	P	P
YMR179W	S	P	S	S	S	S	S	S	S	S	S	S	P	P	P	P	P	P	P	P
YGL150C	S	S	S	S	S	S	S	S	S	S	S	S	P	P	P	P	P	P	P	P
YDR223W	S	S	S	S	P	S	P	S	P	P	P	P	P	P	P	P	P	P	P	P
YLR010C	S	S	S	S	S	S	S	S	S	S	S	S	P	P	P	P	P	P	P	L
YLR274W	S	S	S	S	S	S	S	S	S	S	S	S	P	P	P	P	P	P	P	P
YBR175W	S	S	S	S	S	S	S	S	S	S	S	S	P	P	P	P	P	P	P	P
YDL197C	S	D	D	P	P	P	S	D	S	S	S	S	P	P	P	P	P	L	L	L
YJL127C	S	S	S	S	S	S	S	S	S	S	S	S	P	P	P	P	P	P	P	P
YOL104C	S	S	S	S	S	S	S	S	S	S	S	S	P	P	P	P	P	P	P	P
YLR318W	S	S	S	S	S	S	S	S	S	S	S	S	P	P	P	P	P	P	P	P
YPL138C	S	S	S	S	S	S	S	S	S	S	S	S	P	P	P	P	P	P	P	P
YNL107W	S	S	S	S	S	S	S	S	S	S	S	S	P	P	P	P	P	P	P	P
YLR335W	S	S	S	S	S	S	S	S	S	S	S	S	P	P	P	P	P	P	P	P
YML121W	S	S	S	S	S	S	S	S	S	S	S	S	P	P	P	P	P	P	P	P
YPR162C	S	S	S	S	P	P	P	P	P	P	P	P	P	P	P	P	P	P	P	P
YGR099W	S	S	S	S	S	S	S	S	S	S	S	S	P	P	P	P	P	P	P	P
YNL186W	S	S	S	S	S	S	S	S	S	S	S	S	P	P	P	P	L	P	P	P
YEL019C	S	S	S	S	S	S	S	S	S	S	S	S	P	P	P	P	P	P	P	P
YBR202W	S	S	S	S	S	S	S	S	S	S	S	S	P	P	P	P	P	P	P	P
YNL216W	S	S	S	S	S	S	S	S	S	S	S	S	P	P	P	P	P	P	P	P
YDL084W	P	P	P	S	S	S	S	S	S	S	S	S	P	P	P	P	P	P	P	P
YGL092W	S	S	S	S	S	S	S	S	S	S	S	S	P	P	P	P	P	P	P	P
YMR219W	S	S	S	S	S	S	S	S	S	S	S	S	P	P	P	P	P	P	P	P
YPL128C	P	P	P	S	S	S	S	S	S	S	S	S	P	P	P	P	P	P	P	P
YDL074C	S	S	S	S	S	S	S	S	S	S	S	S	P	P	P	P	P	P	P	P
YDL105W	S	S	S	S	S	S	S	S	S	S	S	S	P	P	P	P	P	P	P	P
YBR275C	S	S	S	S	S	S	S	S	S	S	S	S	P	P	P	P	L	P	P	P
YDR138W	S	S	S	S	S	S	S	S	S	S	S	S	P	P	P	P	P	P	P	P
YBL052C	S	S	S	S	S	S	S	S	S	S	S	S	P	P	P	P	P	P	P	P
YBL054W	S	S	P	P	P	P	P	P	P	P	P	P	P	P	P	P	P	P	P	P
YDR227W	S	S	S	P	P	S	S	S	S	S	S	S	P	P	P	P	P	P	P	P
YJL080C	P	P	P	S	S	S	S	S	S	S	S	S	P	P	P	P	P	P	P	P
YDR440W	S	S	P	S	S	S	S	S	S	S	S	S	P	P	P	P	P	P	P	P
YKL054C	S	S	S	P	P	S	P	S	S	S	S	S	P	P	P	P	L	P	P	P
YCL061C	S	S	S	S	S	S	S	S	S	S	S	S	P	P	P	P	P	P	P	P
YBR278W	S	S	S	P	P	P	P	P	P	P	P	P	P	P	P	P	P	P	P	P
YMR247C	S	S	S	S	S	S	S	S	S	S	S	S	P	P	P	P	P	P	P	P
YDR288W	S	S	S	S	S	S	S	S	S	S	S	S	P	P	P	P	P	P	P	P
YNL139C	S	S	S	S	S	S	S	S	S	S	S	S	P	P	P	P	P	P	P	P
YEL056W	S	S	S	S	S	S	S	S	S	S	S	S	P	P	P	P	P	P	P	P
YLR442C	P	P	P	P	P	P	P	P	P	P	P	P	P	P	P	P	P	P	P	P
YOR080W	S	S	S	S	S	S	S	S	S	S	S	S	P	P	P	P	P	P	P	P
YKR095W-A	S	S	S	S	S	S	S	S	S	S	S	S	P	P	P	P	P	P	P	P
YDL042C	P	P	P	P	P	P	P	P	P	P	P	P	P	P	P	P	P	P	P	P
YJL115W	S	S	S	S	S	S	S	S	S	S	S	S	P	P	P	P	P	P	P	P
YDR082W	S	S	S	S	S	S	S	S	S	S	S	S	P	P	P	P	P	P	P	P
YBR088C	S	S	S	S	S	S	S	S	S	S	S	S	P	P	P	P	P	P	P	P
YDR458C	P	P	P	P	P	P	P	P	P	P	P	P	P	P	P	P	P	P	P	P
YOR304W	S	S	S	S	S	S	S	S	S	S	S	S	P	P	P	P	P	P	P	P
YMR127C	S	S	S	S	S	S	S	S	S	S	S	S	P	P	P	P	P	P	P	P
YIL009C-A	S	S	S	S	S	S	S	S	S	S	S	S	P	P	P	P	L	P	P	P
YBL032W	S	S	S	P	P	P	P	P	P	P	P	S	P	P	P	P	P	P	P	P
YGL133W	S	S	S	P	P	P	P	S	P	P	P	P	P	P	P	P	P	P	P	P
YGL133W	S	S	S	P	P	P	P	S	P	P	P	P	P	P	P	P	P	P	P	P
YLL022C	S	S	S	S	S	S	S	S	S	S	S	S	P	P	P	P	P	P	P	P
YML062C	S	S	S	S	S	S	S	S	S	S	S	S	P	P	P	P	P	P	P	P
YML036W	S	S	S	S	S	S	S	S	S	S	S	S	P	P	P	P	P	P	P	P
YOR025W	S	S	P	S	S	S	S	S	S	S	S	S	P	P	P	P	P	P	P	P
YKL057C	S	S	S	S	S	S	S	S	S	S	S	S	P	P	P	P	P	P	P	P
YDR181C	S	S	S	S	S	S	S	S	S	S	S	S	P	P	P	P	P	P	P	P
