Gene ID	V.polysp	T.phaffi	T.blatta	N.dairen	N.castel	K.nagani	K.africa	C.glabra	S.uvarum	S.kudria	S.mikata	S.cerevi	Z.rouxii	T.delbru	K.lactis	E.gossyp	E.cymbal	L.kluyve	L.thermo	L.waltii
YDR439W	S	S	S	S	S	S	S	S	S	S	S	S	P	P	P	P	P	P	P	P
YIL126W	S	S	S	D	S	S	S	S	S	S	S	S	P	P	P	P	P	P	P	P
YAL019W	S	S	S	S	S	S	S	S	S	S	S	S	P	P	P	P	P	P	P	P
YIL144W	S	S	S	S	S	S	S	S	S	S	S	S	P	P	P	P	P	P	P	P
YIL026C	S	S	S	S	S	S	S	S	S	S	S	S	P	P	P	P	P	P	P	P
YAL034W-A	S	S	S	S	S	S	S	S	S	S	S	S	P	P	P	P	P	P	P	P
YBL034C	S	S	S	S	S	S	S	S	S	S	S	S	P	P	P	P	P	P	P	P
YLR045C	S	S	S	S	S	S	S	S	S	S	S	S	P	P	P	P	P	P	P	P
YCR086W	S	S	S	S	S	S	S	S	S	S	S	S	P	P	P	P	P	P	P	P
YGL113W	S	S	S	S	S	S	S	S	S	S	S	S	P	P	P	P	P	P	P	P
YDR180W	S	S	S	S	S	S	S	S	S	S	S	S	P	P	P	P	P	P	P	P
YER116C	S	S	S	S	S	S	S	S	S	S	S	S	P	P	P	P	P	P	P	P
YJR060W	S	S	S	S	S	S	S	S	S	S	S	S	P	P	P	P	P	P	P	P
YKR101W	D	D	D	D	D	D	S	D	S	S	S	S	L	L	L	L	L	L	L	L
YIL106W	S	S	S	S	S	S	S	S	S	S	S	S	P	P	P	P	P	P	P	P
YOL069W	S	S	S	S	S	S	S	S	S	S	S	S	P	P	P	P	P	P	P	P
YOR014W	S	S	P	S	S	S	S	S	S	S	S	S	P	P	P	P	P	P	P	P
YGR270W	S	S	S	S	S	S	S	S	S	S	S	S	P	P	P	P	P	P	P	P
YER018C	S	S	S	S	S	S	S	S	S	S	S	S	P	P	P	P	P	P	P	P
YGR252W	S	S	S	D	S	S	S	S	S	S	S	S	P	P	P	P	P	P	P	P
YOR060C	S	S	S	S	S	S	S	S	S	S	S	S	P	P	P	P	P	P	P	P
YPL233W	S	S	S	S	S	S	S	S	S	S	S	S	P	P	P	P	P	P	P	P
YDR201W	S	S	S	S	S	S	S	S	S	S	S	S	P	P	P	P	P	P	P	P
YHR166C	S	S	S	S	S	S	S	S	S	S	S	S	P	P	P	P	P	P	P	P
YKR083C	S	S	S	S	S	S	S	S	S	S	S	S	P	P	P	P	P	P	P	P
YBR233W-A	S	S	S	S	S	S	S	S	S	S	S	S	P	P	P	P	P	P	P	P
YPR007C	S	S	S	S	S	S	S	S	S	S	S	S	P	P	P	P	P	P	P	P
YDR254W	S	S	S	D	D	S	S	S	S	S	S	S	P	P	P	P	P	P	P	P
YMR168C	S	S	S	S	S	S	S	S	S	S	S	S	P	P	P	P	P	P	P	P
YMR094W	S	S	S	S	S	S	S	S	S	S	S	S	P	P	P	P	P	P	P	P
YKL049C	S	S	S	S	S	S	S	S	S	S	S	S	P	P	P	P	P	P	P	P
YDR320C-A	S	S	S	S	S	S	S	S	S	S	S	S	P	P	P	P	P	P	P	P
YDR383C	S	S	S	D	D	S	S	S	S	S	S	S	P	P	P	L	L	P	P	P
YLR381W	S	S	S	S	S	S	S	S	S	S	S	S	P	P	P	P	P	P	P	P
YBR156C	S	S	S	S	S	S	S	S	S	S	S	S	P	P	P	P	P	P	P	P
YLR175W	S	S	S	S	S	S	S	S	S	S	S	S	P	P	P	P	P	P	P	P
YMR117C	S	S	S	S	S	S	S	S	S	S	S	S	P	P	P	P	P	P	P	P
YGL061C	S	S	S	S	S	S	S	S	S	S	S	S	P	P	P	P	P	P	P	P
YDR532C	S	S	S	S	S	S	S	S	S	S	S	S	P	P	P	P	L	P	P	P
YKL138C-A	S	S	S	S	S	S	S	S	S	S	S	S	P	P	P	P	P	P	P	P
YJR112W	S	S	S	S	S	S	S	S	S	S	S	S	P	P	P	P	P	P	P	P
YDL003W	S	S	S	S	S	S	S	S	S	S	S	S	P	P	P	P	P	P	P	L
YCL016C	S	S	S	S	S	S	S	S	S	S	S	S	P	P	P	P	P	P	P	P
YPR018W	S	S	S	S	S	S	S	S	S	S	S	S	P	P	P	P	P	P	P	P
YBR107C	S	S	S	D	D	S	S	S	S	S	S	S	P	P	L	L	L	P	P	P
YGR063C	S	S	S	S	S	S	S	S	S	S	S	S	P	P	P	P	P	P	P	P
YDR285W	S	S	S	S	S	S	S	S	S	S	S	S	P	P	P	P	P	P	P	P
YGL093W	S	S	S	S	S	S	S	S	S	S	S	S	P	P	P	P	P	P	P	P
YFR046C	S	S	D	S	S	S	S	S	S	S	S	S	P	P	P	P	P	P	P	P
YLR315W	S	S	D	D	D	S	S	S	S	S	S	S	P	P	P	L	L	P	P	P
YDR318W	S	S	S	S	S	S	S	S	S	S	S	S	P	P	P	P	P	P	P	P
YOL054W	S	S	S	S	S	S	S	S	S	S	S	S	P	P	P	P	P	P	P	P
YPL209C	S	S	S	S	S	S	S	S	S	S	S	S	P	P	P	P	P	P	P	P
YGR179C	S	S	S	S	S	S	S	S	S	S	S	S	P	P	P	P	P	P	P	P
YKL052C	S	S	S	S	S	S	S	S	S	S	S	S	P	P	P	P	P	P	P	P
YPR046W	S	S	S	S	S	S	S	S	S	S	S	S	P	P	P	P	P	P	P	P
YBL008W	S	S	S	S	S	S	S	S	S	S	S	S	P	P	P	P	P	P	P	P
YKR037C	S	S	S	S	S	S	S	S	S	S	S	S	P	P	P	P	P	P	P	P
YML102W	S	S	S	S	S	S	S	S	S	S	S	S	P	P	P	P	P	P	P	P
YGR113W	S	S	S	S	S	S	S	S	S	S	S	S	P	P	P	P	P	P	P	P
YOR073W	S	S	S	S	S	S	S	S	S	S	S	S	P	P	P	P	P	P	P	P
YKL089W	S	S	S	S	P	S	S	S	S	S	S	S	P	P	P	P	P	P	P	P
YPL268W	S	S	S	S	S	S	S	S	S	S	S	S	P	P	P	P	P	P	P	P
YDR328C	S	S	S	S	S	S	S	S	S	S	S	S	P	P	P	P	P	P	P	P
YIR010W	S	S	S	S	S	S	S	S	S	S	S	S	P	P	P	P	P	P	P	P
YGR140W	S	S	S	S	S	S	S	S	S	S	S	S	P	P	P	P	P	P	P	P
YOR195W	S	S	S	S	S	S	S	S	S	S	S	S	P	P	P	P	P	P	P	P
YJR135C	S	S	S	S	S	S	S	S	S	S	S	S	P	P	P	P	P	P	P	P
YLL002W	S	S	S	S	S	S	S	S	S	S	S	S	P	P	P	P	P	P	P	P
YDL017W	S	S	S	S	S	S	S	S	S	S	S	S	P	P	P	P	P	P	P	P
YDL013W	S	S	S	S	S	S	S	S	S	S	S	S	P	P	P	P	L	P	P	P
YPL204W	P	P	P	P	P	P	P	S	S	S	S	S	P	P	P	P	P	P	P	P
YDR016C	S	S	S	S	S	S	S	S	S	S	S	S	P	P	P	P	P	P	P	P
YDR374W-A	D	S	D	S	S	D	D	S	S	S	S	S	P	P	P	P	L	P	P	P
YDR052C	S	S	P	P	P	P	P	S	S	S	S	S	P	P	P	P	P	P	P	P
YBR211C	S	S	S	S	S	S	S	S	S	S	S	S	P	P	P	P	P	P	P	P
YPL018W	S	S	S	S	S	S	S	S	S	S	S	S	P	P	P	P	P	P	P	P
