Gene ID	V.polysp	T.phaffi	T.blatta	N.dairen	N.castel	K.nagani	K.africa	C.glabra	S.uvarum	S.kudria	S.mikata	S.cerevi	Z.rouxii	T.delbru	K.lactis	E.gossyp	E.cymbal	L.kluyve	L.thermo	L.waltii
YLL032C	S	S	S	S	S	S	S	S	S	S	S	S	P	P	P	P	P	P	P	P
YHR064C	P	P	S	S	S	S	S	S	S	S	S	S	P	P	P	P	P	P	P	P
YNL210W	S	D	S	S	S	S	S	D	S	S	S	S	P	P	P	P	P	P	P	P
YER176W	S	S	S	S	S	D	S	S	S	S	S	S	P	P	L	P	L	P	P	P
YMR080C	S	S	S	S	S	S	S	S	S	S	S	S	P	P	P	P	P	P	P	P
YCL037C	P	P	S	P	S	S	S	P	P	P	P	P	P	P	P	P	P	P	P	L
YLR150W	P	P	S	S	S	S	S	S	S	S	S	S	P	P	P	P	P	P	P	P
YCL037C	P	P	S	P	S	S	S	P	P	P	P	P	P	P	P	P	P	P	P	L
YGR285C	S	S	S	S	S	S	S	S	S	S	S	S	P	P	P	P	L	P	P	P
YDR453C	P	S	S	P	P	S	P	P	P	P	P	P	P	P	P	P	P	P	P	P
YDL229W	P	P	S	P	P	S	P	P	P	P	P	P	P	P	P	P	P	P	P	P
YAL005C	D	D	D	D	D	D	D	D	S	S	S	S	L	L	L	L	L	L	L	L
YDR152W	S	S	S	S	S	S	S	S	S	S	S	S	P	P	P	P	P	P	P	P
YAL036C	S	P	S	S	S	S	S	S	S	S	S	S	P	P	P	P	P	P	P	P
YOR046C	S	S	S	S	S	S	S	S	S	S	S	S	P	P	P	P	P	P	P	P
YHR077C	S	S	S	S	S	S	S	S	S	S	S	S	P	P	P	P	P	P	P	P
YDL229W	P	P	S	P	P	S	P	P	P	P	P	P	P	P	P	P	P	P	P	P
YNL085W	S	S	S	S	S	S	S	S	S	S	S	S	P	P	P	P	P	P	P	P
YGR072W	S	S	S	S	S	S	S	S	S	S	S	S	P	P	P	P	L	P	P	P
YGL195W	P	S	S	S	S	S	S	S	S	S	S	S	P	P	P	P	P	P	P	P
YOR198C	P	P	P	P	S	S	S	S	S	S	S	S	P	P	P	P	P	P	P	P
YKL204W	P	P	S	S	S	S	S	S	S	S	S	S	P	P	P	P	P	P	P	P
YPR163C	S	S	P	S	S	S	S	S	S	S	S	S	P	P	P	P	P	P	P	P
YGR178C	S	S	S	S	S	S	S	S	S	S	S	S	P	P	P	P	P	P	P	P
YJL080C	P	P	P	S	S	S	S	S	S	S	S	S	P	P	P	P	P	P	P	P
YMR125W	S	P	S	P	P	S	P	S	S	S	S	S	P	P	P	P	P	P	P	P
YLL024C	S	S	S	S	S	S	S	S	S	S	S	S	P	P	P	P	P	P	P	P
YPL226W	S	S	S	S	S	S	S	S	S	S	S	S	P	P	P	P	P	P	P	P
YGR078C	S	S	S	S	S	S	S	S	S	S	S	S	P	P	P	P	P	P	P	P
YBR169C	P	P	P	P	P	S	S	S	P	P	P	P	P	P	P	P	L	P	P	P
