Gene ID	V.polysp	T.phaffi	T.blatta	N.dairen	N.castel	K.nagani	K.africa	C.glabra	S.uvarum	S.kudria	S.mikata	S.cerevi	Z.rouxii	T.delbru	K.lactis	E.gossyp	E.cymbal	L.kluyve	L.thermo	L.waltii
YOR237W	P	P	P	P	P	P	P	P	P	P	P	P	P	P	P	P	P	P	P	P
YJL204C	S	S	S	S	S	S	S	S	S	S	S	S	P	P	P	P	P	P	P	P
YAL016W	P	P	S	S	S	S	S	P	S	S	S	S	P	P	P	P	P	P	P	P
YCL025C	P	P	S	P	P	P	P	P	P	P	P	P	P	P	P	P	P	P	P	P
YOR264W	S	S	S	S	S	S	S	S	S	S	S	S	P	P	P	L	L	P	P	P
YNL152W	S	S	S	S	S	S	S	S	S	S	S	S	P	P	P	P	P	P	P	P
YIL117C	P	P	S	P	P	S	P	S	P	P	P	P	P	P	P	P	P	P	P	P
YBL037W	S	S	S	S	S	S	S	S	S	S	S	S	P	P	P	P	P	P	P	P
YCL024W	S	S	S	S	S	S	S	S	P	P	P	P	P	P	P	P	P	P	P	P
YJL187C	S	S	S	S	S	S	S	S	S	S	S	S	P	P	P	P	P	P	P	P
YOR231W	S	S	S	S	P	S	S	S	P	P	P	P	P	P	P	P	P	P	P	P
YPR188C	S	S	S	S	S	S	S	S	S	S	S	S	P	P	P	P	P	P	P	P
YGR108W	S	P	P	P	P	P	P	P	P	P	P	P	P	P	P	P	P	P	P	P
YGR041W	P	P	P	P	P	P	P	P	P	P	P	P	P	P	P	P	P	P	P	P
YBR160W	S	S	S	S	S	S	S	S	S	S	S	S	P	P	P	P	P	P	P	P
YNL304W	S	S	S	S	S	S	S	S	S	S	S	S	P	P	P	P	P	P	P	P
YPR171W	S	S	S	S	S	S	S	S	S	S	S	S	P	P	P	P	P	P	P	P
YPR122W	S	S	S	S	S	S	S	S	S	S	S	S	P	P	P	P	P	P	P	P
YOR093C	S	S	S	S	S	S	S	S	S	S	S	S	P	P	P	P	P	P	P	P
YJR005W	S	S	S	S	S	S	S	S	S	S	S	S	P	P	P	P	P	P	P	P
YKR048C	S	S	S	S	S	S	S	S	S	S	S	S	P	P	P	P	P	P	P	P
YIL068C	S	S	S	S	S	S	S	S	S	S	S	S	P	P	P	P	P	P	P	P
YBR071W	S	S	D	S	S	S	S	S	S	S	S	S	P	P	P	L	P	P	P	P
YKL126W	P	P	S	P	P	S	S	P	P	P	P	P	P	P	P	P	L	P	P	P
YDR069C	S	S	S	P	P	P	S	P	P	P	P	P	P	P	P	P	P	P	P	P
YGR032W	P	P	P	P	P	P	P	P	P	P	P	P	P	P	P	P	P	P	P	P
YLR425W	S	S	S	S	S	S	S	S	S	S	S	S	P	P	P	P	P	P	P	P
YIR019C	D	D	D	D	D	D	D	D	S	S	S	S	L	L	L	L	L	L	L	L
YOR231W	S	S	S	S	P	S	S	S	P	P	P	P	P	P	P	P	P	P	P	P
YBR059C	P	P	P	S	S	P	P	P	S	S	S	S	P	P	P	P	P	P	P	P
YLR190W	P	P	P	P	P	S	S	S	S	S	S	S	P	P	P	P	P	P	P	P
YIL159W	S	S	S	S	S	S	S	S	S	S	S	S	P	P	P	P	P	P	P	P
YOR008C	S	S	S	S	S	S	S	S	S	S	S	S	P	P	P	P	P	P	P	P
YGR152C	S	S	S	S	S	S	S	S	S	S	S	S	P	P	P	P	P	P	P	P
YER031C	S	S	S	S	S	S	S	P	P	P	P	P	P	P	P	P	P	P	P	P
YBL106C	S	S	P	S	S	P	S	S	P	P	P	P	P	P	P	P	P	P	P	P
YJR092W	P	S	S	P	P	P	P	S	S	S	S	S	P	P	P	P	P	P	P	P
YLL021W	P	P	S	P	P	P	P	P	P	P	P	P	P	P	P	P	P	P	P	P
YIL117C	P	P	S	P	P	S	P	S	P	P	P	P	P	P	P	P	P	P	P	P
YDR122W	S	S	S	P	P	P	P	P	P	P	P	P	P	P	P	P	P	P	P	P
YBR023C	P	P	S	S	S	P	P	P	S	S	S	S	P	P	P	P	P	P	P	P
YBL007C	S	S	S	S	S	S	S	S	S	S	S	S	P	P	P	P	P	P	P	P
YIL106W	S	S	S	S	S	S	S	S	S	S	S	S	P	P	P	P	P	P	P	P
YOR014W	S	S	P	S	S	S	S	S	S	S	S	S	P	P	P	P	P	P	P	P
YBL060W	S	S	S	S	S	S	S	D	S	S	S	S	P	P	P	P	P	P	P	P
YDL135C	S	S	S	S	S	S	S	S	S	S	S	S	P	P	P	P	P	P	P	P
YAL030W	S	S	P	S	S	S	S	P	P	P	P	P	P	P	P	P	P	P	P	P
YCR002C	S	S	S	S	S	S	S	S	S	S	S	S	P	P	P	P	P	P	P	P
YER149C	S	S	S	S	S	S	S	S	S	S	S	S	P	P	P	P	P	P	P	P
YKL007W	S	S	S	S	S	S	S	S	S	S	S	S	P	P	P	P	P	P	P	P
YGR092W	S	S	S	P	P	S	S	P	P	P	P	P	P	P	P	P	P	P	P	P
YGL106W	S	S	S	S	S	S	S	S	S	S	S	S	P	P	P	P	P	P	P	P
YAL029C	S	S	S	P	P	P	P	P	P	P	P	P	P	P	P	P	P	P	P	P
YGR032W	P	P	P	P	P	P	P	P	P	P	P	P	P	P	P	P	P	P	P	P
YDL019C	P	P	P	P	P	P	P	P	P	P	P	P	P	P	P	P	P	P	P	P
YKL048C	S	S	S	S	S	S	S	S	S	S	S	S	P	P	P	P	P	P	P	P
YGR241C	S	S	S	P	P	P	P	P	P	P	P	P	P	P	P	P	P	P	P	P
YLR187W	S	S	S	P	P	P	P	S	P	P	P	P	P	P	P	P	P	P	P	P
YDR166C	S	S	S	S	S	S	S	S	S	S	S	S	P	P	P	P	P	P	P	P
YPL116W	S	S	S	S	S	S	S	S	S	S	S	S	P	P	P	P	P	P	P	P
YNR067C	D	D	D	D	D	D	D	D	S	S	S	S	L	L	L	L	L	L	L	L
YOR188W	P	P	P	S	S	S	S	S	S	S	S	S	P	P	P	P	P	P	P	P
YFL047W	S	S	S	S	S	S	S	S	S	S	S	S	P	P	P	P	P	P	P	P
YDL146W	S	S	S	S	S	S	S	S	S	S	S	S	P	P	P	P	P	P	P	P
YCR017C	S	S	S	S	S	S	S	S	S	S	S	S	P	P	P	P	P	P	P	P
YLR114C	S	S	S	S	S	S	S	S	S	S	S	S	P	P	P	P	P	P	P	P
YDR093W	S	S	P	P	P	P	P	P	P	P	P	P	P	P	P	P	P	P	P	P
YER118C	S	S	S	S	S	S	S	S	S	S	S	S	P	P	P	P	P	P	P	P
YAR019C	S	S	S	S	S	S	S	S	S	S	S	S	P	P	P	P	P	P	P	P
YNL272C	S	S	S	S	S	S	S	S	S	S	S	S	P	P	P	P	P	P	P	P
YIL140W	S	S	S	S	S	S	S	S	S	S	S	S	P	P	P	P	P	P	P	P
YOR104W	S	S	D	S	S	S	S	S	S	S	S	S	P	P	P	P	P	P	P	P
YLR337C	S	S	S	S	S	S	S	S	S	S	S	S	P	P	P	P	P	P	P	P
YLR319C	S	S	S	S	S	S	S	S	S	S	S	S	P	P	P	P	P	P	P	P
YFR024C-A	S	P	P	P	P	P	P	P	P	P	P	P	P	P	P	P	P	P	P	P
YBR038W	S	S	S	S	S	S	S	S	S	S	S	S	P	P	P	P	L	P	P	P
YMR192W	S	S	S	P	P	P	P	P	P	P	P	P	P	P	P	P	P	P	P	P
YNR049C	S	S	S	S	S	S	S	S	S	S	S	S	P	P	P	P	P	P	P	P
YDR409W	P	P	S	P	P	P	P	P	P	P	P	P	P	P	P	P	P	P	P	P
YJL095W	S	S	S	S	S	S	S	S	S	S	S	S	P	P	P	P	P	P	P	P
YBR200W	S	P	P	S	S	S	S	S	S	S	S	S	P	P	P	P	P	P	P	P
YBL091C-A	P	P	P	S	S	P	P	P	P	P	P	P	P	P	P	P	P	P	P	P
YER033C	S	S	S	S	S	S	S	S	S	S	S	S	P	P	P	P	L	P	P	P
YBL047C	P	P	S	S	S	P	P	S	S	S	S	S	P	P	P	P	P	P	P	P
YGR143W	S	P	P	P	P	P	P	P	P	P	P	P	P	P	P	P	P	P	P	P
YGR009C	P	S	P	P	P	S	P	S	S	S	S	S	P	P	P	P	P	P	P	P
YNL233W	S	S	P	S	S	S	S	S	S	S	S	S	P	P	P	P	L	P	P	P
YDL225W	S	S	P	S	S	S	S	S	S	S	S	S	P	P	P	P	P	P	P	P
YNL293W	P	P	P	P	P	P	P	S	P	P	P	P	P	P	P	P	L	P	P	P
YLR166C	S	S	S	S	S	S	S	S	S	S	S	S	P	P	P	P	P	P	P	P
YER008C	S	S	P	S	S	S	S	S	S	S	S	S	P	P	P	P	P	P	P	P
YBL085W	P	P	P	P	P	P	P	P	P	P	P	P	P	P	P	P	P	P	P	P
YDL161W	S	S	P	S	S	P	P	S	P	P	P	P	P	P	P	P	P	P	P	P
YGR221C	P	P	S	S	P	P	S	P	P	P	P	P	P	P	P	P	P	P	P	P
YOR233W	P	P	P	P	P	P	P	P	P	P	P	P	P	P	P	P	P	P	P	P
YDR093W	S	S	P	P	P	P	P	P	P	P	P	P	P	P	P	P	P	P	P	P
YOL070C	P	P	P	S	S	P	P	S	S	S	S	S	P	P	P	P	L	P	P	P
YOR304C-A	S	S	S	S	S	S	S	S	S	S	S	S	P	P	P	P	P	P	P	P
YGL181W	S	S	S	S	P	P	P	S	S	S	S	S	P	P	P	P	P	P	P	P
YLR314C	S	S	S	S	S	S	S	S	S	S	S	S	P	P	P	P	P	P	P	P
YDR251W	P	P	P	P	P	P	P	P	P	P	P	P	P	P	P	P	P	P	P	P
YLR194C	S	S	S	S	S	S	S	S	S	S	S	S	P	P	P	P	P	P	P	P
YHR135C	S	S	S	P	P	P	P	P	P	P	P	P	P	P	P	P	L	P	P	P
YGR241C	S	S	S	P	P	P	P	P	P	P	P	P	P	P	P	P	P	P	P	P
YFL034C-B	S	S	S	S	S	S	S	S	S	S	S	S	P	P	P	P	P	P	P	P
YNL078W	D	S	D	S	S	S	S	S	S	S	S	S	P	P	P	P	P	P	P	P
YER133W	S	S	S	S	S	S	S	S	S	S	S	S	P	P	P	P	P	P	P	P
YKR090W	S	S	S	P	P	P	P	S	S	S	S	S	P	P	P	P	P	P	P	P
YJL085W	S	S	S	S	S	S	S	S	S	S	S	S	P	P	P	P	P	P	P	P
YOR094W	S	S	S	S	S	S	S	D	S	S	S	S	P	P	P	P	P	P	P	P
YKR055W	S	S	S	S	S	S	S	S	S	S	S	S	P	P	P	P	L	P	P	P
YCR073C	S	S	S	S	P	P	P	S	P	P	P	P	P	P	P	P	P	P	P	P
YGL139W	S	P	P	P	P	P	P	P	P	P	P	P	P	P	P	P	P	P	P	P
YDR379W	P	P	P	P	S	P	P	P	P	P	P	P	P	P	P	P	P	P	P	P
YML109W	P	P	P	S	S	S	P	P	P	P	P	P	P	P	P	P	P	P	P	P
YPL031C	S	S	S	S	S	S	S	S	S	S	S	S	P	P	P	P	P	P	P	P
YGL233W	S	S	S	S	S	S	S	S	S	S	S	S	P	P	P	P	P	P	P	P
YOL007C	S	S	S	S	S	S	S	S	S	S	S	S	P	P	L	P	P	P	P	P
YER032W	S	S	S	S	S	S	S	S	S	S	S	S	P	P	P	P	P	P	P	P
YDR164C	S	S	S	S	S	S	S	S	S	S	S	S	P	P	P	P	P	P	P	P
YBR109C	S	S	P	S	P	P	P	S	S	S	S	S	P	P	P	P	P	P	P	P
YDL025C	S	S	S	S	S	S	S	S	S	S	S	S	P	P	P	P	P	P	P	P
YMR001C	P	P	S	S	S	P	P	S	S	S	S	S	P	P	P	P	P	P	P	P
YAR014C	S	S	P	S	S	S	S	S	S	S	S	S	P	P	P	P	P	P	P	P
YDR218C	S	S	S	S	S	S	S	S	S	S	S	S	P	L	P	P	P	P	L	L
YCL024W	S	S	S	S	S	S	S	S	P	P	P	P	P	P	P	P	P	P	P	P
YDR309C	S	P	S	P	P	P	P	P	P	P	P	P	P	P	P	P	P	P	P	P
YGR238C	P	P	S	S	S	S	S	P	P	P	P	P	P	P	P	P	P	P	P	P
YNL293W	P	P	P	P	P	P	P	S	P	P	P	P	P	P	P	P	L	P	P	P
YDR309C	S	P	S	P	P	P	P	P	P	P	P	P	P	P	P	P	P	P	P	P
YLR031W	P	P	S	S	S	P	P	S	P	P	P	P	P	P	P	P	L	P	P	P
YBR102C	S	S	S	S	S	S	S	S	S	S	S	S	P	P	P	P	P	P	P	P
YDL179W	P	P	P	P	P	S	S	P	P	P	P	P	P	P	P	P	P	P	P	P
YLR084C	S	S	S	S	S	S	S	S	S	S	S	S	P	P	P	P	P	P	P	P
YPR165W	P	S	P	P	P	S	P	S	S	S	S	S	P	P	L	P	P	P	P	P
YBL031W	D	S	S	S	S	S	S	S	S	S	S	S	P	P	P	P	P	P	P	P
YGR059W	S	S	S	S	S	S	S	S	S	S	S	S	P	L	P	P	P	P	L	L
YGL190C	S	S	S	P	P	S	S	S	S	S	S	S	P	P	P	P	P	P	P	P
YLR229C	S	S	P	S	S	S	S	S	S	S	S	S	P	P	P	P	P	P	P	P
YBR017C	S	S	S	S	S	S	S	S	S	S	S	S	P	P	P	P	P	P	P	P
YKL092C	S	S	S	S	S	S	S	S	S	S	S	S	P	P	P	P	L	P	P	P
YJR076C	S	S	S	S	S	S	S	S	S	S	S	S	P	P	P	P	P	P	P	P
YNL271C	S	S	S	S	S	S	S	S	S	S	S	S	P	P	P	P	P	P	P	P
YGR221C	P	P	S	S	P	P	S	P	P	P	P	P	P	P	P	P	P	P	P	P
YKL101W	S	S	S	S	S	S	S	S	S	S	S	S	P	P	P	P	P	P	P	P
YGR058W	S	S	S	S	S	S	S	S	S	S	S	S	P	P	P	P	L	P	P	P
YDR251W	P	P	P	P	P	P	P	P	P	P	P	P	P	P	P	P	P	P	P	P
YFL005W	S	S	S	S	P	P	P	S	S	S	S	S	P	P	P	P	P	P	P	P
YNL166C	S	S	S	S	S	S	S	S	S	S	S	S	P	P	P	P	P	P	P	P
YBR133C	S	S	S	S	S	S	S	S	S	S	S	S	P	P	P	P	P	P	P	P
YBL085W	P	P	P	P	P	P	P	P	P	P	P	P	P	P	P	P	P	P	P	P
YJR058C	S	S	S	S	S	S	S	S	S	S	S	S	P	P	P	P	P	P	P	P
YCR038C	S	S	S	S	S	S	S	S	S	S	S	S	P	P	P	P	P	P	P	P
YPL242C	S	S	S	S	S	S	S	S	S	S	S	S	P	P	P	P	P	P	P	P
YPL158C	S	S	S	S	S	S	S	S	S	S	S	S	P	P	P	P	P	P	P	P
YGR092W	S	S	S	P	P	S	S	P	P	P	P	P	P	P	P	P	P	P	P	P
YNL289W	S	S	P	P	P	S	P	S	S	S	S	S	P	P	P	P	P	P	P	P
YGR040W	S	S	S	S	S	S	S	S	S	S	S	S	P	P	P	P	P	P	P	P
YER124C	S	S	D	S	S	S	S	S	S	S	S	S	P	P	P	P	P	P	P	P
YDL117W	S	S	S	S	S	S	S	S	S	S	S	S	P	P	P	P	P	P	P	P
YPL066W	S	S	S	S	S	S	S	S	S	S	S	S	P	P	P	P	P	P	P	P
YOR129C	S	S	P	S	S	S	D	D	S	S	S	S	P	P	P	P	L	P	P	P
YFR028C	S	S	S	P	P	S	S	S	S	S	S	S	P	P	P	P	P	P	P	P
YGR238C	P	P	S	S	S	S	S	P	P	P	P	P	P	P	P	P	P	P	P	P
YBL105C	S	S	S	S	S	S	S	S	S	S	S	S	P	P	P	P	P	P	P	P
YAL041W	S	S	S	S	S	S	S	S	S	S	S	S	P	P	P	P	P	P	P	P
YMR032W	S	S	P	S	S	S	S	S	S	S	S	S	P	P	P	P	P	P	P	P
YHR114W	S	S	S	S	S	S	S	S	S	S	S	S	P	P	P	P	P	P	P	P
YIR006C	S	S	S	P	P	S	S	S	S	S	S	S	P	P	P	P	P	P	P	P
YPR055W	S	S	P	S	S	S	S	S	S	S	S	S	P	P	P	P	P	P	P	P
YDL240W	S	S	S	S	S	S	S	S	S	S	S	S	P	P	P	P	P	P	P	P
YKL079W	S	S	P	S	P	P	S	S	S	S	S	S	P	P	L	P	P	P	L	L
YHR030C	S	P	P	P	P	S	P	S	P	P	S	P	P	P	P	P	P	P	P	P
YGR229C	S	S	S	S	S	S	S	S	S	S	S	S	P	P	P	P	P	P	P	P
YDL179W	P	P	P	P	P	S	S	P	P	P	P	P	P	P	P	P	P	P	P	P
YCL014W	S	S	S	S	S	S	S	S	S	S	S	S	P	P	P	P	P	P	P	P
YMR034C	S	S	D	S	S	S	D	S	S	S	S	S	P	P	P	P	P	P	P	P
YNL161W	S	S	S	S	S	S	S	S	S	S	S	S	P	P	P	P	P	P	P	P
YHR107C	S	S	S	S	S	S	S	P	S	S	S	S	P	P	P	P	L	P	P	P
YBL061C	P	P	S	S	S	S	S	S	P	P	P	P	P	P	P	P	P	P	P	P
YHR142W	S	S	S	S	S	S	S	S	S	S	S	S	P	P	P	P	P	P	P	P
YDR348C	P	P	S	S	P	P	P	S	P	P	P	P	P	P	P	P	P	P	P	P
YPL204W	P	P	P	P	P	P	P	S	S	S	S	S	P	P	P	P	P	P	P	P
YMR192W	S	S	S	P	P	P	P	P	P	P	P	P	P	P	P	P	P	P	P	P
YCR030C	P	P	P	S	S	S	S	P	S	S	S	S	P	P	P	P	P	P	P	P
YML109W	P	P	P	S	S	S	P	P	P	P	P	P	P	P	P	P	P	P	P	P
YCL051W	S	S	S	P	P	S	S	S	P	P	P	P	P	P	P	P	P	P	P	P
YNL243W	S	S	S	S	S	S	S	S	S	S	S	S	P	P	P	L	L	P	P	P
YLR187W	S	S	S	P	P	P	P	S	P	P	P	P	P	P	P	P	P	P	P	P
YOR301W	S	S	S	S	S	S	S	S	S	S	S	S	P	P	P	P	P	P	P	P
YHR023W	S	S	S	S	S	S	S	S	S	S	S	S	P	P	P	P	P	P	P	P
YDR293C	P	P	P	S	S	S	S	S	S	S	S	S	P	P	P	P	P	P	P	P
YJL128C	P	P	S	S	S	S	S	S	S	S	S	S	P	P	P	P	P	P	P	P
YLR286C	S	P	S	S	S	S	S	S	S	S	S	S	P	P	P	L	P	P	P	P
