Gene ID	V.polysp	T.phaffi	T.blatta	N.dairen	N.castel	K.nagani	K.africa	C.glabra	S.uvarum	S.kudria	S.mikata	S.cerevi	Z.rouxii	T.delbru	K.lactis	E.gossyp	E.cymbal	L.kluyve	L.thermo	L.waltii
YOL048C	S	S	S	S	S	S	S	S	S	S	S	S	P	P	P	P	P	P	P	P
YDR523C	S	S	S	S	S	S	S	S	S	S	S	S	P	P	P	P	P	P	P	P
YLR054C	P	S	S	D	S	S	S	S	S	S	S	S	P	P	P	P	P	P	P	P
YGL015C	D	D	D	D	D	D	D	D	S	S	S	S	L	L	L	L	L	L	L	L
YHR184W	S	S	S	S	S	S	S	S	S	S	S	S	P	P	P	P	L	P	P	P
YMR017W	D	D	D	D	D	D	D	D	S	S	S	S	L	L	L	L	L	L	L	L
YAL018C	P	P	D	S	S	S	S	S	P	P	P	S	P	P	L	P	P	P	P	P
YIL068C	S	S	S	S	S	S	S	S	S	S	S	S	P	P	P	P	P	P	P	P
YBR180W	S	S	S	S	S	S	S	S	S	S	S	S	P	P	P	P	P	P	P	P
YLR300W	P	P	P	P	P	P	P	P	P	P	P	P	P	P	P	P	P	P	P	P
YPR036W-A	S	S	S	P	S	S	S	S	S	S	S	S	P	P	P	P	P	P	P	P
YBR059C	P	P	P	S	S	P	P	P	S	S	S	S	P	P	P	P	P	P	P	P
YMR183C	S	S	S	P	P	S	S	P	P	P	P	P	P	P	P	P	P	P	P	P
YBR023C	P	P	S	S	S	P	P	P	S	S	S	S	P	P	P	P	P	P	P	P
YAL030W	S	S	P	S	S	S	S	P	P	P	P	P	P	P	P	P	P	P	P	P
YCR002C	S	S	S	S	S	S	S	S	S	S	S	S	P	P	P	P	P	P	P	P
YGR266W	S	S	S	S	S	D	S	S	S	S	S	S	P	P	P	L	L	P	P	P
YGR032W	P	P	P	P	P	P	P	P	P	P	P	P	P	P	P	P	P	P	P	P
YGL138C	S	S	S	S	S	S	S	S	S	S	S	S	P	P	P	P	P	P	P	P
YGR241C	S	S	S	P	P	P	P	P	P	P	P	P	P	P	P	P	P	P	P	P
YDR166C	S	S	S	S	S	S	S	S	S	S	S	S	P	P	P	P	P	P	P	P
YPL116W	S	S	S	S	S	S	S	S	S	S	S	S	P	P	P	P	P	P	P	P
YOL091W	P	S	P	P	P	S	P	S	P	P	P	P	P	P	P	P	P	P	P	P
YLR319C	S	S	S	S	S	S	S	S	S	S	S	S	P	P	P	P	P	P	P	P
YFR023W	P	P	P	P	P	P	P	S	P	P	P	P	P	P	P	P	P	P	P	P
YNR049C	S	S	S	S	S	S	S	S	S	S	S	S	P	P	P	P	P	P	P	P
YDL225W	S	S	P	S	S	S	S	S	S	S	S	S	P	P	P	P	P	P	P	P
YKL096W	S	S	S	S	S	S	S	P	S	S	S	S	P	P	P	P	L	P	P	P
YOR242C	S	S	S	S	S	S	S	S	S	S	S	S	P	P	P	P	P	P	P	P
YDR273W	S	S	S	P	P	S	P	P	P	P	P	P	P	P	P	P	P	P	P	P
YER008C	S	S	P	S	S	S	S	S	S	S	S	S	P	P	P	P	P	P	P	P
YNL019C	D	D	D	D	D	D	D	D	D	D	D	S	L	L	L	L	L	L	L	L
YOR177C	D	S	D	D	D	D	D	D	S	S	S	S	L	P	L	P	P	P	P	P
YER155C	S	S	S	S	S	S	S	S	S	S	S	S	P	P	P	P	P	P	P	P
YLR314C	S	S	S	S	S	S	S	S	S	S	S	S	P	P	P	P	P	P	P	P
YGR241C	S	S	S	P	P	P	P	P	P	P	P	P	P	P	P	P	P	P	P	P
YFR023W	P	P	P	P	P	P	P	S	P	P	P	P	P	P	P	P	P	P	P	P
YLR307W	D	D	D	D	D	D	D	S	S	S	S	S	L	L	L	L	L	L	L	L
YJL085W	S	S	S	S	S	S	S	S	S	S	S	S	P	P	P	P	P	P	P	P
YJR036C	S	S	S	S	S	S	S	S	S	S	S	S	P	L	P	P	P	P	P	P
YKR031C	S	S	S	S	S	S	S	S	S	S	S	S	P	P	P	P	P	P	P	P
YGL233W	S	S	S	S	S	S	S	S	S	S	S	S	P	P	P	P	P	P	P	P
YNL012W	S	D	S	S	S	D	S	S	D	S	S	S	P	P	P	P	P	P	P	P
YDR218C	S	S	S	S	S	S	S	S	S	S	S	S	P	L	P	P	P	P	L	L
YBL061C	P	P	S	S	S	S	S	S	P	P	P	P	P	P	P	P	P	P	P	P
YDL239C	S	S	P	S	P	P	P	P	P	P	P	P	P	P	P	P	P	P	P	P
YBR102C	S	S	S	S	S	S	S	S	S	S	S	S	P	P	P	P	P	P	P	P
YGR059W	S	S	S	S	S	S	S	S	S	S	S	S	P	L	P	P	P	P	L	L
YBR045C	P	P	P	S	S	P	S	S	S	S	S	S	P	P	P	P	P	P	P	P
YKL092C	S	S	S	S	S	S	S	S	S	S	S	S	P	P	P	P	L	P	P	P
YPL027W	D	D	D	D	D	D	D	D	S	S	S	S	L	L	L	L	L	L	L	L
YIL099W	D	S	S	S	S	S	S	S	S	S	S	S	P	P	P	P	P	P	P	P
YJR076C	S	S	S	S	S	S	S	S	S	S	S	S	P	P	P	P	P	P	P	P
YNL271C	S	S	S	S	S	S	S	S	S	S	S	S	P	P	P	P	P	P	P	P
YFL040W	S	S	S	P	S	S	S	S	S	S	S	S	P	P	P	P	P	P	P	P
YER046W	S	S	S	S	S	S	S	D	S	S	S	S	P	P	P	P	P	P	P	P
YJR058C	S	S	S	S	S	S	S	S	S	S	S	S	P	P	P	P	P	P	P	P
YAL030W	S	S	P	S	S	S	S	P	P	P	P	P	P	P	P	P	P	P	P	P
YOL047C	S	S	S	D	S	D	D	S	S	S	S	S	P	P	L	L	L	P	P	L
YGR238C	P	P	S	S	S	S	S	P	P	P	P	P	P	P	P	P	P	P	P	P
YFR032C	S	S	S	S	S	S	S	S	S	S	S	S	P	P	P	P	L	P	P	P
YPR055W	S	S	P	S	S	S	S	S	S	S	S	S	P	P	P	P	P	P	P	P
YLR380W	P	P	P	S	S	S	P	P	S	S	S	S	P	P	P	P	P	P	P	P
YMR183C	S	S	S	P	P	S	S	P	P	P	P	P	P	P	P	P	P	P	P	P
YOL091W	P	S	P	P	P	S	P	S	P	P	P	P	P	P	P	P	P	P	P	P
YNL018C	D	D	D	D	D	D	D	D	D	D	D	S	L	L	L	L	L	L	L	L
YOR255W	S	S	S	S	S	S	S	S	S	S	S	S	P	P	P	P	P	P	P	P
YNL161W	S	S	S	S	S	S	S	S	S	S	S	S	P	P	P	P	P	P	P	P
YHR107C	S	S	S	S	S	S	S	P	S	S	S	S	P	P	P	P	L	P	P	P
YHR142W	S	S	S	S	S	S	S	S	S	S	S	S	P	P	P	P	P	P	P	P
YCR030C	P	P	P	S	S	S	S	P	S	S	S	S	P	P	P	P	P	P	P	P
YBR260C	P	P	P	S	S	S	S	S	S	S	S	S	P	P	P	P	P	P	P	P
YDR104C	S	S	S	S	S	S	S	D	S	S	S	S	P	P	P	P	P	P	P	P
YPL130W	P	P	S	S	S	P	P	S	P	P	P	P	P	P	L	L	L	P	L	L
YLL040C	S	S	P	S	S	S	S	S	S	S	S	S	P	P	P	P	P	P	P	P
YML066C	S	S	S	S	S	S	S	S	S	S	S	S	P	P	P	P	P	P	P	P
