Gene ID	V.polysp	T.phaffi	T.blatta	N.dairen	N.castel	K.nagani	K.africa	C.glabra	S.uvarum	S.kudria	S.mikata	S.cerevi	Z.rouxii	T.delbru	K.lactis	E.gossyp	E.cymbal	L.kluyve	L.thermo	L.waltii
YCL011C	S	S	S	P	P	P	P	P	P	P	P	P	P	P	P	P	P	P	L	P
YGL049C	P	S	P	P	P	P	P	P	P	P	P	P	P	P	P	P	L	P	P	P
YPL009C	S	S	S	S	S	S	S	S	S	S	S	S	P	P	P	P	L	P	P	P
YMR268C	S	S	P	S	S	S	S	S	S	S	S	S	P	P	P	P	P	P	P	P
YDR533C	D	D	D	D	D	D	D	D	P	S	S	S	L	L	L	L	L	L	L	L
YMR012W	S	S	S	S	S	S	S	S	S	S	S	S	P	P	P	P	L	P	P	P
YDR502C	S	S	S	S	P	S	S	P	P	P	P	P	P	P	P	P	P	P	P	P
YBR160W	S	S	S	S	S	S	S	S	S	S	S	S	P	P	P	P	P	P	P	P
YDL160C	S	S	S	S	S	S	S	S	S	S	S	S	P	P	P	P	P	P	P	P
YBR143C	S	S	S	S	S	S	S	S	S	S	S	S	P	P	P	P	P	P	P	P
YBR212W	S	S	S	D	D	D	S	S	S	S	S	S	P	P	P	P	P	P	P	P
YOR303W	S	S	S	S	S	S	S	S	S	S	S	S	P	P	P	P	P	P	P	P
YMR260C	S	S	S	S	S	S	S	S	S	S	S	S	P	P	P	P	P	P	P	P
YHR186C	S	S	S	S	S	S	S	S	S	S	S	S	P	P	P	P	L	P	P	P
YGR250C	S	S	S	S	S	S	S	S	S	S	S	S	L	P	P	P	P	P	P	P
YKL081W	S	S	S	S	S	S	S	S	S	S	S	S	P	P	P	P	P	P	P	P
YOR204W	S	S	P	P	P	P	P	P	P	P	P	P	P	P	P	P	P	P	P	P
YMR246W	P	P	P	P	P	P	P	P	P	P	P	P	P	P	P	P	P	P	P	P
YER176W	S	S	S	S	S	D	S	S	S	S	S	S	P	P	L	P	L	P	P	P
YGR271W	S	S	S	S	S	S	S	S	S	S	S	S	P	P	P	P	P	P	P	P
YDR099W	P	S	P	P	P	P	P	P	P	P	P	P	P	P	P	P	P	P	P	P
YCL037C	P	P	S	P	S	S	S	P	P	P	P	P	P	P	P	P	P	P	P	L
YDR432W	S	S	S	S	S	S	S	S	S	S	S	S	P	P	P	P	P	P	P	P
YFL045C	S	S	S	S	S	S	S	S	S	S	S	S	P	P	P	P	P	P	P	P
YHL012W	S	S	P	S	S	S	S	S	P	P	S	P	P	P	P	P	P	P	P	P
YPR129W	S	S	S	S	S	S	S	S	S	S	S	S	P	P	P	P	P	P	P	P
YPL184C	S	S	S	S	S	S	S	S	S	S	S	S	P	P	P	P	P	P	P	P
YDL140C	S	S	S	S	S	S	S	S	S	S	S	S	P	P	P	P	P	P	P	P
YPL280W	D	D	D	D	D	D	D	D	D	D	D	S	L	L	L	L	L	L	L	L
YGL105W	S	S	S	S	S	S	S	S	S	S	S	S	P	P	P	P	P	P	P	P
YJR007W	S	P	S	S	P	S	S	S	S	S	S	S	P	P	P	P	P	P	P	P
YHL034C	P	S	P	S	S	S	S	S	P	P	P	P	P	P	P	P	P	P	P	P
YMR216C	P	P	S	S	S	S	S	S	S	S	S	S	P	P	P	P	P	P	P	P
YFR023W	P	P	P	P	P	P	P	S	P	P	P	P	P	P	P	P	P	P	P	P
YGL009C	S	S	S	P	P	P	S	S	S	S	S	S	P	P	P	P	P	P	P	P
YGL173C	P	P	S	S	S	S	S	S	S	S	S	S	P	P	P	P	P	P	P	P
YCL037C	P	P	S	P	S	S	S	P	P	P	P	P	P	P	P	P	P	P	P	L
YKL181W	P	S	P	S	S	S	S	S	S	S	S	S	P	P	P	P	P	P	P	P
YDR023W	S	S	S	S	S	S	S	S	S	S	S	S	P	P	P	P	P	P	P	P
YOR361C	S	S	S	S	S	S	S	S	S	S	S	S	P	P	P	P	P	P	P	P
YDR502C	S	S	S	S	P	S	S	P	P	P	P	P	P	P	P	P	P	P	P	P
YJL164C	S	S	S	P	P	P	P	S	P	P	P	P	P	P	P	P	P	P	P	P
YBR072W	D	D	D	S	S	S	S	D	S	S	S	S	L	P	P	L	L	P	L	L
YCR077C	S	S	S	S	S	S	S	S	S	S	S	S	P	P	P	P	P	P	P	P
YGL049C	P	S	P	P	P	P	P	P	P	P	P	P	P	P	P	P	L	P	P	P
YLR192C	S	S	S	S	S	S	S	S	S	S	S	S	P	P	P	P	P	P	P	P
YDL166C	S	S	S	S	S	S	S	S	S	S	S	S	P	P	P	P	P	P	P	P
YDR172W	S	S	S	S	S	S	S	S	S	S	S	S	P	P	P	P	L	P	P	P
YOL111C	S	S	S	S	S	S	S	S	S	S	S	S	P	P	P	P	P	P	P	P
YJR137C	S	S	S	S	S	S	S	S	S	S	S	S	P	P	P	P	P	P	P	P
YGR214W	P	P	S	P	P	P	P	S	P	P	P	P	P	P	P	P	P	P	P	P
YFR023W	P	P	P	P	P	P	P	S	P	P	P	P	P	P	P	P	P	P	P	P
YIR026C	S	S	S	S	S	S	S	S	S	S	S	S	P	P	P	P	P	P	P	P
YBL016W	S	S	S	S	S	S	S	S	S	S	S	S	P	P	P	P	P	P	P	P
YDL229W	P	P	S	P	P	S	P	P	P	P	P	P	P	P	P	P	P	P	P	P
YMR309C	S	S	S	S	S	S	S	S	S	S	S	S	P	P	P	P	P	P	P	P
YHR121W	S	S	S	S	S	S	S	S	S	S	S	S	P	P	P	P	P	P	P	P
YAL035W	D	S	S	S	S	S	S	S	S	S	S	S	P	P	P	P	L	P	P	P
YLR249W	P	S	S	P	S	S	P	S	P	P	P	P	P	P	P	P	P	P	P	P
YAL036C	S	P	S	S	S	S	S	S	S	S	S	S	P	P	P	P	P	P	P	P
YJL138C	S	S	S	S	S	S	S	S	P	P	P	P	P	P	P	P	P	P	P	P
YOR046C	S	S	S	S	S	S	S	S	S	S	S	S	P	P	P	P	P	P	P	P
YDL224C	P	P	P	P	P	P	P	P	P	P	P	P	P	P	P	P	P	P	P	P
YBR079C	S	S	S	S	S	S	S	S	S	S	S	S	P	P	P	P	P	P	P	P
YBR127C	S	S	S	S	S	S	S	S	S	S	S	S	P	P	P	P	P	P	P	P
YLR287C-A	S	S	S	P	P	S	P	S	P	P	P	P	P	P	P	P	P	P	P	P
YNL085W	S	S	S	S	S	S	S	S	S	S	S	S	P	P	P	P	P	P	P	P
YLR244C	S	S	S	S	S	S	S	S	S	S	S	S	P	P	P	P	L	P	P	P
YNL255C	S	S	S	S	S	S	S	S	S	S	S	S	P	P	P	P	P	P	P	P
YKL056C	S	S	S	S	S	S	S	S	S	S	S	S	P	P	P	P	P	P	P	P
YOL139C	P	S	P	S	S	S	S	S	S	S	S	S	P	P	P	P	P	P	P	P
YKL204W	P	P	S	S	S	S	S	S	S	S	S	S	P	P	P	P	P	P	P	P
YML117W	S	S	S	S	S	S	S	S	S	S	S	S	P	P	P	P	P	P	P	P
YNL207W	S	S	S	S	S	S	S	S	S	S	S	S	P	P	P	P	P	P	P	P
YHR082C	S	S	S	S	S	S	S	S	S	S	S	S	P	P	P	P	P	P	P	P
YGR155W	S	S	S	D	S	S	S	S	S	S	S	S	P	P	P	P	P	P	P	P
YLR287C-A	S	S	S	P	P	S	P	S	P	P	P	P	P	P	P	P	P	P	P	P
YPR163C	S	S	P	S	S	S	S	S	S	S	S	S	P	P	P	P	P	P	P	P
YGR178C	S	S	S	S	S	S	S	S	S	S	S	S	P	P	P	P	P	P	P	P
YDL053C	D	S	S	S	S	S	S	S	S	S	S	S	P	P	P	P	P	P	P	P
YDL167C	S	S	S	S	S	S	S	S	S	S	S	S	P	P	P	P	L	P	P	P
YDL188C	S	P	P	P	P	S	S	S	P	P	P	P	P	P	P	P	P	P	P	P
YJL138C	S	S	S	S	S	S	S	S	P	P	P	P	P	P	P	P	P	P	P	P
YBL105C	S	S	S	S	S	S	S	S	S	S	S	S	P	P	P	P	P	P	P	P
YMR146C	S	P	S	S	S	S	S	S	S	S	S	S	P	P	P	P	P	P	P	P
YGR185C	S	S	S	S	S	S	S	S	S	S	S	S	P	P	P	P	P	P	P	P
YNL016W	S	S	S	S	S	S	S	S	S	S	S	S	P	P	P	P	P	P	P	P
YPL048W	S	S	S	S	S	S	S	S	S	S	S	S	P	P	P	P	P	P	P	P
YGR234W	S	S	P	S	S	S	S	S	S	D	S	S	P	P	P	L	L	P	P	P
YGL245W	S	S	S	S	S	S	S	S	S	S	S	S	P	P	P	P	L	P	P	P
YOL123W	S	S	P	P	P	S	S	P	S	S	S	S	P	P	P	P	P	P	P	P
YNL161W	S	S	S	S	S	S	S	S	S	S	S	S	P	P	P	P	P	P	P	P
YER165W	P	S	S	S	S	S	S	S	S	S	S	S	P	P	P	P	P	P	P	P
YOR151C	S	S	S	S	S	S	S	S	S	S	S	S	P	P	P	P	P	P	P	P
YDR429C	P	P	S	P	S	S	S	S	S	S	S	S	P	P	P	P	P	P	P	P
YER110C	S	S	S	S	S	S	S	S	S	S	S	S	P	P	P	P	P	P	P	P
YDR293C	P	P	P	S	S	S	S	S	S	S	S	S	P	P	P	P	P	P	P	P
YJL128C	P	P	S	S	S	S	S	S	S	S	S	S	P	P	P	P	P	P	P	P
