Gene ID	V.polysp	T.phaffi	T.blatta	N.dairen	N.castel	K.nagani	K.africa	C.glabra	S.uvarum	S.kudria	S.mikata	S.cerevi	Z.rouxii	T.delbru	K.lactis	E.gossyp	E.cymbal	L.kluyve	L.thermo	L.waltii
YDR197W	S	S	S	S	S	S	S	S	S	S	S	S	P	P	P	P	P	P	P	P
YBR244W	P	P	D	S	S	S	S	S	S	S	S	S	P	P	P	P	P	P	P	P
YBR238C	P	P	P	P	P	P	P	P	P	P	P	P	P	P	P	P	P	P	P	P
YDR204W	S	S	S	S	S	S	S	S	S	S	S	S	P	P	P	P	P	P	P	P
YHR100C	S	S	S	S	S	P	S	S	S	S	S	S	P	P	P	P	P	P	P	P
YJL116C	S	S	P	P	P	P	P	P	P	P	P	P	P	P	P	P	P	P	P	P
YGR255C	S	S	S	S	S	S	S	S	S	S	S	S	P	P	P	P	P	P	P	P
YOR211C	S	S	S	S	S	S	S	S	S	S	S	S	P	P	P	P	P	P	P	P
YIL022W	S	S	S	S	S	S	S	S	S	S	S	S	P	P	P	P	P	P	P	P
YLR193C	S	S	S	S	S	S	S	S	S	S	S	S	P	P	P	P	P	P	P	P
YDL107W	S	S	S	S	S	S	S	S	S	S	S	S	P	P	P	P	P	P	P	P
YBR003W	S	S	S	S	S	S	S	S	S	S	S	S	P	P	P	P	P	P	P	P
YGR222W	S	S	D	S	S	S	S	S	S	S	S	S	P	P	P	P	P	P	P	P
YER048W-A	S	S	S	S	S	S	S	S	S	S	S	S	P	P	P	P	P	P	P	P
YER078C	S	S	S	S	S	S	S	S	S	S	S	S	P	P	P	P	P	P	P	P
YGR046W	S	S	S	S	S	S	S	S	S	S	S	S	P	P	P	P	P	P	P	P
YFL016C	S	S	S	S	S	S	S	S	S	S	S	S	P	P	P	P	P	P	P	P
YLR203C	S	S	S	P	P	P	S	S	S	S	S	S	P	P	P	P	P	P	P	P
YOR125C	S	P	S	S	S	S	S	S	S	S	S	S	P	P	P	P	P	P	P	P
YOR037W	S	S	S	S	S	S	S	S	S	S	S	S	P	P	P	P	P	P	P	P
YGL119W	S	S	S	S	S	S	S	S	P	P	P	P	P	P	P	P	P	P	P	P
YDR185C	S	S	S	S	S	S	S	S	P	P	P	P	P	P	P	P	P	P	P	P
YML110C	S	S	S	S	S	S	S	S	S	S	S	S	P	P	P	P	P	P	P	P
YOL096C	S	S	S	S	S	S	S	S	S	S	S	S	P	P	P	P	P	P	P	P
YKL137W	S	S	S	S	S	S	S	S	S	S	S	S	P	P	P	P	P	P	P	P
YMR293C	S	S	S	S	S	S	S	S	S	S	S	S	P	P	P	P	P	P	P	P
YDR185C	S	S	S	S	S	S	S	S	P	P	P	P	P	P	P	P	P	P	P	P
YDL069C	S	S	S	D	S	D	S	S	S	S	S	S	P	P	P	P	P	P	P	P
YLR067C	S	S	S	S	S	S	S	S	S	S	S	S	P	P	P	P	L	P	P	P
YJL209W	S	S	S	S	S	S	S	S	S	S	S	S	P	P	L	L	L	P	P	P
