Gene ID	V.polysp	T.phaffi	T.blatta	N.dairen	N.castel	K.nagani	K.africa	C.glabra	S.uvarum	S.kudria	S.mikata	S.cerevi	Z.rouxii	T.delbru	K.lactis	E.gossyp	E.cymbal	L.kluyve	L.thermo	L.waltii
YMR290C	S	S	S	S	S	S	S	S	S	S	S	S	P	P	P	P	P	P	P	P
YOL072W	S	S	S	S	S	S	S	S	S	S	S	S	P	P	P	P	P	P	P	P
YLR025W	S	S	S	S	S	S	S	S	S	S	S	S	P	P	P	P	P	P	P	P
YPL192C	S	D	D	D	D	S	S	S	S	S	S	S	P	P	P	P	P	P	P	P
YIL016W	S	S	S	S	S	S	S	S	S	S	S	S	P	P	P	P	P	P	P	P
YBL079W	S	S	S	S	S	S	S	S	P	P	P	P	P	P	P	P	P	P	P	P
YJL061W	S	S	S	S	S	S	S	S	S	S	S	S	P	P	P	P	P	P	P	P
YLR450W	P	P	S	S	S	P	P	S	P	P	P	P	P	P	P	P	P	P	P	P
YGL075C	S	S	S	S	S	S	S	S	P	P	P	P	P	P	P	P	P	P	P	P
YKR082W	S	S	S	S	S	S	S	S	S	S	S	S	P	P	P	P	P	P	P	P
YPL125W	S	S	S	S	S	S	S	S	S	S	S	S	P	P	P	P	P	P	P	P
YDR458C	P	P	P	P	P	P	P	P	P	P	P	P	P	P	P	P	P	P	P	P
YGR159C	S	S	S	S	S	S	S	S	S	S	S	S	P	P	P	P	P	P	P	P
YKR044W	P	P	P	S	S	S	S	S	S	S	S	S	P	P	L	P	P	P	P	P
YNL199C	P	P	S	P	P	P	P	P	S	S	S	S	P	P	P	P	P	P	P	P
YJL030W	S	S	S	S	S	S	S	S	S	S	S	S	P	P	P	P	P	P	P	P
YCR086W	S	S	S	S	S	S	S	S	S	S	S	S	P	P	P	P	P	P	P	P
YIL149C	P	P	S	P	P	P	P	S	P	P	P	P	P	P	P	P	P	P	P	P
YLR457C	S	S	P	P	P	P	P	S	P	P	P	P	P	P	P	P	P	P	P	P
YNR075W	D	D	D	D	D	D	D	D	D	D	D	S	L	L	L	L	L	L	L	L
YHR195W	S	D	D	S	S	S	S	S	S	S	S	S	P	P	P	L	P	P	P	P
YDR159W	S	S	S	S	S	S	S	S	S	S	S	S	P	P	P	P	P	P	P	P
YIL149C	P	P	S	P	P	P	P	S	P	P	P	P	P	P	P	P	P	P	P	P
YGL100W	S	S	S	S	S	S	S	S	S	S	S	S	P	P	P	P	P	P	P	P
YAR027W	D	D	D	D	D	D	D	D	D	S	S	S	L	L	L	L	L	L	L	L
YDL116W	S	S	S	S	S	S	S	S	S	S	S	S	P	P	P	P	P	P	P	P
YJL079C	P	P	P	S	P	P	P	P	P	P	P	P	L	P	P	P	P	P	P	P
YOR373W	S	S	S	S	S	S	P	P	S	S	S	S	P	P	P	P	P	P	P	P
YMR284W	S	S	S	S	S	D	S	S	S	S	S	S	P	P	P	P	P	P	P	P
YNL149C	S	S	S	S	S	S	S	S	S	S	S	S	P	P	P	P	P	P	P	P
YPL020C	P	P	S	S	S	S	S	S	S	S	S	S	P	P	P	P	P	P	P	P
YGL016W	S	S	S	S	S	S	S	S	S	S	S	S	P	P	P	P	P	P	P	P
YDL019C	P	P	P	P	P	P	P	P	P	P	P	P	P	P	P	P	P	P	P	P
YMR134W	S	S	S	S	S	S	S	S	S	S	S	S	P	P	P	P	P	P	P	P
YPL255W	S	S	D	S	S	S	S	S	S	S	S	S	P	P	P	P	P	P	P	P
YOR098C	S	S	S	S	S	S	S	S	S	S	S	S	P	P	P	P	L	P	P	P
YDR120C	S	S	S	S	S	S	S	S	S	S	S	S	P	P	P	P	P	P	P	P
YOR060C	S	S	S	S	S	S	S	S	S	S	S	S	P	P	P	P	P	P	P	P
YPL186C	S	S	S	S	S	S	S	S	S	S	S	S	P	P	P	L	L	P	P	P
YDR196C	S	S	S	S	S	S	S	S	S	S	S	S	P	P	P	P	P	P	P	P
YER107C	P	P	S	S	S	S	S	S	S	S	S	S	P	P	P	P	P	P	P	P
YIL030C	S	S	S	S	S	S	S	S	S	S	S	S	P	P	P	P	P	P	P	P
YAR002W	S	S	S	S	S	S	S	S	S	S	S	S	P	P	P	P	P	P	P	P
YJL019W	S	S	P	P	P	S	S	S	S	S	S	S	P	P	P	P	P	P	P	P
YLR347C	S	S	S	S	S	S	S	S	S	S	S	S	P	P	P	P	P	P	P	P
YFR002W	P	P	P	S	S	S	S	P	S	S	S	S	P	P	P	P	L	P	P	P
YIL040W	S	S	S	S	S	S	S	S	S	S	S	S	P	P	P	L	P	P	P	P
YGL086W	P	S	S	S	S	S	S	S	S	S	S	S	P	P	P	P	L	P	P	P
YEL002C	P	S	S	S	S	S	S	S	S	S	S	S	P	P	P	P	P	P	P	P
YIL115C	S	S	S	S	S	S	S	S	S	S	S	S	P	P	P	P	P	P	P	P
YBL091C-A	P	P	P	S	S	P	P	P	P	P	P	P	P	P	P	P	P	P	P	P
YNL189W	S	S	P	P	P	S	S	S	S	S	S	S	P	P	P	P	P	P	P	P
YHL020C	S	S	S	S	S	S	S	S	S	S	S	S	P	P	P	P	P	P	P	P
YKL068W	P	P	P	P	P	P	P	P	P	P	P	P	P	P	P	P	P	P	P	P
YGR202C	S	P	S	S	S	S	S	S	S	S	S	S	P	P	P	P	P	P	P	P
YLR158C	D	D	D	D	D	D	D	D	D	D	D	S	L	L	L	L	L	L	L	L
YPL075W	P	P	P	S	S	S	S	S	S	S	S	S	P	P	P	P	P	P	P	P
YGL247W	S	S	S	S	S	S	S	S	S	S	S	S	P	P	P	P	P	P	P	P
YDL207W	S	S	S	S	S	S	S	S	S	S	S	S	P	P	P	P	P	P	P	P
YLR335W	S	S	S	S	S	S	S	S	S	S	S	S	P	P	P	P	P	P	P	P
YHR076W	S	S	P	S	S	S	S	S	S	S	S	S	P	P	P	P	P	P	P	P
YMR298W	S	S	S	P	P	S	S	S	S	S	S	S	P	P	P	P	P	P	P	P
YEL019C	S	S	S	S	S	S	S	S	S	S	S	S	P	P	P	P	P	P	P	P
YER009W	S	S	S	S	S	S	S	S	S	S	S	S	P	P	P	P	P	P	P	P
YJL039C	S	S	S	S	S	S	S	S	S	S	S	S	P	P	P	P	P	P	P	P
YLR450W	P	P	S	S	S	P	P	S	P	P	P	P	P	P	P	P	P	P	P	P
YNL181W	S	S	S	S	S	S	S	S	S	S	S	S	P	P	P	P	P	P	P	P
YLR018C	S	S	S	S	S	S	S	S	S	S	S	S	P	P	P	P	L	P	P	P
YHR036W	P	P	P	S	S	S	S	S	S	S	S	S	P	P	P	P	P	P	P	P
YNL158W	S	S	S	S	S	S	S	S	S	S	S	S	P	P	P	P	P	P	P	P
YKL068W	P	P	P	P	P	P	P	P	P	P	P	P	P	P	P	P	P	P	P	P
YCR045C	P	S	P	S	S	S	S	S	S	S	S	S	P	P	P	P	P	P	P	P
YML031W	P	P	P	S	S	S	S	S	S	S	S	S	P	P	P	P	P	P	P	P
YBR273C	P	S	S	S	S	S	P	P	P	P	P	P	P	P	P	P	P	P	P	P
YBL079W	S	S	S	S	S	S	S	S	P	P	P	P	P	P	P	P	P	P	P	P
YDR192C	S	S	S	S	S	S	S	S	S	S	S	S	P	P	P	P	P	P	P	P
YGR212W	S	S	S	S	S	S	S	S	S	S	S	S	P	P	P	P	P	P	P	P
YGL241W	S	S	S	S	S	S	S	S	S	S	S	S	P	P	P	P	P	P	P	P
YHR134W	S	S	S	S	S	S	S	S	S	S	S	S	P	P	P	P	P	P	P	P
YLR155C	D	D	D	D	D	D	D	D	D	D	D	S	L	L	L	L	L	L	L	L
YOR269W	D	S	S	S	S	S	S	S	S	S	S	S	P	L	P	P	P	P	P	P
YGR119C	S	S	S	S	S	S	S	S	S	S	S	S	P	P	P	P	P	P	P	P
YDR437W	S	S	S	S	S	S	S	S	S	S	S	S	P	P	P	P	P	P	P	P
YDL193W	S	S	P	S	S	S	S	P	S	S	S	S	P	P	P	P	P	P	P	P
YGL238W	S	S	S	S	S	S	S	S	S	S	S	S	P	P	P	P	P	P	P	P
YDR424C	S	S	S	S	S	S	S	S	S	S	S	S	P	P	P	P	P	P	P	P
YDL088C	S	S	S	S	S	S	S	P	P	P	P	P	P	P	P	P	P	P	P	P
YDR395W	S	S	S	S	S	S	S	S	S	S	S	S	P	P	P	P	P	P	P	P
YLR208W	P	P	S	S	S	S	S	P	S	S	S	S	P	P	P	P	P	P	P	P
YDL019C	P	P	P	P	P	P	P	P	P	P	P	P	P	P	P	P	P	P	P	P
YGL172W	S	S	S	S	S	S	S	S	S	S	S	S	P	P	P	P	P	P	P	P
YKL045W	S	S	S	S	S	S	S	S	S	S	S	S	P	P	P	P	P	P	P	P
YLR064W	S	S	S	S	S	S	S	S	S	S	S	S	P	P	P	P	P	P	L	L
YLR157C	D	D	D	D	D	D	D	D	D	D	D	S	L	L	L	L	L	L	L	L
YDR458C	P	P	P	P	P	P	P	P	P	P	P	P	P	P	P	P	P	P	P	P
YML103C	S	S	S	S	S	S	S	S	S	S	S	S	P	P	P	P	L	P	P	P
YDL088C	S	S	S	S	S	S	S	P	P	P	P	P	P	P	P	P	P	P	P	P
YLR440C	S	S	S	S	S	S	S	S	S	S	S	S	P	P	P	P	P	P	P	P
YJR132W	S	S	S	S	S	S	S	S	S	S	S	S	P	P	P	P	P	P	P	P
YBL035C	S	S	S	S	S	S	S	S	S	S	D	S	P	P	P	P	P	P	P	P
YHL048W	D	D	D	D	D	D	D	D	D	D	D	S	L	L	L	L	L	L	L	L
YLR160C	D	D	D	D	D	D	D	D	D	D	D	S	L	L	L	L	L	L	L	L
YJR042W	S	S	S	S	S	S	S	S	S	S	S	S	P	P	P	P	P	P	P	P
YLR286C	S	P	S	S	S	S	S	S	S	S	S	S	P	P	P	L	P	P	P	P
YKL057C	S	S	S	S	S	S	S	S	S	S	S	S	P	P	P	P	P	P	P	P
YMR129W	S	S	S	S	S	S	S	S	S	S	S	S	P	P	P	P	P	P	P	P
