Gene ID	V.polysp	T.phaffi	T.blatta	N.dairen	N.castel	K.nagani	K.africa	C.glabra	S.uvarum	S.kudria	S.mikata	S.cerevi	Z.rouxii	T.delbru	K.lactis	E.gossyp	E.cymbal	L.kluyve	L.thermo	L.waltii
YNL097C	S	S	S	S	S	S	S	S	S	S	S	S	P	P	P	P	P	P	P	P
YOR230W	D	D	D	S	S	S	S	S	S	S	S	S	L	L	L	L	L	L	L	L
YDL076C	S	S	S	S	S	S	S	S	S	S	S	S	P	P	P	P	P	P	P	L
YOR229W	S	P	P	P	P	P	P	P	P	P	P	P	P	P	P	P	P	P	P	P
YBL054W	S	S	P	P	P	P	P	P	P	P	P	P	P	P	P	P	P	P	P	P
YGL194C	S	S	S	S	S	S	S	S	S	S	S	S	P	P	P	P	P	P	P	P
YIL084C	S	S	P	S	S	S	S	S	S	S	S	S	P	P	P	P	L	P	P	P
YPL181W	S	S	S	S	P	S	S	S	S	S	S	S	P	P	P	P	P	P	P	P
YAL013W	S	S	S	S	S	S	S	S	S	S	S	S	P	P	P	P	P	P	P	P
YOL004W	S	S	S	S	S	S	S	P	S	S	S	S	P	P	P	P	P	P	P	P
YDR207C	S	S	S	S	S	S	S	S	S	S	S	S	P	P	P	P	P	P	P	P
YBR103W	S	S	S	S	S	S	S	S	S	S	S	S	P	P	P	P	P	P	P	P
YJL105W	P	P	P	P	P	P	P	P	P	P	P	P	P	P	P	P	P	P	P	P
YCR033W	S	S	S	P	P	P	S	S	S	S	S	S	P	P	P	P	P	P	P	P
YOR229W	S	P	P	P	P	P	P	P	P	P	P	P	P	P	P	P	P	P	P	P
YBR195C	S	S	S	S	S	S	S	S	S	S	S	S	P	P	P	P	P	P	P	P
YKL185W	S	S	S	S	S	S	S	S	S	S	S	S	P	P	P	P	P	P	P	P
YBL054W	S	S	P	P	P	P	P	P	P	P	P	P	P	P	P	P	P	P	P	P
YBR095C	S	S	S	S	S	S	S	S	S	S	S	S	P	P	P	P	P	P	P	P
YDR501W	S	S	S	P	P	P	P	S	P	P	P	P	P	P	P	P	P	P	P	P
YEL056W	S	S	S	S	S	S	S	S	S	S	S	S	P	P	P	P	P	P	P	P
YNL330C	S	S	S	S	S	S	S	S	S	S	S	S	P	P	P	P	P	P	P	P
YMR263W	S	S	S	S	S	S	S	S	S	S	S	S	P	P	P	P	P	P	P	P
