Gene ID	V.polysp	T.phaffi	T.blatta	N.dairen	N.castel	K.nagani	K.africa	C.glabra	S.uvarum	S.kudria	S.mikata	S.cerevi	Z.rouxii	T.delbru	K.lactis	E.gossyp	E.cymbal	L.kluyve	L.thermo	L.waltii
YHL031C	S	S	S	S	S	S	S	S	S	S	S	S	P	P	P	P	P	P	P	P
YMR017W	D	D	D	D	D	D	D	D	S	S	S	S	L	L	L	L	L	L	L	L
YGL098W	S	S	S	S	S	S	S	S	S	S	S	S	P	P	P	P	P	P	P	P
YOR106W	S	S	S	S	S	S	S	S	S	S	S	S	P	P	P	P	P	P	P	P
YOR036W	S	S	S	S	S	S	S	S	S	S	S	S	P	P	P	P	P	P	P	P
YAL014C	S	S	S	S	S	S	S	S	S	S	S	S	P	P	P	P	P	P	P	P
YLR078C	S	S	S	S	S	S	S	S	S	S	S	S	P	P	P	P	P	P	P	P
YMR183C	S	S	S	P	P	S	S	P	P	P	P	P	P	P	P	P	P	P	P	P
YAL030W	S	S	P	S	S	S	S	P	P	P	P	P	P	P	P	P	P	P	P	P
YIL004C	S	S	S	S	S	S	S	S	S	S	S	S	P	P	P	P	P	P	P	L
YLR026C	S	S	S	S	S	S	S	S	S	S	S	S	P	P	P	P	P	P	P	P
YLR093C	S	S	S	S	S	S	S	S	S	S	S	S	P	P	P	P	P	P	P	P
YOR075W	S	S	S	S	S	S	S	S	S	S	S	S	P	P	P	P	P	P	P	P
YGL095C	S	S	S	S	S	S	S	S	S	S	S	S	P	P	P	P	P	P	P	P
YNR049C	S	S	S	S	S	S	S	S	S	S	S	S	P	P	P	P	P	P	P	P
YGR009C	P	S	P	P	P	S	P	S	S	S	S	S	P	P	P	P	P	P	P	P
YKL196C	D	S	S	S	S	S	S	S	S	S	S	S	P	P	P	P	P	P	P	P
YMR197C	S	S	S	S	S	S	S	S	S	S	S	S	P	P	P	P	P	P	P	P
YGL212W	S	S	S	S	S	S	S	S	S	S	S	S	P	P	P	P	P	P	P	P
YDR468C	S	S	S	S	S	S	S	S	S	S	S	S	P	P	P	P	P	P	P	P
YLR268W	S	S	S	S	S	S	S	S	S	S	S	S	P	P	P	P	P	P	P	P
YAL030W	S	S	P	S	S	S	S	P	P	P	P	P	P	P	P	P	P	P	P	P
YKL006C-A	S	S	S	S	S	S	S	S	S	S	S	S	P	P	P	P	P	P	P	P
YOL018C	S	S	S	S	S	S	S	S	S	S	S	S	P	P	P	P	L	P	P	P
YMR183C	S	S	S	P	P	S	S	P	P	P	P	P	P	P	P	P	P	P	P	P
YDR498C	S	S	S	S	S	S	S	S	S	S	S	S	P	P	P	P	P	P	P	P
YBL050W	S	S	S	S	S	S	S	S	S	S	S	S	P	P	P	P	P	P	P	L
