Gene ID	V.polysp	T.phaffi	T.blatta	N.dairen	N.castel	K.nagani	K.africa	C.glabra	S.uvarum	S.kudria	S.mikata	S.cerevi	Z.rouxii	T.delbru	K.lactis	E.gossyp	E.cymbal	L.kluyve	L.thermo	L.waltii
YAL016W	P	P	S	S	S	S	S	P	S	S	S	S	P	P	P	P	P	P	P	P
YPR141C	P	P	P	S	S	S	S	S	S	S	S	S	P	P	P	P	P	P	P	P
YGR108W	S	P	P	P	P	P	P	P	P	P	P	P	P	P	P	P	P	P	P	P
YJR053W	P	P	D	P	S	S	S	S	S	S	S	S	P	P	P	P	P	P	P	P
YML124C	P	P	S	S	P	S	P	S	P	P	P	P	P	P	P	P	P	P	P	P
YPL192C	S	D	D	D	D	S	S	S	S	S	S	S	P	P	P	P	P	P	P	P
YDR130C	S	S	S	S	S	D	S	S	S	S	S	S	P	P	P	P	P	P	P	P
YGR098C	S	S	S	S	S	S	S	S	S	S	S	S	P	P	P	P	L	P	P	P
YDL028C	S	S	S	S	P	S	S	S	S	S	S	S	P	P	P	P	P	P	P	P
YNL126W	S	S	S	S	S	S	S	S	S	S	S	S	P	P	P	P	P	P	P	P
YGL075C	S	S	S	S	S	S	S	S	P	P	P	P	P	P	P	P	P	P	P	P
YBL034C	S	S	S	S	S	S	S	S	S	S	S	S	P	P	P	P	P	P	P	P
YML064C	S	S	D	S	P	S	S	S	S	S	S	S	P	P	P	P	P	P	P	P
YGL170C	S	S	S	D	S	D	S	S	S	S	S	S	P	P	P	P	P	P	P	P
YHR172W	S	S	S	S	S	S	S	S	S	S	S	S	P	P	P	P	P	P	P	P
YCL029C	S	S	S	S	S	S	S	S	S	S	S	S	P	P	P	P	P	P	P	P
YLR045C	S	S	S	S	S	S	S	S	S	S	S	S	P	P	P	P	P	P	P	P
YIL149C	P	P	S	P	P	P	P	S	P	P	P	P	P	P	P	P	P	P	P	P
YLR457C	S	S	P	P	P	P	P	S	P	P	P	P	P	P	P	P	P	P	P	P
YBL063W	D	S	S	S	S	D	S	D	S	S	S	S	P	P	L	P	P	P	L	L
YIL149C	P	P	S	P	P	P	P	S	P	P	P	P	P	P	P	P	P	P	P	P
YPL155C	S	S	S	D	S	S	S	S	S	S	S	S	P	P	P	P	P	P	P	P
YIL106W	S	S	S	S	S	S	S	S	S	S	S	S	P	P	P	P	P	P	P	P
YOL069W	S	S	S	S	S	S	S	S	S	S	S	S	P	P	P	P	P	P	P	P
YOR014W	S	S	P	S	S	S	S	S	S	S	S	S	P	P	P	P	P	P	P	P
YDL155W	S	S	S	P	P	P	P	P	P	P	P	P	P	P	P	P	P	P	P	P
YOR373W	S	S	S	S	S	S	P	P	S	S	S	S	P	P	P	P	P	P	P	P
YGR092W	S	S	S	P	P	S	S	P	P	P	P	P	P	P	P	P	P	P	P	P
YPL255W	S	S	D	S	S	S	S	S	S	S	S	S	P	P	P	P	P	P	P	P
YOR060C	S	S	S	S	S	S	S	S	S	S	S	S	P	P	P	P	P	P	P	P
YKR054C	D	S	S	S	S	S	S	S	S	S	S	S	P	P	P	P	L	P	P	P
YLR227C	S	D	D	S	S	D	S	D	S	S	S	S	P	L	P	P	P	P	P	P
YOL091W	P	S	P	P	P	S	P	S	P	P	P	P	P	P	P	P	P	P	P	P
YNL188W	S	S	S	S	S	S	S	S	S	S	S	S	P	P	P	P	P	P	P	P
YAR019C	S	S	S	S	S	S	S	S	S	S	S	S	P	P	P	P	P	P	P	P
YJL019W	S	S	P	P	P	S	S	S	S	S	S	S	P	P	P	P	P	P	P	P
YHR185C	S	S	S	S	D	S	S	S	S	S	S	S	P	P	P	P	P	P	P	P
YLR457C	S	S	P	P	P	P	P	S	P	P	P	P	P	P	P	P	P	P	P	P
YLR319C	S	S	S	S	S	S	S	S	S	S	S	S	P	P	P	P	P	P	P	P
YGR218W	P	P	S	P	P	S	P	P	S	S	S	S	P	P	P	P	P	P	P	P
YOR233W	P	P	P	P	P	P	P	P	P	P	P	P	P	P	P	P	P	P	P	P
YOR177C	D	S	D	D	D	D	D	D	S	S	S	S	L	P	L	P	P	P	P	P
YER133W	S	S	S	S	S	S	S	S	S	S	S	S	P	P	P	P	P	P	P	P
YDR532C	S	S	S	S	S	S	S	S	S	S	S	S	P	P	P	P	L	P	P	P
YBR109C	S	S	P	S	P	P	P	S	S	S	S	S	P	P	P	P	P	P	P	P
YMR001C	P	P	S	S	S	P	P	S	S	S	S	S	P	P	P	P	P	P	P	P
YDL239C	S	S	P	S	P	P	P	P	P	P	P	P	P	P	P	P	P	P	P	P
YMR198W	S	S	S	P	P	P	P	P	P	P	P	P	P	P	P	P	P	P	P	P
YGL093W	S	S	S	S	S	S	S	S	S	S	S	S	P	P	P	P	P	P	P	P
YER016W	S	S	S	S	S	S	S	S	S	S	S	S	P	P	P	P	P	P	P	P
YFL037W	S	S	S	S	S	S	S	S	S	S	S	S	P	P	P	P	P	P	P	P
YLR315W	S	S	D	D	D	S	S	S	S	S	S	S	P	P	P	L	L	P	P	P
YDL239C	S	S	P	S	P	P	P	P	P	P	P	P	P	P	P	P	P	P	P	P
YML031W	P	P	P	S	S	S	S	S	S	S	S	S	P	P	P	P	P	P	P	P
YMR198W	S	S	S	P	P	P	P	P	P	P	P	P	P	P	P	P	P	P	P	P
YMR055C	S	S	S	S	S	S	S	S	S	S	S	S	P	P	P	P	P	P	P	P
YPL269W	S	S	S	S	S	S	S	S	S	S	S	S	P	P	P	P	P	P	P	P
YAL047C	S	S	S	S	S	S	S	S	S	S	S	S	P	P	P	P	P	P	P	P
YGR092W	S	S	S	P	P	S	S	P	P	P	P	P	P	P	P	P	P	P	P	P
YFR028C	S	S	S	P	P	S	S	S	S	S	S	S	P	P	P	P	P	P	P	P
YML124C	P	P	S	S	P	S	P	S	P	P	P	P	P	P	P	P	P	P	P	P
YOR073W	S	S	S	S	S	S	S	S	S	S	S	S	P	P	P	P	P	P	P	P
YPL124W	S	S	S	S	S	S	S	S	S	S	S	S	P	P	P	P	P	P	P	P
YKL042W	S	S	S	P	P	S	S	S	S	S	S	S	P	P	P	P	P	P	P	P
YLR212C	S	S	S	S	S	S	S	S	S	S	S	S	P	P	P	P	P	P	P	P
YGR140W	S	S	S	S	S	S	S	S	S	S	S	S	P	P	P	P	P	P	P	P
YOR195W	S	S	S	S	S	S	S	S	S	S	S	S	P	P	P	P	P	P	P	P
YPL204W	P	P	P	P	P	P	P	S	S	S	S	S	P	P	P	P	P	P	P	P
YOR257W	S	S	S	P	S	S	S	S	S	S	S	S	P	P	P	P	P	P	P	P
YBR211C	S	S	S	S	S	S	S	S	S	S	S	S	P	P	P	P	P	P	P	P
YDR356W	S	S	S	S	S	S	S	S	S	S	S	S	P	P	P	P	P	P	P	P
YPL174C	D	S	S	S	S	S	S	S	S	S	S	S	P	P	P	P	P	P	P	P
