Gene ID	V.polysp	T.phaffi	T.blatta	N.dairen	N.castel	K.nagani	K.africa	C.glabra	S.uvarum	S.kudria	S.mikata	S.cerevi	Z.rouxii	T.delbru	K.lactis	E.gossyp	E.cymbal	L.kluyve	L.thermo	L.waltii
YCL024W	S	S	S	S	S	S	S	S	P	P	P	P	P	P	P	P	P	P	P	P
YPR188C	S	S	S	S	S	S	S	S	S	S	S	S	P	P	P	P	P	P	P	P
YNL304W	S	S	S	S	S	S	S	S	S	S	S	S	P	P	P	P	P	P	P	P
YDR069C	S	S	S	P	P	P	S	P	P	P	P	P	P	P	P	P	P	P	P	P
YLR425W	S	S	S	S	S	S	S	S	S	S	S	S	P	P	P	P	P	P	P	P
YLR190W	P	P	P	P	P	S	S	S	S	S	S	S	P	P	P	P	P	P	P	P
YGR152C	S	S	S	S	S	S	S	S	S	S	S	S	P	P	P	P	P	P	P	P
YLL021W	P	P	S	P	P	P	P	P	P	P	P	P	P	P	P	P	P	P	P	P
YBR023C	P	P	S	S	S	P	P	P	S	S	S	S	P	P	P	P	P	P	P	P
YER149C	S	S	S	S	S	S	S	S	S	S	S	S	P	P	P	P	P	P	P	P
YKL007W	S	S	S	S	S	S	S	S	S	S	S	S	P	P	P	P	P	P	P	P
YAL029C	S	S	S	P	P	P	P	P	P	P	P	P	P	P	P	P	P	P	P	P
YDR166C	S	S	S	S	S	S	S	S	S	S	S	S	P	P	P	P	P	P	P	P
YIL158W	S	S	S	S	P	P	P	S	P	P	P	P	P	P	P	P	P	P	P	P
YKL189W	P	P	S	S	S	S	S	S	S	S	S	S	P	P	P	P	L	P	P	P
YIL140W	S	S	S	S	S	S	S	S	S	S	S	S	P	P	P	P	P	P	P	P
YLR337C	S	S	S	S	S	S	S	S	S	S	S	S	P	P	P	P	P	P	P	P
YLR319C	S	S	S	S	S	S	S	S	S	S	S	S	P	P	P	P	P	P	P	P
YIL129C	S	S	S	S	S	S	S	S	S	S	S	S	P	P	P	P	L	P	P	P
YMR192W	S	S	S	P	P	P	P	P	P	P	P	P	P	P	P	P	P	P	P	P
YBR200W	S	P	P	S	S	S	S	S	S	S	S	S	P	P	P	P	P	P	P	P
YNL233W	S	S	P	S	S	S	S	S	S	S	S	S	P	P	P	P	L	P	P	P
YNL293W	P	P	P	P	P	P	P	S	P	P	P	P	P	P	P	P	L	P	P	P
YER008C	S	S	P	S	S	S	S	S	S	S	S	S	P	P	P	P	P	P	P	P
YGR221C	P	P	S	S	P	P	S	P	P	P	P	P	P	P	P	P	P	P	P	P
YER155C	S	S	S	S	S	S	S	S	S	S	S	S	P	P	P	P	P	P	P	P
YGR041W	P	P	P	P	P	P	P	P	P	P	P	P	P	P	P	P	P	P	P	P
YER133W	S	S	S	S	S	S	S	S	S	S	S	S	P	P	P	P	P	P	P	P
YKR090W	S	S	S	P	P	P	P	S	S	S	S	S	P	P	P	P	P	P	P	P
YJL085W	S	S	S	S	S	S	S	S	S	S	S	S	P	P	P	P	P	P	P	P
YKR055W	S	S	S	S	S	S	S	S	S	S	S	S	P	P	P	P	L	P	P	P
YCR073C	S	S	S	S	P	P	P	S	P	P	P	P	P	P	P	P	P	P	P	P
YGL233W	S	S	S	S	S	S	S	S	S	S	S	S	P	P	P	P	P	P	P	P
YHR102W	S	S	P	S	S	S	S	S	S	S	S	S	P	P	P	P	P	P	P	P
YBR109C	S	S	P	S	P	P	P	S	S	S	S	S	P	P	P	P	P	P	P	P
YHL007C	S	S	S	P	P	P	P	P	S	S	S	S	P	P	P	P	P	P	P	P
YAR014C	S	S	P	S	S	S	S	S	S	S	S	S	P	P	P	P	P	P	P	P
YDR309C	S	P	S	P	P	P	P	P	P	P	P	P	P	P	P	P	P	P	P	P
YNL293W	P	P	P	P	P	P	P	S	P	P	P	P	P	P	P	P	L	P	P	P
YDR309C	S	P	S	P	P	P	P	P	P	P	P	P	P	P	P	P	P	P	P	P
YBR102C	S	S	S	S	S	S	S	S	S	S	S	S	P	P	P	P	P	P	P	P
YDL179W	P	P	P	P	P	S	S	P	P	P	P	P	P	P	P	P	P	P	P	P
YPR165W	P	S	P	P	P	S	P	S	S	S	S	S	P	P	L	P	P	P	P	P
YLR229C	S	S	P	S	S	S	S	S	S	S	S	S	P	P	P	P	P	P	P	P
YBR079C	S	S	S	S	S	S	S	S	S	S	S	S	P	P	P	P	P	P	P	P
YKL092C	S	S	S	S	S	S	S	S	S	S	S	S	P	P	P	P	L	P	P	P
YNL271C	S	S	S	S	S	S	S	S	S	S	S	S	P	P	P	P	P	P	P	P
YGR221C	P	P	S	S	P	P	S	P	P	P	P	P	P	P	P	P	P	P	P	P
YIL034C	S	S	S	D	S	S	S	S	S	S	S	S	P	P	P	P	P	P	P	P
YFL005W	S	S	S	S	P	P	P	S	S	S	S	S	P	P	P	P	P	P	P	P
YCR038C	S	S	S	S	S	S	S	S	S	S	S	S	P	P	P	P	P	P	P	P
YNL289W	S	S	P	P	P	S	P	S	S	S	S	S	P	P	P	P	P	P	P	P
YAL041W	S	S	S	S	S	S	S	S	S	S	S	S	P	P	P	P	P	P	P	P
YGR189C	P	S	D	P	P	S	S	S	S	S	S	S	P	P	P	P	P	P	P	P
YPR055W	S	S	P	S	S	S	S	S	S	S	S	S	P	P	P	P	P	P	P	P
YNL298W	S	S	S	S	P	S	S	P	P	P	P	P	P	P	P	P	P	P	P	P
YDL240W	S	S	S	S	S	S	S	S	S	S	S	S	P	P	P	P	P	P	P	P
YKL079W	S	S	P	S	P	P	S	S	S	S	S	S	P	P	L	P	P	P	L	L
YGR229C	S	S	S	S	S	S	S	S	S	S	S	S	P	P	P	P	P	P	P	P
YDL179W	P	P	P	P	P	S	S	P	P	P	P	P	P	P	P	P	P	P	P	P
YPL115C	P	P	P	S	S	S	S	S	S	S	S	S	P	P	P	P	P	P	P	P
YNL161W	S	S	S	S	S	S	S	S	S	S	S	S	P	P	P	P	P	P	P	P
YBL061C	P	P	S	S	S	S	S	S	P	P	P	P	P	P	P	P	P	P	P	P
YGR070W	S	S	S	S	S	S	S	S	P	P	P	P	P	P	P	P	P	P	P	P
YMR192W	S	S	S	P	P	P	P	P	P	P	P	P	P	P	P	P	P	P	P	P
YML109W	P	P	P	S	S	S	P	P	P	P	P	P	P	P	P	P	P	P	P	P
YNL243W	S	S	S	S	S	S	S	S	S	S	S	S	P	P	P	L	L	P	P	P
YOR353C	S	S	S	S	S	S	S	S	S	S	S	S	P	P	P	P	L	P	P	P
YHR023W	S	S	S	S	S	S	S	S	S	S	S	S	P	P	P	P	P	P	P	P
