Gene ID	V.polysp	T.phaffi	T.blatta	N.dairen	N.castel	K.nagani	K.africa	C.glabra	S.uvarum	S.kudria	S.mikata	S.cerevi	Z.rouxii	T.delbru	K.lactis	E.gossyp	E.cymbal	L.kluyve	L.thermo	L.waltii
YIL146C	S	S	S	D	S	S	S	S	S	S	S	S	P	P	P	P	P	P	P	P
YBR097W	S	S	S	S	S	S	S	S	S	S	S	S	P	P	P	P	P	P	P	P
YPL250C	P	P	D	S	S	P	P	S	P	P	P	P	P	P	P	P	P	P	L	L
YFR021W	S	S	S	P	P	P	P	S	S	S	S	S	P	P	P	P	P	P	P	P
YPR049C	S	S	S	S	S	S	S	S	S	S	S	S	P	P	P	P	P	P	P	P
YDL149W	S	S	S	S	S	S	S	S	S	S	S	S	P	P	P	P	P	P	P	P
YLR423C	S	S	S	S	S	S	D	S	S	S	S	S	P	P	P	P	P	P	P	P
YBR217W	S	S	S	S	S	S	S	S	S	S	S	S	P	P	P	P	P	P	P	P
YPL149W	S	S	S	S	S	S	S	S	S	S	S	S	P	P	P	P	P	P	P	P
YMR159C	S	S	S	S	S	S	S	S	S	S	S	S	P	P	P	P	P	P	P	P
YGR223C	S	S	S	S	S	S	S	S	S	S	S	S	P	P	P	P	P	P	P	P
YOL082W	S	S	S	P	P	S	S	S	S	S	S	S	P	P	P	P	P	P	P	P
YDL113C	S	S	S	S	S	S	S	S	S	S	S	S	P	P	P	P	L	P	P	P
YBR128C	S	S	S	S	S	S	S	S	S	S	S	S	P	P	P	P	P	P	P	P
YLR431C	S	S	S	S	S	S	S	S	S	S	S	S	P	P	P	P	P	P	P	P
YGL180W	S	S	S	S	S	S	S	S	S	S	S	S	P	P	P	P	P	P	P	P
YLL042C	S	S	S	S	S	S	S	S	S	S	S	S	P	P	P	P	P	P	P	P
YLR211C	S	S	S	S	S	S	S	S	S	S	S	S	P	P	P	P	P	P	P	P
YJL036W	S	S	S	S	S	S	S	S	S	S	S	S	P	P	P	P	P	P	P	P
YLR240W	S	S	S	S	S	S	S	S	S	S	S	S	P	P	P	P	P	P	P	P
YPL100W	S	S	S	S	S	S	S	S	S	S	S	S	P	P	P	P	P	P	P	P
YOL083W	D	D	D	D	D	D	D	D	S	S	S	S	L	L	L	L	L	L	L	L
YNL242W	S	S	S	S	S	S	S	S	S	S	S	S	P	P	P	P	P	P	P	P
YFL038C	S	S	S	S	S	S	S	S	S	S	S	S	P	P	P	P	P	P	P	P
YLR312C	D	S	D	S	S	S	S	D	S	S	S	S	P	P	L	P	P	P	P	P
YOR152C	D	D	D	S	S	S	S	D	S	S	S	S	P	P	P	P	P	P	P	P
YPL120W	S	S	S	S	S	S	S	S	S	S	S	S	P	P	P	P	P	P	P	P
YJL178C	S	S	P	S	S	S	S	S	S	S	S	S	P	P	P	P	L	P	P	P
