Gene ID	V.polysp	T.phaffi	T.blatta	N.dairen	N.castel	K.nagani	K.africa	C.glabra	S.uvarum	S.kudria	S.mikata	S.cerevi	Z.rouxii	T.delbru	K.lactis	E.gossyp	E.cymbal	L.kluyve	L.thermo	L.waltii
YDR150W	S	S	S	S	S	S	S	S	S	S	S	S	P	P	P	P	P	P	P	P
YOR212W	S	S	S	S	S	S	S	S	S	S	S	S	P	P	P	P	P	P	P	P
YDR034W-B	S	S	P	S	S	D	S	D	P	P	P	P	L	P	P	L	L	P	L	L
YPL004C	S	S	P	S	S	S	S	S	S	S	S	S	P	P	P	P	P	P	P	P
YDL222C	P	S	D	P	P	S	P	S	P	P	P	P	L	P	P	P	P	P	P	P
YCL034W	S	S	P	S	S	S	S	S	S	S	S	S	P	P	P	P	P	P	P	P
YCL029C	S	S	S	S	S	S	S	S	S	S	S	S	P	P	P	P	P	P	P	P
YLR045C	S	S	S	S	S	S	S	S	S	S	S	S	P	P	P	P	P	P	P	P
YLL021W	P	P	S	P	P	P	P	P	P	P	P	P	P	P	P	P	P	P	P	P
YBL007C	S	S	S	S	S	S	S	S	S	S	S	S	P	P	P	P	P	P	P	P
YOR122C	S	S	S	S	S	S	S	S	S	S	S	S	P	P	P	P	P	P	P	P
YGR200C	S	S	S	S	S	S	S	S	S	S	S	S	P	P	P	P	P	P	P	P
YIL118W	S	S	S	S	S	S	S	S	S	S	S	S	P	P	P	P	P	P	P	P
YKR054C	D	S	S	S	S	S	S	S	S	S	S	S	P	P	P	P	L	P	P	P
YLR407W	S	S	P	S	S	S	S	S	S	S	S	S	P	P	P	P	P	P	P	P
YJR086W	S	S	S	S	S	S	S	S	S	S	S	S	P	P	P	P	P	P	P	P
YIL129C	S	S	S	S	S	S	S	S	S	S	S	S	P	P	P	P	L	P	P	P
YDR389W	P	P	P	P	P	S	P	P	P	P	P	P	P	P	P	P	P	P	P	P
YBR200W	S	P	P	S	S	S	S	S	S	S	S	S	P	P	P	P	P	P	P	P
YCR088W	S	S	S	S	S	S	S	S	S	S	S	S	P	P	P	P	P	P	P	P
YOR233W	P	P	P	P	P	P	P	P	P	P	P	P	P	P	P	P	P	P	P	P
YNL090W	S	S	S	S	S	S	S	S	S	S	S	S	P	P	P	P	P	P	P	L
YER155C	S	S	S	S	S	S	S	S	S	S	S	S	P	P	P	P	P	P	P	P
YDR389W	P	P	P	P	P	S	P	P	P	P	P	P	P	P	P	P	P	P	P	P
YPL074W	S	S	S	S	S	S	S	S	S	S	S	S	P	P	P	P	P	P	P	P
YDR251W	P	P	P	P	P	P	P	P	P	P	P	P	P	P	P	P	P	P	P	P
YNL078W	D	S	D	S	S	S	S	S	S	S	S	S	P	P	P	P	P	P	P	P
YKR055W	S	S	S	S	S	S	S	S	S	S	S	S	P	P	P	P	L	P	P	P
YCR073C	S	S	S	S	P	P	P	S	P	P	P	P	P	P	P	P	P	P	P	P
YML052W	S	S	S	S	S	S	S	S	S	S	S	S	P	P	P	P	P	P	P	P
YJL157C	S	S	S	S	S	S	S	S	S	S	S	S	P	P	P	P	P	P	P	P
YDR309C	S	P	S	P	P	P	P	P	P	P	P	P	P	P	P	P	P	P	P	P
YDR309C	S	P	S	P	P	P	P	P	P	P	P	P	P	P	P	P	P	P	P	P
YPR165W	P	S	P	P	P	S	P	S	S	S	S	S	P	P	L	P	P	P	P	P
YCR038C	S	S	S	S	S	S	S	S	S	S	S	S	P	P	P	P	P	P	P	P
YPL269W	S	S	S	S	S	S	S	S	S	S	S	S	P	P	P	P	P	P	P	P
YOR233W	P	P	P	P	P	P	P	P	P	P	P	P	P	P	P	P	P	P	P	P
YOR129C	S	S	P	S	S	S	D	D	S	S	S	S	P	P	P	P	L	P	P	P
YGR238C	P	P	S	S	S	S	S	P	P	P	P	P	P	P	P	P	P	P	P	P
YDR490C	S	S	P	S	S	S	S	P	P	P	P	P	P	P	P	P	P	P	P	P
YAL041W	S	S	S	S	S	S	S	S	S	S	S	S	P	P	P	P	P	P	P	P
YMR032W	S	S	P	S	S	S	S	S	S	S	S	S	P	P	P	P	P	P	P	P
YDL222C	P	S	D	P	P	S	P	S	P	P	P	P	L	P	P	P	P	P	P	P
YDR490C	S	S	P	S	S	S	S	P	P	P	P	P	P	P	P	P	P	P	P	P
YPL150W	S	S	S	S	S	S	S	S	S	S	S	S	P	P	P	P	P	P	P	P
YPL115C	P	P	P	S	S	S	S	S	S	S	S	S	P	P	P	P	P	P	P	P
YNL161W	S	S	S	S	S	S	S	S	S	S	S	S	P	P	P	P	P	P	P	P
YDR348C	P	P	S	S	P	P	P	S	P	P	P	P	P	P	P	P	P	P	P	P
YCL027W	S	S	S	S	S	S	S	S	S	S	S	S	P	P	P	P	P	P	P	P
YNL243W	S	S	S	S	S	S	S	S	S	S	S	S	P	P	P	L	L	P	P	P
