Gene ID	V.polysp	T.phaffi	T.blatta	N.dairen	N.castel	K.nagani	K.africa	C.glabra	S.uvarum	S.kudria	S.mikata	S.cerevi	Z.rouxii	T.delbru	K.lactis	E.gossyp	E.cymbal	L.kluyve	L.thermo	L.waltii
YER011W	D	S	P	S	P	S	P	S	S	S	S	S	L	L	L	P	P	L	L	L
YPL130W	P	P	S	S	S	P	P	S	P	P	P	P	P	P	L	L	L	P	L	L
YHR126C	P	D	D	S	D	D	S	D	S	S	S	S	P	L	P	P	P	P	P	P
YIR039C	D	D	D	D	D	D	D	D	D	D	D	S	L	L	L	L	L	L	L	L
YEL040W	S	S	S	S	S	S	S	S	S	S	S	S	P	P	P	L	L	P	P	P
YLR390W-A	S	S	S	S	S	S	S	S	S	S	S	S	P	P	P	P	P	P	P	P
Scer_YGOB_YDR134C	S	S	P	P	P	P	P	P	P	P	P	P	P	P	P	P	P	P	P	P
YHR143W	S	S	D	S	S	S	S	S	S	S	S	S	P	P	P	P	P	P	P	P
YKL096W-A	S	P	S	D	S	D	D	S	S	S	S	S	P	P	L	P	P	P	P	P
YJR150C	D	D	D	D	D	D	D	D	S	S	S	S	L	L	L	L	L	L	L	L
YKR102W	D	D	D	D	D	D	D	D	S	S	S	S	L	L	L	L	L	L	L	L
YDR077W	D	D	P	S	S	P	P	P	P	P	P	P	P	P	P	P	P	P	P	P
YNL190W	S	S	S	S	S	S	S	S	S	S	S	S	P	P	P	L	L	P	P	P
YOR009W	D	D	D	S	D	D	S	S	S	S	S	S	L	L	L	L	L	L	L	L
YIR019C	D	D	D	D	D	D	D	D	S	S	S	S	L	L	L	L	L	L	L	L
YDR077W	D	D	P	S	S	P	P	P	P	P	P	P	P	P	P	P	P	P	P	P
YIL011W	D	S	S	P	P	S	S	P	P	P	P	P	L	L	L	L	P	L	L	L
YMR008C	P	P	P	P	P	P	P	P	P	P	P	P	P	P	P	L	L	P	P	P
YCL048W	S	S	S	P	P	P	P	P	P	P	P	P	P	P	P	P	P	P	P	P
YBR067C	D	D	D	S	S	S	D	S	S	S	S	S	L	L	L	L	L	L	L	L
YLR343W	S	S	S	S	S	S	S	S	S	S	S	S	P	P	P	P	P	P	P	L
YOL132W	S	S	S	S	S	S	S	S	S	S	S	S	P	P	P	P	P	P	P	P
YJL171C	P	S	P	S	S	S	S	S	S	S	S	S	L	P	P	P	P	P	P	P
YAL063C	S	D	D	D	D	D	D	S	S	D	S	S	L	L	L	L	L	L	L	L
YDR144C	S	P	P	P	P	P	P	P	P	P	P	P	P	P	P	P	P	P	P	P
YOR382W	D	D	D	D	D	D	D	D	S	S	D	S	L	L	L	L	L	L	L	L
YAR050W	D	D	D	D	D	D	D	D	S	D	S	S	L	L	L	L	L	L	L	L
YOL155C	D	D	D	D	D	D	D	D	D	D	D	S	L	L	L	L	L	L	L	L
YMR008C	P	P	P	P	P	P	P	P	P	P	P	P	P	P	P	L	L	P	P	P
YIL011W	D	S	S	P	P	S	S	P	P	P	P	P	L	L	L	L	P	L	L	L
YMR215W	S	S	S	S	S	S	S	S	S	S	S	S	P	P	P	P	P	P	L	L
YKL096W	S	S	S	S	S	S	S	P	S	S	S	S	P	P	P	P	L	P	P	P
YOL030W	S	S	S	S	S	S	S	S	S	S	S	S	P	P	P	P	P	P	P	P
YJL078C	D	D	D	S	D	S	S	D	D	P	S	S	P	L	P	P	P	P	P	P
YLR194C	S	S	S	S	S	S	S	S	S	S	S	S	P	P	P	P	P	P	P	P
YHR214W	D	D	D	D	D	D	D	D	D	D	D	S	L	L	L	L	L	L	L	L
YLR121C	D	D	D	D	D	S	D	D	S	S	S	S	P	L	L	L	L	L	L	L
YJR004C	S	S	S	S	S	S	S	S	S	S	S	S	P	P	P	P	P	P	P	P
YBR078W	S	P	S	P	P	P	P	P	P	P	P	P	P	P	P	P	P	P	P	P
YCR089W	S	S	S	P	P	P	P	S	P	P	P	P	P	P	L	L	L	P	P	P
YDR144C	S	P	P	P	P	P	P	P	P	P	P	P	P	P	P	P	P	P	P	P
YDR524C-B	S	S	S	P	P	S	P	S	P	S	S	P	P	P	P	P	P	P	P	P
YDR524C-B	S	S	S	P	P	S	P	S	P	S	S	P	P	P	P	P	P	P	P	P
YOR383C	D	D	D	D	D	D	D	D	S	S	D	S	L	L	L	L	L	L	L	L
YNL322C	S	S	S	S	S	S	S	S	S	S	S	S	P	P	P	P	P	P	P	P
YMR006C	D	D	S	S	D	D	D	S	S	S	S	S	L	P	L	L	L	P	L	L
YHR211W	D	D	D	D	D	D	D	D	D	D	S	S	L	L	L	L	L	L	L	L
YDR261C	S	S	S	S	S	S	S	S	S	S	S	S	P	P	L	P	P	P	L	P
YNL327W	P	P	D	S	S	S	S	S	S	S	S	S	P	P	P	L	P	P	P	P
YCL048W	S	S	S	P	P	P	P	P	P	P	P	P	P	P	P	P	P	P	P	P
YCR089W	S	S	S	P	P	P	P	S	P	P	P	P	P	P	L	L	L	P	P	P
YJR151C	D	D	D	D	D	D	D	D	S	S	S	S	L	L	L	L	L	L	L	L
YNL300W	S	S	S	D	S	D	D	S	S	S	S	S	P	L	P	L	L	P	P	P
YMR238W	S	S	S	S	S	S	S	S	S	S	S	S	P	P	P	P	P	P	P	P
YGR189C	P	S	D	P	P	S	S	S	S	S	S	S	P	P	P	P	P	P	P	P
YLR042C	D	D	D	D	D	D	D	D	S	S	S	S	L	L	L	L	L	L	L	L
YDR534C	D	D	D	D	D	D	D	D	S	S	D	S	L	L	L	L	L	L	L	P
YKL046C	S	S	S	P	P	S	P	S	S	S	S	S	P	P	P	P	P	P	P	P
YAR066W	D	D	D	D	D	D	D	D	D	D	D	S	L	L	L	L	L	L	L	L
YBR078W	S	P	S	P	P	P	P	P	P	P	P	P	P	P	P	P	P	P	P	P
YLR040C	S	S	S	S	S	S	S	S	S	S	S	S	P	P	P	L	L	P	L	L
YMR307W	S	S	S	S	S	S	P	P	S	S	S	S	P	P	P	P	P	P	P	P
YPL130W	P	P	S	S	S	P	P	S	P	P	P	P	P	P	L	L	L	P	L	L
