Gene ID	V.polysp	T.phaffi	T.blatta	N.dairen	N.castel	K.nagani	K.africa	C.glabra	S.uvarum	S.kudria	S.mikata	S.cerevi	Z.rouxii	T.delbru	K.lactis	E.gossyp	E.cymbal	L.kluyve	L.thermo	L.waltii
YOL048C	S	S	S	S	S	S	S	S	S	S	S	S	P	P	P	P	P	P	P	P
YNR017W	S	S	S	S	S	S	S	S	S	S	S	S	P	P	P	P	P	P	P	P
YDR387C	S	S	S	S	S	S	S	S	S	S	S	S	P	P	P	L	P	P	P	P
YBR293W	D	D	D	D	D	D	D	D	S	S	S	S	L	L	L	L	L	L	L	L
YDR438W	S	S	S	P	P	P	P	S	P	P	P	P	P	P	P	P	P	P	P	P
YDR492W	S	S	P	P	P	P	P	P	P	P	P	P	P	P	P	P	P	P	P	P
YDR343C	D	D	S	P	P	S	D	P	P	P	P	P	L	P	L	P	P	P	P	P
YHL031C	S	S	S	S	S	S	S	S	S	S	S	S	P	P	P	P	P	P	P	P
YOL119C	S	S	D	D	D	S	S	S	S	S	S	S	P	P	P	P	L	P	P	P
YIL146C	S	S	S	D	S	S	S	S	S	S	S	S	P	P	P	P	P	P	P	P
YBR042C	P	P	S	P	P	S	S	S	P	P	P	P	P	P	P	P	P	P	P	P
YCR100C	D	D	D	D	D	D	D	D	D	D	D	S	L	L	L	L	L	L	L	L
YCL025C	P	P	S	P	P	P	P	P	P	P	P	P	P	P	P	P	P	P	P	P
YHR045W	S	S	S	S	S	S	S	S	S	S	S	S	P	P	P	P	P	P	P	P
YPR139C	S	S	S	S	S	S	S	S	S	S	S	S	P	P	P	P	P	P	P	P
YPL257W	D	D	D	D	D	D	D	D	S	D	D	S	L	L	L	L	L	L	L	L
YFL026W	P	S	S	S	S	S	S	S	S	S	S	S	P	P	P	P	P	P	P	P
YJL139C	P	P	S	S	S	P	P	P	P	P	P	P	P	P	P	P	P	P	P	P
YBR241C	S	S	S	P	P	P	S	S	P	P	P	P	P	P	P	P	P	P	P	P
YML125C	S	S	S	S	S	P	P	S	P	P	P	P	P	P	P	P	P	P	P	P
YKL133C	S	S	P	S	S	P	P	P	P	P	P	P	P	P	P	P	L	P	P	P
YMR266W	S	S	S	S	S	D	S	S	S	S	S	S	P	P	P	P	P	P	P	P
YLR251W	D	S	S	S	S	S	S	S	S	S	S	S	L	P	P	P	P	P	P	P
YCR067C	S	S	S	P	P	P	P	P	P	P	P	P	P	P	P	P	P	P	P	P
YPR194C	S	D	D	D	D	D	D	D	S	S	S	S	L	L	L	L	L	L	L	L
YGL160W	S	S	S	S	S	S	S	S	S	S	S	S	P	P	P	P	P	P	P	P
YCL002C	S	S	S	S	S	S	S	S	S	S	S	S	P	P	P	L	L	P	L	L
YIL117C	P	P	S	P	P	S	P	S	P	P	P	P	P	P	P	P	P	P	P	P
YJL062W-A	S	S	S	S	S	S	S	S	S	S	S	S	P	P	P	P	P	P	P	P
YML055W	S	S	S	S	S	S	S	S	S	S	S	S	P	P	P	P	P	P	P	P
YMR177W	S	S	P	P	P	P	P	P	P	P	P	P	P	P	P	P	P	P	P	P
YDL206W	S	S	S	S	S	S	S	S	S	S	S	S	P	P	P	L	L	P	P	P
YGR141W	S	S	S	S	P	S	P	S	P	P	P	P	P	P	P	P	P	P	P	P
YDR338C	S	S	S	S	S	S	S	S	S	S	S	S	P	P	P	P	L	P	P	P
YPR155C	S	S	D	S	S	S	S	S	S	S	S	S	P	P	P	P	P	P	P	P
YOR270C	S	S	S	S	S	S	S	S	S	S	S	S	P	P	P	P	P	P	P	P
YOL003C	S	S	S	S	S	S	S	S	S	S	S	S	P	P	P	P	P	P	P	P
YDR497C	S	S	S	S	P	S	S	S	P	P	P	P	P	P	P	P	L	P	P	P
YLR220W	S	S	P	S	P	S	S	S	S	S	S	S	P	P	P	P	P	P	P	P
YKL004W	P	S	S	S	S	S	S	P	S	S	S	S	P	P	P	P	L	P	P	P
YDL015C	S	S	S	S	S	S	S	S	S	S	S	S	P	P	P	P	P	P	P	P
YPL244C	S	S	S	S	S	S	S	S	S	S	S	S	P	P	P	P	P	P	P	P
YAL053W	S	S	S	S	S	S	P	S	P	P	P	P	P	P	P	P	L	P	P	P
YGR224W	D	D	D	D	S	D	D	S	D	S	S	S	L	L	L	L	L	L	L	L
YDR367W	S	S	P	S	S	S	S	S	S	S	S	S	P	P	P	P	P	P	P	P
YCR007C	D	D	D	D	D	D	D	D	D	S	S	S	L	L	L	L	L	L	L	L
YJR131W	S	S	S	S	S	S	S	S	S	S	S	S	P	P	P	P	P	P	P	P
YHR007C	P	S	S	S	S	S	S	S	S	S	S	S	P	P	P	P	P	P	P	P
YMR202W	S	S	S	S	S	S	S	S	S	S	S	S	P	P	P	P	P	P	P	P
YGR082W	P	S	S	P	P	P	S	S	S	S	S	S	P	P	P	P	P	P	P	P
YGR138C	S	S	S	S	P	S	S	S	P	P	P	P	P	P	P	P	L	P	P	P
YJL133W	P	S	P	P	P	P	P	P	P	P	P	P	P	P	P	P	P	P	P	P
YFL011W	D	D	D	D	D	D	D	D	S	S	S	S	L	L	L	L	L	L	L	L
YBR243C	S	S	S	S	S	S	S	S	S	S	S	S	P	P	P	P	P	P	P	P
YDR200C	P	P	P	P	P	S	S	P	P	P	P	P	P	P	P	P	P	P	P	P
YJR044C	S	S	S	S	S	S	S	S	S	S	S	S	P	P	P	P	P	P	P	P
YBR179C	S	S	S	S	S	S	S	S	S	S	S	S	P	P	P	P	P	P	P	P
YDR470C	S	S	S	S	S	S	S	S	S	S	S	S	P	P	P	P	P	P	P	P
YIL158W	S	S	S	S	P	P	P	S	P	P	P	P	P	P	P	P	P	P	P	P
YPL192C	S	D	D	D	D	S	S	S	S	S	S	S	P	P	P	P	P	P	P	P
YDR105C	S	S	S	S	S	S	S	S	S	S	S	S	P	P	P	P	P	P	P	P
YDR483W	P	P	P	P	P	S	P	P	P	P	P	P	P	P	P	P	P	P	P	P
YML013W	S	S	S	S	S	S	S	S	S	S	S	S	P	P	P	P	P	P	P	P
YDL123W	S	S	S	S	S	S	S	S	S	S	S	S	P	P	P	P	P	L	P	L
YGR197C	D	D	P	P	P	P	S	P	P	P	P	P	L	P	P	P	P	P	P	P
YJR012C	S	S	D	S	S	S	S	S	S	S	S	S	P	P	P	P	P	P	P	P
YDL199C	D	D	D	D	D	D	S	D	S	S	S	S	P	P	P	L	L	P	P	P
YGR041W	P	P	P	P	P	P	P	P	P	P	P	P	P	P	P	P	P	P	P	P
YHR117W	S	S	S	P	P	S	S	P	P	P	P	P	P	P	P	P	P	P	P	P
YPL264C	D	D	D	D	D	D	D	D	S	S	S	S	L	L	L	L	L	L	L	L
YML125C	S	S	S	S	S	P	P	S	P	P	P	P	P	P	P	P	P	P	P	P
YBR294W	D	D	D	D	D	D	D	D	S	S	S	S	L	L	L	L	L	L	L	L
YNR055C	D	D	D	D	D	D	D	D	S	S	S	S	L	L	L	L	L	L	L	L
YPL006W	S	S	D	S	D	S	S	S	S	S	S	S	P	P	P	P	P	P	P	P
YGR183C	P	S	S	S	S	S	S	S	S	S	S	S	P	P	P	P	P	P	P	P
YIL016W	S	S	S	S	S	S	S	S	S	S	S	S	P	P	P	P	P	P	P	P
YPL092W	D	S	S	S	P	S	S	S	S	S	S	S	P	P	P	L	L	P	L	P
YLR253W	S	S	S	S	S	S	S	S	S	S	S	S	P	P	P	P	P	P	P	P
YBR284W	S	S	S	P	P	S	S	S	P	P	P	P	P	P	L	P	L	P	P	P
YGL098W	S	S	S	S	S	S	S	S	S	S	S	S	P	P	P	P	P	P	P	P
YOL161C	D	D	D	D	D	D	D	D	D	D	D	S	L	L	L	L	L	L	L	L
YDR034W-B	S	S	P	S	S	D	S	D	P	P	P	P	L	P	P	L	L	P	L	L
YMR319C	D	D	D	D	S	D	D	S	S	S	S	S	P	L	P	L	L	P	L	P
YOL122C	S	S	S	S	S	S	S	S	S	S	S	S	P	L	P	P	P	P	P	P
YJR085C	D	D	D	S	S	S	S	S	S	S	S	S	P	P	P	P	P	P	P	P
YGR172C	S	S	S	S	S	S	S	S	S	S	S	S	P	P	P	P	P	P	P	P
YJR040W	S	S	S	S	S	S	S	S	S	S	S	S	P	P	P	P	P	P	P	P
YJL133W	P	S	P	P	P	P	P	P	P	P	P	P	P	P	P	P	P	P	P	P
YOL107W	S	S	S	S	S	S	S	S	S	S	S	S	P	P	P	P	L	P	P	P
YDR119W	S	S	S	S	S	S	S	D	S	S	S	S	P	P	P	P	P	P	P	P
YAL064W-B	D	D	D	D	D	D	D	D	D	D	D	S	L	L	L	L	L	L	L	L
YAL018C	P	P	D	S	S	S	S	S	P	P	P	S	P	P	L	P	P	P	P	P
YBR042C	P	P	S	P	P	S	S	S	P	P	P	P	P	P	P	P	P	P	P	P
YLR450W	P	P	S	S	S	P	P	S	P	P	P	P	P	P	P	P	P	P	P	P
YKR087C	S	S	S	S	S	S	S	S	S	S	S	S	P	P	P	L	P	P	P	P
YBR150C	S	S	P	P	P	P	P	P	P	P	P	P	L	P	P	L	L	P	P	P
YNR041C	S	S	S	S	S	S	S	S	S	S	S	S	P	P	P	P	P	P	P	P
YML129C	S	S	S	S	S	S	S	S	S	S	S	S	P	P	P	P	P	L	P	P
YOR093C	S	S	S	S	S	S	S	S	S	S	S	S	P	P	P	P	P	P	P	P
YGL075C	S	S	S	S	S	S	S	S	P	P	P	P	P	P	P	P	P	P	P	P
YBR298C	D	D	D	D	D	D	D	D	D	D	D	S	L	L	L	L	L	L	L	L
YEL036C	S	S	S	P	S	S	S	S	S	S	S	S	P	P	P	P	P	P	P	P
YMR149W	S	S	S	S	S	S	S	S	S	S	S	S	P	P	P	P	P	P	P	P
YNL263C	S	S	S	S	S	S	S	S	S	S	S	S	P	P	P	P	P	P	P	P
YFL042C	P	P	P	P	P	P	P	P	P	P	P	P	P	P	P	P	L	P	P	P
YNL095C	S	S	P	P	P	S	S	P	P	P	P	P	P	P	P	P	P	P	P	P
YGL012W	S	S	S	S	S	S	P	S	S	S	S	S	P	P	P	P	L	P	P	P
YDR319C	S	S	S	S	S	S	S	S	S	S	S	S	P	P	P	P	P	P	P	P
YLR008C	S	S	S	S	S	S	S	S	S	S	S	S	P	P	P	P	P	P	P	P
YNL044W	S	S	S	S	S	S	S	S	S	S	S	S	P	P	P	P	P	P	P	P
YBR014C	S	S	S	S	S	S	S	S	P	P	P	P	P	P	P	P	P	P	P	P
YAL053W	S	S	S	S	S	S	P	S	P	P	P	P	P	P	P	P	L	P	P	P
YML030W	S	S	S	S	S	S	S	S	S	S	S	S	P	P	P	P	P	P	P	P
YKL141W	S	S	S	S	S	P	P	S	P	P	P	P	P	P	P	P	P	P	P	P
YOL020W	S	S	S	S	S	D	D	S	S	S	S	S	L	L	P	P	P	P	P	P
YIL065C	S	S	S	S	S	S	S	S	S	S	S	S	P	P	P	P	P	P	P	P
YOL053W	S	S	S	S	S	S	D	S	S	S	S	S	P	P	P	P	P	P	P	P
YOR044W	S	D	D	S	S	D	S	S	P	P	P	P	L	P	P	P	P	P	P	P
YPL175W	S	S	S	S	S	S	S	S	S	S	S	S	P	P	P	P	P	P	P	P
YDR178W	S	S	S	S	S	P	P	S	P	P	P	P	P	P	P	P	P	P	P	P
YHL047C	D	D	D	D	D	D	D	D	D	D	D	S	L	L	L	L	L	L	L	L
YCR069W	S	P	P	P	S	S	P	S	P	P	P	P	P	P	P	P	P	P	P	P
YHR003C	S	S	S	S	S	S	S	S	P	P	P	P	P	P	P	P	P	P	P	P
YNL026W	S	S	S	S	P	S	S	S	S	S	S	S	P	P	P	P	P	P	P	P
YFR006W	P	S	P	S	S	S	S	P	S	S	S	S	P	P	P	P	P	P	P	P
YBR180W	S	S	S	S	S	S	S	S	S	S	S	S	P	P	P	P	P	P	P	P
YDR302W	S	S	P	S	S	S	S	S	S	S	S	S	P	P	P	P	P	P	P	P
YLR411W	D	D	D	S	S	D	D	D	S	S	S	S	L	P	L	L	L	P	P	P
YPR198W	D	D	D	D	D	D	D	D	D	D	D	S	L	L	L	L	L	L	L	L
YLR056W	P	P	S	S	S	S	S	S	S	S	S	S	P	P	P	P	P	P	P	P
YNL169C	S	P	P	S	S	S	S	S	S	S	S	S	P	P	P	P	P	P	P	P
YNL268W	S	S	S	S	S	S	D	S	S	S	S	S	P	P	P	P	P	P	P	P
YBL089W	S	S	S	S	S	P	S	P	P	P	P	P	P	P	P	P	P	P	P	P
YAL048C	S	S	S	S	P	S	S	S	S	S	S	S	P	P	P	P	P	P	P	P
YDR458C	P	P	P	P	P	P	P	P	P	P	P	P	P	P	P	P	P	P	P	P
YJL108C	D	D	D	D	D	S	D	S	S	S	S	S	P	P	P	P	P	P	P	P
YHR155W	P	P	P	S	S	P	P	P	P	P	P	P	P	P	P	P	P	P	P	P
Scer_YGOB_SDC25	P	P	P	P	P	P	S	P	P	P	P	P	P	P	P	P	L	P	P	P
YOR271C	S	S	S	S	S	S	S	S	S	S	S	S	P	P	P	P	P	P	P	P
YGR260W	S	S	S	P	S	S	S	S	S	S	S	S	L	P	P	P	L	P	L	L
YPL270W	S	S	S	S	S	S	S	S	S	S	S	S	P	P	P	P	P	P	P	P
YGR032W	P	P	P	P	P	P	P	P	P	P	P	P	P	P	P	P	P	P	P	P
YIL092W	D	D	D	D	D	D	D	D	S	S	S	S	L	L	L	L	L	L	L	L
YOR106W	S	S	S	S	S	S	S	S	S	S	S	S	P	P	P	P	P	P	P	P
YAR064W	D	D	D	D	D	D	D	D	D	D	D	S	L	L	L	L	L	L	L	L
YML132W	D	D	D	D	D	D	D	D	D	S	D	S	L	L	L	L	L	L	L	L
YDR307W	S	S	S	S	S	S	S	S	S	S	S	S	P	P	P	P	P	P	P	P
YOR059C	S	S	S	S	S	S	S	S	S	S	S	S	P	P	P	P	P	P	P	P
YIL136W	S	S	S	S	S	S	S	S	S	S	S	S	P	P	P	P	P	P	P	P
YIR022W	S	S	S	S	S	S	S	S	S	S	S	S	P	P	P	P	P	P	P	P
YBR104W	P	P	P	P	P	P	P	P	P	P	P	P	P	P	P	L	L	P	P	P
YKL217W	D	D	D	D	D	D	D	D	S	S	S	S	L	L	L	L	L	L	L	L
YLL052C	D	D	D	D	D	D	D	D	S	S	S	S	L	L	L	L	L	L	L	L
YFL034W	P	P	S	S	S	S	S	S	S	S	S	S	P	P	P	P	L	P	P	P
YKR044W	P	P	P	S	S	S	S	S	S	S	S	S	P	P	L	P	P	P	P	P
YBR241C	S	S	S	P	P	P	S	S	P	P	P	P	P	P	P	P	P	P	P	P
YDR381C-A	S	S	S	S	S	S	S	S	S	S	S	S	P	P	P	P	P	P	P	P
YHR048W	S	S	S	S	S	S	S	S	S	S	S	S	P	L	L	L	L	P	P	L
YGR149W	S	D	S	S	S	S	S	S	S	S	S	S	P	P	P	P	P	P	P	P
YDL222C	P	S	D	P	P	S	P	S	P	P	P	P	L	P	P	P	P	P	P	P
YKL065W-A	S	S	D	D	S	S	D	D	S	S	S	S	P	P	P	P	L	L	L	L
YGR131W	S	S	P	P	P	P	P	P	P	P	P	P	P	P	P	P	P	P	P	P
YOR099W	P	P	P	S	S	S	S	S	S	S	S	S	P	P	P	P	P	P	P	P
YPL172C	S	S	S	S	S	S	S	S	S	S	S	S	P	P	P	P	P	P	P	P
YBR044C	S	S	S	S	S	S	S	S	S	S	S	S	P	P	P	P	P	P	P	P
YLR214W	S	S	D	D	D	S	S	D	S	S	S	S	L	P	P	P	P	P	P	P
YAL023C	P	P	P	P	P	P	P	P	P	P	P	P	P	P	P	P	P	P	P	P
YNL080C	S	S	S	S	S	S	S	S	S	S	S	S	P	P	P	P	P	P	P	P
YLR378C	S	S	S	S	S	S	S	S	S	S	S	S	P	P	P	P	P	P	P	P
YLR023C	S	S	S	S	S	S	S	S	S	S	S	S	P	P	P	P	P	P	P	P
YDR352W	P	P	P	S	S	S	S	S	S	S	S	S	P	P	P	P	P	P	P	P
YGR038W	S	S	S	S	S	S	P	P	P	P	P	P	P	P	P	P	P	P	P	P
YNL323W	S	S	P	S	S	S	S	S	S	S	S	S	P	P	P	P	P	P	P	P
YNL003C	S	S	S	S	S	S	S	S	S	S	S	S	P	P	P	P	P	P	P	P
YCR094W	P	P	S	P	P	P	P	P	P	P	P	P	P	P	P	P	P	P	P	P
YNL048W	S	S	S	S	S	S	S	S	S	S	S	S	P	P	P	P	P	P	P	P
YHR002W	S	S	S	S	S	S	S	S	S	S	S	S	P	P	P	P	P	P	P	P
YJL193W	S	S	S	S	S	S	S	S	S	S	S	S	P	P	P	L	L	P	L	L
YIL067C	S	S	S	S	S	S	S	S	S	S	S	S	P	P	P	P	P	P	P	P
YGR131W	S	S	P	P	P	P	P	P	P	P	P	P	P	P	P	P	P	P	P	P
YOR036W	S	S	S	S	S	S	S	S	S	S	S	S	P	P	P	P	P	P	P	P
YHR079C	S	S	S	S	S	S	S	S	S	S	S	S	P	P	P	P	P	P	P	P
YAL026C	S	S	S	S	S	S	S	S	S	S	S	S	P	P	P	P	P	P	P	P
YAL014C	S	S	S	S	S	S	S	S	S	S	S	S	P	P	P	P	P	P	P	P
YOR154W	S	S	S	S	S	S	S	D	S	S	S	S	P	P	P	P	P	P	P	P
YFL046W	S	S	S	S	S	S	S	S	S	S	S	S	P	P	P	P	P	P	P	P
YGR125W	S	S	S	S	S	S	S	S	S	S	S	S	P	P	P	P	L	P	P	P
YOL073C	S	S	S	S	S	S	S	S	S	S	S	S	P	P	P	P	L	P	P	P
YOL152W	D	D	D	D	D	D	D	D	S	S	D	S	L	L	L	L	L	L	L	L
YER145C	S	S	D	S	S	S	D	S	S	S	S	S	P	P	L	P	P	P	L	L
YDR492W	S	S	P	P	P	P	P	P	P	P	P	P	P	P	P	P	P	P	P	P
YOR085W	S	S	P	S	S	S	S	S	S	S	S	S	P	P	P	P	P	P	P	P
YBL030C	S	S	S	P	P	S	S	S	P	P	P	P	P	P	P	P	P	P	P	P
YGL022W	S	S	S	S	S	S	S	S	S	S	S	S	P	P	P	P	P	P	P	P
YLL012W	P	P	P	P	P	P	P	P	P	P	P	P	P	P	P	P	P	P	P	P
YIL134W	S	S	S	S	S	S	S	S	S	S	S	S	P	P	P	P	P	P	P	P
YBR068C	P	P	P	P	P	P	P	P	P	P	P	P	P	L	L	P	P	P	P	P
YMR065W	S	S	S	S	S	S	S	S	S	S	S	S	P	P	P	P	P	P	P	P
YMR302C	S	S	S	S	S	S	S	S	S	S	S	S	P	P	P	P	L	P	P	P
YBR041W	S	S	P	S	S	S	S	S	S	S	S	S	P	P	P	P	P	P	P	P
YBL082C	S	S	S	S	S	S	S	S	S	S	S	S	P	P	P	P	P	P	P	P
YNR062C	D	D	D	D	D	D	D	D	S	S	D	S	L	L	L	L	L	L	L	L
YKL124W	S	S	P	S	S	S	S	S	S	S	S	S	P	P	P	P	P	P	P	P
YGL084C	S	S	S	S	S	S	P	S	P	P	P	P	P	P	P	P	P	P	P	P
YLR077W	S	S	S	S	S	S	S	S	S	S	S	S	P	P	P	P	P	P	P	P
YOR130C	S	S	S	P	P	P	D	S	S	S	S	S	P	P	P	P	P	P	P	P
YDR294C	S	S	S	S	S	S	S	S	S	S	S	S	P	P	P	L	L	P	P	P
YIL114C	S	S	S	S	S	P	P	P	P	P	P	P	P	P	P	P	P	P	P	P
YKL100C	S	S	S	S	S	S	S	S	S	S	S	S	P	P	L	L	L	P	L	L
YAL010C	S	S	S	S	S	S	S	S	S	S	S	S	P	P	P	P	P	P	P	P
YHL036W	S	S	S	S	S	D	D	S	S	S	S	S	P	P	P	P	P	P	L	P
YNR013C	S	S	S	S	S	S	S	S	S	S	S	S	P	P	P	P	P	P	P	P
YLR414C	S	S	S	S	S	S	S	S	S	S	S	S	P	L	P	L	L	P	P	L
YOR008C	S	S	S	S	S	S	S	S	S	S	S	S	P	P	P	P	P	P	P	P
YDL119C	S	S	S	S	S	S	S	S	S	S	S	S	P	P	P	P	P	P	P	P
YAL042W	P	P	P	P	P	P	P	S	S	S	S	S	P	P	P	P	P	P	P	P
YKL221W	D	D	D	D	D	D	D	D	D	D	D	S	L	L	L	L	L	L	L	L
YBR207W	S	S	S	S	D	S	S	S	S	S	S	S	P	P	P	P	P	P	P	P
YFL050C	D	D	D	D	D	D	D	D	S	S	S	S	L	L	L	L	L	L	L	L
YEL004W	D	D	D	D	D	S	D	D	S	S	S	S	L	P	P	L	L	P	P	L
YER141W	S	S	S	S	S	S	S	S	S	S	S	S	P	P	P	P	P	P	P	P
YOR266W	S	S	S	S	S	S	S	S	S	S	S	S	P	P	P	P	P	P	P	P
YPR124W	S	S	S	S	S	S	S	S	S	S	S	S	P	P	P	P	P	P	P	P
YDR264C	S	S	S	P	P	P	P	S	P	P	P	P	P	P	P	P	P	P	P	P
YDR343C	D	D	S	P	P	S	D	P	P	P	P	P	L	P	L	P	P	P	P	P
YGR141W	S	S	S	S	P	S	P	S	P	P	P	P	P	P	P	P	P	P	P	P
YPL162C	S	S	S	S	S	S	S	S	S	S	S	S	P	P	P	P	P	P	P	P
YGL075C	S	S	S	S	S	S	S	S	P	P	P	P	P	P	P	P	P	P	P	P
YJL051W	S	S	S	S	S	S	S	S	S	S	S	S	P	P	P	P	P	P	P	P
YDR316W	S	S	S	S	S	S	S	S	S	S	S	S	P	P	P	P	P	P	P	P
YGR157W	P	P	P	S	S	S	S	S	S	S	S	S	P	P	P	P	P	P	P	P
YDL142C	S	S	S	S	S	S	S	S	S	S	S	S	P	P	P	P	P	P	P	P
YMR119W	P	P	S	P	P	P	P	P	P	P	P	P	P	P	P	P	P	P	P	P
YNR075W	D	D	D	D	D	D	D	D	D	D	D	S	L	L	L	L	L	L	L	L
YCR011C	S	S	S	S	S	S	S	S	S	S	S	S	P	P	P	P	P	P	P	P
YGL146C	S	D	D	S	S	S	S	D	S	S	S	S	P	P	P	P	P	P	P	P
YDL194W	S	S	S	P	P	P	P	P	P	P	P	P	P	P	P	P	P	P	P	P
YHR195W	S	D	D	S	S	S	S	S	S	S	S	S	P	P	P	L	P	P	P	P
YOR311C	S	S	P	S	S	S	S	S	S	S	S	S	P	P	P	P	P	P	P	P
YDR284C	S	S	P	S	S	S	S	S	S	S	S	S	P	P	P	P	P	P	P	P
YIL117C	P	P	S	P	P	S	P	S	P	P	P	P	P	P	P	P	P	P	P	P
YBR014C	S	S	S	S	S	S	S	S	P	P	P	P	P	P	P	P	P	P	P	P
YDR349C	S	S	S	S	S	S	S	S	S	S	S	S	P	P	P	P	P	P	P	P
YKL034W	S	S	S	S	S	S	S	S	S	S	S	S	P	P	P	P	P	P	P	P
YLR078C	S	S	S	S	S	S	S	S	S	S	S	S	P	P	P	P	P	P	P	P
YMR183C	S	S	S	P	P	S	S	P	P	P	P	P	P	P	P	P	P	P	P	P
YFR012W	S	S	S	S	S	S	P	S	P	P	P	P	P	P	P	P	P	P	P	P
YLR404W	S	S	S	S	S	S	S	S	S	S	S	S	P	P	P	P	P	P	P	P
YLL005C	S	S	S	S	S	S	S	S	S	S	S	S	P	P	P	P	P	P	P	P
YCL069W	D	D	D	D	D	D	D	D	D	D	D	S	L	L	L	L	L	L	L	L
YIL147C	P	P	P	S	S	S	S	S	S	S	S	S	P	P	P	P	P	P	P	P
YBR147W	S	S	S	P	P	P	S	P	P	P	P	P	P	P	P	P	P	P	P	P
YGL167C	S	S	S	S	S	S	S	P	S	S	S	S	P	P	P	P	P	P	P	P
YJR161C	D	D	D	D	D	D	D	D	D	D	D	S	L	L	L	L	L	L	L	L
YMR157C	S	S	S	S	S	S	S	S	S	S	S	S	P	P	P	P	P	P	P	P
YMR110C	S	P	S	S	S	S	S	S	S	S	S	S	L	P	P	L	L	P	P	P
YGR217W	P	P	S	S	S	S	S	S	S	S	S	S	P	P	P	P	P	P	P	P
YHL043W	D	D	D	D	D	D	D	D	D	D	D	S	L	L	L	L	L	L	L	L
YBR023C	P	P	S	S	S	P	P	P	S	S	S	S	P	P	P	P	P	P	P	P
YOR002W	S	S	S	S	S	S	S	S	S	S	S	S	P	P	P	P	P	P	P	P
YHL017W	S	S	S	S	S	S	S	P	P	P	P	P	P	P	P	P	P	P	P	P
YLL055W	D	D	D	D	S	D	D	D	S	S	S	S	P	L	P	P	L	P	P	P
YHR026W	S	S	S	S	S	S	S	S	S	S	S	S	P	P	P	P	P	P	P	P
YDL232W	S	S	S	D	S	S	P	S	S	S	S	S	P	P	P	P	P	P	P	P
YKR089C	P	P	P	P	P	P	P	P	P	P	P	P	P	P	P	P	P	P	P	P
YLL015W	S	S	D	D	D	S	S	S	S	S	S	S	P	P	P	L	L	P	L	L
YPL058C	S	S	S	S	S	S	S	S	S	S	S	S	P	P	P	L	L	P	L	L
YOR044W	S	D	D	S	S	D	S	S	P	P	P	P	L	P	P	P	P	P	P	P
YJL082W	S	S	P	S	S	S	S	P	P	P	P	P	P	P	P	L	P	P	P	P
YNR039C	S	S	S	S	S	S	S	S	S	S	S	S	P	P	P	P	P	P	P	P
YDR410C	S	S	S	S	S	S	S	S	S	S	S	S	P	P	P	P	P	P	P	P
YIL005W	P	P	P	S	S	S	S	P	S	S	S	S	P	P	P	P	P	P	P	P
YJL117W	S	S	S	S	S	S	S	S	S	S	S	S	P	P	P	P	P	P	P	P
YDL072C	S	S	S	S	S	S	S	S	S	S	S	S	P	P	P	P	P	P	P	P
YDL012C	S	D	P	D	S	S	S	P	P	P	P	P	P	P	P	P	P	P	P	P
YNL052W	S	S	S	S	S	S	S	S	P	P	P	P	P	P	P	P	P	P	P	P
YGL065C	S	S	S	S	S	S	S	S	S	S	S	S	P	P	P	P	P	P	P	P
YHR003C	S	S	S	S	S	S	S	S	P	P	P	P	P	P	P	P	P	P	P	P
YCR026C	S	S	S	S	S	D	D	S	P	P	P	P	P	P	P	P	P	P	L	L
YLR145W	S	S	S	S	S	S	S	S	S	S	S	S	P	P	P	P	P	P	P	P
YFL068W	D	D	D	D	D	D	D	D	D	D	D	S	L	L	L	L	L	L	L	L
YFL048C	S	P	P	S	S	P	S	P	P	P	P	P	P	P	P	P	P	P	P	P
YLR443W	S	S	S	S	S	S	S	S	S	S	S	S	P	P	P	P	P	P	P	P
YOR256C	P	P	P	P	P	P	P	P	P	P	P	P	P	P	P	P	P	P	P	P
YAL030W	S	S	P	S	S	S	S	P	P	P	P	P	P	P	P	P	P	P	P	P
YPR010C-A	S	S	S	S	S	S	S	S	S	S	S	S	P	P	P	L	P	P	P	P
YBR040W	S	S	S	S	S	S	S	S	S	S	S	S	P	P	P	P	P	P	P	P
YHR175W	S	S	S	S	S	S	S	S	S	S	S	S	P	P	P	P	P	P	P	P
YBR230C	S	D	S	D	S	S	S	S	S	S	S	S	P	P	P	P	P	P	P	P
YAR027W	D	D	D	D	D	D	D	D	D	S	S	S	L	L	L	L	L	L	L	L
YOL137W	S	S	S	S	S	S	S	S	S	S	S	S	P	P	P	P	P	P	P	P
YLL006W	S	S	S	S	S	S	S	S	S	S	S	S	P	P	P	P	P	P	P	P
YDR326C	S	S	P	P	P	P	P	P	P	P	P	P	P	P	P	P	P	P	P	P
YDL052C	P	P	S	S	S	S	S	S	S	S	S	S	P	P	P	P	P	P	P	P
YER185W	D	D	D	D	D	D	D	D	D	D	D	S	L	L	L	L	L	P	P	L
YMR200W	S	S	S	S	S	S	S	S	S	S	S	S	P	P	P	P	P	P	P	P
YDR536W	D	D	D	D	D	D	D	D	S	S	S	S	P	P	P	P	P	P	P	P
YLR191W	P	P	S	S	S	S	S	S	S	S	S	S	P	P	P	P	P	P	P	P
YKL207W	S	S	S	S	S	S	S	S	S	S	S	S	P	P	P	P	P	P	P	P
YAL055W	S	S	S	S	S	S	S	S	S	S	S	S	P	P	P	P	P	P	P	P
YIL004C	S	S	S	S	S	S	S	S	S	S	S	S	P	P	P	P	P	P	P	L
YPR113W	S	P	S	S	S	S	S	S	S	S	S	S	P	P	P	P	P	P	P	P
YNL291C	S	S	S	S	S	S	S	S	S	S	S	S	P	P	P	P	P	P	P	P
YDR011W	P	P	P	S	S	S	S	S	D	S	S	S	P	P	P	P	P	P	P	P
YNL087W	S	S	S	P	P	S	P	S	P	P	P	P	P	P	P	P	P	P	P	P
YER039C	P	P	S	P	P	S	S	S	P	P	P	P	P	P	P	P	P	P	P	P
YDR414C	S	S	S	S	S	S	S	S	S	S	S	S	P	P	P	P	P	P	P	P
YIR014W	S	D	S	S	S	S	D	S	S	S	S	S	P	P	P	P	P	P	P	P
YPL147W	S	S	S	S	S	S	S	S	S	S	S	S	P	P	P	P	P	P	P	P
YIR033W	S	S	S	P	P	P	P	S	P	P	P	P	P	P	P	P	P	P	P	P
YIL085C	S	S	S	P	P	P	P	S	P	P	P	P	P	P	P	L	L	P	P	P
YBR183W	P	P	P	P	P	S	S	P	P	P	P	P	P	P	P	P	P	P	P	P
YJL132W	D	D	S	S	S	S	D	S	S	S	S	S	P	P	P	L	L	P	P	P
YKL140W	S	S	S	S	S	S	S	S	S	S	S	S	P	P	L	P	L	P	P	P
YNL024C-A	S	S	S	S	S	S	S	S	S	S	S	S	P	P	P	P	P	P	P	P
YDL149W	S	S	S	S	S	S	S	S	S	S	S	S	P	P	P	P	P	P	P	P
YDR231C	S	S	S	S	S	S	S	S	S	S	S	S	P	P	P	P	P	P	P	P
YKL051W	S	P	P	P	P	P	P	P	S	S	S	S	P	P	P	P	P	P	P	P
YGR284C	P	S	S	P	P	S	P	S	S	S	S	S	P	P	P	P	P	P	P	P
YMR243C	S	S	S	P	P	P	P	S	P	P	P	P	P	P	P	P	P	P	P	P
YGR032W	P	P	P	P	P	P	P	P	P	P	P	P	P	P	P	P	P	P	P	P
YGL084C	S	S	S	S	S	S	P	S	P	P	P	P	P	P	P	P	P	P	P	P
YJL172W	D	D	D	S	S	S	S	S	S	S	S	S	P	P	P	P	P	P	P	P
YMR203W	S	S	S	S	S	S	S	S	S	S	S	S	P	P	P	P	P	P	P	P
YOL002C	S	S	S	S	S	S	S	S	S	S	S	S	P	P	P	P	P	P	P	P
YPL246C	P	P	S	S	S	S	S	S	S	S	S	S	P	P	P	P	P	P	P	P
YNL192W	P	P	S	S	S	S	S	S	S	S	S	S	P	P	P	P	P	P	P	P
YJL093C	S	S	S	S	S	S	S	S	S	S	S	S	P	P	P	L	L	P	P	P
YJL163C	S	S	S	S	S	S	S	S	S	S	S	S	P	P	P	P	L	P	P	P
YMR089C	S	S	S	S	S	S	S	S	S	S	S	S	P	P	P	P	P	P	P	P
YER072W	S	S	S	S	S	S	S	S	S	S	S	S	P	P	P	P	P	P	P	P
YNL149C	S	S	S	S	S	S	S	S	S	S	S	S	P	P	P	P	P	P	P	P
YMR134W	S	S	S	S	S	S	S	S	S	S	S	S	P	P	P	P	P	P	P	P
YOR328W	D	D	D	D	D	D	D	D	S	S	S	S	L	L	L	L	L	L	L	L
YJL037W	D	D	D	D	D	D	D	D	S	D	S	S	L	L	L	L	L	L	L	L
YHR078W	S	S	S	S	S	S	S	S	S	S	S	S	P	P	P	P	P	P	P	P
YLR099W-A	S	S	S	S	S	S	S	S	S	S	S	S	P	P	P	P	P	P	P	P
YHL044W	D	D	D	D	D	D	D	D	D	D	D	S	L	L	L	L	L	L	L	L
YJL002C	P	S	S	S	S	S	S	S	S	S	S	S	P	P	P	P	P	P	P	P
YNL275W	D	S	S	S	S	S	S	S	S	S	S	S	P	P	P	P	P	P	P	P
YBR005W	P	S	S	P	P	S	P	P	P	P	P	P	P	P	P	P	P	P	P	P
YGR191W	S	P	S	P	P	S	S	S	S	S	S	S	L	L	P	P	P	P	P	P
YKR093W	S	D	S	S	S	S	S	S	S	S	S	S	P	P	P	L	L	P	L	L
YKL201C	P	P	P	P	P	S	P	P	P	P	P	P	P	L	P	L	P	P	P	P
YCR021C	D	D	D	D	D	D	D	D	S	S	S	S	L	L	L	L	L	L	L	L
YBR255C-A	P	S	S	S	S	S	S	S	S	S	S	S	P	P	P	P	P	P	P	P
YJL161W	D	D	D	D	D	D	D	D	S	S	S	S	P	P	P	L	L	P	P	P
YGL194C-A	S	S	S	D	S	S	S	S	S	S	S	S	P	P	P	P	L	P	P	P
YFR041C	S	S	S	S	S	S	S	S	S	S	S	S	P	P	P	P	P	P	P	P
YBL042C	S	S	D	S	S	D	S	S	S	S	S	S	P	P	P	P	P	P	P	P
YFL062W	D	D	D	D	D	D	D	D	D	D	D	S	L	L	L	L	L	L	L	L
YML115C	S	S	S	S	S	S	S	S	S	S	S	S	P	P	P	P	P	P	P	P
YKL077W	S	S	P	S	P	S	S	S	S	S	S	S	P	P	P	P	P	P	P	P
YOR381W	D	D	D	D	D	D	D	D	S	S	S	S	L	L	L	L	L	L	L	L
YLL023C	S	S	S	S	S	S	S	S	S	S	S	S	P	P	P	P	P	P	P	P
YKR103W	D	D	D	D	D	D	D	D	D	D	S	S	L	L	L	L	L	L	L	L
YLR065C	S	S	S	S	S	S	S	S	S	S	S	S	P	P	P	P	P	P	P	P
YLL031C	P	P	P	S	S	S	S	S	S	S	S	S	P	P	P	P	P	P	P	P
YNR070W	D	D	D	D	D	D	D	D	D	S	S	S	L	L	L	L	L	L	L	L
YOR273C	S	S	P	D	S	S	S	S	S	S	S	S	L	P	L	P	P	P	P	P
YGL020C	S	S	S	S	S	S	S	S	S	S	S	S	P	P	P	P	P	P	P	P
YNL305C	S	S	S	S	S	S	S	S	S	S	S	S	P	P	P	L	L	P	P	P
YBR069C	S	D	S	S	S	S	D	D	S	S	S	S	L	L	L	P	P	P	L	L
YCR104W	D	D	D	D	D	D	D	D	D	D	D	S	L	L	L	L	L	L	L	L
YCL001W	S	S	S	S	S	S	S	S	S	S	S	S	P	P	P	P	P	P	P	P
YDR443C	S	S	S	S	S	S	S	S	S	S	S	S	P	P	P	P	P	P	P	P
YNL294C	S	S	S	S	S	S	S	S	S	S	S	S	P	P	P	P	P	P	P	P
YNL280C	S	S	S	S	S	S	S	S	S	S	S	S	P	P	P	P	P	P	P	P
YJL073W	S	S	S	S	S	S	S	S	S	S	S	S	P	P	P	P	P	P	P	P
YDL128W	S	S	P	S	S	S	S	S	S	S	S	S	P	P	P	P	P	P	P	P
YIL102C-A	S	S	S	S	S	S	S	S	S	D	S	S	P	P	P	P	P	P	P	P
YLR026C	S	S	S	S	S	S	S	S	S	S	S	S	P	P	P	P	P	P	P	P
YCR010C	S	P	P	P	P	P	P	P	P	P	P	P	P	P	P	P	P	P	L	L
YEL065W	S	D	D	S	S	D	D	D	S	S	S	S	L	L	L	L	L	L	L	L
YLR093C	S	S	S	S	S	S	S	S	S	S	S	S	P	P	P	P	P	P	P	P
YGR026W	S	S	P	S	S	S	S	S	S	S	S	S	P	P	P	P	P	P	P	P
YML131W	S	S	S	S	S	D	P	S	S	S	S	S	P	P	L	P	P	L	L	L
YLR246W	S	S	S	S	S	S	S	S	S	S	S	S	P	P	P	P	P	P	P	P
YML038C	P	P	S	S	S	S	S	S	S	S	S	S	P	P	P	P	P	P	P	P
YDR497C	S	S	S	S	P	S	S	S	P	P	P	P	P	P	P	P	L	P	P	P
YKL133C	S	S	P	S	S	P	P	P	P	P	P	P	P	P	P	P	L	P	P	P
YOR075W	S	S	S	S	S	S	S	S	S	S	S	S	P	P	P	P	P	P	P	P
YGR089W	S	S	S	S	S	S	S	S	S	S	S	S	P	P	P	P	P	P	P	P
YGL200C	S	P	S	S	S	S	S	S	S	S	S	S	P	P	P	P	P	P	P	P
YGL186C	S	S	S	S	S	S	S	S	S	S	S	S	L	P	P	L	L	P	P	P
YLR152C	S	S	S	S	S	S	P	D	S	S	S	S	P	P	P	P	P	P	P	P
YML012W	P	P	S	S	P	P	S	S	S	S	S	S	P	P	P	P	P	P	P	P
YNL054W	S	S	S	S	S	S	S	S	S	S	S	S	P	P	P	P	P	P	P	P
YGL055W	S	S	D	S	S	S	S	S	S	S	S	S	P	P	P	P	P	P	P	P
YIL039W	P	P	P	S	S	S	S	S	S	S	S	S	P	P	P	P	P	P	P	P
YBR171W	S	S	S	S	S	S	S	S	S	S	S	S	P	P	P	P	P	P	P	P
YIL158W	S	S	S	S	P	P	P	S	P	P	P	P	P	P	P	P	P	P	P	P
YCR017C	S	S	S	S	S	S	S	S	S	S	S	S	P	P	P	P	P	P	P	P
YDL089W	S	S	S	S	S	S	S	S	S	S	S	S	P	P	P	P	P	P	P	P
YHR151C	S	S	S	S	S	S	S	S	S	S	S	S	P	P	P	P	P	P	P	P
YJR158W	D	D	D	D	D	D	D	D	D	D	D	S	L	L	L	L	L	L	L	L
YBR043C	D	D	D	D	D	D	D	D	S	S	S	S	P	P	P	P	P	P	P	P
YDR331W	S	S	S	S	S	S	S	S	S	S	S	S	P	P	P	P	P	P	P	P
YGR101W	S	S	S	S	S	S	S	S	S	S	S	S	P	P	P	P	P	P	P	P
YBL059W	P	P	S	P	P	P	P	P	P	P	P	P	P	P	P	P	L	P	P	P
YDR160W	D	D	D	S	S	S	D	S	S	S	S	S	P	P	P	P	P	P	P	P
YDR093W	S	S	P	P	P	P	P	P	P	P	P	P	P	P	P	P	P	P	P	P
YML123C	P	P	S	P	P	S	S	S	S	S	S	S	P	P	P	P	P	P	P	P
YNL146W	S	D	D	S	S	S	D	S	S	S	S	S	P	P	P	P	L	P	P	P
YOR211C	S	S	S	S	S	S	S	S	S	S	S	S	P	P	P	P	P	P	P	P
YDR040C	S	S	S	S	S	S	S	S	S	S	S	S	P	P	P	P	P	P	P	P
YBR068C	P	P	P	P	P	P	P	P	P	P	P	P	P	L	L	P	P	P	P	P
YDL248W	D	D	D	D	D	D	D	D	D	D	D	S	L	L	L	L	L	L	L	L
YFL051C	D	D	D	D	D	D	D	D	S	S	S	S	L	L	L	L	L	L	L	L
YPL063W	S	S	S	S	S	S	S	S	S	S	S	S	P	P	P	P	P	P	P	P
YER118C	S	S	S	S	S	S	S	S	S	S	S	S	P	P	P	P	P	P	P	P
YGL230C	S	D	D	S	S	D	D	D	S	S	S	S	P	P	L	L	L	P	P	P
YGR096W	S	S	S	S	S	S	S	S	S	S	S	S	P	P	P	P	P	P	P	P
YBR086C	S	S	S	P	P	P	P	S	S	S	S	S	P	P	P	P	L	P	P	P
YNR021W	S	S	S	S	S	S	S	S	S	S	S	S	P	P	P	P	P	P	P	P
YFL054C	D	D	D	D	D	D	D	D	S	S	S	S	L	P	L	L	L	L	P	P
YAR029W	D	D	D	D	D	D	D	D	D	S	S	S	L	L	L	L	L	L	L	L
YGR112W	S	S	S	S	S	S	S	S	S	S	S	S	P	P	P	P	P	P	P	P
YIL030C	S	S	S	S	S	S	S	S	S	S	S	S	P	P	P	P	P	P	P	P
YMR011W	D	D	D	D	D	D	D	D	S	S	S	S	L	L	L	L	L	L	L	L
YDR038C	D	D	D	D	D	D	D	D	D	D	D	S	L	L	L	L	L	L	L	L
YDL204W	D	S	P	P	P	S	P	S	P	P	P	P	P	P	P	P	P	P	P	P
YHR096C	P	S	S	P	P	S	S	P	P	S	P	P	L	P	P	P	L	L	L	P
YNR074C	D	D	D	D	D	D	D	D	D	D	D	S	L	L	L	L	L	L	L	L
YIL140W	S	S	S	S	S	S	S	S	S	S	S	S	P	P	P	P	P	P	P	P
YLL043W	S	S	S	P	P	S	P	P	S	S	S	S	P	P	P	P	P	P	P	P
YJL019W	S	S	P	P	P	S	S	S	S	S	S	S	P	P	P	P	P	P	P	P
YOR104W	S	S	D	S	S	S	S	S	S	S	S	S	P	P	P	P	P	P	P	P
YHR190W	S	P	S	S	S	S	S	S	S	S	S	S	P	P	P	P	P	P	P	P
YKL154W	S	S	S	S	S	S	S	S	S	S	S	S	P	P	P	P	P	P	P	P
YJR095W	S	S	S	S	S	S	S	S	S	S	S	S	P	P	P	P	P	P	P	P
YLR004C	S	S	S	S	S	S	S	S	S	S	S	S	P	P	P	L	L	P	P	P
YOR378W	D	D	D	D	S	S	S	S	S	S	S	S	L	L	P	L	L	L	P	P
YPL098C	S	S	S	S	S	S	S	S	S	S	S	S	P	P	P	P	P	P	P	P
YBR159W	S	S	S	S	S	S	S	S	S	S	S	S	P	P	P	P	P	P	P	P
YGR004W	P	S	P	P	P	P	P	P	P	P	P	P	P	P	P	P	P	P	P	P
YKL174C	S	S	S	S	S	S	S	S	S	S	S	S	P	P	P	P	P	P	P	P
YPR147C	S	S	S	S	S	D	D	S	S	S	S	S	P	P	L	P	P	P	P	P
YMR272C	P	S	S	S	S	S	S	S	S	S	S	S	P	P	P	P	P	P	P	P
YGL226C-A	S	S	S	S	S	S	S	S	S	S	S	S	P	P	P	P	L	P	P	P
YGR175C	S	S	P	S	S	S	S	S	S	S	S	S	P	P	P	P	P	P	P	P
YFR045W	S	S	S	S	S	S	S	S	S	S	S	S	P	P	P	P	P	P	P	P
YGR213C	D	D	D	S	S	S	S	S	P	P	P	P	L	L	L	L	L	L	L	L
YGL008C	S	S	P	S	S	P	S	S	S	S	S	S	P	P	P	P	P	P	P	P
YIL014W	D	S	S	P	P	S	S	S	S	S	S	S	P	P	L	L	L	L	P	P
YHR117W	S	S	S	P	P	S	S	P	P	P	P	P	P	P	P	P	P	P	P	P
YPR153W	S	S	S	D	S	S	S	S	S	S	S	S	P	P	P	P	L	P	P	P
YBR008C	D	D	D	D	D	D	D	D	D	S	S	S	L	L	L	L	L	L	L	L
YLL061W	D	D	D	D	D	D	D	D	D	D	S	S	L	L	L	L	L	L	L	L
YMR148W	S	S	S	S	S	S	S	S	S	S	S	S	P	P	P	P	P	P	P	P
YOL027C	S	S	P	S	S	S	S	S	S	S	S	S	P	P	P	P	P	P	P	P
YBR038W	S	S	S	S	S	S	S	S	S	S	S	S	P	P	P	P	L	P	P	P
YPR061C	S	P	P	S	S	S	S	S	S	S	S	S	P	P	P	P	P	P	P	P
YNL065W	S	S	P	P	P	S	P	P	P	P	P	P	P	P	P	P	L	P	P	P
YLL014W	S	S	S	S	S	S	S	S	S	S	S	S	P	P	P	P	P	P	P	P
YHR001W-A	S	S	S	S	S	S	S	S	S	S	S	S	P	P	P	P	P	P	P	P
YFL004W	S	S	S	S	S	S	S	S	P	P	P	P	P	P	P	P	P	P	P	P
YIL040W	S	S	S	S	S	S	S	S	S	S	S	S	P	P	P	L	P	P	P	P
YOR100C	S	S	S	S	S	S	S	S	S	S	S	S	P	P	P	P	P	P	P	P
YLR173W	S	S	S	S	S	S	S	S	S	S	S	S	P	P	P	P	P	P	P	P
YOL026C	S	S	S	S	S	S	S	S	S	S	S	S	P	P	P	P	P	P	P	P
YJL118W	D	D	D	D	D	D	D	D	S	S	S	S	L	L	L	L	L	L	L	L
YPL279C	S	S	S	S	S	S	S	S	S	D	S	S	L	L	P	L	P	P	L	P
YMR177W	S	S	P	P	P	P	P	P	P	P	P	P	P	P	P	P	P	P	P	P
YGR105W	S	S	S	S	S	S	S	S	S	S	S	S	P	P	P	P	P	P	P	P
YAL022C	S	S	S	S	S	S	S	S	S	S	S	S	P	P	P	P	L	P	P	P
YBR077C	S	S	S	S	S	S	S	S	S	S	S	S	P	P	P	P	P	P	P	P
YOL013C	S	S	S	S	S	S	S	S	S	S	S	S	P	P	P	P	P	P	P	P
YEL002C	P	S	S	S	S	S	S	S	S	S	S	S	P	P	P	P	P	P	P	P
YKL179C	S	S	S	S	S	S	S	S	S	S	S	S	P	P	P	P	L	P	P	P
YDR342C	D	D	S	D	D	P	S	P	P	P	P	P	P	P	L	P	P	P	P	P
YBR161W	S	P	P	P	P	P	P	P	P	P	P	P	P	P	P	L	L	P	P	P
YDR326C	S	S	P	P	P	P	P	P	P	P	P	P	P	P	P	P	P	P	P	P
YEL064C	D	D	D	S	S	S	D	D	S	S	S	S	P	P	P	P	P	P	P	P
YGL080W	S	S	S	S	S	S	S	S	S	S	S	S	P	P	P	P	P	P	P	P
YKL065C	S	S	S	P	P	S	S	S	P	P	P	P	P	P	P	P	P	P	P	P
YBR168W	S	S	S	S	S	S	S	S	S	S	S	S	P	P	P	P	P	P	P	P
YGL140C	S	S	S	S	S	S	S	S	S	S	S	S	P	P	P	P	P	P	P	P
YKL220C	D	D	D	D	D	D	D	D	D	D	D	S	L	L	L	L	L	L	L	L
YPL041C	S	S	S	S	S	S	S	S	S	S	S	S	P	P	P	P	P	P	P	P
YDR086C	S	S	S	D	S	S	S	S	S	S	S	S	P	P	P	P	P	P	P	P
YPR003C	S	S	S	S	S	S	D	S	S	S	S	S	P	P	P	L	L	P	P	P
YBL059W	P	P	S	P	P	P	P	P	P	P	P	P	P	P	P	P	L	P	P	P
YHL003C	P	P	P	P	P	P	P	P	P	P	P	P	P	P	P	P	P	P	P	P
YHR150W	S	S	P	S	S	S	S	S	S	S	S	S	P	P	P	P	P	P	P	P
YOL158C	D	D	D	D	D	D	D	D	D	D	D	S	L	L	L	L	L	L	L	L
YBL091C-A	P	P	P	S	S	P	P	P	P	P	P	P	P	P	P	P	P	P	P	P
YMR119W	P	P	S	P	P	P	P	P	P	P	P	P	P	P	P	P	P	P	P	P
YKL209C	S	S	S	S	S	S	S	S	S	S	S	S	P	P	P	P	P	P	P	P
YDR245W	S	S	S	S	S	S	S	S	S	S	S	S	P	P	P	P	P	P	P	P
YJL012C	S	S	S	S	S	S	S	S	S	S	S	S	P	P	P	P	P	P	P	P
YHR133C	S	S	S	P	P	P	P	S	P	P	P	P	P	P	P	P	P	P	P	P
YGR143W	S	P	P	P	P	P	P	P	P	P	P	P	P	P	P	P	P	P	P	P
YOR384W	D	D	D	D	D	D	D	D	S	S	D	S	L	L	L	L	L	L	L	L
YGR023W	P	P	P	P	P	P	P	P	P	P	P	P	P	P	P	P	P	P	P	P
YMR274C	S	S	S	S	S	S	S	S	S	S	S	S	P	P	P	P	P	P	P	P
YDR434W	P	P	P	S	S	S	S	S	S	S	S	S	P	P	P	P	P	P	P	P
YLR001C	S	S	S	S	S	S	S	S	S	S	S	S	P	P	P	P	P	P	P	P
YPL227C	D	S	S	S	S	S	S	S	S	S	S	S	P	P	P	P	P	P	P	P
YOR020W-A	S	S	S	D	S	S	S	S	S	S	S	S	P	P	P	P	P	P	P	P
YHR101C	S	S	S	S	S	S	S	S	S	S	S	S	P	P	P	P	P	P	P	P
YCL045C	S	S	S	S	S	S	S	S	S	S	S	S	P	P	P	P	P	P	P	P
YCL005W	S	S	S	S	S	S	S	S	S	S	S	S	P	P	P	P	P	P	P	P
YPL234C	S	S	S	S	S	S	S	S	S	S	S	S	P	P	P	P	P	P	P	P
YEL006W	S	S	S	S	S	S	S	S	P	P	P	P	P	P	P	P	P	P	P	P
YEL042W	P	P	P	S	S	S	S	S	S	S	S	S	P	P	P	P	P	P	P	P
YBR199W	S	S	S	S	S	S	S	D	S	S	S	S	P	P	L	P	P	P	L	L
YIL048W	P	P	P	S	S	S	S	S	S	S	S	S	P	P	P	P	P	P	P	P
YLR081W	D	D	D	D	D	D	D	D	S	S	S	S	L	L	L	L	L	L	L	L
YOR175C	P	S	S	S	S	S	S	S	S	S	S	S	P	P	P	P	P	P	P	P
YPR037C	S	S	S	P	P	P	P	S	S	S	S	S	P	P	P	P	P	P	P	P
YPL215W	S	S	S	S	S	S	S	S	S	S	S	S	P	P	P	P	P	P	P	P
YKL141W	S	S	S	S	S	P	P	S	P	P	P	P	P	P	P	P	P	P	P	P
YKL065C	S	S	S	P	P	S	S	S	P	P	P	P	P	P	P	P	P	P	P	P
YBR054W	P	P	D	P	P	S	D	P	P	P	P	P	P	P	L	L	L	P	L	L
YCR037C	S	P	P	P	P	P	P	S	P	P	P	P	P	P	P	P	P	P	P	P
YGR227W	S	S	S	S	S	S	S	S	S	S	S	S	P	P	P	P	P	P	P	P
YDR276C	P	P	P	S	P	S	S	S	S	S	S	S	L	P	P	P	P	P	P	P
YPL112C	S	S	S	P	P	P	P	S	P	P	P	P	P	P	P	P	P	P	P	P
YMR163C	S	S	S	S	S	S	S	S	S	S	S	S	P	P	P	P	P	P	P	P
YGL142C	S	S	S	S	S	S	S	S	S	S	S	S	P	P	P	P	P	P	P	P
YDL247W	D	D	D	D	D	D	D	D	D	D	D	S	L	L	L	L	L	L	L	L
YNL087W	S	S	S	P	P	S	P	S	P	P	P	P	P	P	P	P	P	P	P	P
YJL139C	P	P	S	S	S	P	P	P	P	P	P	P	P	P	P	P	P	P	P	P
YOR153W	S	D	P	P	P	P	P	S	P	P	P	P	P	P	L	L	L	L	L	L
YCR048W	S	S	P	P	P	P	P	P	P	P	P	P	P	P	P	P	P	P	P	P
YGR257C	S	S	S	S	S	S	S	S	S	S	S	S	P	P	P	P	P	P	P	P
YJL129C	P	S	P	P	P	P	P	S	P	P	P	P	P	P	P	P	P	P	P	P
YBR110W	S	S	S	S	S	S	S	S	S	S	S	S	P	P	P	P	P	P	P	P
YMR162C	S	S	P	S	S	S	S	S	S	S	S	S	P	P	P	P	P	P	P	P
YDR375C	S	S	S	S	S	S	S	S	S	S	S	S	P	P	P	P	P	P	P	P
YNL019C	D	D	D	D	D	D	D	D	D	D	D	S	L	L	L	L	L	L	L	L
YGR263C	S	S	D	S	S	S	S	S	S	S	S	S	P	L	P	P	P	P	P	P
YMR241W	S	S	S	S	S	S	S	S	S	S	S	S	P	P	P	P	P	P	P	P
YDR084C	S	S	S	S	S	S	S	S	S	S	S	S	P	P	P	P	P	P	P	P
YGR221C	P	P	S	S	P	P	S	P	P	P	P	P	P	P	P	P	P	P	P	P
YJL127C-B	S	S	S	S	S	S	S	S	S	S	S	S	P	P	P	P	P	P	P	P
YER053C-A	D	S	S	S	S	S	P	S	S	S	S	S	P	P	P	L	L	P	P	P
YHR194W	S	S	S	S	S	S	S	S	S	S	S	S	P	P	P	P	P	P	P	P
YNR030W	S	S	S	S	S	S	S	S	S	S	S	S	P	P	P	P	P	P	P	P
YNL038W	S	S	S	S	S	S	S	S	S	S	S	S	P	P	P	P	P	P	P	P
YMR281W	S	S	S	S	S	S	S	S	S	S	S	S	P	P	P	P	P	P	P	P
YCR098C	D	D	D	D	D	D	D	D	S	S	S	S	L	L	L	L	L	L	L	L
YDR456W	S	S	S	S	S	S	S	S	S	S	S	S	P	P	P	P	P	P	P	P
YDL217C	S	S	S	P	P	S	P	S	S	S	S	S	P	P	P	P	P	P	P	P
YER044C	S	S	S	S	S	S	S	S	S	S	S	S	P	P	P	P	P	P	P	P
YGL077C	S	S	S	S	S	S	S	S	S	S	S	S	P	P	P	P	P	P	P	P
YNR008W	S	S	S	S	S	S	S	S	S	S	S	S	P	P	P	P	P	P	P	P
YHR050W	S	S	S	S	S	S	S	S	S	S	S	S	P	P	P	P	P	P	P	P
YMR026C	S	S	S	S	S	S	S	S	S	S	S	S	P	P	P	P	P	P	P	P
YLR299W	S	S	S	S	S	S	S	S	S	S	S	S	P	P	P	P	P	P	P	P
YGR016W	S	S	S	S	S	S	S	S	S	S	S	S	P	P	P	P	P	P	P	P
YER053C	S	S	S	S	S	S	S	D	S	S	S	S	P	P	L	L	L	P	P	P
YDR384C	S	S	P	S	S	S	S	S	S	S	S	S	P	P	P	P	P	P	P	P
YGR071C	D	D	D	P	P	P	P	D	P	P	P	P	L	L	L	P	P	P	L	L
YDR093W	S	S	P	P	P	P	P	P	P	P	P	P	P	P	P	P	P	P	P	P
YMR150C	S	S	S	S	S	S	S	S	S	S	S	S	P	P	P	P	P	P	P	P
YAL028W	P	P	P	P	P	P	P	S	P	P	P	P	P	P	P	P	P	P	P	P
YLR092W	S	P	S	S	S	S	S	S	S	S	S	S	P	P	P	P	P	P	P	P
YNL131W	S	P	S	S	S	S	S	S	S	S	S	S	P	P	P	P	P	P	P	P
YMR126C	S	S	S	S	S	S	S	S	S	S	S	S	P	P	P	P	P	P	P	P
YGL057C	S	S	S	S	S	S	S	S	S	S	S	S	P	P	P	P	P	P	P	P
YBR162W-A	S	S	S	S	S	S	S	S	S	S	S	S	P	P	P	P	L	P	P	P
YLR066W	S	S	S	S	S	S	S	S	S	S	S	S	P	P	P	P	P	P	P	L
YOR192C	D	D	D	D	D	D	D	D	D	D	S	S	L	L	L	L	L	L	L	L
YJR117W	S	S	S	S	S	S	S	S	S	S	S	S	P	P	P	P	P	P	P	P
YDR438W	S	S	S	P	P	P	P	S	P	P	P	P	P	P	P	P	P	P	P	P
YMR003W	D	D	S	D	D	S	D	D	S	S	S	S	P	P	P	P	P	P	P	P
YAR033W	D	D	D	D	D	D	D	D	D	S	S	S	L	L	L	L	L	L	L	L
YMR221C	S	S	S	S	S	S	S	S	S	S	S	S	P	P	P	L	L	P	P	P
YOR256C	P	P	P	P	P	P	P	P	P	P	P	P	P	P	P	P	P	P	P	P
YJR160C	D	D	D	D	D	D	D	D	D	D	D	S	L	L	L	L	L	L	L	L
YEL049W	D	D	D	D	D	D	D	D	S	S	S	S	L	L	L	L	L	L	L	L
YKL195W	S	S	S	P	P	P	P	S	S	S	S	S	P	P	P	P	P	P	P	P
YLL051C	S	D	D	D	D	D	S	S	S	S	S	S	L	L	L	L	L	L	L	P
YEL006W	S	S	S	S	S	S	S	S	P	P	P	P	P	P	P	P	P	P	P	P
YKL064W	S	S	S	S	S	S	S	S	S	S	S	S	P	P	P	P	P	P	P	P
YJL134W	P	P	P	S	P	P	S	P	P	P	P	P	P	P	P	P	P	P	P	P
YER100W	S	S	S	P	P	S	S	S	S	S	S	S	P	P	P	P	P	P	P	P
YJL219W	D	D	D	D	D	D	D	D	D	D	D	S	L	L	L	L	L	L	L	L
YJL054W	S	S	S	S	S	S	S	S	S	S	S	S	P	P	P	P	P	P	P	P
YDR503C	S	S	S	S	S	D	S	S	S	S	S	S	P	L	P	P	P	P	P	P
YOL162W	D	D	D	D	D	D	D	D	D	D	D	S	L	L	L	L	L	L	L	L
YMR060C	S	S	S	S	S	S	S	S	S	S	S	S	P	P	P	P	P	P	P	P
YKL188C	S	S	S	S	S	S	S	S	S	S	S	S	P	P	P	P	P	P	P	P
YGR041W	P	P	P	P	P	P	P	P	P	P	P	P	P	P	P	P	P	P	P	P
YDL212W	S	S	S	S	S	S	S	S	S	S	S	S	P	P	P	P	P	P	P	P
YKL196C	D	S	S	S	S	S	S	S	S	S	S	S	P	P	P	P	P	P	P	P
YOR334W	S	S	S	S	S	S	S	S	S	S	S	S	P	P	P	P	P	P	P	P
YJL038C	D	D	D	D	D	D	S	D	S	D	S	S	L	L	L	L	L	L	L	L
YNL238W	S	S	S	S	S	S	S	S	S	S	S	S	P	P	P	P	P	P	P	P
YGL263W	D	D	D	D	D	D	D	D	D	D	D	S	L	L	L	L	L	L	L	L
YJR152W	D	D	D	S	S	S	D	D	S	S	S	S	P	L	P	L	L	P	P	P
YOR245C	S	S	S	S	S	S	S	S	S	S	S	S	P	P	P	P	P	P	P	P
YOR153W	S	D	P	P	P	P	P	S	P	P	P	P	P	P	L	L	L	L	L	L
YFL055W	D	D	D	D	S	S	D	D	D	S	D	S	L	L	L	L	L	L	L	L
YBR296C	D	D	D	D	D	D	D	D	S	S	S	S	L	L	L	L	L	L	L	P
YHR188C	P	S	S	S	S	S	S	S	S	S	S	S	P	P	P	P	P	P	P	P
YJL192C	S	S	S	S	S	S	S	S	S	S	S	S	P	P	P	P	P	P	P	P
YKR105C	D	D	D	D	D	D	D	D	D	D	D	S	L	L	L	L	L	L	L	L
YJR001W	S	S	S	S	S	S	S	S	S	S	S	S	P	P	P	P	P	P	P	P
YKR089C	P	P	P	P	P	P	P	P	P	P	P	P	P	P	P	P	P	P	P	P
YOL156W	D	D	D	D	D	D	D	D	D	D	D	S	L	L	L	L	L	L	L	L
YAL067C	D	D	D	D	D	D	D	D	D	D	D	S	L	L	L	L	L	L	L	L
YGL219C	S	S	S	S	S	S	S	S	S	S	S	S	P	P	P	P	P	P	P	P
YBL040C	S	S	S	S	S	S	S	S	S	S	S	S	P	P	P	P	P	P	P	P
YOL044W	S	S	S	S	S	S	S	S	S	S	S	S	P	P	P	P	P	P	P	P
YPL103C	S	S	S	S	S	S	S	S	S	S	S	S	P	P	P	P	P	P	P	P
YMR058W	S	S	D	S	S	S	D	S	S	S	S	S	P	P	P	P	P	P	P	P
YPR028W	D	S	P	S	S	S	S	S	S	S	S	S	P	P	P	P	P	P	P	P
YGR049W	S	S	S	P	P	P	P	P	P	P	P	P	P	P	P	P	P	P	P	P
YDR135C	S	S	S	S	S	S	S	S	S	S	S	S	P	P	P	P	P	P	P	P
YGL038C	S	P	P	S	S	S	S	S	S	S	S	S	P	P	P	P	P	P	P	P
YCL057C-A	S	S	S	S	S	S	S	S	S	S	S	S	P	P	P	P	P	P	P	P
YOR306C	P	D	S	S	S	S	S	S	S	S	S	S	L	L	P	L	L	P	L	L
YFL020C	D	D	D	D	D	D	D	D	S	S	S	S	L	L	L	L	L	L	L	L
YGR289C	D	D	D	D	D	D	D	D	D	S	D	S	L	L	L	L	L	L	L	L
YDR107C	S	S	P	P	P	S	S	S	P	P	P	P	P	P	P	P	P	P	P	P
YKL187C	S	S	S	P	P	P	P	P	P	P	P	P	L	P	P	P	P	P	P	P
YCR024C-A	S	P	S	D	S	S	S	P	P	P	P	P	P	P	P	P	L	P	P	P
YMR088C	S	S	D	S	S	S	D	S	S	S	S	S	P	P	P	P	P	P	P	P
YMR253C	S	S	S	S	S	S	S	S	S	S	S	S	P	P	L	L	L	P	P	P
YCL044C	S	S	S	S	S	S	S	S	S	S	S	S	P	P	P	P	P	P	P	P
YBR029C	S	S	S	S	S	S	S	S	S	S	S	S	P	P	P	P	P	P	P	P
YER060W	D	D	D	D	D	S	D	D	S	S	S	S	L	L	L	L	L	L	L	L
YBR192W	S	S	S	S	S	S	S	S	S	S	S	S	P	P	P	P	P	P	P	P
YGR106C	S	S	S	S	S	S	S	S	S	S	S	S	P	P	P	P	P	P	P	P
YGR004W	P	S	P	P	P	P	P	P	P	P	P	P	P	P	P	P	P	P	P	P
YPR071W	D	D	D	D	D	D	D	D	S	S	S	S	L	L	L	L	L	L	L	L
YOR067C	S	S	S	S	S	S	S	S	S	S	S	S	P	P	P	P	P	P	P	P
YBR302C	D	D	D	D	D	D	D	D	D	D	D	S	L	L	L	L	L	L	L	L
YNL321W	P	P	P	S	S	S	S	S	S	S	S	S	P	P	P	P	P	P	P	P
YNL283C	S	S	S	S	S	S	P	D	P	P	P	P	P	P	P	P	P	P	P	P
YGL247W	S	S	S	S	S	S	S	S	S	S	S	S	P	P	P	P	P	P	P	P
YBR220C	S	S	S	S	S	S	S	S	S	S	S	S	P	P	P	P	P	P	P	P
YKL219W	D	D	D	D	D	D	D	D	D	D	D	S	L	L	L	L	L	L	L	L
YBR290W	S	P	S	S	S	S	S	S	S	S	S	S	P	P	P	P	P	P	P	P
YMR155W	S	S	S	D	S	S	S	S	S	S	S	S	P	P	P	P	P	P	P	P
YMR313C	S	S	S	S	S	S	S	S	S	S	S	S	P	P	P	P	P	P	P	P
YPR125W	S	S	S	S	S	S	S	S	S	S	S	S	L	P	P	P	P	P	P	P
YNR072W	D	D	D	D	D	D	D	D	D	D	D	S	L	L	L	L	L	L	L	L
YJR106W	S	S	S	S	S	S	S	S	S	S	S	S	P	P	P	P	P	P	P	P
YKL178C	S	S	S	S	S	S	S	S	S	S	S	S	P	P	P	P	P	P	P	P
YGL139W	S	P	P	P	P	P	P	P	P	P	P	P	P	P	P	P	P	P	P	P
YDR393W	S	S	S	S	S	S	S	S	S	S	S	S	P	P	P	P	P	P	P	P
YOR161C	D	S	D	S	S	S	S	S	S	S	S	S	P	P	P	P	P	P	P	P
YNL142W	S	S	S	S	S	S	S	S	S	S	S	S	P	P	P	P	P	P	P	P
YBR054W	P	P	D	P	P	S	D	P	P	P	P	P	P	P	L	L	L	P	L	L
YIL027C	S	S	S	S	S	S	S	S	S	S	S	S	P	P	P	P	P	P	P	P
YKR088C	S	S	S	S	S	S	S	S	S	S	S	S	P	P	P	P	P	P	P	P
YAL008W	S	S	S	S	S	S	S	S	S	S	S	S	P	P	P	P	P	P	P	P
YLR372W	S	S	S	P	P	P	S	S	S	S	S	S	P	P	P	P	P	P	P	P
YMR197C	S	S	S	S	S	S	S	S	S	S	S	S	P	P	P	P	P	P	P	P
YOR298W	S	S	S	S	S	S	S	S	S	S	S	S	P	P	P	P	P	P	P	P
YIL085C	S	S	S	P	P	P	P	S	P	P	P	P	P	P	P	L	L	P	P	P
YBR210W	P	P	P	S	S	S	S	S	P	P	P	P	P	P	P	P	P	P	P	P
YOR320C	S	P	S	S	P	S	S	S	S	S	S	S	P	P	P	L	L	P	P	P
YJL212C	D	D	D	D	D	D	D	D	S	S	S	S	L	L	L	L	L	L	L	L
YBR106W	S	S	S	P	P	P	P	S	S	S	S	S	P	P	P	P	P	P	P	P
YGR243W	S	S	S	P	P	P	P	P	P	P	P	P	P	P	P	P	P	P	P	P
YBR005W	P	S	S	P	P	S	P	P	P	P	P	P	P	P	P	P	P	P	P	P
YKL150W	S	S	S	S	S	S	S	S	S	S	S	S	P	P	P	P	P	P	P	P
YLR207W	P	P	S	S	S	S	S	S	S	S	S	S	P	P	P	P	P	P	P	P
YDR483W	P	P	P	P	P	S	P	P	P	P	P	P	P	P	P	P	P	P	P	P
YPR109W	S	S	S	S	S	S	S	S	S	S	S	S	P	P	P	P	P	P	P	P
YOR222W	S	S	S	S	S	S	P	S	P	P	P	P	P	P	P	P	P	P	P	P
YLR188W	S	S	S	S	S	D	D	S	S	S	S	S	P	P	P	P	P	P	P	P
YBR132C	S	S	P	S	S	S	S	S	S	S	S	S	P	P	P	P	P	P	P	P
YML052W	S	S	S	S	S	S	S	S	S	S	S	S	P	P	P	P	P	P	P	P
YER154W	S	S	S	S	S	S	S	S	S	S	S	S	P	P	P	P	P	P	P	P
YOR307C	S	S	S	S	S	S	S	S	S	S	S	S	P	P	P	P	L	P	P	P
YGR231C	S	S	S	S	S	S	S	S	S	S	S	S	P	P	P	P	L	P	P	P
YDR342C	D	D	S	D	D	P	S	P	P	P	P	P	P	P	L	P	P	P	P	P
YAL028W	P	P	P	P	P	P	P	S	P	P	P	P	P	P	P	P	P	P	P	P
YJR054W	S	S	S	P	P	P	P	P	P	P	P	P	P	P	P	P	L	P	P	P
YKL023C-A	D	D	D	S	D	D	S	D	D	D	S	S	L	L	L	L	L	L	L	L
YHL017W	S	S	S	S	S	S	S	P	P	P	P	P	P	P	P	P	P	P	P	P
YGL212W	S	S	S	S	S	S	S	S	S	S	S	S	P	P	P	P	P	P	P	P
YJR112W-A	S	S	S	S	S	S	S	S	S	S	S	S	P	P	P	P	P	P	P	P
YAL065C	D	D	D	D	D	D	D	D	D	D	D	S	L	L	L	L	L	L	L	L
YLR241W	S	S	S	S	S	S	S	S	S	S	S	S	P	P	P	P	P	P	P	P
YOR079C	S	S	S	S	S	S	S	S	S	S	S	S	P	P	P	P	L	P	P	P
YAL009W	S	S	S	S	S	S	S	S	S	S	S	S	P	P	P	P	P	P	P	P
YNL318C	S	D	P	S	S	D	S	S	S	S	S	S	P	P	P	P	P	L	L	L
YHL035C	P	P	S	S	S	S	S	P	P	P	P	P	P	P	P	P	P	P	P	P
YDL121C	S	S	S	S	S	S	S	S	S	S	S	S	P	P	P	P	P	P	P	P
YDR525W-A	S	S	S	S	S	S	S	S	S	S	S	S	P	P	P	P	L	P	P	P
YLR205C	S	S	D	S	S	S	S	S	S	S	S	S	P	P	P	P	P	P	P	P
YJL170C	S	S	S	S	S	S	S	D	S	S	S	S	P	P	P	P	P	P	P	P
YPR201W	S	D	D	D	S	D	D	D	D	D	D	S	L	L	P	L	L	L	L	L
YBR161W	S	P	P	P	P	P	P	P	P	P	P	P	P	P	P	L	L	P	P	P
YJL129C	P	S	P	P	P	P	P	S	P	P	P	P	P	P	P	P	P	P	P	P
YIL029C	D	D	D	D	D	D	D	D	D	D	S	S	L	L	L	L	L	L	L	L
YNL012W	S	D	S	S	S	D	S	S	D	S	S	S	P	P	P	P	P	P	P	P
YBR255W	S	S	P	S	S	S	S	S	S	S	S	S	P	P	P	P	P	P	P	P
YBR205W	P	S	S	S	S	S	S	S	S	S	S	S	P	P	P	P	P	P	P	P
YDR270W	S	S	S	S	S	S	S	S	S	S	S	S	P	P	P	P	P	P	P	P
YEL069C	D	D	D	D	D	D	D	D	D	D	S	S	L	L	L	L	L	L	L	L
YNR065C	D	D	D	D	D	D	D	D	D	S	S	S	L	L	L	L	L	L	L	L
YGR036C	S	S	S	S	S	S	S	S	S	S	S	S	P	P	P	P	P	P	P	P
YJL183W	S	S	P	S	S	S	S	S	S	S	S	S	P	P	P	P	P	P	P	P
YDL018C	S	D	S	S	S	S	S	S	S	S	S	S	P	P	P	P	P	P	P	P
YJR077C	S	S	S	S	S	S	S	S	S	S	S	S	P	P	P	P	P	P	P	P
YNR056C	D	D	D	D	D	D	D	D	S	S	S	S	L	L	P	L	L	P	P	P
YKR016W	S	S	S	S	S	S	S	S	S	S	S	S	P	P	P	P	P	P	P	P
YMR298W	S	S	S	P	P	S	S	S	S	S	S	S	P	P	P	P	P	P	P	P
YBR295W	D	D	D	D	D	D	D	D	D	S	S	S	L	L	L	L	L	L	L	L
YER017C	S	S	S	S	S	S	S	S	S	S	S	S	P	P	P	P	P	P	P	P
YDL180W	S	S	S	S	S	S	S	S	S	S	S	S	P	P	P	P	P	P	P	P
YHR123W	S	S	P	P	P	P	P	P	P	P	P	P	P	P	P	P	P	P	P	P
YBR004C	S	S	S	S	S	S	S	S	S	S	S	S	P	P	P	P	P	P	P	P
YGR216C	S	S	S	S	S	S	S	S	S	S	S	S	P	P	P	P	P	P	P	P
YDL133W	P	P	S	S	S	S	S	S	S	S	S	S	P	P	P	P	P	P	P	P
YJL134W	P	P	P	S	P	P	S	P	P	P	P	P	P	P	P	P	P	P	P	P
YNL065W	S	S	P	P	P	S	P	P	P	P	P	P	P	P	P	P	L	P	P	P
YPL168W	S	S	S	S	S	S	S	S	S	S	S	S	P	P	P	P	P	P	P	P
YML048W	S	S	S	S	S	S	S	S	S	S	S	S	P	P	P	P	P	P	P	P
YOR228C	S	S	S	S	S	D	D	S	S	S	S	S	P	P	P	P	P	P	P	P
YJR010C-A	S	S	S	S	S	S	S	S	S	S	S	S	P	P	P	P	P	P	P	P
YOR049C	S	P	S	S	S	S	S	S	S	S	S	S	P	P	P	L	L	P	P	P
YFL041W	S	S	S	S	D	S	S	S	S	S	S	S	P	P	P	P	P	P	P	P
YOR149C	S	S	S	S	S	S	S	S	S	S	S	S	P	P	P	P	P	P	P	P
YLR450W	P	P	S	S	S	P	P	S	P	P	P	P	P	P	P	P	P	P	P	P
YJR116W	S	P	S	S	S	S	S	S	S	S	S	S	P	P	P	P	P	P	P	P
YLR390W	S	S	S	S	S	S	S	S	S	S	S	S	P	P	P	P	P	P	P	P
YIL013C	D	S	S	S	S	S	P	S	P	P	P	P	L	L	L	P	P	P	L	L
YOR011W	D	D	D	S	S	D	D	S	D	S	D	S	L	L	L	L	L	L	L	L
YOR071C	D	D	D	D	D	D	D	D	D	D	D	S	L	L	L	L	L	L	L	L
YNL181W	S	S	S	S	S	S	S	S	S	S	S	S	P	P	P	P	P	P	P	P
YGL191W	S	S	P	S	S	S	S	S	S	S	S	S	P	P	P	P	P	P	P	P
YKR039W	S	S	D	S	S	D	D	S	S	S	S	S	P	L	P	P	P	P	P	P
YDR107C	S	S	P	P	P	S	S	S	P	P	P	P	P	P	P	P	P	P	P	P
YLR018C	S	S	S	S	S	S	S	S	S	S	S	S	P	P	P	P	L	P	P	P
YOL075C	S	S	S	S	S	S	S	S	S	S	S	S	P	L	P	L	L	P	P	P
YNL283C	S	S	S	S	S	S	P	D	P	P	P	P	P	P	P	P	P	P	P	P
YOR246C	S	S	S	S	S	S	S	S	S	S	S	S	P	P	P	P	P	P	P	P
YDR468C	S	S	S	S	S	S	S	S	S	S	S	S	P	P	P	P	P	P	P	P
YER019C-A	P	P	P	P	P	S	S	P	P	P	P	P	P	P	P	P	P	P	P	P
YMR071C	S	S	S	S	S	S	S	S	S	S	S	S	P	P	P	P	P	P	P	P
YDR329C	S	S	S	S	S	S	S	S	S	S	S	S	P	P	P	P	P	P	P	P
YLR084C	S	S	S	S	S	S	S	S	S	S	S	S	P	P	P	P	P	P	P	P
YHR036W	P	P	P	S	S	S	S	S	S	S	S	S	P	P	P	P	P	P	P	P
YOR297C	S	S	S	S	S	S	S	S	S	S	S	S	P	P	P	P	P	P	P	P
YMR063W	S	S	S	S	S	S	S	S	S	S	S	S	P	P	P	P	P	P	P	P
YFL048C	S	P	P	S	S	P	S	P	P	P	P	P	P	P	P	P	P	P	P	P
YMR301C	S	S	S	S	S	S	S	S	S	S	S	S	P	P	P	P	P	P	P	P
YML081C-A	S	S	S	S	S	S	S	S	S	S	S	S	P	P	P	P	P	P	P	P
YNL158W	S	S	S	S	S	S	S	S	S	S	S	S	P	P	P	P	P	P	P	P
YML019W	S	S	S	S	S	S	S	S	S	S	S	S	P	P	P	P	P	P	P	P
YPL099C	S	S	S	S	S	S	S	S	S	S	S	S	P	P	P	P	P	P	P	P
YHR123W	S	S	P	P	P	P	P	P	P	P	P	P	P	P	P	P	P	P	P	P
YDL231C	S	S	S	S	S	S	S	S	S	S	S	S	P	P	P	P	P	P	P	P
YGR033C	S	S	S	S	S	S	S	S	S	S	S	S	P	P	P	P	P	P	P	P
YKR051W	S	S	S	S	S	S	S	S	S	S	S	S	P	P	P	P	P	P	P	P
YAR023C	D	D	D	D	D	D	D	D	D	S	S	S	L	L	L	L	L	L	L	L
YOL129W	S	S	S	P	S	S	S	S	S	S	S	S	P	P	P	P	P	P	P	P
YLR459W	S	S	S	S	S	S	S	S	S	S	S	S	P	P	P	P	P	P	P	P
YGR168C	S	S	S	S	S	D	D	S	S	S	S	S	P	P	P	P	P	P	P	P
YJR075W	P	P	S	P	P	S	S	S	S	S	S	S	P	P	P	P	P	P	P	P
YBR036C	S	S	P	S	S	P	P	S	S	S	S	S	P	P	L	L	L	P	P	P
YDL035C	S	S	S	S	S	S	S	S	S	S	S	S	P	P	P	P	L	P	P	P
YOR222W	S	S	S	S	S	S	P	S	P	P	P	P	P	P	P	P	P	P	P	P
YKL175W	S	S	S	S	S	S	S	S	S	S	S	S	P	P	P	P	P	P	P	P
YBR291C	S	S	S	S	S	S	S	S	S	S	S	S	P	P	P	P	P	P	P	P
YGR294W	D	D	D	D	D	D	D	D	S	D	D	S	L	L	L	L	L	L	L	L
YPR075C	S	S	S	S	S	S	S	S	S	S	S	S	P	P	P	P	P	P	P	P
YGR049W	S	S	S	P	P	P	P	P	P	P	P	P	P	P	P	P	P	P	P	P
YHR155W	P	P	P	S	S	P	P	P	P	P	P	P	P	P	P	P	P	P	P	P
YKL120W	S	S	S	S	S	S	S	S	S	S	S	S	P	P	P	P	P	P	P	P
YJR126C	S	S	S	S	S	S	S	S	S	S	S	S	P	P	P	P	P	P	P	P
YEL025C	S	S	D	S	S	S	S	S	S	S	S	S	P	P	L	L	L	P	L	L
YBR147W	S	S	S	P	P	P	S	P	P	P	P	P	P	P	P	P	P	P	P	P
YDR090C	S	S	D	S	S	S	S	S	S	S	S	S	L	L	P	L	L	P	P	P
YMR123W	S	S	S	S	S	S	S	S	S	S	S	S	P	P	P	P	P	P	P	P
YGL161C	S	S	S	S	S	S	S	S	S	S	S	S	P	P	P	P	P	P	P	P
YGR062C	S	S	S	S	S	S	S	S	S	S	S	S	P	P	P	P	P	P	P	P
YCR048W	S	S	P	P	P	P	P	P	P	P	P	P	P	P	P	P	P	P	P	P
YMR010W	S	S	S	S	S	S	S	S	S	S	S	S	P	P	P	P	P	P	P	P
YDR200C	P	P	P	P	P	S	S	P	P	P	P	P	P	P	P	P	P	P	P	P
YHR140W	S	S	S	S	S	S	S	S	S	S	S	S	P	P	P	P	P	P	P	P
YOR219C	S	S	S	S	S	S	S	S	S	S	S	S	P	P	P	P	P	P	P	P
YLR283W	S	S	S	S	S	S	S	S	S	S	S	S	P	P	P	P	P	P	P	P
YPR011C	S	S	D	D	D	S	S	S	S	S	S	S	P	P	P	P	P	P	P	P
YHL016C	S	S	D	S	S	S	D	S	S	S	S	S	P	L	P	P	P	P	P	P
YDL054C	S	S	S	S	S	S	S	S	S	S	S	S	P	P	P	P	P	P	P	P
YCL005W-A	S	S	S	S	S	S	S	S	S	S	S	S	P	P	P	P	P	P	P	P
YMR244W	S	S	S	S	S	S	D	S	S	S	S	S	P	P	P	P	P	P	P	P
YPL076W	S	S	S	S	S	S	S	S	S	S	S	S	P	P	P	P	P	P	P	P
YAR002C-A	S	S	S	S	S	S	S	P	P	P	P	P	P	P	P	P	P	P	P	P
YML116W	S	S	S	P	P	P	P	P	P	P	P	P	L	P	L	L	L	P	P	P
YBL017C	D	S	S	S	S	S	S	S	S	S	S	S	P	P	P	P	P	P	P	P
YGR055W	S	S	P	S	S	P	S	P	S	S	S	S	P	P	P	P	P	P	P	P
YDL211C	S	S	S	P	P	S	P	P	P	P	P	P	P	P	P	P	P	P	P	P
YBR210W	P	P	P	S	S	S	S	S	P	P	P	P	P	P	P	P	P	P	P	P
YIR024C	S	S	S	S	S	S	S	S	S	S	S	S	P	P	P	P	P	P	P	P
YJR124C	S	S	S	S	S	S	S	S	S	S	S	S	P	P	P	P	P	P	P	P
YJL143W	S	S	S	S	S	S	S	S	S	S	S	S	P	P	P	P	P	P	P	P
YJL059W	S	S	S	S	S	S	S	S	S	S	S	S	P	P	P	P	L	P	P	P
YNL070W	S	S	S	S	S	S	S	S	S	S	S	S	P	P	P	P	P	P	P	P
YOL130W	S	S	S	S	P	S	S	S	S	S	S	S	P	P	P	P	P	P	P	P
YDR072C	S	S	S	S	S	S	S	S	S	S	S	S	P	P	P	L	P	P	P	P
YIL023C	S	S	S	S	S	S	S	S	S	S	S	S	P	P	P	P	P	P	P	P
YNR018W	S	S	S	S	S	S	S	S	S	S	S	S	P	P	P	P	P	P	P	P
YOL077W-A	S	S	S	S	S	S	S	S	S	S	S	S	P	P	P	P	P	P	P	P
YBL089W	S	S	S	S	S	P	S	P	P	P	P	P	P	P	P	P	P	P	P	P
YLL012W	P	P	P	P	P	P	P	P	P	P	P	P	P	P	P	P	P	P	P	P
YPL265W	S	D	S	S	S	D	D	S	S	S	S	S	P	L	P	P	P	P	P	P
YMR035W	S	S	S	S	S	S	S	S	S	S	S	S	P	P	P	P	P	P	P	P
YOR030W	S	S	S	S	S	S	S	S	S	S	S	S	P	P	P	P	P	P	P	P
YGR221C	P	P	S	S	P	P	S	P	P	P	P	P	P	P	P	P	P	P	P	P
YBR262C	S	S	S	S	S	S	S	S	S	S	S	S	P	P	P	P	P	P	P	P
YKR106W	D	D	D	D	D	D	D	D	D	D	D	S	L	L	L	L	L	L	L	L
YDR420W	S	S	S	D	D	S	S	S	S	S	S	S	P	P	P	P	P	P	P	P
YGR143W	S	P	P	P	P	P	P	P	P	P	P	P	P	P	P	P	P	P	P	P
YLR268W	S	S	S	S	S	S	S	S	S	S	S	S	P	P	P	P	P	P	P	P
YCR061W	S	S	D	S	S	S	S	S	S	S	S	S	P	P	P	P	P	P	P	P
YGL198W	S	S	S	S	S	S	S	S	S	S	S	S	P	P	P	P	L	P	P	P
YNL279W	S	S	S	S	S	S	S	S	S	S	S	S	P	P	P	P	P	P	P	P
YOR291W	S	S	S	S	S	S	S	S	S	S	S	S	P	P	P	P	P	P	P	P
YFR012W	S	S	S	S	S	S	P	S	P	P	P	P	P	P	P	P	P	P	P	P
YCR037C	S	P	P	P	P	P	P	S	P	P	P	P	P	P	P	P	P	P	P	P
YOR390W	D	D	D	D	D	D	D	D	D	D	D	S	L	L	L	L	L	L	L	L
YHR133C	S	S	S	P	P	P	P	S	P	P	P	P	P	P	P	P	P	P	P	P
YIL037C	S	S	S	S	S	D	D	D	S	S	S	S	P	P	P	P	P	P	P	P
YDR481C	S	S	S	S	S	S	S	S	S	S	S	S	P	P	P	P	P	P	P	P
YHR032W	S	S	S	S	S	S	S	S	S	S	S	S	P	P	P	P	L	P	P	P
YLR087C	S	S	S	S	S	S	S	S	S	S	S	S	P	P	P	P	P	P	P	P
YFL040W	S	S	S	P	S	S	S	S	S	S	S	S	P	P	P	P	P	P	P	P
YJR073C	S	S	S	S	S	S	S	S	S	S	S	S	P	P	P	P	P	P	P	P
YJR143C	S	S	S	S	S	S	S	S	P	S	S	S	P	P	P	P	P	P	P	P
YNR059W	D	D	D	D	D	D	D	D	S	S	S	S	L	L	L	L	L	L	L	L
YLR426W	S	S	S	S	S	S	S	S	S	S	S	S	P	P	P	P	P	P	P	P
YLR036C	D	D	D	D	D	D	D	D	S	D	S	S	L	L	L	L	L	L	L	L
YER113C	S	S	S	S	S	S	S	S	S	S	S	S	P	P	P	P	P	P	P	P
YMR122W-A	S	S	S	S	S	S	S	S	S	S	S	S	P	P	P	P	P	L	P	P
YER083C	S	S	S	S	S	S	S	S	S	S	S	S	P	P	P	P	P	P	P	P
YDR281C	D	D	D	D	D	D	D	D	S	S	S	S	L	L	L	L	L	L	L	L
YAL023C	P	P	P	P	P	P	P	P	P	P	P	P	P	P	P	P	P	P	P	P
YGR060W	S	S	S	S	S	S	S	S	S	S	S	S	P	P	P	P	P	P	P	P
YHL028W	S	S	S	S	S	D	D	S	S	S	S	S	P	P	P	P	P	P	P	P
YGL257C	D	D	D	D	D	D	D	D	S	S	S	S	L	L	L	L	L	L	L	L
YNL326C	S	S	S	S	S	S	S	S	S	S	S	S	P	P	P	P	P	P	P	P
YML031W	P	P	P	S	S	S	S	S	S	S	S	S	P	P	P	P	P	P	P	P
YNL100W	S	S	S	S	S	S	S	S	S	S	S	S	P	P	P	P	P	P	P	P
YER005W	S	S	S	S	S	S	S	S	S	S	S	S	P	P	P	P	P	P	P	P
YBR104W	P	P	P	P	P	P	P	P	P	P	P	P	P	P	P	L	L	P	P	P
YER046W	S	S	S	S	S	S	S	D	S	S	S	S	P	P	P	P	P	P	P	P
YGR138C	S	S	S	S	P	S	S	S	P	P	P	P	P	P	P	P	L	P	P	P
YNR066C	D	D	D	D	D	D	D	D	D	D	D	S	L	L	L	L	L	L	L	L
YLR138W	P	S	P	S	S	S	S	S	S	S	S	S	P	P	P	P	P	P	P	P
YBR265W	S	S	S	S	S	S	S	S	S	S	S	S	P	P	P	P	P	P	P	P
YIL043C	S	S	P	S	S	S	S	S	S	S	S	S	P	P	P	P	P	P	P	P
YFL042C	P	P	P	P	P	P	P	P	P	P	P	P	P	P	P	P	L	P	P	P
YEL031W	S	S	S	S	S	S	S	S	S	S	S	S	P	P	P	P	P	P	P	P
YMR256C	S	S	S	S	S	S	S	S	S	S	S	S	P	P	P	P	P	P	P	P
YFR042W	S	S	S	S	S	S	S	S	S	S	S	S	P	P	P	P	P	P	P	P
YPR021C	S	S	S	S	S	S	S	S	S	S	S	S	P	P	P	P	P	P	P	P
YNL111C	S	S	S	S	S	S	S	S	S	S	S	S	P	P	P	P	P	P	P	P
YPL132W	S	S	S	S	S	S	S	S	S	S	S	S	P	P	P	P	P	P	P	P
YHR192W	S	S	S	S	S	S	S	S	S	S	S	S	P	P	P	P	P	P	P	P
YEL027W	P	P	S	S	S	P	P	S	S	S	S	S	P	P	P	P	P	P	P	P
YEL024W	S	S	S	S	S	S	S	S	S	S	S	S	P	P	P	P	P	P	P	P
YIL049W	S	S	S	S	S	S	S	S	S	S	S	S	P	P	P	P	P	P	P	P
YDR126W	S	S	S	S	S	S	S	S	S	S	S	S	P	P	P	P	P	P	P	P
YDR264C	S	S	S	P	P	P	P	S	P	P	P	P	P	P	P	P	P	P	P	P
YPR063C	S	S	S	S	S	S	S	S	S	S	S	S	P	P	P	P	P	P	P	P
YBR283C	S	S	S	S	S	S	S	S	S	S	S	S	P	P	P	P	P	P	P	P
YHR004C	S	S	S	S	S	S	S	S	S	S	S	S	P	P	P	P	P	P	P	P
YHR096C	P	S	S	P	P	S	S	P	P	S	P	P	L	P	P	P	L	L	L	P
YDR079W	S	S	S	S	S	S	S	S	S	S	S	S	P	P	P	P	P	P	P	P
YOL084W	S	S	D	S	S	S	S	S	S	S	S	S	P	P	P	P	P	P	P	P
YHL040C	D	D	D	S	S	D	D	S	S	S	S	S	L	L	L	L	L	L	P	P
YGR199W	S	S	S	S	S	S	S	S	S	S	S	S	P	P	P	L	P	P	P	P
YCR094W	P	P	S	P	P	P	P	P	P	P	P	P	P	P	P	P	P	P	P	P
YAL030W	S	S	P	S	S	S	S	P	P	P	P	P	P	P	P	P	P	P	P	P
YKL107W	S	D	D	S	S	S	D	D	S	S	S	S	L	L	P	L	L	L	P	P
YOR348C	S	S	D	S	S	S	S	S	S	S	S	S	P	P	P	P	P	P	P	P
YBR201W	S	S	S	S	S	S	S	S	S	S	S	S	P	P	P	P	P	P	P	L
YPR117W	S	S	S	S	S	S	S	S	S	S	S	S	P	P	P	L	L	P	P	P
YPL096C-A	S	S	S	S	S	S	S	S	S	S	S	S	P	P	P	P	L	P	P	P
YNL125C	S	S	S	S	S	S	S	S	S	S	S	S	P	P	P	L	L	P	L	P
YBR070C	S	S	S	S	S	S	S	S	S	S	S	S	P	P	P	P	P	P	P	P
YDR282C	S	S	D	D	D	D	S	S	S	S	S	S	P	P	P	P	P	P	P	P
YIL077C	S	S	S	S	S	S	S	S	S	S	S	S	P	P	P	P	P	P	P	P
YDL218W	S	S	S	S	S	S	S	S	S	S	S	S	L	L	P	L	L	L	P	P
YNL270C	S	S	S	P	P	S	P	S	P	P	P	P	P	P	P	P	P	P	P	P
YNL115C	S	S	S	S	S	S	S	S	S	S	S	S	P	P	P	L	P	P	P	P
YCR034W	P	P	P	S	P	S	P	P	P	P	P	P	P	P	P	P	P	P	P	P
YEL017W	S	S	S	S	S	S	S	S	S	S	S	S	L	P	P	P	P	P	P	P
YCL052C	S	S	S	S	S	S	S	S	S	S	S	S	P	P	P	P	P	P	P	P
YMR264W	S	S	P	P	P	P	P	P	P	P	P	P	P	P	P	P	P	P	P	P
YAR031W	D	D	D	D	D	D	D	D	D	S	S	S	L	L	L	L	L	L	L	L
YGR038W	S	S	S	S	S	S	P	P	P	P	P	P	P	P	P	P	P	P	P	P
YLR312C	D	S	D	S	S	S	S	D	S	S	S	S	P	P	L	P	P	P	P	P
YNL101W	P	P	S	S	S	S	S	P	S	S	S	S	P	P	P	P	P	P	P	P
YGL114W	S	S	S	S	S	S	S	S	S	S	S	S	P	P	P	P	L	P	P	P
YGL255W	D	D	D	D	D	D	D	D	S	S	S	S	L	L	L	L	L	L	L	L
YNL237W	S	S	D	S	S	S	S	D	S	S	S	S	P	P	P	L	L	P	P	P
YPL094C	S	S	S	S	S	S	S	S	S	S	S	S	P	P	P	P	P	P	P	P
YMR187C	S	S	S	S	S	S	S	S	S	S	S	S	P	P	P	P	P	P	L	P
YHL026C	S	P	S	D	D	S	S	S	S	S	S	S	P	P	L	L	L	L	L	L
YHR028C	S	S	S	S	S	S	S	S	S	S	S	S	P	P	P	P	P	P	P	P
YMR054W	S	S	S	S	S	S	S	S	S	S	S	S	P	P	P	P	P	P	P	P
YMR209C	S	S	S	S	S	S	S	S	S	S	S	S	P	P	P	P	L	P	P	P
YDL095W	P	P	P	S	S	S	S	S	S	S	S	S	P	P	P	P	P	P	P	P
YCL021W-A	D	D	D	D	D	D	D	D	S	D	S	S	L	L	L	L	L	L	L	L
YDR100W	P	D	P	S	S	S	S	S	S	S	S	S	P	P	P	P	P	P	P	P
YDR479C	S	S	S	S	S	S	S	S	S	S	S	S	P	P	P	P	P	P	P	P
YBL030C	S	S	S	P	P	S	S	S	P	P	P	P	P	P	P	P	P	P	P	P
YKL146W	S	S	S	S	S	S	S	S	S	S	S	S	P	P	P	P	P	P	P	P
YIL157C	S	S	S	S	S	S	S	S	S	S	S	S	P	P	P	P	P	P	P	P
YGL203C	S	S	S	S	S	S	S	S	S	S	D	S	P	P	P	P	P	P	P	P
YOL047C	S	S	S	D	S	D	D	S	S	S	S	S	P	P	L	L	L	P	P	L
YIL121W	S	S	S	D	S	D	D	D	S	S	S	S	L	P	P	L	L	P	P	P
YLR237W	S	S	S	P	S	P	S	S	S	S	S	S	P	P	L	L	L	P	P	P
YDR062W	S	S	S	S	S	S	S	S	S	S	S	S	P	P	P	P	P	P	P	P
YOR152C	D	D	D	S	S	S	S	D	S	S	S	S	P	P	P	P	P	P	P	P
YMR243C	S	S	S	P	P	P	P	S	P	P	P	P	P	P	P	P	P	P	P	P
YOR103C	S	S	S	S	S	S	S	S	S	S	S	S	P	P	P	P	P	P	P	P
YJR013W	S	S	S	S	S	S	S	S	S	S	S	S	P	P	P	P	P	P	P	P
YJL222W	D	D	D	D	D	D	D	D	D	D	D	S	L	L	L	L	L	L	L	L
YIL088C	S	S	S	S	S	S	S	S	S	S	S	S	P	P	P	P	P	P	P	P
YMR015C	S	S	S	S	S	S	S	S	S	S	S	S	P	P	P	P	L	P	P	P
YGR213C	D	D	D	S	S	S	S	S	P	P	P	P	L	L	L	L	L	L	L	L
YGR121C	S	S	S	S	S	S	S	P	P	P	P	P	P	P	P	P	P	P	P	P
YPR128C	S	S	D	S	S	S	S	S	S	S	S	S	P	P	P	P	P	P	P	P
YIR028W	D	D	D	S	S	S	D	D	S	S	S	S	L	L	L	L	L	L	L	L
YML072C	S	S	P	S	S	S	S	S	S	S	S	S	P	P	P	P	P	P	P	P
YJL151C	S	S	D	S	S	S	S	D	S	S	S	S	P	P	L	L	L	P	P	P
YKL212W	S	S	S	P	P	S	S	S	S	S	S	S	P	P	P	P	P	P	P	P
YCR028C	S	S	S	S	S	S	S	S	S	S	S	S	P	P	P	P	L	P	P	P
YGL085W	S	S	S	S	S	S	S	S	S	S	S	S	P	P	P	P	P	P	P	P
YDR437W	S	S	S	S	S	S	S	S	S	S	S	S	P	P	P	P	P	P	P	P
YDR452W	D	S	S	S	S	S	S	S	S	S	S	S	P	P	P	P	L	P	P	P
YGR235C	S	S	S	S	S	S	S	S	S	S	S	S	P	P	P	P	P	P	P	P
YPL156C	S	S	S	P	P	P	S	S	S	S	S	S	L	L	P	P	P	P	P	P
YHR042W	S	S	P	P	P	P	P	S	S	S	S	S	P	P	P	P	P	P	P	P
YJL130C	S	S	S	S	S	S	S	S	S	S	S	S	P	P	P	P	P	P	P	P
YGR236C	S	S	S	S	P	S	S	S	S	S	S	S	P	P	P	P	L	P	P	P
YML029W	P	P	S	S	S	S	S	S	S	S	S	S	P	P	P	P	P	P	P	P
YMR171C	S	S	S	S	S	S	S	S	S	S	S	S	P	P	P	P	P	P	P	P
YIL173W	D	D	D	D	D	D	D	D	D	D	D	S	L	L	L	L	L	L	L	L
YKL006C-A	S	S	S	S	S	S	S	S	S	S	S	S	P	P	P	P	P	P	P	P
YPR098C	P	P	S	S	S	S	S	S	S	S	S	S	P	P	P	P	P	P	P	P
YOR065W	S	S	S	S	S	S	S	S	S	S	S	S	P	P	P	P	P	P	P	P
YEL001C	S	S	S	S	S	S	S	S	S	S	S	S	P	P	P	P	L	P	P	P
YBL102W	S	S	S	S	S	S	S	S	S	S	S	S	P	P	P	P	P	P	P	P
YOR186W	S	S	D	S	S	S	S	P	P	P	P	P	P	P	L	L	L	P	P	P
YDL193W	S	S	P	S	S	S	S	P	S	S	S	S	P	P	P	P	P	P	P	P
YBL011W	S	S	S	S	S	S	S	S	S	S	S	S	P	P	P	P	P	P	P	P
YER056C	S	S	S	P	P	P	S	S	S	S	S	S	P	P	P	P	P	P	P	P
YER019C-A	P	P	P	P	P	S	S	P	P	P	P	P	P	P	P	P	P	P	P	P
YOR045W	S	S	S	S	S	S	S	S	S	S	S	S	P	P	P	P	P	P	P	P
YJL091C	S	S	S	S	S	S	S	S	S	S	S	S	P	P	P	P	P	P	P	P
YEL013W	S	S	S	S	S	S	S	S	S	S	S	S	P	P	P	P	P	P	P	P
YOL018C	S	S	S	S	S	S	S	S	S	S	S	S	P	P	P	P	L	P	P	P
YDL204W	D	S	P	P	P	S	P	S	P	P	P	P	P	P	P	P	P	P	P	P
YOR087W	D	D	S	S	S	S	S	S	S	S	S	S	P	P	P	L	P	P	P	P
YDL194W	S	S	S	P	P	P	P	P	P	P	P	P	P	P	P	P	P	P	P	P
YPR079W	S	S	S	S	S	S	S	S	S	S	S	S	P	P	P	P	L	P	P	P
YNL270C	S	S	S	P	P	S	P	S	P	P	P	P	P	P	P	P	P	P	P	P
YNR060W	D	D	D	D	D	D	D	D	S	S	S	S	L	L	L	L	L	L	L	L
YCL073C	D	D	D	D	D	D	D	D	D	D	D	S	L	L	L	L	L	L	L	L
YNL095C	S	S	P	P	P	S	S	P	P	P	P	P	P	P	P	P	P	P	P	P
YLR461W	D	D	D	D	D	D	D	D	D	D	S	S	L	L	L	L	L	L	L	L
YOR165W	S	S	S	S	S	S	S	S	S	S	S	S	P	P	P	P	P	P	P	P
YLR265C	S	S	S	S	S	S	S	S	S	S	S	S	P	P	P	P	P	L	P	P
YLR242C	S	S	S	S	S	S	S	S	S	S	S	S	P	P	P	P	P	P	P	P
YBR235W	S	S	S	S	S	S	S	S	S	S	S	S	P	P	P	P	P	P	P	P
YOR016C	S	S	P	P	P	S	S	S	P	P	P	P	P	P	P	P	P	P	P	P
YLR130C	S	S	S	P	P	P	P	P	S	S	S	S	L	L	P	L	L	P	L	L
YJR118C	S	S	S	S	S	S	S	S	S	S	S	S	P	P	P	P	P	P	P	P
YLL028W	P	P	P	S	S	S	P	P	S	S	S	S	P	P	P	L	L	P	P	P
YPL206C	S	S	S	S	S	S	S	S	S	S	S	S	P	P	P	P	P	P	P	P
YER140W	S	S	S	S	S	S	S	S	S	S	S	S	P	P	P	P	P	P	P	P
YGR197C	D	D	P	P	P	P	S	P	P	P	P	P	L	P	P	P	P	P	P	P
YIL013C	D	S	S	S	S	S	P	S	P	P	P	P	L	L	L	P	P	P	L	L
YLR326W	S	S	S	S	S	S	S	S	S	S	S	S	P	P	P	L	L	P	P	P
YGR121C	S	S	S	S	S	S	S	P	P	P	P	P	P	P	P	P	P	P	P	P
YDR056C	S	S	S	S	S	S	S	S	S	S	S	S	P	P	P	P	P	P	P	L
YIL114C	S	S	S	S	S	P	P	P	P	P	P	P	P	P	P	P	P	P	P	P
YPR027C	D	D	D	D	D	D	D	D	S	S	S	S	L	L	L	L	L	L	L	L
YJL004C	S	S	S	S	S	S	S	S	S	S	S	S	P	P	P	P	P	P	P	P
YMR183C	S	S	S	P	P	S	S	P	P	P	P	P	P	P	P	P	P	P	P	P
YKR030W	S	S	S	S	S	D	D	S	S	S	S	S	P	P	P	P	P	P	P	P
YGL053W	D	D	D	D	D	D	D	D	D	D	D	S	L	L	L	L	L	L	L	L
YOR147W	S	S	S	S	S	S	S	S	S	S	S	S	P	P	P	P	P	P	P	P
YOR254C	S	S	S	S	S	S	S	S	S	S	S	S	P	P	P	P	P	P	P	P
YPR091C	S	S	S	S	S	S	S	S	S	S	S	S	P	P	P	P	P	P	P	P
YBR024W	S	S	P	P	P	P	P	P	P	P	P	P	P	P	P	P	P	P	P	P
YBR015C	P	S	P	P	S	S	S	S	S	S	S	S	P	P	P	P	P	P	P	P
YDL210W	D	D	D	D	D	D	D	D	S	S	S	S	L	L	L	L	L	L	L	L
YMR056C	S	S	D	S	S	S	S	D	S	S	S	S	P	P	L	L	L	L	L	L
YFL025C	S	S	S	S	S	S	S	S	S	S	S	S	P	P	P	P	P	P	P	P
YDL222C	P	S	D	P	P	S	P	S	P	P	P	P	L	P	P	P	P	P	P	P
YIL087C	S	S	S	S	S	S	S	S	S	S	S	S	P	P	P	P	P	P	P	P
YHL050C	D	D	D	D	D	D	D	D	D	D	D	S	L	L	L	L	L	L	L	L
YCR068W	S	S	S	S	S	S	S	S	S	S	S	S	P	P	P	P	P	P	P	P
YGR243W	S	S	S	P	P	P	P	P	P	P	P	P	P	P	P	P	P	P	P	P
YDR498C	S	S	S	S	S	S	S	S	S	S	S	S	P	P	P	P	P	P	P	P
YER074W-A	S	S	S	S	S	S	S	S	S	S	S	S	P	P	P	P	P	P	P	P
YDR182W	S	S	S	S	S	S	S	S	S	S	S	S	P	P	P	P	P	P	P	P
YJL214W	D	D	D	D	D	D	D	D	D	D	D	S	L	L	L	L	L	L	L	L
YJL166W	S	S	S	S	S	S	S	S	S	S	S	S	P	P	P	P	P	P	P	P
YJL094C	S	S	S	S	S	S	S	S	S	S	S	S	P	P	P	L	L	P	P	P
YDL067C	S	S	S	S	S	S	S	S	S	S	S	S	P	P	P	P	P	P	P	P
YPL274W	D	D	D	D	S	D	D	D	S	S	S	S	P	L	P	P	P	P	P	P
YML067C	S	S	S	P	P	S	S	S	S	S	S	S	P	P	P	P	P	P	P	P
YGL139W	S	P	P	P	P	P	P	P	P	P	P	P	P	P	P	P	P	P	P	P
YPL050C	S	S	S	P	P	P	S	S	S	S	S	S	P	P	P	P	P	P	P	P
YJR054W	S	S	S	P	P	P	P	P	P	P	P	P	P	P	P	P	L	P	P	P
YKR065C	S	S	S	S	S	S	S	S	S	S	S	S	P	P	P	P	P	P	P	P
YPR114W	S	S	S	S	S	S	S	S	S	S	S	S	P	P	P	P	P	P	P	P
YDL211C	S	S	S	P	P	S	P	P	P	P	P	P	P	P	P	P	P	P	P	P
YCR067C	S	S	S	P	P	P	P	P	P	P	P	P	P	P	P	P	P	P	P	P
YGL126W	S	S	S	S	S	S	S	S	S	S	S	S	P	P	P	P	P	P	P	P
YNR061C	D	D	D	D	D	D	D	D	S	S	D	S	L	L	L	L	L	L	L	L
YBL020W	S	S	S	S	S	S	S	S	S	S	S	S	P	P	P	P	P	P	P	P
YGL027C	S	S	S	S	S	S	S	S	S	S	S	S	P	P	P	P	P	P	P	P
YDL093W	D	D	D	S	S	S	S	S	S	S	S	S	L	L	L	L	L	L	L	L
YGL231C	S	S	S	S	S	S	S	S	S	S	S	S	P	P	P	P	P	P	P	P
YLR064W	S	S	S	S	S	S	S	S	S	S	S	S	P	P	P	P	P	P	L	L
YCR044C	S	S	S	S	S	S	S	S	S	S	S	S	P	P	P	P	P	P	P	P
YCR026C	S	S	S	S	S	D	D	S	P	P	P	P	P	P	P	P	P	P	L	L
YLR139C	S	S	S	S	S	S	S	S	S	S	S	S	P	P	P	P	P	P	P	P
YDR210W	D	D	D	D	S	S	D	S	S	S	S	S	P	L	P	L	L	L	P	P
YOR097C	S	S	S	S	S	S	S	S	S	S	S	S	P	L	P	L	L	P	P	P
YKL165C	S	S	S	S	S	S	S	S	S	S	S	S	P	P	P	P	P	P	P	P
YIL090W	S	S	P	S	S	S	S	S	S	S	S	S	P	P	P	P	P	P	P	P
YER026C	S	S	P	P	P	P	S	S	S	S	S	S	P	P	P	P	P	P	P	P
YBR183W	P	P	P	P	P	S	S	P	P	P	P	P	P	P	P	P	P	P	P	P
YNL033W	D	D	D	D	D	D	D	D	S	S	D	S	L	L	L	L	L	L	L	L
YDR178W	S	S	S	S	S	P	P	S	P	P	P	P	P	P	P	P	P	P	P	P
YCR075C	S	S	S	S	S	S	S	S	S	S	S	S	P	P	P	P	L	P	P	P
YCL025C	P	P	S	P	P	P	P	P	P	P	P	P	P	P	P	P	P	P	P	P
YHL035C	P	P	S	S	S	S	S	P	P	P	P	P	P	P	P	P	P	P	P	P
YDR458C	P	P	P	P	P	P	P	P	P	P	P	P	P	P	P	P	P	P	P	P
YBL091C-A	P	P	P	S	S	P	P	P	P	P	P	P	P	P	P	P	P	P	P	P
YAR002C-A	S	S	S	S	S	S	S	P	P	P	P	P	P	P	P	P	P	P	P	P
YPR192W	D	D	D	D	D	D	D	D	S	S	S	S	L	L	L	L	L	L	L	L
YLR057W	S	S	S	S	S	S	S	S	S	S	S	S	P	P	P	P	P	P	P	P
YCR023C	D	S	S	S	S	D	D	D	S	S	S	S	P	L	L	P	L	P	L	L
YJL133C-A	D	D	D	S	S	S	S	S	S	S	S	S	L	P	P	L	L	P	P	P
YOL163W	D	D	D	D	D	D	D	D	S	D	D	S	L	L	L	L	L	L	L	L
YJL178C	S	S	P	S	S	S	S	S	S	S	S	S	P	P	P	P	L	P	P	P
YMR034C	S	S	D	S	S	S	D	S	S	S	S	S	P	P	P	P	P	P	P	P
YNL320W	S	S	P	P	S	P	P	S	S	S	S	S	P	P	P	P	P	P	P	P
YLR348C	S	S	S	S	S	S	S	S	S	S	S	S	P	P	L	L	L	P	L	L
YBR058C-A	P	S	S	S	S	S	S	S	S	S	S	S	P	P	P	P	P	P	P	P
YJL062W	S	S	S	S	S	S	S	S	S	S	S	S	P	P	P	P	P	P	P	P
YJL082W	S	S	P	S	S	S	S	P	P	P	P	P	P	P	P	L	P	P	P	P
YMR306W	S	S	S	S	S	S	S	S	S	S	S	S	P	P	P	P	L	P	P	P
YCR010C	S	P	P	P	P	P	P	P	P	P	P	P	P	P	P	P	P	P	L	L
YLR050C	S	S	S	S	S	S	S	S	S	S	S	S	P	P	P	P	P	P	P	P
YBR287W	S	S	P	S	S	S	S	S	S	S	S	S	P	P	P	P	L	P	P	P
YGR023W	P	P	P	P	P	P	P	P	P	P	P	P	P	P	P	P	P	P	P	P
YCL056C	S	S	S	S	S	S	S	D	S	S	S	S	P	P	P	L	P	P	P	P
YKR005C	S	P	D	S	S	S	S	D	S	S	S	S	P	L	P	L	P	P	L	L
YER182W	S	S	S	S	S	S	S	S	S	S	S	S	P	P	P	P	P	P	P	P
YIL089W	D	D	D	D	D	D	D	D	S	S	S	S	L	L	L	L	L	L	L	L
YML059C	S	S	S	S	S	S	S	S	S	S	S	S	P	P	P	P	P	P	P	P
YPL036W	D	D	D	D	D	D	D	D	S	S	S	S	L	L	L	L	L	L	L	L
YIL166C	D	D	D	D	D	D	D	D	S	S	S	S	L	L	L	L	L	L	L	L
YMR013C	S	S	S	S	S	S	S	S	S	S	S	S	P	P	P	P	P	P	P	P
YCR034W	P	P	P	S	P	S	P	P	P	P	P	P	P	P	P	P	P	P	P	P
YJL003W	S	S	S	S	S	S	S	S	S	S	S	S	P	P	P	P	P	P	P	P
YNL046W	D	D	D	D	D	D	D	D	S	S	S	S	L	L	L	L	L	L	L	L
YPR133W-A	S	S	S	D	S	D	S	S	S	S	S	S	P	P	P	P	P	P	P	P
YGR281W	S	S	S	S	S	S	S	S	S	S	S	S	P	P	P	P	P	P	P	P
YER060W-A	P	P	S	S	S	S	S	S	S	S	S	S	P	L	L	L	L	L	L	L
YDR039C	D	S	D	D	D	D	D	D	S	S	S	S	L	L	L	L	L	L	L	L
YMR296C	S	S	S	S	S	S	S	S	S	S	S	S	P	P	P	P	P	P	P	P
YJL205C	S	S	S	S	S	S	S	S	S	S	S	S	P	P	P	L	L	P	P	P
YDR297W	S	S	S	S	S	S	S	S	S	S	S	S	P	P	P	P	P	P	P	P
YHR142W	S	S	S	S	S	S	S	S	S	S	S	S	P	P	P	P	P	P	P	P
YMR166C	S	S	S	S	S	S	S	S	S	S	S	S	P	P	P	P	P	P	P	P
YGR295C	D	D	D	D	D	D	D	D	D	D	D	S	L	L	L	L	L	L	L	L
YER039C	P	P	S	P	P	S	S	S	P	P	P	P	P	P	P	P	P	P	P	P
YPR183W	S	S	P	S	S	S	S	S	S	S	S	S	P	P	P	P	P	P	P	P
YML116W	S	S	S	P	P	P	P	P	P	P	P	P	L	P	L	L	L	P	P	P
YER019W	S	S	S	S	S	S	S	S	S	S	S	S	P	P	P	P	P	P	P	P
YBR074W	S	S	S	S	S	S	S	S	S	S	S	S	P	P	P	P	P	P	P	P
YBR187W	S	S	S	S	S	S	S	S	S	S	S	S	P	P	P	P	P	P	P	P
YCL027W	S	S	S	S	S	S	S	S	S	S	S	S	P	P	P	P	P	P	P	P
YHL008C	P	P	P	S	S	S	S	S	S	S	S	S	P	P	P	P	P	P	P	P
YDR119W-A	S	S	S	S	S	S	P	S	S	S	S	S	P	P	P	L	P	P	P	P
YAL058W	P	P	P	D	D	D	D	S	S	S	S	S	P	P	P	P	P	P	P	P
YMR292W	S	S	S	S	S	S	S	S	S	S	S	S	P	P	P	P	P	P	P	P
YPR026W	S	S	P	S	S	S	S	S	S	S	S	S	P	P	P	P	P	P	P	P
YGR065C	S	S	S	S	S	S	S	S	P	S	S	S	P	P	P	P	P	P	P	P
YGL051W	D	D	D	D	D	D	D	D	D	D	D	S	L	L	L	L	L	L	L	L
YNL243W	S	S	S	S	S	S	S	S	S	S	S	S	P	P	P	L	L	P	P	P
YOL060C	S	S	S	S	D	D	D	S	S	S	S	S	P	P	P	P	P	P	P	P
YDL198C	S	S	S	S	S	S	S	S	S	S	S	S	P	P	P	P	P	P	P	P
YJL097W	S	S	S	S	S	S	S	S	S	S	S	S	P	P	P	P	P	P	P	P
YPR170W-B	S	S	S	S	S	S	S	S	S	S	S	S	P	P	P	P	L	P	P	P
YLR034C	S	S	S	S	S	S	S	S	S	S	S	S	P	P	P	P	P	P	P	P
YPL060W	S	S	S	S	S	S	S	S	S	S	S	S	P	P	P	P	P	P	P	P
YCL038C	S	S	S	S	S	S	S	S	S	S	S	S	P	P	P	P	P	P	P	P
YGL010W	S	S	S	S	S	S	S	S	S	S	S	S	P	P	P	P	P	P	P	P
YDR205W	S	S	S	S	S	S	S	S	S	S	S	S	P	P	P	P	P	P	P	P
YOR186W	S	S	D	S	S	S	S	P	P	P	P	P	P	P	L	L	L	P	P	P
YFL004W	S	S	S	S	S	S	S	S	P	P	P	P	P	P	P	P	P	P	P	P
YDR411C	S	S	S	S	S	S	S	S	S	S	S	S	P	P	P	P	P	P	P	P
YLR047C	S	S	S	S	S	S	S	S	S	S	S	S	P	P	P	P	P	P	P	P
YLR395C	S	S	S	S	S	S	S	S	S	S	S	S	P	P	P	P	P	P	P	P
YAR028W	D	D	D	D	D	D	D	D	D	S	S	S	L	L	L	L	L	L	L	L
YHL048W	D	D	D	D	D	D	D	D	D	D	D	S	L	L	L	L	L	L	L	L
YOR301W	S	S	S	S	S	S	S	S	S	S	S	S	P	P	P	P	P	P	P	P
YFR048W	S	S	S	S	S	S	S	S	S	S	S	S	P	P	P	P	P	P	P	P
YNL159C	S	S	S	S	S	S	S	S	S	S	S	S	P	P	P	P	P	P	P	P
YHR110W	S	D	S	S	S	S	S	S	S	S	S	S	P	P	P	P	P	P	P	P
YER001W	D	D	D	D	D	D	D	D	S	S	S	S	L	L	L	L	L	L	L	L
YOR016C	S	S	P	P	P	S	S	S	P	P	P	P	P	P	P	P	P	P	P	P
YDR459C	S	D	S	S	S	S	S	S	S	S	S	S	P	P	P	P	P	P	P	P
YOR223W	S	S	S	S	S	S	S	S	S	S	S	S	P	P	P	P	P	P	P	P
YGL006W	S	S	S	S	S	S	S	S	S	S	S	S	P	P	P	P	P	P	P	P
YNL336W	D	D	D	D	D	D	D	D	D	D	D	S	L	L	L	L	L	L	L	L
YGR028W	S	S	D	S	S	S	S	S	S	S	S	S	P	P	P	P	P	P	P	P
YDL027C	S	S	D	D	S	S	S	S	S	S	S	S	P	P	P	L	L	P	P	P
YLR067C	S	S	S	S	S	S	S	S	S	S	S	S	P	P	P	P	L	P	P	P
YKR067W	S	S	S	S	S	S	S	S	S	S	S	S	P	P	P	P	P	P	P	P
YBR063C	D	D	D	D	D	D	D	D	S	S	S	S	L	L	L	L	L	L	L	L
YIL047C	P	P	P	S	P	S	S	S	S	S	S	S	P	P	P	P	P	P	P	P
YHR181W	S	S	S	S	S	S	S	S	S	S	S	S	P	P	P	P	P	P	P	P
YNL219C	S	S	S	S	S	S	S	S	S	S	S	S	P	P	P	P	P	P	P	P
YOR292C	D	D	P	S	S	S	S	S	S	S	S	S	P	P	P	P	P	P	P	P
YLR088W	S	S	S	S	S	S	S	S	S	S	S	S	P	P	P	P	P	P	P	P
YCR024C-A	S	P	S	D	S	S	S	P	P	P	P	P	P	P	P	P	L	P	P	P
YGR012W	S	S	S	S	S	S	S	S	S	S	S	S	P	P	P	P	P	P	P	P
YHL003C	P	P	P	P	P	P	P	P	P	P	P	P	P	P	P	P	P	P	P	P
YMR129W	S	S	S	S	S	S	S	S	S	S	S	S	P	P	P	P	P	P	P	P
YML066C	S	S	S	S	S	S	S	S	S	S	S	S	P	P	P	P	P	P	P	P
YKL119C	S	S	S	S	S	S	S	S	S	S	S	S	P	P	P	P	P	P	P	P
YGR014W	S	S	S	S	S	S	S	S	S	S	S	S	P	P	P	P	P	P	P	P
YBR021W	S	S	S	S	S	S	D	S	S	S	S	S	P	P	P	P	P	P	L	L
YDL245C	D	D	D	D	D	D	D	D	D	D	D	S	L	L	L	L	L	L	L	L
YBR024W	S	S	P	P	P	P	P	P	P	P	P	P	P	P	P	P	P	P	P	P
