Gene ID	V.polysp	T.phaffi	T.blatta	N.dairen	N.castel	K.nagani	K.africa	C.glabra	S.uvarum	S.kudria	S.mikata	S.cerevi	Z.rouxii	T.delbru	K.lactis	E.gossyp	E.cymbal	L.kluyve	L.thermo	L.waltii
YNL270C	S	S	S	P	P	S	P	S	P	P	P	P	P	P	P	P	P	P	P	P
YNL287W	S	S	S	S	S	S	S	S	S	S	S	S	P	P	P	P	P	P	P	P
YMR152W	S	S	S	S	S	S	S	S	S	S	S	S	P	P	L	L	L	P	P	P
YNL095C	S	S	P	P	P	S	S	P	P	P	P	P	P	P	P	P	P	P	P	P
YOR165W	S	S	S	S	S	S	S	S	S	S	S	S	P	P	P	P	P	P	P	P
YMR251W-A	S	S	S	P	P	S	S	S	S	P	S	P	P	P	P	P	L	P	P	P
YLR242C	S	S	S	S	S	S	S	S	S	S	S	S	P	P	P	P	P	P	P	P
YHR039C	P	S	S	S	S	S	S	S	S	S	S	S	P	P	P	P	P	P	P	P
YOR016C	S	S	P	P	P	S	S	S	P	P	P	P	P	P	P	P	P	P	P	P
YLR130C	S	S	S	P	P	P	P	P	S	S	S	S	L	L	P	L	L	P	L	L
YJR118C	S	S	S	S	S	S	S	S	S	S	S	S	P	P	P	P	P	P	P	P
YER140W	S	S	S	S	S	S	S	S	S	S	S	S	P	P	P	P	P	P	P	P
YGR197C	D	D	P	P	P	P	S	P	P	P	P	P	L	P	P	P	P	P	P	P
YGR121C	S	S	S	S	S	S	S	P	P	P	P	P	P	P	P	P	P	P	P	P
YDR056C	S	S	S	S	S	S	S	S	S	S	S	S	P	P	P	P	P	P	P	L
YLR380W	P	P	P	S	S	S	P	P	S	S	S	S	P	P	P	P	P	P	P	P
YPL243W	S	S	S	S	S	S	S	S	S	S	S	S	P	P	P	P	P	P	P	P
YPR027C	D	D	D	D	D	D	D	D	S	S	S	S	L	L	L	L	L	L	L	L
YKR030W	S	S	S	S	S	D	D	S	S	S	S	S	P	P	P	P	P	P	P	P
YGL053W	D	D	D	D	D	D	D	D	D	D	D	S	L	L	L	L	L	L	L	L
YOR254C	S	S	S	S	S	S	S	S	S	S	S	S	P	P	P	P	P	P	P	P
YPR091C	S	S	S	S	S	S	S	S	S	S	S	S	P	P	P	P	P	P	P	P
YLR208W	P	P	S	S	S	S	S	P	S	S	S	S	P	P	P	P	P	P	P	P
YFL025C	S	S	S	S	S	S	S	S	S	S	S	S	P	P	P	P	P	P	P	P
YDL019C	P	P	P	P	P	P	P	P	P	P	P	P	P	P	P	P	P	P	P	P
YCR068W	S	S	S	S	S	S	S	S	S	S	S	S	P	P	P	P	P	P	P	P
YDR498C	S	S	S	S	S	S	S	S	S	S	S	S	P	P	P	P	P	P	P	P
YER074W-A	S	S	S	S	S	S	S	S	S	S	S	S	P	P	P	P	P	P	P	P
YDR182W	S	S	S	S	S	S	S	S	S	S	S	S	P	P	P	P	P	P	P	P
YJL094C	S	S	S	S	S	S	S	S	S	S	S	S	P	P	P	L	L	P	P	P
YGL258W	D	D	D	D	D	D	D	D	S	S	S	S	L	L	L	L	L	L	L	L
YPL274W	D	D	D	D	S	D	D	D	S	S	S	S	P	L	P	P	P	P	P	P
YML067C	S	S	S	P	P	S	S	S	S	S	S	S	P	P	P	P	P	P	P	P
YGL139W	S	P	P	P	P	P	P	P	P	P	P	P	P	P	P	P	P	P	P	P
YPL050C	S	S	S	P	P	P	S	S	S	S	S	S	P	P	P	P	P	P	P	P
YPR114W	S	S	S	S	S	S	S	S	S	S	S	S	P	P	P	P	P	P	P	P
YCR067C	S	S	S	P	P	P	P	P	P	P	P	P	P	P	P	P	P	P	P	P
YGL126W	S	S	S	S	S	S	S	S	S	S	S	S	P	P	P	P	P	P	P	P
YBL020W	S	S	S	S	S	S	S	S	S	S	S	S	P	P	P	P	P	P	P	P
YGL027C	S	S	S	S	S	S	S	S	S	S	S	S	P	P	P	P	P	P	P	P
YDL093W	D	D	D	S	S	S	S	S	S	S	S	S	L	L	L	L	L	L	L	L
YGL231C	S	S	S	S	S	S	S	S	S	S	S	S	P	P	P	P	P	P	P	P
YLR064W	S	S	S	S	S	S	S	S	S	S	S	S	P	P	P	P	P	P	L	L
YCR044C	S	S	S	S	S	S	S	S	S	S	S	S	P	P	P	P	P	P	P	P
YKL165C	S	S	S	S	S	S	S	S	S	S	S	S	P	P	P	P	P	P	P	P
YIL090W	S	S	P	S	S	S	S	S	S	S	S	S	P	P	P	P	P	P	P	P
YER026C	S	S	P	P	P	P	S	S	S	S	S	S	P	P	P	P	P	P	P	P
YBR183W	P	P	P	P	P	S	S	P	P	P	P	P	P	P	P	P	P	P	P	P
YDR461W	D	D	D	D	D	D	D	D	S	S	S	S	L	L	L	L	L	L	L	L
YLR157C	D	D	D	D	D	D	D	D	D	D	D	S	L	L	L	L	L	L	L	L
YCL043C	P	P	P	P	P	P	P	P	P	P	P	P	P	P	P	P	P	P	P	P
YCL025C	P	P	S	P	P	P	P	P	P	P	P	P	P	P	P	P	P	P	P	P
YHL035C	P	P	S	S	S	S	S	P	P	P	P	P	P	P	P	P	P	P	P	P
YAR002C-A	S	S	S	S	S	S	S	P	P	P	P	P	P	P	P	P	P	P	P	P
YPR192W	D	D	D	D	D	D	D	D	S	S	S	S	L	L	L	L	L	L	L	L
YLR057W	S	S	S	S	S	S	S	S	S	S	S	S	P	P	P	P	P	P	P	P
YNL320W	S	S	P	P	S	P	P	S	S	S	S	S	P	P	P	P	P	P	P	P
YHR072W	S	S	S	S	S	S	S	S	S	S	S	S	P	P	P	P	P	P	P	P
YBR058C-A	P	S	S	S	S	S	S	S	S	S	S	S	P	P	P	P	P	P	P	P
YJL062W	S	S	S	S	S	S	S	S	S	S	S	S	P	P	P	P	P	P	P	P
YKL046C	S	S	S	P	P	S	P	S	S	S	S	S	P	P	P	P	P	P	P	P
YMR306W	S	S	S	S	S	S	S	S	S	S	S	S	P	P	P	P	L	P	P	P
YLR050C	S	S	S	S	S	S	S	S	S	S	S	S	P	P	P	P	P	P	P	P
YBR287W	S	S	P	S	S	S	S	S	S	S	S	S	P	P	P	P	L	P	P	P
YIL089W	D	D	D	D	D	D	D	D	S	S	S	S	L	L	L	L	L	L	L	L
YML059C	S	S	S	S	S	S	S	S	S	S	S	S	P	P	P	P	P	P	P	P
YMR013C	S	S	S	S	S	S	S	S	S	S	S	S	P	P	P	P	P	P	P	P
YCR034W	P	P	P	S	P	S	P	P	P	P	P	P	P	P	P	P	P	P	P	P
YNL046W	D	D	D	D	D	D	D	D	S	S	S	S	L	L	L	L	L	L	L	L
YFR039C	P	P	P	P	P	S	P	P	P	P	P	P	P	P	P	P	P	P	P	P
YMR296C	S	S	S	S	S	S	S	S	S	S	S	S	P	P	P	P	P	P	P	P
YMR101C	S	S	S	S	S	S	S	S	S	S	S	S	P	P	P	P	P	P	P	P
YDR297W	S	S	S	S	S	S	S	S	S	S	S	S	P	P	P	P	P	P	P	P
YHR142W	S	S	S	S	S	S	S	S	S	S	S	S	P	P	P	P	P	P	P	P
YER039C	P	P	S	P	P	S	S	S	P	P	P	P	P	P	P	P	P	P	P	P
YPR183W	S	S	P	S	S	S	S	S	S	S	S	S	P	P	P	P	P	P	P	P
YLR440C	S	S	S	S	S	S	S	S	S	S	S	S	P	P	P	P	P	P	P	P
YER019W	S	S	S	S	S	S	S	S	S	S	S	S	P	P	P	P	P	P	P	P
YML130C	S	S	S	P	P	S	P	S	S	S	S	S	P	P	P	P	P	P	P	P
YDL195W	P	P	S	S	S	S	S	S	S	S	S	S	P	P	P	P	P	P	P	P
YCL027W	S	S	S	S	S	S	S	S	S	S	S	S	P	P	P	P	P	P	P	P
YAL058W	P	P	P	D	D	D	D	S	S	S	S	S	P	P	P	P	P	P	P	P
YMR292W	S	S	S	S	S	S	S	S	S	S	S	S	P	P	P	P	P	P	P	P
YGL051W	D	D	D	D	D	D	D	D	D	D	D	S	L	L	L	L	L	L	L	L
YOL060C	S	S	S	S	D	D	D	S	S	S	S	S	P	P	P	P	P	P	P	P
YJL097W	S	S	S	S	S	S	S	S	S	S	S	S	P	P	P	P	P	P	P	P
YLR292C	S	S	S	S	S	S	S	S	S	S	S	S	P	P	P	P	L	P	P	P
YPR170W-B	S	S	S	S	S	S	S	S	S	S	S	S	P	P	P	P	L	P	P	P
YLR034C	S	S	S	S	S	S	S	S	S	S	S	S	P	P	P	P	P	P	P	P
YGL010W	S	S	S	S	S	S	S	S	S	S	S	S	P	P	P	P	P	P	P	P
YDR205W	S	S	S	S	S	S	S	S	S	S	S	S	P	P	P	P	P	P	P	P
YFL004W	S	S	S	S	S	S	S	S	P	P	P	P	P	P	P	P	P	P	P	P
YDR411C	S	S	S	S	S	S	S	S	S	S	S	S	P	P	P	P	P	P	P	P
YLR047C	S	S	S	S	S	S	S	S	S	S	S	S	P	P	P	P	P	P	P	P
YMR022W	S	S	S	S	S	S	S	S	S	S	S	S	P	P	P	P	P	P	P	P
YAR028W	D	D	D	D	D	D	D	D	D	S	S	S	L	L	L	L	L	L	L	L
YGL032C	S	S	S	S	S	S	S	S	S	S	S	S	P	P	P	P	P	P	P	P
YFR048W	S	S	S	S	S	S	S	S	S	S	S	S	P	P	P	P	P	P	P	P
YNL159C	S	S	S	S	S	S	S	S	S	S	S	S	P	P	P	P	P	P	P	P
YHR110W	S	D	S	S	S	S	S	S	S	S	S	S	P	P	P	P	P	P	P	P
YOR016C	S	S	P	P	P	S	S	S	P	P	P	P	P	P	P	P	P	P	P	P
YDR459C	S	D	S	S	S	S	S	S	S	S	S	S	P	P	P	P	P	P	P	P
YOR223W	S	S	S	S	S	S	S	S	S	S	S	S	P	P	P	P	P	P	P	P
YDL027C	S	S	D	D	S	S	S	S	S	S	S	S	P	P	P	L	L	P	P	P
YBR078W	S	P	S	P	P	P	P	P	P	P	P	P	P	P	P	P	P	P	P	P
YKR067W	S	S	S	S	S	S	S	S	S	S	S	S	P	P	P	P	P	P	P	P
YNL264C	S	S	S	S	S	S	S	S	S	S	S	S	P	L	P	P	P	P	P	P
YLR160C	D	D	D	D	D	D	D	D	D	D	D	S	L	L	L	L	L	L	L	L
YLR286C	S	P	S	S	S	S	S	S	S	S	S	S	P	P	P	L	P	P	P	P
YHR181W	S	S	S	S	S	S	S	S	S	S	S	S	P	P	P	P	P	P	P	P
YNL219C	S	S	S	S	S	S	S	S	S	S	S	S	P	P	P	P	P	P	P	P
YLR100W	S	S	S	P	P	P	P	S	S	S	S	S	P	P	P	P	P	P	P	P
YLR088W	S	S	S	S	S	S	S	S	S	S	S	S	P	P	P	P	P	P	P	P
YJR134C	S	S	S	S	S	S	S	S	S	S	S	S	P	P	P	P	L	P	P	P
YHL003C	P	P	P	P	P	P	P	P	P	P	P	P	P	P	P	P	P	P	P	P
YML066C	S	S	S	S	S	S	S	S	S	S	S	S	P	P	P	P	P	P	P	P
YKL119C	S	S	S	S	S	S	S	S	S	S	S	S	P	P	P	P	P	P	P	P
