Gene ID	V.polysp	T.phaffi	T.blatta	N.dairen	N.castel	K.nagani	K.africa	C.glabra	S.uvarum	S.kudria	S.mikata	S.cerevi	Z.rouxii	T.delbru	K.lactis	E.gossyp	E.cymbal	L.kluyve	L.thermo	L.waltii
YIL041W	P	P	P	S	S	S	S	S	S	S	S	S	P	P	P	P	P	P	P	P
YDR395W	S	S	S	S	S	S	S	S	S	S	S	S	P	P	P	P	P	P	P	P
YHR030C	S	P	P	P	P	S	P	S	P	P	S	P	P	P	P	P	P	P	P	P
YPL273W	S	S	S	D	S	D	D	D	S	D	S	S	P	L	P	P	P	P	P	P
YNR027W	S	S	S	S	S	S	D	S	S	S	S	S	P	P	P	P	P	P	P	P
YCR095C	S	S	S	S	S	S	S	S	S	S	S	S	P	P	P	P	P	P	P	P
YER162C	S	S	S	S	S	S	S	S	S	S	S	S	P	L	P	P	P	P	P	P
YER090W	S	S	S	S	S	S	S	S	S	S	S	S	P	P	P	P	P	P	P	P
YGR173W	S	D	S	S	S	S	S	S	S	S	S	S	P	P	P	P	P	P	P	P
YDR372C	P	S	P	S	P	S	S	S	S	S	S	S	P	P	P	P	P	P	P	P
YJL053W	S	S	S	S	S	S	S	S	S	S	S	S	P	P	P	P	P	P	P	P
YHL050C	D	D	D	D	D	D	D	D	D	D	D	S	L	L	L	L	L	L	L	L
YDR325W	S	S	S	S	S	S	S	S	S	S	S	S	P	P	P	P	P	P	P	P
YDR216W	S	S	S	S	S	S	S	S	S	S	S	S	P	P	P	P	L	P	P	P
YJL124C	S	S	S	S	S	S	S	S	S	S	S	S	P	P	P	P	P	P	P	P
YDL224C	P	P	P	P	P	P	P	P	P	P	P	P	P	P	P	P	P	P	P	P
YJR104C	P	P	S	S	S	S	S	S	S	S	S	S	P	P	P	P	P	P	P	P
YLR147C	S	S	S	S	S	S	S	S	S	S	S	S	P	P	P	P	P	P	P	P
YBR121C	P	S	P	S	S	S	S	S	P	P	P	P	P	P	P	P	P	P	P	P
YGR070W	S	S	S	S	S	S	S	S	P	P	P	P	P	P	P	P	P	P	P	P
YER041W	P	S	S	S	S	S	S	S	S	S	S	S	P	P	P	P	P	P	P	P
YGR135W	S	S	S	S	S	S	S	S	S	S	S	S	P	P	P	P	P	P	P	P
YBL071W-A	S	S	S	S	S	S	S	S	S	S	S	S	P	P	P	P	P	P	P	P
YLR212C	S	S	S	S	S	S	S	S	S	S	S	S	P	P	P	P	P	P	P	P
YMR234W	S	S	S	S	P	S	S	S	S	S	S	S	P	P	P	P	P	P	P	P
YKR075C	S	P	S	P	P	P	S	P	P	P	P	P	P	P	P	P	L	P	P	P
YJR070C	S	S	S	S	S	S	S	S	S	S	S	S	P	P	P	P	P	P	P	P
YMR323W	D	D	D	D	D	D	D	D	D	D	D	S	L	L	L	L	L	L	L	L
YJR097W	S	S	S	S	S	S	S	S	S	S	S	S	P	P	P	P	P	P	P	P
YNL164C	S	S	S	S	S	S	S	S	S	S	S	S	P	P	P	P	L	P	P	P
YJL126W	S	D	D	S	S	S	S	S	S	S	S	S	P	P	P	L	L	P	P	P
YNL274C	S	S	S	S	S	S	S	S	S	S	S	S	P	P	P	P	L	P	P	P
YMR038C	S	S	D	S	S	S	D	S	S	S	S	S	P	P	P	P	P	P	P	P
YGL258W	D	D	D	D	D	D	D	D	S	S	S	S	L	L	L	L	L	L	L	L
YIR036C	D	S	D	D	D	D	D	S	S	S	S	S	L	P	L	L	L	L	L	L
YDR020C	S	S	D	S	S	S	S	S	S	S	S	S	P	P	P	P	P	P	P	P
YDR471W	S	S	S	P	P	S	S	S	P	P	P	P	P	P	P	P	P	P	P	P
YER112W	S	S	S	S	S	S	S	S	S	S	S	S	P	P	P	P	P	P	P	P
YDR527W	S	S	S	S	S	S	S	S	S	S	S	S	P	P	P	P	P	P	P	P
YPL110C	S	S	S	S	S	D	D	S	S	S	S	S	P	P	P	P	P	P	P	P
YDR333C	S	S	S	S	S	S	S	S	S	S	S	S	P	P	P	P	P	P	P	P
YCL050C	P	P	S	P	P	P	P	S	P	S	P	P	P	P	P	P	P	P	P	P
YHR187W	S	S	S	S	S	S	S	S	S	S	S	S	P	P	P	P	P	P	P	P
YCR067C	S	S	S	P	P	P	P	P	P	P	P	P	P	P	P	P	P	P	P	P
YCR047C	S	S	S	S	S	S	S	S	S	S	S	S	P	P	P	P	P	P	P	P
YGR088W	S	S	D	S	S	D	D	D	S	S	S	S	P	P	P	L	L	P	P	P
YGR140W	S	S	S	S	S	S	S	S	S	S	S	S	P	P	P	P	P	P	P	P
YNR061C	D	D	D	D	D	D	D	D	S	S	D	S	L	L	L	L	L	L	L	L
YBR208C	S	S	D	S	S	S	D	S	S	S	S	S	P	P	P	P	P	P	P	P
YNR035C	S	S	S	S	S	S	S	S	S	S	S	S	P	P	P	P	P	P	P	P
YOR195W	S	S	S	S	S	S	S	S	S	S	S	S	P	P	P	P	P	P	P	P
YFR031C	S	S	S	S	S	S	S	S	S	S	S	S	P	P	P	P	P	P	P	P
YDR098C	S	P	S	P	P	P	P	P	P	P	P	P	P	P	P	P	P	P	P	P
YLR132C	S	S	S	S	S	S	S	S	S	S	S	S	P	P	P	P	P	P	P	P
YGR256W	S	S	S	S	S	S	P	S	P	P	S	P	P	P	P	P	P	P	P	P
YGL019W	S	S	S	S	S	S	S	S	S	S	S	S	P	P	P	P	P	P	P	P
YDR139C	S	S	S	S	S	S	S	S	S	S	S	S	P	P	P	P	P	P	P	P
YCR031C	P	P	P	P	P	S	S	P	P	P	P	P	P	P	P	P	P	P	P	P
YLR182W	S	S	S	S	S	S	S	S	S	S	S	S	P	P	P	P	P	P	P	P
YHR205W	P	P	P	S	S	S	S	S	S	S	S	S	P	P	P	P	P	P	P	P
YOL123W	S	S	P	P	P	S	S	P	S	S	S	S	P	P	P	P	P	P	P	P
YGR017W	S	D	D	S	S	S	S	S	S	S	S	S	P	P	L	P	L	P	P	P
YPL161C	S	P	S	S	S	S	S	S	S	S	S	S	P	P	P	P	P	P	P	P
YLR107W	S	S	S	S	S	S	S	S	S	S	S	S	P	P	P	P	P	P	P	P
YKL085W	S	S	S	S	S	S	S	S	S	S	S	S	P	P	P	P	P	P	P	P
YPR022C	D	D	S	D	S	S	S	S	S	S	S	S	L	P	P	L	L	P	L	P
YLR305C	S	S	S	S	S	S	S	S	S	S	S	S	P	P	P	P	P	P	P	P
YNL024C	D	D	D	S	S	S	S	S	S	S	S	S	L	L	P	P	P	P	P	P
YPR175W	S	S	S	S	S	S	S	S	S	S	S	S	P	P	P	P	P	P	P	P
YBR172C	S	S	S	P	P	S	S	P	P	P	P	P	P	P	P	P	P	P	P	P
YJL049W	S	S	S	S	S	S	S	S	S	S	S	S	P	P	P	P	P	P	P	P
YBL097W	S	S	S	S	S	S	S	S	S	S	S	S	P	P	P	P	P	P	P	P
YCR093W	P	P	S	S	S	S	S	S	S	S	S	S	P	P	P	P	P	P	P	P
YML051W	S	S	P	P	P	P	S	D	P	D	S	S	P	L	P	L	L	P	P	L
YDL017W	S	S	S	S	S	S	S	S	S	S	S	S	P	P	P	P	P	P	P	P
YMR314W	S	S	S	S	S	S	S	S	S	S	S	S	P	P	P	P	P	P	P	P
YHR111W	S	S	S	S	S	S	S	S	S	S	S	S	P	P	P	P	P	P	P	P
YDL063C	S	S	S	S	S	S	S	S	S	S	S	S	P	P	P	P	P	P	P	P
YLR157C	D	D	D	D	D	D	D	D	D	D	D	S	L	L	L	L	L	L	L	L
YGL039W	D	D	D	D	D	D	D	D	S	S	S	S	L	L	L	L	L	L	L	L
YCR012W	S	S	S	S	P	P	P	S	S	S	S	S	P	P	P	P	P	P	P	P
YHR049W	S	S	S	S	S	S	S	S	S	S	S	S	P	P	P	P	P	P	P	P
YKL132C	S	S	S	S	S	S	S	S	P	P	P	P	P	P	P	P	P	P	P	P
YBR191W	P	P	S	P	S	P	P	S	P	P	P	P	P	P	P	P	P	P	P	P
YDR490C	S	S	P	S	S	S	S	P	P	P	P	P	P	P	P	P	P	P	P	P
YDL132W	S	S	S	S	S	S	S	S	S	S	S	S	P	P	P	P	P	P	P	P
YOR289W	S	S	S	S	S	S	S	S	S	S	S	S	P	P	P	P	P	P	P	P
YPL150W	S	S	S	S	S	S	S	S	S	S	S	S	P	P	P	P	P	P	P	P
YDR202C	S	S	S	S	S	S	S	S	S	S	S	S	P	P	P	P	P	P	P	P
YBL068W	S	S	S	S	S	S	P	S	P	P	P	P	P	P	P	P	P	P	P	P
YNL141W	S	S	S	S	S	S	S	S	S	S	S	S	P	L	P	L	L	P	P	P
YLL024C	S	S	S	S	S	S	S	S	S	S	S	S	P	P	P	P	P	P	P	P
YLR009W	P	S	S	S	S	S	S	S	S	S	S	S	P	P	P	P	P	P	P	P
YJL141C	P	S	P	S	S	S	S	S	S	S	S	S	P	P	P	P	L	P	P	P
YGR044C	S	S	S	S	S	S	S	S	S	S	S	S	P	P	P	L	L	P	P	P
YKL132C	S	S	S	S	S	S	S	S	P	P	P	P	P	P	P	P	P	P	P	P
YPL226W	S	S	S	S	S	S	S	S	S	S	S	S	P	P	P	P	P	P	P	P
YJR022W	S	S	S	S	S	S	S	S	S	S	S	S	P	P	P	P	P	P	P	P
YPL115C	P	P	P	S	S	S	S	S	S	S	S	S	P	P	P	P	P	P	P	P
YOR077W	S	S	S	S	S	S	S	S	S	S	S	S	P	P	P	P	P	P	P	P
YOR117W	S	D	S	S	S	S	S	S	S	S	S	S	P	P	P	P	P	P	P	P
YDR211W	S	S	S	S	S	S	S	S	S	S	S	S	P	P	P	P	P	P	P	P
YNL106C	P	P	P	P	P	P	P	P	P	P	P	P	P	P	P	P	P	P	P	P
YPL245W	S	S	S	S	S	S	S	S	S	S	S	S	P	P	P	L	L	P	P	P
YKL078W	S	S	S	S	S	S	S	S	S	S	S	S	P	P	P	P	P	P	P	P
YKL001C	S	S	S	S	S	S	S	S	S	S	S	S	P	P	P	P	P	P	P	P
YKR017C	S	S	S	S	S	S	S	S	S	S	S	S	P	P	P	P	P	P	P	P
YJL082W	S	S	P	S	S	S	S	P	P	P	P	P	P	P	P	L	P	P	P	P
YHR209W	D	D	D	D	D	D	D	D	S	S	S	S	L	L	L	L	L	L	L	L
YGL030W	S	S	S	S	S	S	S	S	S	S	S	S	P	P	P	P	P	P	P	L
YKL058W	S	S	S	S	S	S	S	S	S	S	S	S	P	P	P	P	P	P	P	P
YLR345W	S	S	S	P	P	S	S	S	S	S	S	S	P	P	P	P	P	P	P	P
YPR048W	S	S	S	S	S	S	S	S	S	S	S	S	P	P	P	P	P	P	P	P
YGL128C	S	D	S	S	S	S	S	S	S	S	S	S	P	P	P	P	P	P	P	P
YNL161W	S	S	S	S	S	S	S	S	S	S	S	S	P	P	P	P	P	P	P	P
YHR107C	S	S	S	S	S	S	S	P	S	S	S	S	P	P	P	P	L	P	P	P
YIL095W	P	P	P	P	P	P	P	P	P	P	P	P	P	P	P	P	P	P	P	P
YGL175C	S	S	S	S	S	S	S	S	S	S	S	S	P	P	P	P	P	P	P	P
YGR085C	S	S	S	S	S	S	S	S	P	P	P	P	P	P	P	P	P	P	P	P
YNL247W	S	S	S	S	S	S	S	S	S	S	S	S	P	P	P	P	L	P	P	P
YDL036C	S	S	S	P	P	P	P	P	P	P	P	P	P	P	P	P	P	P	P	P
YOR396W	D	D	D	D	D	D	D	D	D	D	D	S	L	L	L	L	L	L	L	L
YJL098W	S	S	P	P	P	P	P	S	P	P	P	P	P	P	P	P	P	P	P	P
YCL056C	S	S	S	S	S	S	S	D	S	S	S	S	P	P	P	L	P	P	P	P
YMR169C	D	D	D	S	S	S	S	S	S	S	S	S	P	P	P	P	P	P	P	P
YMR186W	S	S	S	S	S	S	S	S	P	P	P	P	P	P	P	P	P	P	P	P
YHR216W	D	D	D	D	D	D	D	D	D	D	D	S	L	L	L	L	L	L	L	L
YHL013C	S	S	S	S	S	S	S	S	S	S	S	S	P	P	P	P	P	P	P	P
YER165W	P	S	S	S	S	S	S	S	S	S	S	S	P	P	P	P	P	P	P	P
YGL004C	S	S	S	S	S	S	S	S	S	S	S	S	P	P	P	P	P	P	P	P
YLR369W	S	S	S	S	S	S	S	S	S	S	S	S	P	P	P	P	P	P	P	P
YEL058W	S	S	S	S	S	S	S	S	S	S	S	S	P	P	P	P	P	P	P	P
YAL044C	S	S	S	S	S	S	S	S	S	S	S	S	P	P	P	P	L	P	P	P
YGL148W	S	S	S	S	S	S	S	S	S	S	S	S	P	P	P	P	P	P	P	P
YNL195C	S	S	S	P	P	P	P	P	P	P	P	P	P	P	P	L	L	P	P	P
YMR127C	S	S	S	S	S	S	S	S	S	S	S	S	P	P	P	P	P	P	P	P
YNL032W	S	S	S	S	S	S	S	S	S	D	S	S	P	P	P	P	P	P	P	P
YOL001W	S	S	S	S	S	S	D	S	S	S	S	S	P	P	P	P	P	P	P	P
YNL135C	S	S	S	S	S	S	S	S	S	S	S	S	P	P	P	P	P	P	P	P
YDR075W	S	S	S	S	S	S	S	S	S	S	S	S	P	P	P	P	P	P	P	P
YBR267W	S	S	S	S	S	S	S	S	S	S	S	S	P	P	P	P	P	P	P	P
YBL032W	S	S	S	P	P	P	P	P	P	P	P	S	P	P	P	P	P	P	P	P
YFL027C	S	S	S	S	S	S	S	S	S	S	S	S	P	P	P	P	P	P	P	P
YMR296C	S	S	S	S	S	S	S	S	S	S	S	S	P	P	P	P	P	P	P	P
YHR143W-A	S	S	S	S	S	S	S	S	S	S	S	S	P	P	P	P	P	P	P	P
YOR005C	S	S	S	S	S	S	S	S	S	S	S	S	P	P	P	P	L	L	P	P
YDL129W	S	S	D	S	S	D	S	S	S	S	S	S	P	P	P	P	P	P	P	P
YLR417W	S	S	S	S	S	S	S	S	S	S	S	S	P	P	P	P	P	P	P	P
YGR078C	S	S	S	S	S	S	S	S	S	S	S	S	P	P	P	P	P	P	P	P
YOR355W	P	P	S	S	S	S	S	S	S	S	S	S	P	P	P	P	P	P	P	P
YKL060C	P	P	P	S	S	S	S	S	S	S	S	S	P	P	P	P	P	P	P	P
YBR191W	P	P	S	P	S	P	P	S	P	P	P	P	P	P	P	P	P	P	P	P
YLR179C	D	D	D	S	S	D	S	D	S	S	S	S	L	L	L	L	L	L	L	L
YEL012W	S	S	S	S	S	S	S	S	S	S	S	S	P	P	P	P	P	P	P	P
YBR125C	S	S	S	S	S	S	S	S	S	S	S	S	P	P	P	P	P	P	P	P
YPL152W	S	S	S	S	S	S	S	S	S	S	S	S	P	P	P	P	P	P	P	P
YJR111C	S	S	S	P	P	S	S	S	S	S	S	S	P	P	P	P	P	P	P	P
YDR348C	P	P	S	S	P	P	P	S	P	P	P	P	P	P	P	P	P	P	P	P
YFL007W	P	P	P	S	S	P	P	P	S	S	S	S	P	P	P	P	L	P	P	P
YMR061W	S	S	S	S	S	S	S	S	S	S	S	S	P	P	P	P	P	P	P	P
YPL204W	P	P	P	P	P	P	P	S	S	S	S	S	P	P	P	P	P	P	P	P
YER042W	S	S	S	S	S	S	S	S	S	S	S	S	P	P	P	P	P	P	P	P
YER074W	S	S	S	S	P	P	P	S	P	P	P	P	P	P	P	P	P	P	P	P
YDR007W	S	S	S	S	S	S	S	S	S	S	S	S	P	P	P	P	P	P	P	P
YMR192W	S	S	S	P	P	P	P	P	P	P	P	P	P	P	P	P	P	P	P	P
YCR030C	P	P	P	S	S	S	S	P	S	S	S	S	P	P	P	P	P	P	P	P
YDR429C	P	P	S	P	S	S	S	S	S	S	S	S	P	P	P	P	P	P	P	P
YNL212W	P	S	S	S	S	S	S	S	S	S	S	S	P	P	P	P	P	P	P	P
YML109W	P	P	P	S	S	S	P	P	P	P	P	P	P	P	P	P	P	P	P	P
YJR055W	S	S	S	S	S	S	S	S	S	S	S	S	P	P	P	P	P	P	P	P
YGR136W	S	S	P	S	S	P	S	S	P	P	P	P	P	P	P	P	P	P	P	P
YLR421C	S	S	S	S	S	S	S	S	S	S	S	S	P	P	P	P	P	P	P	P
YOL102C	S	S	S	S	S	S	S	S	S	S	S	S	P	P	P	P	P	P	P	P
YNL243W	S	S	S	S	S	S	S	S	S	S	S	S	P	P	P	L	L	P	P	P
YGL220W	S	S	S	S	S	S	S	S	S	S	S	S	P	P	P	P	P	P	P	P
YER110C	S	S	S	S	S	S	S	S	S	S	S	S	P	P	P	P	P	P	P	P
YLL027W	S	S	S	S	S	S	S	P	S	S	S	S	P	P	P	P	P	P	P	P
YAL012W	S	S	S	S	S	S	S	S	S	S	S	S	P	P	P	P	P	P	P	P
YLR292C	S	S	S	S	S	S	S	S	S	S	S	S	P	P	P	P	L	P	P	P
YKR091W	S	S	P	S	S	S	P	S	P	P	P	P	P	P	P	P	L	P	P	P
YPR016C	S	S	S	S	S	S	S	S	S	S	S	S	P	P	P	P	P	P	P	P
YGR019W	S	S	D	S	S	S	S	S	S	S	S	S	P	P	P	P	L	P	P	P
YOL116W	P	P	S	S	S	S	S	S	S	S	S	S	P	P	P	P	P	P	P	P
YLR016C	S	S	S	D	D	S	S	S	S	S	S	S	P	P	P	P	P	P	P	P
YJL031C	S	S	S	S	S	S	S	S	S	S	S	S	P	P	P	P	P	P	P	P
YOR353C	S	S	S	S	S	S	S	S	S	S	S	S	P	P	P	P	L	P	P	P
YJR132W	S	S	S	S	S	S	S	S	S	S	S	S	P	P	P	P	P	P	P	P
YDR379W	P	P	P	P	S	P	P	P	P	P	P	P	P	P	P	P	P	P	P	P
YDL029W	S	S	S	S	S	D	D	S	S	S	S	S	P	P	P	P	P	P	P	P
YGL090W	S	S	S	S	S	S	S	S	S	S	S	S	P	P	P	L	L	L	P	P
YOR186W	S	S	D	S	S	S	S	P	P	P	P	P	P	P	L	L	L	P	P	P
YNL027W	S	S	S	S	S	S	S	S	S	S	S	S	P	P	P	P	P	P	P	P
YKL171W	S	S	S	S	S	S	S	S	S	S	S	S	P	P	P	P	P	P	P	P
YPR029C	S	S	S	S	S	S	S	S	S	S	S	S	P	P	P	P	P	P	P	P
YDR222W	S	S	S	S	S	S	S	S	P	S	P	P	P	P	P	L	L	P	P	P
YKL025C	S	S	S	S	S	S	S	S	S	S	S	S	P	P	P	P	P	P	P	P
YDR441C	S	S	S	S	S	P	S	P	P	P	P	P	P	P	P	P	P	P	P	P
YBR169C	P	P	P	P	P	S	S	S	P	P	P	P	P	P	P	P	L	P	P	P
YKL023W	S	S	S	S	S	S	S	S	S	S	S	S	P	P	P	P	L	P	P	P
YLR187W	S	S	S	P	P	P	P	S	P	P	P	P	P	P	P	P	P	P	P	P
YNL096C	S	S	S	P	P	P	P	S	P	P	P	P	P	P	P	P	P	P	P	P
YOR148C	S	S	S	S	S	S	S	S	S	S	S	S	P	P	P	P	P	P	P	P
YEL077C	D	D	D	D	S	D	D	D	D	D	D	S	L	L	L	L	L	L	L	L
YIL172C	D	D	D	D	D	D	D	D	D	D	D	S	L	L	L	L	L	L	L	L
YOR257W	S	S	S	P	S	S	S	S	S	S	S	S	P	P	P	P	P	P	P	P
YDL059C	P	P	P	S	S	S	S	S	S	S	S	S	P	P	P	P	P	P	P	P
YML035C	P	S	P	S	S	S	S	S	S	S	S	S	P	P	P	P	P	P	P	P
YKL215C	S	D	D	D	D	S	S	S	S	S	S	S	L	L	P	L	L	L	L	P
YDR016C	S	S	S	S	S	S	S	S	S	S	S	S	P	P	P	P	P	P	P	P
YFR048W	S	S	S	S	S	S	S	S	S	S	S	S	P	P	P	P	P	P	P	P
YER129W	S	S	S	P	P	P	P	S	P	P	P	P	P	P	P	P	P	P	P	P
YOR204W	S	S	P	P	P	P	P	P	P	P	P	P	P	P	P	P	P	P	P	P
YNL220W	S	S	S	S	S	S	S	S	S	S	S	S	P	P	P	P	P	P	P	P
YGL134W	S	S	S	P	P	P	P	P	P	P	P	P	P	P	P	P	P	P	P	P
YMR173W	D	D	P	S	S	S	S	S	S	S	S	S	P	P	P	P	P	P	P	P
YPL195W	S	S	S	S	S	S	S	S	S	S	S	S	P	P	P	P	P	P	P	P
YDR293C	P	P	P	S	S	S	S	S	S	S	S	S	P	P	P	P	P	P	P	P
YDR022C	S	S	S	S	S	S	D	S	S	S	S	S	P	P	P	P	P	P	P	P
YBR260C	P	P	P	S	S	S	S	S	S	S	S	S	P	P	P	P	P	P	P	P
YKL033W	S	S	S	S	S	S	S	S	S	S	S	S	P	P	P	P	L	P	P	P
YDR052C	S	S	P	P	P	P	P	S	S	S	S	S	P	P	P	P	P	P	P	P
YKR023W	S	S	S	S	S	S	S	S	S	S	S	S	P	P	P	P	P	P	P	P
YLR456W	S	S	S	P	P	P	P	P	P	P	P	P	P	P	P	P	P	P	P	P
YHR219W	D	D	D	D	D	D	D	D	D	D	D	S	L	L	L	L	L	L	L	L
YKR084C	S	S	P	P	P	P	P	P	P	P	P	P	P	P	P	P	L	P	P	P
YBR211C	S	S	S	S	S	S	S	S	S	S	S	S	P	P	P	P	P	P	P	P
YDL191W	S	S	S	S	S	P	P	S	P	P	P	P	P	P	P	P	P	P	P	P
YEL020C	S	S	S	S	S	S	S	S	S	S	S	S	P	P	L	P	P	P	P	P
YHR136C	S	D	S	S	S	S	D	D	S	S	S	S	P	L	P	L	P	P	P	P
YKR067W	S	S	S	S	S	S	S	S	S	S	S	S	P	P	P	P	P	P	P	P
YLL013C	S	S	S	S	S	S	S	S	S	S	S	S	P	P	P	P	P	P	P	P
YPR060C	S	S	S	S	S	S	S	S	S	S	S	S	P	P	P	P	P	P	P	P
YBR028C	S	S	S	S	S	S	S	S	S	S	S	S	P	P	P	P	P	P	P	P
YNL264C	S	S	S	S	S	S	S	S	S	S	S	S	P	L	P	P	P	P	P	P
YHL033C	P	S	S	P	P	P	P	S	P	P	P	P	P	P	P	P	P	P	P	L
YPL199C	S	S	S	S	S	D	D	S	S	S	S	S	P	P	P	P	P	P	P	P
YDR248C	S	S	S	S	S	S	S	S	S	S	S	S	P	P	P	P	L	P	P	P
YJL128C	P	P	S	S	S	S	S	S	S	S	S	S	P	P	P	P	P	P	P	P
YDR068W	S	S	S	S	S	S	S	S	S	S	S	S	P	P	P	P	P	P	P	P
YGR169C-A	S	S	S	P	S	P	P	P	P	P	P	P	L	P	P	P	P	P	P	P
YIL047C	P	P	P	S	P	S	S	S	S	S	S	S	P	P	P	P	P	P	P	P
YLR160C	D	D	D	D	D	D	D	D	D	D	D	S	L	L	L	L	L	L	L	L
YKL145W	S	P	S	S	S	S	S	S	S	S	S	S	P	P	P	P	P	P	P	P
YBR129C	S	S	S	S	S	D	D	S	S	S	S	S	P	L	P	P	P	P	P	P
YHL001W	S	S	S	P	P	S	S	S	P	P	P	P	P	P	P	P	P	P	P	P
YOR025W	S	S	P	S	S	S	S	S	S	S	S	S	P	P	P	P	P	P	P	P
YAL056W	P	P	P	P	P	P	P	P	P	P	P	P	P	P	P	P	P	P	P	P
YIR005W	S	S	S	S	S	S	S	S	S	S	S	S	P	P	P	P	P	P	P	P
YJL087C	S	S	S	S	S	S	S	S	S	S	S	S	P	P	P	P	P	P	P	P
YGL232W	S	S	S	S	S	S	S	S	S	S	S	S	P	P	P	P	P	P	P	P
YAL040C	P	S	P	P	P	S	P	S	S	S	S	S	P	P	P	P	L	P	P	P
YIL116W	S	S	D	S	S	S	S	S	S	S	S	S	P	P	P	P	P	P	P	P
YMR307W	S	S	S	S	S	S	P	P	S	S	S	S	P	P	P	P	P	P	P	P
YDR252W	S	S	S	P	P	P	P	S	P	P	P	P	P	P	P	P	P	P	P	P
YGL157W	D	D	D	D	D	D	D	S	S	S	S	S	L	L	L	L	L	L	L	L
YER087W	S	S	S	S	S	S	S	S	S	S	S	S	P	P	P	P	P	P	P	P
YDR540C	D	D	D	D	D	D	D	D	D	D	S	S	L	L	L	L	L	L	L	L
YOR292C	D	D	P	S	S	S	S	S	S	S	S	S	P	P	P	P	P	P	P	P
YBR080C	S	S	P	S	S	S	S	P	S	S	S	S	P	P	P	P	P	P	P	P
YKL128C	S	S	S	S	S	S	S	S	S	S	S	S	L	P	P	P	P	P	L	L
YJR127C	P	S	P	P	P	P	P	P	P	P	P	P	P	P	P	P	L	P	P	P
YBL058W	S	S	S	S	S	S	S	S	S	S	S	S	P	P	P	P	P	P	P	P
YIL138C	S	S	S	S	P	S	S	P	P	P	P	P	P	P	P	P	P	P	P	P
YLR216C	S	S	S	S	S	S	S	S	S	S	S	S	P	P	P	P	P	P	P	P
YBL101C	P	P	P	P	P	P	P	P	P	P	P	P	P	P	P	P	P	P	P	P
YOR027W	S	S	S	S	S	S	S	S	S	S	S	S	P	P	P	P	P	P	P	P
YGR012W	S	S	S	S	S	S	S	S	S	S	S	S	P	P	P	P	P	P	P	P
YMR135C	S	S	S	S	S	S	S	S	S	S	S	S	P	P	P	P	P	P	P	P
YER055C	S	S	D	S	S	S	S	S	S	S	S	S	P	P	P	P	P	P	P	P
YDR337W	S	S	S	S	S	S	S	S	S	S	S	S	P	P	P	P	P	P	P	P
YDR356W	S	S	S	S	S	S	S	S	S	S	S	S	P	P	P	P	P	P	P	P
YLR029C	S	S	S	S	S	S	S	S	P	P	P	P	P	P	P	P	P	P	P	P
YER091C	S	S	S	S	S	S	S	S	S	S	S	S	P	P	P	P	P	P	P	P
YDL235C	S	S	S	S	P	S	S	S	S	S	S	S	P	P	P	P	P	P	P	P
YPL028W	S	S	S	S	S	S	S	S	S	S	S	S	P	P	P	P	P	P	P	P
YPL174C	D	S	S	S	S	S	S	S	S	S	S	S	P	P	P	P	P	P	P	P
YBR140C	P	P	S	P	P	P	P	P	P	P	P	P	P	P	P	P	P	P	P	P
YML066C	S	S	S	S	S	S	S	S	S	S	S	S	P	P	P	P	P	P	P	P
YIL003W	S	S	S	S	S	S	S	S	S	S	S	S	P	P	P	P	P	P	P	P
YPR031W	S	S	S	S	S	S	S	S	S	S	S	S	P	P	P	P	P	P	P	P
