Gene ID	V.polysp	T.phaffi	T.blatta	N.dairen	N.castel	K.nagani	K.africa	C.glabra	S.uvarum	S.kudria	S.mikata	S.cerevi	Z.rouxii	T.delbru	K.lactis	E.gossyp	E.cymbal	L.kluyve	L.thermo	L.waltii
YOR084W	S	S	S	S	S	S	S	S	S	S	S	S	P	P	P	L	P	P	L	L
YPR194C	S	D	D	D	D	D	D	D	S	S	S	S	L	L	L	L	L	L	L	L
YMR304W	S	S	S	S	S	S	S	S	S	S	S	S	P	P	P	P	P	P	P	P
YIL065C	S	S	S	S	S	S	S	S	S	S	S	S	P	P	P	P	P	P	P	P
YJL185C	S	S	D	S	S	S	S	S	S	S	S	S	P	P	P	P	P	P	P	P
YGL037C	S	S	S	S	S	S	S	S	S	S	S	S	P	P	P	P	P	P	P	P
YDR265W	S	S	S	S	S	S	S	S	S	S	S	S	P	P	P	P	P	P	P	P
YLR027C	S	S	S	S	S	S	S	S	S	S	S	S	P	P	P	P	P	P	P	P
YCR005C	S	S	P	S	S	S	P	P	P	P	P	P	P	P	P	P	P	P	P	P
YKR001C	S	S	S	S	S	S	S	S	S	S	S	S	P	P	P	P	P	P	P	P
YBR041W	S	S	P	S	S	S	S	S	S	S	S	S	P	P	P	P	P	P	P	P
YGL153W	S	S	S	S	S	S	S	S	S	S	S	S	P	P	P	P	P	P	P	P
YDL065C	S	S	S	S	S	S	S	S	S	S	S	S	P	P	P	P	P	P	P	P
YGR239C	S	S	P	P	P	P	P	P	P	P	P	P	P	P	P	P	P	P	P	P
YLR191W	P	P	S	S	S	S	S	S	S	S	S	S	P	P	P	P	P	P	P	P
YAL055W	S	S	S	S	S	S	S	S	S	S	S	S	P	P	P	P	P	P	P	P
YPL147W	S	S	S	S	S	S	S	S	S	S	S	S	P	P	P	P	P	P	P	P
YLL001W	S	S	S	S	S	S	S	S	S	S	S	S	P	P	P	P	P	P	P	P
YLR174W	S	S	S	P	P	P	P	P	P	P	P	P	P	P	P	P	P	P	P	P
YPL112C	S	S	S	P	P	P	P	S	P	P	P	P	P	P	P	P	P	P	P	P
YDL022W	P	P	P	P	P	P	P	P	P	P	P	P	P	P	P	P	P	P	P	P
YJR019C	S	S	S	S	S	S	S	S	S	S	S	S	P	P	P	P	P	P	P	P
YNL117W	S	S	S	S	S	S	S	S	S	S	S	S	P	P	P	P	P	P	P	P
YDR244W	S	S	S	S	S	S	S	P	S	S	S	S	P	P	P	P	P	P	P	P
YOL147C	S	S	S	P	P	S	P	S	S	S	S	S	P	P	P	P	P	P	P	P
YIR034C	S	S	S	S	S	P	S	S	S	S	S	S	P	P	P	P	P	P	P	P
YGL184C	D	D	D	D	D	D	D	S	S	S	S	S	P	P	P	P	P	P	P	P
YDR196C	S	S	S	S	S	S	S	S	S	S	S	S	P	P	P	P	P	P	P	P
YOR211C	S	S	S	S	S	S	S	S	S	S	S	S	P	P	P	P	P	P	P	P
YIR031C	D	D	D	S	S	S	D	D	S	S	S	S	L	L	L	L	L	L	L	L
YMR204C	S	S	S	S	S	S	S	S	S	S	S	S	P	P	P	P	P	P	P	P
YGR004W	P	S	P	P	P	P	P	P	P	P	P	P	P	P	P	P	P	P	P	P
YIR037W	D	D	S	D	S	S	S	S	P	P	P	P	L	L	L	L	L	L	L	L
YGR077C	S	S	S	S	S	S	S	S	S	S	S	S	P	P	P	P	P	P	P	P
YBR168W	S	S	S	S	S	S	S	S	S	S	S	S	P	P	P	P	P	P	P	P
YHR150W	S	S	P	S	S	S	S	S	S	S	S	S	P	P	P	P	P	P	P	P
YBL039W-B	S	S	S	S	S	S	S	S	S	S	S	S	P	P	P	P	L	P	P	P
YMR018W	D	D	D	D	D	D	D	D	S	S	S	S	L	L	L	L	L	L	L	L
YPL112C	S	S	S	P	P	P	P	S	P	P	P	P	P	P	P	P	P	P	P	P
YMR163C	S	S	S	S	S	S	S	S	S	S	S	S	P	P	P	P	P	P	P	P
YNL214W	S	S	S	S	S	S	S	S	S	S	S	S	P	P	P	P	P	P	P	P
YGR133W	S	S	S	S	S	S	S	S	S	S	S	S	P	P	P	P	P	P	P	P
YMR026C	S	S	S	S	S	S	S	S	S	S	S	S	P	P	P	P	P	P	P	P
YNL329C	S	S	S	S	S	S	S	S	S	S	S	S	P	P	P	P	L	P	P	P
YER015W	S	S	S	S	S	S	S	S	S	S	S	S	P	P	P	P	P	P	P	P
YDR142C	S	S	S	S	S	S	S	S	S	S	S	S	P	P	P	P	P	P	P	P
YKL188C	S	S	S	S	S	S	S	S	S	S	S	S	P	P	P	P	P	P	P	P
YOL044W	S	S	S	S	S	S	S	S	S	S	S	S	P	P	P	P	P	P	P	P
YGR004W	P	S	P	P	P	P	P	P	P	P	P	P	P	P	P	P	P	P	P	P
YDR256C	S	S	S	S	S	S	S	S	S	S	S	S	P	P	P	P	P	P	P	P
YBR222C	S	S	S	S	S	S	S	S	S	S	S	S	P	P	L	P	P	P	P	P
YBR255W	S	S	P	S	S	S	S	S	S	S	S	S	P	P	P	P	P	P	P	P
YFL030W	S	S	S	S	S	S	S	S	S	S	S	S	P	P	P	L	L	P	P	P
YML042W	S	S	S	S	S	S	S	S	S	S	S	S	P	P	P	P	P	P	P	P
YLR151C	S	S	S	S	S	S	S	S	S	S	S	S	P	P	P	P	P	P	P	P
YLR240W	S	S	S	S	S	S	S	S	S	S	S	S	P	P	P	P	P	P	P	P
YNL202W	S	S	S	S	S	S	S	S	S	S	S	S	P	P	P	P	P	P	P	P
YDR329C	S	S	S	S	S	S	S	S	S	S	S	S	P	P	P	P	P	P	P	P
YPR165W	P	S	P	P	P	S	P	S	S	S	S	S	P	P	L	P	P	P	P	P
YGR132C	S	S	S	S	S	S	S	S	S	S	S	S	P	P	P	P	P	P	P	P
YIL160C	S	S	S	D	S	S	S	S	S	S	S	S	P	P	P	P	P	P	P	P
YGR168C	S	S	S	S	S	D	D	S	S	S	S	S	P	P	P	P	P	P	P	P
YGL067W	S	S	S	S	S	S	S	S	S	S	S	S	P	P	P	L	L	P	P	P
YKR009C	S	S	S	S	S	S	S	S	S	S	S	S	P	P	P	P	P	P	P	P
YKL197C	S	S	S	S	S	S	S	S	S	S	S	S	P	P	P	P	P	P	P	P
YMR220W	S	S	S	S	S	S	S	S	S	S	S	S	P	P	P	P	P	P	P	P
YOR180C	S	S	D	S	S	S	S	D	S	S	S	S	P	P	L	L	L	L	L	L
YLR284C	S	S	S	S	S	S	S	S	S	S	S	S	P	P	P	P	P	P	P	P
YDR255C	S	S	S	S	S	S	S	S	S	S	S	S	P	P	P	P	P	P	P	P
YGR154C	D	D	D	D	D	D	D	D	D	S	D	S	L	L	L	L	L	L	L	L
YDR479C	S	S	S	S	S	S	S	S	S	S	S	S	P	P	P	P	P	P	P	P
YNL258C	S	S	S	S	S	S	S	S	S	S	S	S	P	P	P	P	L	P	P	P
YPR128C	S	S	D	S	S	S	S	S	S	S	S	S	P	P	P	P	P	P	P	P
YDL078C	S	S	S	S	S	S	S	S	S	S	S	S	P	P	P	P	L	P	P	P
YIL151C	S	P	S	S	S	S	S	P	P	P	P	P	P	P	P	P	P	P	P	P
YIR037W	D	D	S	D	S	S	S	S	P	P	P	P	L	L	L	L	L	L	L	L
YGR239C	S	S	P	P	P	P	P	P	P	P	P	P	P	P	P	P	P	P	P	P
YDR424C	S	S	S	S	S	S	S	S	S	S	S	S	P	P	P	P	P	P	P	P
YGL205W	S	S	S	S	S	S	S	S	S	S	S	S	P	P	P	P	P	P	P	P
YLL039C	S	S	S	P	S	S	S	S	S	S	S	S	P	P	P	P	P	P	P	P
YDR498C	S	S	S	S	S	S	S	S	S	S	S	S	P	P	P	P	P	P	P	P
YGR088W	S	S	D	S	S	D	D	D	S	S	S	S	P	P	P	L	L	P	P	P
YCL056C	S	S	S	S	S	S	S	D	S	S	S	S	P	P	P	L	P	P	P	P
YIL089W	D	D	D	D	D	D	D	D	S	S	S	S	L	L	L	L	L	L	L	L
YJR111C	S	S	S	P	P	S	S	S	S	S	S	S	P	P	P	P	P	P	P	P
YPL204W	P	P	P	P	P	P	P	S	S	S	S	S	P	P	P	P	P	P	P	P
YLR440C	S	S	S	S	S	S	S	S	S	S	S	S	P	P	P	P	P	P	P	P
YJL031C	S	S	S	S	S	S	S	S	S	S	S	S	P	P	P	P	P	P	P	P
YGR028W	S	S	D	S	S	S	S	S	S	S	S	S	P	P	P	P	P	P	P	P
YEL020C	S	S	S	S	S	S	S	S	S	S	S	S	P	P	L	P	P	P	P	P
YJL210W	S	S	S	S	S	S	S	S	S	S	S	S	P	P	P	P	P	P	P	P
YLL040C	S	S	P	S	S	S	S	S	S	S	S	S	P	P	P	P	P	P	P	P
