Gene ID	V.polysp	T.phaffi	T.blatta	N.dairen	N.castel	K.nagani	K.africa	C.glabra	S.uvarum	S.kudria	S.mikata	S.cerevi	Z.rouxii	T.delbru	K.lactis	E.gossyp	E.cymbal	L.kluyve	L.thermo	L.waltii
YFL026W	P	S	S	S	S	S	S	S	S	S	S	S	P	P	P	P	P	P	P	P
YPR194C	S	D	D	D	D	D	D	D	S	S	S	S	L	L	L	L	L	L	L	L
YGR224W	D	D	D	D	S	D	D	S	D	S	S	S	L	L	L	L	L	L	L	L
YGR138C	S	S	S	S	P	S	S	S	P	P	P	P	P	P	P	P	L	P	P	P
YML013W	S	S	S	S	S	S	S	S	S	S	S	S	P	P	P	P	P	P	P	P
YBR294W	D	D	D	D	D	D	D	D	S	S	S	S	L	L	L	L	L	L	L	L
YNR055C	D	D	D	D	D	D	D	D	S	S	S	S	L	L	L	L	L	L	L	L
YMR319C	D	D	D	D	S	D	D	S	S	S	S	S	P	L	P	L	L	P	L	P
YJR040W	S	S	S	S	S	S	S	S	S	S	S	S	P	P	P	P	P	P	P	P
YHL047C	D	D	D	D	D	D	D	D	D	D	D	S	L	L	L	L	L	L	L	L
YBR180W	S	S	S	S	S	S	S	S	S	S	S	S	P	P	P	P	P	P	P	P
YLR411W	D	D	D	S	S	D	D	D	S	S	S	S	L	P	L	L	L	P	P	P
YPR198W	D	D	D	D	D	D	D	D	D	D	D	S	L	L	L	L	L	L	L	L
YGR260W	S	S	S	P	S	S	S	S	S	S	S	S	L	P	P	P	L	P	L	L
YLL052C	D	D	D	D	D	D	D	D	S	S	S	S	L	L	L	L	L	L	L	L
YHR048W	S	S	S	S	S	S	S	S	S	S	S	S	P	L	L	L	L	P	P	L
YGR125W	S	S	S	S	S	S	S	S	S	S	S	S	P	P	P	P	L	P	P	P
YHL036W	S	S	S	S	S	D	D	S	S	S	S	S	P	P	P	P	P	P	L	P
YCL069W	D	D	D	D	D	D	D	D	D	D	D	S	L	L	L	L	L	L	L	L
YIL147C	P	P	P	S	S	S	S	S	S	S	S	S	P	P	P	P	P	P	P	P
YJL093C	S	S	S	S	S	S	S	S	S	S	S	S	P	P	P	L	L	P	P	P
YNL275W	D	S	S	S	S	S	S	S	S	S	S	S	P	P	P	P	P	P	P	P
YOR273C	S	S	P	D	S	S	S	S	S	S	S	S	L	P	L	P	P	P	P	P
YEL065W	S	D	D	S	S	D	D	D	S	S	S	S	L	L	L	L	L	L	L	L
YCR017C	S	S	S	S	S	S	S	S	S	S	S	S	P	P	P	P	P	P	P	P
YBR043C	D	D	D	D	D	D	D	D	S	S	S	S	P	P	P	P	P	P	P	P
YML123C	P	P	S	P	P	S	S	S	S	S	S	S	P	P	P	P	P	P	P	P
YIL140W	S	S	S	S	S	S	S	S	S	S	S	S	P	P	P	P	P	P	P	P
YKL174C	S	S	S	S	S	S	S	S	S	S	S	S	P	P	P	P	P	P	P	P
YBR008C	D	D	D	D	D	D	D	D	D	S	S	S	L	L	L	L	L	L	L	L
YNL065W	S	S	P	P	P	S	P	P	P	P	P	P	P	P	P	P	L	P	P	P
YPL279C	S	S	S	S	S	S	S	S	S	D	S	S	L	L	P	L	P	P	L	P
YPR003C	S	S	S	S	S	S	D	S	S	S	S	S	P	P	P	L	L	P	P	P
YOL158C	D	D	D	D	D	D	D	D	D	D	D	S	L	L	L	L	L	L	L	L
YKL209C	S	S	S	S	S	S	S	S	S	S	S	S	P	P	P	P	P	P	P	P
YGR023W	P	P	P	P	P	P	P	P	P	P	P	P	P	P	P	P	P	P	P	P
YJL129C	P	S	P	P	P	P	P	S	P	P	P	P	P	P	P	P	P	P	P	P
YCR098C	D	D	D	D	D	D	D	D	S	S	S	S	L	L	L	L	L	L	L	L
YGL077C	S	S	S	S	S	S	S	S	S	S	S	S	P	P	P	P	P	P	P	P
YGR071C	D	D	D	P	P	P	P	D	P	P	P	P	L	L	L	P	P	P	L	L
YLR092W	S	P	S	S	S	S	S	S	S	S	S	S	P	P	P	P	P	P	P	P
YBR296C	D	D	D	D	D	D	D	D	S	S	S	S	L	L	L	L	L	L	L	P
YKR105C	D	D	D	D	D	D	D	D	D	D	D	S	L	L	L	L	L	L	L	L
YBR220C	S	S	S	S	S	S	S	S	S	S	S	S	P	P	P	P	P	P	P	P
YKL178C	S	S	S	S	S	S	S	S	S	S	S	S	P	P	P	P	P	P	P	P
YOR161C	D	S	D	S	S	S	S	S	S	S	S	S	P	P	P	P	P	P	P	P
YJL212C	D	D	D	D	D	D	D	D	S	S	S	S	L	L	L	L	L	L	L	L
YBR132C	S	S	P	S	S	S	S	S	S	S	S	S	P	P	P	P	P	P	P	P
YJR054W	S	S	S	P	P	P	P	P	P	P	P	P	P	P	P	P	L	P	P	P
YJL129C	P	S	P	P	P	P	P	S	P	P	P	P	P	P	P	P	P	P	P	P
YNR056C	D	D	D	D	D	D	D	D	S	S	S	S	L	L	P	L	L	P	P	P
YBR295W	D	D	D	D	D	D	D	D	D	S	S	S	L	L	L	L	L	L	L	L
YNL065W	S	S	P	P	P	S	P	P	P	P	P	P	P	P	P	P	L	P	P	P
YKR039W	S	S	D	S	S	D	D	S	S	S	S	S	P	L	P	P	P	P	P	P
YPR075C	S	S	S	S	S	S	S	S	S	S	S	S	P	P	P	P	P	P	P	P
YHL016C	S	S	D	S	S	S	D	S	S	S	S	S	P	L	P	P	P	P	P	P
YGR055W	S	S	P	S	S	P	S	P	S	S	S	S	P	P	P	P	P	P	P	P
YKR106W	D	D	D	D	D	D	D	D	D	D	D	S	L	L	L	L	L	L	L	L
YDR420W	S	S	S	D	D	S	S	S	S	S	S	S	P	P	P	P	P	P	P	P
YOR291W	S	S	S	S	S	S	S	S	S	S	S	S	P	P	P	P	P	P	P	P
YOR390W	D	D	D	D	D	D	D	D	D	D	D	S	L	L	L	L	L	L	L	L
YGR138C	S	S	S	S	P	S	S	S	P	P	P	P	P	P	P	P	L	P	P	P
YEL031W	S	S	S	S	S	S	S	S	S	S	S	S	P	P	P	P	P	P	P	P
YHL040C	D	D	D	S	S	D	D	S	S	S	S	S	L	L	L	L	L	L	P	P
YGL114W	S	S	S	S	S	S	S	S	S	S	S	S	P	P	P	P	L	P	P	P
YGL255W	D	D	D	D	D	D	D	D	S	S	S	S	L	L	L	L	L	L	L	L
YIL121W	S	S	S	D	S	D	D	D	S	S	S	S	L	P	P	L	L	P	P	P
YOR087W	D	D	S	S	S	S	S	S	S	S	S	S	P	P	P	L	P	P	P	P
YCL073C	D	D	D	D	D	D	D	D	D	D	D	S	L	L	L	L	L	L	L	L
YLL028W	P	P	P	S	S	S	P	P	S	S	S	S	P	P	P	L	L	P	P	P
YDL210W	D	D	D	D	D	D	D	D	S	S	S	S	L	L	L	L	L	L	L	L
YJR054W	S	S	S	P	P	P	P	P	P	P	P	P	P	P	P	P	L	P	P	P
YPR192W	D	D	D	D	D	D	D	D	S	S	S	S	L	L	L	L	L	L	L	L
YJL062W	S	S	S	S	S	S	S	S	S	S	S	S	P	P	P	P	P	P	P	P
YGR023W	P	P	P	P	P	P	P	P	P	P	P	P	P	P	P	P	P	P	P	P
YCL027W	S	S	S	S	S	S	S	S	S	S	S	S	P	P	P	P	P	P	P	P
YHL008C	P	P	P	S	S	S	S	S	S	S	S	S	P	P	P	P	P	P	P	P
YGL006W	S	S	S	S	S	S	S	S	S	S	S	S	P	P	P	P	P	P	P	P
YGR014W	S	S	S	S	S	S	S	S	S	S	S	S	P	P	P	P	P	P	P	P
