Gene ID	V.polysp	T.phaffi	T.blatta	N.dairen	N.castel	K.nagani	K.africa	C.glabra	S.uvarum	S.kudria	S.mikata	S.cerevi	Z.rouxii	T.delbru	K.lactis	E.gossyp	E.cymbal	L.kluyve	L.thermo	L.waltii
YJL160C	P	P	S	P	P	P	P	P	P	P	P	P	P	P	P	P	P	P	P	P
YDR542W	D	D	D	D	D	D	D	D	D	D	D	S	L	L	L	L	L	L	L	L
YER011W	D	S	P	S	P	S	P	S	S	S	S	S	L	L	L	P	P	L	L	L
YPL130W	P	P	S	S	S	P	P	S	P	P	P	P	P	P	L	L	L	P	L	L
YOL154W	D	D	D	D	D	D	D	D	S	S	S	S	L	L	L	L	L	L	L	L
YGL028C	S	P	S	S	S	S	S	P	S	S	S	S	P	P	P	L	L	P	P	P
YIR039C	D	D	D	D	D	D	D	D	D	D	D	S	L	L	L	L	L	L	L	L
YEL040W	S	S	S	S	S	S	S	S	S	S	S	S	P	P	P	L	L	P	P	P
YLR390W-A	S	S	S	S	S	S	S	S	S	S	S	S	P	P	P	P	P	P	P	P
YOL161C	D	D	D	D	D	D	D	D	D	D	D	S	L	L	L	L	L	L	L	L
Scer_YGOB_YDR134C	S	S	P	P	P	P	P	P	P	P	P	P	P	P	P	P	P	P	P	P
YHR143W	S	S	D	S	S	S	S	S	S	S	S	S	P	P	P	P	P	P	P	P
YOR247W	P	P	S	P	P	P	P	S	P	P	P	P	P	P	P	P	P	P	P	P
YKL096W-A	S	P	S	D	S	D	D	S	S	S	S	S	P	P	L	P	P	P	P	P
YJR150C	D	D	D	D	D	D	D	D	S	S	S	S	L	L	L	L	L	L	L	L
YLR300W	P	P	P	P	P	P	P	P	P	P	P	P	P	P	P	P	P	P	P	P
YKR102W	D	D	D	D	D	D	D	D	S	S	S	S	L	L	L	L	L	L	L	L
YDR077W	D	D	P	S	S	P	P	P	P	P	P	P	P	P	P	P	P	P	P	P
YIL123W	S	P	P	P	P	S	S	P	P	P	P	P	P	P	P	P	P	P	P	P
YNL190W	S	S	S	S	S	S	S	S	S	S	S	S	P	P	P	L	L	P	P	P
YGR192C	S	S	P	P	P	S	P	S	P	P	P	P	P	P	P	L	L	P	P	P
YOR009W	D	D	D	S	D	D	S	S	S	S	S	S	L	L	L	L	L	L	L	L
YDL024C	D	D	D	D	D	D	D	D	S	D	D	S	L	L	L	L	L	L	L	L
YJL159W	P	P	S	P	P	P	S	P	P	P	P	P	P	P	P	P	P	P	P	P
YGR279C	P	P	S	P	P	P	P	P	P	P	P	P	P	P	P	P	P	P	P	P
YDR077W	D	D	P	S	S	P	P	P	P	P	P	P	P	P	P	P	P	P	P	P
YIL011W	D	S	S	P	P	S	S	P	P	P	P	P	L	L	L	L	P	L	L	L
YDR349C	S	S	S	S	S	S	S	S	S	S	S	S	P	P	P	P	P	P	P	P
YJL116C	S	S	P	P	P	P	P	P	P	P	P	P	P	P	P	P	P	P	P	P
YOR394W	D	D	D	D	D	D	D	D	D	D	D	S	L	L	L	L	L	L	L	L
YCL048W	S	S	S	P	P	P	P	P	P	P	P	P	P	P	P	P	P	P	P	P
YBR067C	D	D	D	S	S	S	D	S	S	S	S	S	L	L	L	L	L	L	L	L
YLR343W	S	S	S	S	S	S	S	S	S	S	S	S	P	P	P	P	P	P	P	L
YIL169C	S	D	D	D	D	D	D	S	D	S	S	S	L	L	L	L	L	L	L	L
YBR040W	S	S	S	S	S	S	S	S	S	S	S	S	P	P	P	P	P	P	P	P
YJL223C	D	D	D	D	D	D	D	D	D	D	D	S	L	L	L	L	L	L	L	L
YOL132W	S	S	S	S	S	S	S	S	S	S	S	S	P	P	P	P	P	P	P	P
YJL171C	P	S	P	S	S	S	S	S	S	S	S	S	L	P	P	P	P	P	P	P
YAL063C	S	D	D	D	D	D	D	S	S	D	S	S	L	L	L	L	L	L	L	L
YKL224C	D	D	D	D	D	D	D	D	D	D	D	S	L	L	L	L	L	L	L	L
YNR067C	D	D	D	D	D	D	D	D	S	S	S	S	L	L	L	L	L	L	L	L
YCR104W	D	D	D	D	D	D	D	D	D	D	D	S	L	L	L	L	L	L	L	L
YDR144C	S	P	P	P	P	P	P	P	P	P	P	P	P	P	P	P	P	P	P	P
YHL046C	D	D	D	D	D	D	D	D	D	D	D	S	L	L	L	L	L	L	L	L
YAR020C	D	D	D	D	D	D	D	D	S	S	S	S	L	L	L	L	L	L	L	L
YOR382W	D	D	D	D	D	D	D	D	S	S	D	S	L	L	L	L	L	L	L	L
YJL052W	D	D	D	D	D	D	D	D	S	S	S	S	L	L	L	L	L	L	L	L
YAR050W	D	D	D	D	D	D	D	D	S	D	S	S	L	L	L	L	L	L	L	L
YLR213C	S	S	S	S	S	S	S	S	S	S	S	S	P	P	P	P	P	P	P	P
YBR092C	D	D	D	D	D	D	D	D	S	S	S	S	L	L	L	L	L	L	L	L
YJL159W	P	P	S	P	P	P	S	P	P	P	P	P	P	P	P	P	P	P	P	P
YPL282C	D	D	D	D	D	D	D	D	D	D	D	S	L	L	L	L	L	L	L	L
YOL155C	D	D	D	D	D	D	D	D	D	D	D	S	L	L	L	L	L	L	L	L
YIL011W	D	S	S	P	P	S	S	P	P	P	P	P	L	L	L	L	P	L	L	L
YHR215W	D	D	D	D	D	D	D	D	D	D	D	S	L	L	L	L	L	L	L	L
YMR215W	S	S	S	S	S	S	S	S	S	S	S	S	P	P	P	P	P	P	L	L
YIL176C	D	D	D	D	D	D	D	D	D	D	D	S	L	L	L	L	L	L	L	L
YGR279C	P	P	S	P	P	P	P	P	P	P	P	P	P	P	P	P	P	P	P	P
YJL158C	P	P	P	S	S	P	P	S	P	P	P	S	P	P	P	P	P	P	P	P
YKL096W	S	S	S	S	S	S	S	P	S	S	S	S	P	P	P	P	L	P	P	P
YPL154C	P	S	S	S	S	S	S	S	S	S	S	S	P	P	P	P	P	P	P	P
YOL030W	S	S	S	S	S	S	S	S	S	S	S	S	P	P	P	P	P	P	P	P
YLR300W	P	P	P	P	P	P	P	P	P	P	P	P	P	P	P	P	P	P	P	P
YDL049C	D	D	S	P	P	D	S	S	S	S	S	S	P	P	P	P	P	P	P	P
YAR071W	D	D	D	D	D	D	D	D	D	D	D	S	L	L	L	L	L	L	L	L
YJL078C	D	D	D	S	D	S	S	D	D	P	S	S	P	L	P	P	P	P	P	P
YEL049W	D	D	D	D	D	D	D	D	S	S	S	S	L	L	L	L	L	L	L	L
YLR194C	S	S	S	S	S	S	S	S	S	S	S	S	P	P	P	P	P	P	P	P
YFL020C	D	D	D	D	D	D	D	D	S	S	S	S	L	L	L	L	L	L	L	L
YAL005C	D	D	D	D	D	D	D	D	S	S	S	S	L	L	L	L	L	L	L	L
YLR121C	D	D	D	D	D	S	D	D	S	S	S	S	P	L	L	L	L	L	L	L
YIL123W	S	P	P	P	P	S	S	P	P	P	P	P	P	P	P	P	P	P	P	P
YJR004C	S	S	S	S	S	S	S	S	S	S	S	S	P	P	P	P	P	P	P	P
YBR078W	S	P	S	P	P	P	P	P	P	P	P	P	P	P	P	P	P	P	P	P
YBR162C	P	P	P	S	S	S	S	S	S	S	S	S	P	P	P	P	P	P	P	P
YNR076W	D	D	D	D	D	D	D	D	D	D	D	S	L	L	L	L	L	L	L	L
YBR301W	D	D	D	D	D	D	D	D	D	D	D	S	L	L	L	L	L	L	L	L
YCR089W	S	S	S	P	P	P	P	S	P	P	P	P	P	P	L	L	L	P	P	P
YDR144C	S	P	P	P	P	P	P	P	P	P	P	P	P	P	P	P	P	P	P	P
YGL261C	D	D	D	D	D	D	D	D	D	D	D	S	L	L	L	L	L	L	L	L
YGR282C	S	S	S	S	S	S	S	S	S	S	S	S	P	P	P	P	P	P	P	P
YGR192C	S	S	P	P	P	S	P	S	P	P	P	P	P	P	P	L	L	P	P	P
YOR383C	D	D	D	D	D	D	D	D	S	S	D	S	L	L	L	L	L	L	L	L
YNL322C	S	S	S	S	S	S	S	S	S	S	S	S	P	P	P	P	P	P	P	P
YMR006C	D	D	S	S	D	D	D	S	S	S	S	S	L	P	L	L	L	P	L	L
YGL259W	D	D	D	D	D	D	D	D	D	D	D	S	L	L	L	L	L	L	L	L
YGR294W	D	D	D	D	D	D	D	D	S	D	D	S	L	L	L	L	L	L	L	L
YHR211W	D	D	D	D	D	D	D	D	D	D	S	S	L	L	L	L	L	L	L	L
YDR261C	S	S	S	S	S	S	S	S	S	S	S	S	P	P	L	P	P	P	L	P
YNL327W	P	P	D	S	S	S	S	S	S	S	S	S	P	P	P	L	P	P	P	P
YIR041W	D	D	D	D	D	D	D	D	D	D	D	S	L	L	L	L	L	L	L	L
YCL048W	S	S	S	P	P	P	P	P	P	P	P	P	P	P	P	P	P	P	P	P
YCR089W	S	S	S	P	P	P	P	S	P	P	P	P	P	P	L	L	L	P	P	P
YJR151C	D	D	D	D	D	D	D	D	S	S	S	S	L	L	L	L	L	L	L	L
YNL300W	S	S	S	D	S	D	D	S	S	S	S	S	P	L	P	L	L	P	P	P
YLL025W	D	D	D	D	D	D	D	D	S	S	S	S	L	L	L	L	L	L	L	L
YBR093C	D	D	D	D	D	D	D	D	S	S	S	S	L	L	L	L	L	L	L	L
YOR247W	P	P	S	P	P	P	P	S	P	P	P	P	P	P	P	P	P	P	P	P
YJR091C	P	P	S	P	P	P	P	P	P	P	P	P	P	P	P	P	P	P	P	P
YMR325W	D	D	D	D	D	D	D	D	D	D	D	S	L	L	L	L	L	L	L	L
YJL160C	P	P	S	P	P	P	P	P	P	P	P	P	P	P	P	P	P	P	P	P
YLL064C	D	D	D	D	D	D	D	D	D	D	D	S	L	L	L	L	L	L	L	L
YLR461W	D	D	D	D	D	D	D	D	D	D	S	S	L	L	L	L	L	L	L	L
YGR189C	P	S	D	P	P	S	S	S	S	S	S	S	P	P	P	P	P	P	P	P
YLR042C	D	D	D	D	D	D	D	D	S	S	S	S	L	L	L	L	L	L	L	L
YJL116C	S	S	P	P	P	P	P	P	P	P	P	P	P	P	P	P	P	P	P	P
YAL068C	D	D	D	D	D	D	D	D	D	D	D	S	L	L	L	L	L	L	L	L
YKL165C	S	S	S	S	S	S	S	S	S	S	S	S	P	P	P	P	P	P	P	P
YDR534C	D	D	D	D	D	D	D	D	S	S	D	S	L	L	L	L	L	L	L	P
YLL024C	S	S	S	S	S	S	S	S	S	S	S	S	P	P	P	P	P	P	P	P
YKL060C	P	P	P	S	S	S	S	S	S	S	S	S	P	P	P	P	P	P	P	P
YPR026W	S	S	P	S	S	S	S	S	S	S	S	S	P	P	P	P	P	P	P	P
YGL032C	S	S	S	S	S	S	S	S	S	S	S	S	P	P	P	P	P	P	P	P
YBR078W	S	P	S	P	P	P	P	P	P	P	P	P	P	P	P	P	P	P	P	P
YLR040C	S	S	S	S	S	S	S	S	S	S	S	S	P	P	P	L	L	P	L	L
YIL015W	S	D	S	S	S	S	D	S	S	S	S	S	P	P	P	P	P	P	L	L
YLR286C	S	P	S	S	S	S	S	S	S	S	S	S	P	P	P	L	P	P	P	P
YMR307W	S	S	S	S	S	S	P	P	S	S	S	S	P	P	P	P	P	P	P	P
YLR037C	D	D	D	D	D	D	D	D	D	S	D	S	L	L	L	L	L	L	L	L
YPL130W	P	P	S	S	S	P	P	S	P	P	P	P	P	P	L	L	L	P	L	L
