Gene ID	V.polysp	T.phaffi	T.blatta	N.dairen	N.castel	K.nagani	K.africa	C.glabra	S.uvarum	S.kudria	S.mikata	S.cerevi	Z.rouxii	T.delbru	K.lactis	E.gossyp	E.cymbal	L.kluyve	L.thermo	L.waltii
YLR439W	S	S	S	S	S	S	S	S	S	S	S	S	P	P	P	P	P	P	P	P
YGR193C	S	S	S	S	S	S	S	S	S	S	S	S	P	P	P	P	P	P	P	P
YGR165W	S	S	S	S	S	S	S	S	S	S	S	S	P	P	P	P	P	P	P	P
YJL082W	S	S	P	S	S	S	S	P	P	P	P	P	P	P	P	L	P	P	P	P
YKL208W	S	S	S	S	S	S	S	S	S	S	S	S	P	P	P	L	L	P	P	P
YPR140W	S	S	P	S	S	S	S	S	S	S	S	S	P	P	P	P	P	P	P	P
YPR048W	S	S	S	S	S	S	S	S	S	S	S	S	P	P	P	P	P	P	P	P
YMR306W	S	S	S	S	S	S	S	S	S	S	S	S	P	P	P	P	L	P	P	P
YCR010C	S	P	P	P	P	P	P	P	P	P	P	P	P	P	P	P	P	P	L	L
YNL247W	S	S	S	S	S	S	S	S	S	S	S	S	P	P	P	P	L	P	P	P
YMR186W	S	S	S	S	S	S	S	S	P	P	P	P	P	P	P	P	P	P	P	P
YKR005C	S	P	D	S	S	S	S	D	S	S	S	S	P	L	P	L	P	P	L	L
YER182W	S	S	S	S	S	S	S	S	S	S	S	S	P	P	P	P	P	P	P	P
YML086C	S	S	S	S	S	S	S	S	S	S	S	S	P	P	P	P	P	P	P	P
YPL036W	D	D	D	D	D	D	D	D	S	S	S	S	L	L	L	L	L	L	L	L
YLR369W	S	S	S	S	S	S	S	S	S	S	S	S	P	P	P	P	P	P	P	P
YEL058W	S	S	S	S	S	S	S	S	S	S	S	S	P	P	P	P	P	P	P	P
YJL003W	S	S	S	S	S	S	S	S	S	S	S	S	P	P	P	P	P	P	P	P
YOR151C	S	S	S	S	S	S	S	S	S	S	S	S	P	P	P	P	P	P	P	P
YAL044C	S	S	S	S	S	S	S	S	S	S	S	S	P	P	P	P	L	P	P	P
YPR133W-A	S	S	S	D	S	D	S	S	S	S	S	S	P	P	P	P	P	P	P	P
YOR187W	S	S	S	S	S	S	S	S	S	S	S	S	P	P	P	P	P	P	P	P
YNL135C	S	S	S	S	S	S	S	S	S	S	S	S	P	P	P	P	P	P	P	P
YDR039C	D	S	D	D	D	D	D	D	S	S	S	S	L	L	L	L	L	L	L	L
YMR212C	P	P	S	S	S	S	S	S	S	S	S	S	P	P	P	P	P	P	P	P
YPL082C	S	S	S	S	S	S	S	S	S	S	S	S	P	P	P	P	P	P	P	P
YOR355W	P	P	S	S	S	S	S	S	S	S	S	S	P	P	P	P	P	P	P	P
YDL215C	S	S	S	S	S	S	S	S	S	S	S	S	P	P	P	P	P	P	P	P
YKL060C	P	P	P	S	S	S	S	S	S	S	S	S	P	P	P	P	P	P	P	P
YEL020W-A	S	S	S	S	S	S	S	S	S	S	S	S	P	P	P	P	P	P	P	P
YJR113C	S	S	S	S	S	S	S	S	S	S	S	S	P	P	P	P	P	P	P	P
YJR111C	S	S	S	P	P	S	S	S	S	S	S	S	P	P	P	P	P	P	P	P
YMR166C	S	S	S	S	S	S	S	S	S	S	S	S	P	P	P	P	P	P	P	P
YER077C	S	S	S	S	S	S	S	S	S	S	S	S	P	P	P	P	P	P	P	P
YMR061W	S	S	S	S	S	S	S	S	S	S	S	S	P	P	P	P	P	P	P	P
YPL159C	P	P	S	S	S	S	S	S	S	S	S	S	P	P	P	P	P	P	P	P
YPR183W	S	S	P	S	S	S	S	S	S	S	S	S	P	P	P	P	P	P	P	P
YPL109C	S	S	S	S	S	S	S	S	S	S	S	S	P	P	P	P	P	P	P	P
YER074W	S	S	S	S	P	P	P	S	P	P	P	P	P	P	P	P	P	P	P	P
YER019W	S	S	S	S	S	S	S	S	S	S	S	S	P	P	P	P	P	P	P	P
YBR223C	S	S	S	S	S	S	S	S	S	S	S	S	P	P	P	P	P	P	P	P
YLR059C	S	S	S	S	S	S	S	S	S	S	S	S	P	P	P	P	P	P	P	P
YDR263C	S	S	S	P	P	S	S	S	P	P	P	P	P	P	P	P	P	P	P	P
YLR165C	S	S	S	S	S	D	D	S	S	S	S	S	P	P	P	P	P	P	P	P
YDR119W-A	S	S	S	S	S	S	P	S	S	S	S	S	P	P	P	L	P	P	P	P
YER058W	S	S	S	S	S	S	S	S	S	S	S	S	P	P	P	P	P	P	P	P
YLL027W	S	S	S	S	S	S	S	P	S	S	S	S	P	P	P	P	P	P	P	P
YDL198C	S	S	S	S	S	S	S	S	S	S	S	S	P	P	P	P	P	P	P	P
YDL120W	S	S	S	P	P	S	S	S	S	S	S	S	P	P	P	P	P	P	P	P
YGR019W	S	S	D	S	S	S	S	S	S	S	S	S	P	P	P	P	L	P	P	P
YPL060W	S	S	S	S	S	S	S	S	S	S	S	S	P	P	P	P	P	P	P	P
YML076C	S	P	P	S	S	S	S	S	S	S	S	S	P	P	P	P	P	P	P	P
YDL029W	S	S	S	S	S	D	D	S	S	S	S	S	P	P	P	P	P	P	P	P
YIR021W	S	S	S	P	S	S	P	S	P	P	P	P	P	P	P	P	P	P	P	P
YLR395C	S	S	S	S	S	S	S	S	S	S	S	S	P	P	P	P	P	P	P	P
YBL095W	S	S	S	S	S	S	S	S	S	S	S	S	P	P	P	P	P	P	P	P
YHR131C	P	P	S	P	P	P	P	P	P	P	P	P	P	P	P	P	P	P	P	P
YFR048W	S	S	S	S	S	S	S	S	S	S	S	S	P	P	P	P	P	P	P	P
YPL078C	S	S	S	S	S	S	S	S	S	S	S	S	P	P	P	P	P	P	P	P
YDR430C	S	S	S	S	S	S	S	S	S	S	S	S	P	P	P	P	P	P	P	P
YKL033W	S	S	S	S	S	S	S	S	S	S	S	S	P	P	P	P	L	P	P	P
YJL102W	S	S	S	S	S	S	S	S	S	S	S	S	P	P	P	P	P	P	P	P
YGR028W	S	S	D	S	S	S	S	S	S	S	S	S	P	P	P	P	P	P	P	P
YKR023W	S	S	S	S	S	S	S	S	S	S	S	S	P	P	P	P	P	P	P	P
YDL027C	S	S	D	D	S	S	S	S	S	S	S	S	P	P	P	L	L	P	P	P
YLR067C	S	S	S	S	S	S	S	S	S	S	S	S	P	P	P	P	L	P	P	P
YBR078W	S	P	S	P	P	P	P	P	P	P	P	P	P	P	P	P	P	P	P	P
YLL013C	S	S	S	S	S	S	S	S	S	S	S	S	P	P	P	P	P	P	P	P
YKL114C	S	S	S	S	S	S	S	S	S	S	S	S	P	P	P	P	P	P	P	P
YIL047C	P	P	P	S	P	S	S	S	S	S	S	S	P	P	P	P	P	P	P	P
YBR129C	S	S	S	S	S	D	D	S	S	S	S	S	P	L	P	P	P	P	P	P
YNL185C	S	S	S	S	S	S	S	S	S	S	S	S	P	P	P	P	P	P	P	P
YJL209W	S	S	S	S	S	S	S	S	S	S	S	S	P	P	L	L	L	P	P	P
YMR307W	S	S	S	S	S	S	P	P	S	S	S	S	P	P	P	P	P	P	P	P
YPL072W	S	S	S	S	S	S	S	S	S	S	S	S	P	P	P	P	P	P	P	P
YOL140W	S	S	S	S	S	S	S	S	S	S	S	S	P	P	P	P	P	P	P	P
YER087W	S	S	S	S	S	S	S	S	S	S	S	S	P	P	P	P	P	P	P	P
YLL040C	S	S	P	S	S	S	S	S	S	S	S	S	P	P	P	P	P	P	P	P
YGR012W	S	S	S	S	S	S	S	S	S	S	S	S	P	P	P	P	P	P	P	P
YFR004W	P	P	S	S	S	S	S	S	S	S	S	S	P	P	P	P	P	P	P	P
YDR337W	S	S	S	S	S	S	S	S	S	S	S	S	P	P	P	P	P	P	P	P
YPL028W	S	S	S	S	S	S	S	S	S	S	S	S	P	P	P	P	P	P	P	P
YKL029C	P	P	P	S	S	S	S	S	S	S	S	S	P	P	P	P	P	P	P	P
YBR140C	P	P	S	P	P	P	P	P	P	P	P	P	P	P	P	P	P	P	P	P
YMR129W	S	S	S	S	S	S	S	S	S	S	S	S	P	P	P	P	P	P	P	P
YBR024W	S	S	P	P	P	P	P	P	P	P	P	P	P	P	P	P	P	P	P	P
