Gene ID	V.polysp	T.phaffi	T.blatta	N.dairen	N.castel	K.nagani	K.africa	C.glabra	S.uvarum	S.kudria	S.mikata	S.cerevi	Z.rouxii	T.delbru	K.lactis	E.gossyp	E.cymbal	L.kluyve	L.thermo	L.waltii
YDR492W	S	S	P	P	P	P	P	P	P	P	P	P	P	P	P	P	P	P	P	P
YHL031C	S	S	S	S	S	S	S	S	S	S	S	S	P	P	P	P	P	P	P	P
YPR139C	S	S	S	S	S	S	S	S	S	S	S	S	P	P	P	P	P	P	P	P
YML125C	S	S	S	S	S	P	P	S	P	P	P	P	P	P	P	P	P	P	P	P
YCR067C	S	S	S	P	P	P	P	P	P	P	P	P	P	P	P	P	P	P	P	P
YML055W	S	S	S	S	S	S	S	S	S	S	S	S	P	P	P	P	P	P	P	P
YJR088C	S	S	S	S	S	S	S	S	S	S	S	S	P	P	P	P	P	P	P	P
YBR140C	P	P	S	P	P	P	P	P	P	P	P	P	P	P	P	P	P	P	P	P
YPR103W	S	S	S	S	S	S	S	S	S	S	S	S	P	P	P	P	P	P	P	P
YOL003C	S	S	S	S	S	S	S	S	S	S	S	S	P	P	P	P	P	P	P	P
YDL015C	S	S	S	S	S	S	S	S	S	S	S	S	P	P	P	P	P	P	P	P
YPL244C	S	S	S	S	S	S	S	S	S	S	S	S	P	P	P	P	P	P	P	P
YAL053W	S	S	S	S	S	S	P	S	P	P	P	P	P	P	P	P	L	P	P	P
YJR131W	S	S	S	S	S	S	S	S	S	S	S	S	P	P	P	P	P	P	P	P
YHR007C	P	S	S	S	S	S	S	S	S	S	S	S	P	P	P	P	P	P	P	P
YMR202W	S	S	S	S	S	S	S	S	S	S	S	S	P	P	P	P	P	P	P	P
YBR243C	S	S	S	S	S	S	S	S	S	S	S	S	P	P	P	P	P	P	P	P
YDR200C	P	P	P	P	P	S	S	P	P	P	P	P	P	P	P	P	P	P	P	P
YML013W	S	S	S	S	S	S	S	S	S	S	S	S	P	P	P	P	P	P	P	P
YPL218W	S	S	S	S	S	S	S	S	S	S	S	S	P	P	P	P	P	P	P	P
YIL016W	S	S	S	S	S	S	S	S	S	S	S	S	P	P	P	P	P	P	P	P
YGL145W	S	S	S	S	S	S	S	S	S	S	S	S	P	P	P	P	P	P	P	P
YPR181C	P	P	P	P	S	S	S	P	S	S	S	S	P	P	P	P	P	P	P	P
YGL098W	S	S	S	S	S	S	S	S	S	S	S	S	P	P	P	P	P	P	P	P
YNL304W	S	S	S	S	S	S	S	S	S	S	S	S	P	P	P	P	P	P	P	P
YOR157C	S	S	S	S	S	S	S	S	S	S	S	S	P	P	P	P	P	P	P	P
YHR073W	S	S	S	S	S	S	S	S	S	S	S	S	P	P	P	P	P	P	P	P
YGR172C	S	S	S	S	S	S	S	S	S	S	S	S	P	P	P	P	P	P	P	P
YLR450W	P	P	S	S	S	P	P	S	P	P	P	P	P	P	P	P	P	P	P	P
YEL036C	S	S	S	P	S	S	S	S	S	S	S	S	P	P	P	P	P	P	P	P
YMR149W	S	S	S	S	S	S	S	S	S	S	S	S	P	P	P	P	P	P	P	P
YNL263C	S	S	S	S	S	S	S	S	S	S	S	S	P	P	P	P	P	P	P	P
YFL042C	P	P	P	P	P	P	P	P	P	P	P	P	P	P	P	P	L	P	P	P
YOL065C	S	S	S	S	S	S	S	S	S	S	S	S	P	P	P	P	P	P	P	P
YNL095C	S	S	P	P	P	S	S	P	P	P	P	P	P	P	P	P	P	P	P	P
YDR319C	S	S	S	S	S	S	S	S	S	S	S	S	P	P	P	P	P	P	P	P
YER094C	S	S	S	S	S	S	S	S	S	S	S	S	P	P	P	P	P	P	P	P
YPL175W	S	S	S	S	S	S	S	S	S	S	S	S	P	P	P	P	P	P	P	P
YDR302W	S	S	P	S	S	S	S	S	S	S	S	S	P	P	P	P	P	P	P	P
YLR056W	P	P	S	S	S	S	S	S	S	S	S	S	P	P	P	P	P	P	P	P
YHR155W	P	P	P	S	S	P	P	P	P	P	P	P	P	P	P	P	P	P	P	P
Scer_YGOB_SDC25	P	P	P	P	P	P	S	P	P	P	P	P	P	P	P	P	L	P	P	P
YDR307W	S	S	S	S	S	S	S	S	S	S	S	S	P	P	P	P	P	P	P	P
YIR022W	S	S	S	S	S	S	S	S	S	S	S	S	P	P	P	P	P	P	P	P
YLL052C	D	D	D	D	D	D	D	D	S	S	S	S	L	L	L	L	L	L	L	L
YKR044W	P	P	P	S	S	S	S	S	S	S	S	S	P	P	L	P	P	P	P	P
YDR057W	P	P	S	S	S	S	S	S	S	S	S	S	P	P	P	P	P	P	P	P
YAL023C	P	P	P	P	P	P	P	P	P	P	P	P	P	P	P	P	P	P	P	P
YNL080C	S	S	S	S	S	S	S	S	S	S	S	S	P	P	P	P	P	P	P	P
YLR378C	S	S	S	S	S	S	S	S	S	S	S	S	P	P	P	P	P	P	P	P
YLR023C	S	S	S	S	S	S	S	S	S	S	S	S	P	P	P	P	P	P	P	P
YGR038W	S	S	S	S	S	S	P	P	P	P	P	P	P	P	P	P	P	P	P	P
YNL048W	S	S	S	S	S	S	S	S	S	S	S	S	P	P	P	P	P	P	P	P
YHR079C	S	S	S	S	S	S	S	S	S	S	S	S	P	P	P	P	P	P	P	P
YOR154W	S	S	S	S	S	S	S	D	S	S	S	S	P	P	P	P	P	P	P	P
YDR492W	S	S	P	P	P	P	P	P	P	P	P	P	P	P	P	P	P	P	P	P
YOR085W	S	S	P	S	S	S	S	S	S	S	S	S	P	P	P	P	P	P	P	P
YGL022W	S	S	S	S	S	S	S	S	S	S	S	S	P	P	P	P	P	P	P	P
YMR052W	S	S	S	S	S	S	S	S	S	S	S	S	P	P	P	P	P	P	P	P
YMR065W	S	S	S	S	S	S	S	S	S	S	S	S	P	P	P	P	P	P	P	P
YBL082C	S	S	S	S	S	S	S	S	S	S	S	S	P	P	P	P	P	P	P	P
YGL084C	S	S	S	S	S	S	P	S	P	P	P	P	P	P	P	P	P	P	P	P
YDR294C	S	S	S	S	S	S	S	S	S	S	S	S	P	P	P	L	L	P	P	P
YKL100C	S	S	S	S	S	S	S	S	S	S	S	S	P	P	L	L	L	P	L	L
YAL042W	P	P	P	P	P	P	P	S	S	S	S	S	P	P	P	P	P	P	P	P
YEL004W	D	D	D	D	D	S	D	D	S	S	S	S	L	P	P	L	L	P	P	L
YGL075C	S	S	S	S	S	S	S	S	P	P	P	P	P	P	P	P	P	P	P	P
YLR301W	S	S	S	S	S	S	S	S	S	S	S	S	P	P	P	L	L	P	P	P
YGR157W	P	P	P	S	S	S	S	S	S	S	S	S	P	P	P	P	P	P	P	P
YCR011C	S	S	S	S	S	S	S	S	S	S	S	S	P	P	P	P	P	P	P	P
YOR311C	S	S	P	S	S	S	S	S	S	S	S	S	P	P	P	P	P	P	P	P
YMR161W	S	S	S	S	S	P	S	S	S	S	S	S	P	P	P	P	P	P	P	P
YBR014C	S	S	S	S	S	S	S	S	P	P	P	P	P	P	P	P	P	P	P	P
YDL065C	S	S	S	S	S	S	S	S	S	S	S	S	P	P	P	P	P	P	P	P
YDR349C	S	S	S	S	S	S	S	S	S	S	S	S	P	P	P	P	P	P	P	P
YLR078C	S	S	S	S	S	S	S	S	S	S	S	S	P	P	P	P	P	P	P	P
YLR404W	S	S	S	S	S	S	S	S	S	S	S	S	P	P	P	P	P	P	P	P
YPL210C	S	S	S	S	S	S	S	S	S	S	S	S	P	P	P	P	P	P	P	P
YBR002C	S	S	S	S	S	S	S	S	S	S	S	S	P	P	P	P	P	P	P	P
YGR177C	S	S	D	S	S	S	S	S	S	S	S	S	L	L	P	L	L	P	P	P
YOR002W	S	S	S	S	S	S	S	S	S	S	S	S	P	P	P	P	P	P	P	P
YLL055W	D	D	D	D	S	D	D	D	S	S	S	S	P	L	P	P	L	P	P	P
YDL232W	S	S	S	D	S	S	P	S	S	S	S	S	P	P	P	P	P	P	P	P
YOR044W	S	D	D	S	S	D	S	S	P	P	P	P	L	P	P	P	P	P	P	P
YNR039C	S	S	S	S	S	S	S	S	S	S	S	S	P	P	P	P	P	P	P	P
YDR410C	S	S	S	S	S	S	S	S	S	S	S	S	P	P	P	P	P	P	P	P
YIL005W	P	P	P	S	S	S	S	P	S	S	S	S	P	P	P	P	P	P	P	P
YDL072C	S	S	S	S	S	S	S	S	S	S	S	S	P	P	P	P	P	P	P	P
YGL065C	S	S	S	S	S	S	S	S	S	S	S	S	P	P	P	P	P	P	P	P
YFL048C	S	P	P	S	S	P	S	P	P	P	P	P	P	P	P	P	P	P	P	P
YER012W	S	S	S	S	S	S	S	S	S	S	S	S	P	P	P	P	P	P	P	P
YLL006W	S	S	S	S	S	S	S	S	S	S	S	S	P	P	P	P	P	P	P	P
YDR326C	S	S	P	P	P	P	P	P	P	P	P	P	P	P	P	P	P	P	P	P
YMR200W	S	S	S	S	S	S	S	S	S	S	S	S	P	P	P	P	P	P	P	P
YKL207W	S	S	S	S	S	S	S	S	S	S	S	S	P	P	P	P	P	P	P	P
YIL004C	S	S	S	S	S	S	S	S	S	S	S	S	P	P	P	P	P	P	P	L
YPR113W	S	P	S	S	S	S	S	S	S	S	S	S	P	P	P	P	P	P	P	P
YNL087W	S	S	S	P	P	S	P	S	P	P	P	P	P	P	P	P	P	P	P	P
YER039C	P	P	S	P	P	S	S	S	P	P	P	P	P	P	P	P	P	P	P	P
YDR414C	S	S	S	S	S	S	S	S	S	S	S	S	P	P	P	P	P	P	P	P
YHR001W	S	S	P	P	P	S	P	S	P	P	P	P	P	P	P	P	P	P	P	P
YBR183W	P	P	P	P	P	S	S	P	P	P	P	P	P	P	P	P	P	P	P	P
YNL024C-A	S	S	S	S	S	S	S	S	S	S	S	S	P	P	P	P	P	P	P	P
YDL149W	S	S	S	S	S	S	S	S	S	S	S	S	P	P	P	P	P	P	P	P
YGR284C	P	S	S	P	P	S	P	S	S	S	S	S	P	P	P	P	P	P	P	P
YGL084C	S	S	S	S	S	S	P	S	P	P	P	P	P	P	P	P	P	P	P	P
YNL149C	S	S	S	S	S	S	S	S	S	S	S	S	P	P	P	P	P	P	P	P
YDL019C	P	P	P	P	P	P	P	P	P	P	P	P	P	P	P	P	P	P	P	P
YMR134W	S	S	S	S	S	S	S	S	S	S	S	S	P	P	P	P	P	P	P	P
YJL002C	P	S	S	S	S	S	S	S	S	S	S	S	P	P	P	P	P	P	P	P
YOL110W	S	S	S	S	S	S	S	S	S	S	S	S	P	P	P	P	P	P	P	P
YPL186C	S	S	S	S	S	S	S	S	S	S	S	S	P	P	P	L	L	P	P	P
YFR041C	S	S	S	S	S	S	S	S	S	S	S	S	P	P	P	P	P	P	P	P
YML115C	S	S	S	S	S	S	S	S	S	S	S	S	P	P	P	P	P	P	P	P
YLL023C	S	S	S	S	S	S	S	S	S	S	S	S	P	P	P	P	P	P	P	P
YLR065C	S	S	S	S	S	S	S	S	S	S	S	S	P	P	P	P	P	P	P	P
YLL031C	P	P	P	S	S	S	S	S	S	S	S	S	P	P	P	P	P	P	P	P
YGL020C	S	S	S	S	S	S	S	S	S	S	S	S	P	P	P	P	P	P	P	P
YNL305C	S	S	S	S	S	S	S	S	S	S	S	S	P	P	P	L	L	P	P	P
YIL109C	P	S	S	S	P	P	P	P	P	P	P	P	P	P	P	P	P	P	P	P
YDL058W	S	S	S	S	S	S	S	S	S	S	S	S	P	P	P	P	P	P	P	P
YJL073W	S	S	S	S	S	S	S	S	S	S	S	S	P	P	P	P	P	P	P	P
YLR026C	S	S	S	S	S	S	S	S	S	S	S	S	P	P	P	P	P	P	P	P
YLR246W	S	S	S	S	S	S	S	S	S	S	S	S	P	P	P	P	P	P	P	P
YOR075W	S	S	S	S	S	S	S	S	S	S	S	S	P	P	P	P	P	P	P	P
YGR089W	S	S	S	S	S	S	S	S	S	S	S	S	P	P	P	P	P	P	P	P
YGL200C	S	P	S	S	S	S	S	S	S	S	S	S	P	P	P	P	P	P	P	P
YML012W	P	P	S	S	P	P	S	S	S	S	S	S	P	P	P	P	P	P	P	P
YGL055W	S	S	D	S	S	S	S	S	S	S	S	S	P	P	P	P	P	P	P	P
YIL039W	P	P	P	S	S	S	S	S	S	S	S	S	P	P	P	P	P	P	P	P
YBR171W	S	S	S	S	S	S	S	S	S	S	S	S	P	P	P	P	P	P	P	P
YCR017C	S	S	S	S	S	S	S	S	S	S	S	S	P	P	P	P	P	P	P	P
YDR331W	S	S	S	S	S	S	S	S	S	S	S	S	P	P	P	P	P	P	P	P
YNL146W	S	D	D	S	S	S	D	S	S	S	S	S	P	P	P	P	L	P	P	P
YNR021W	S	S	S	S	S	S	S	S	S	S	S	S	P	P	P	P	P	P	P	P
YIL030C	S	S	S	S	S	S	S	S	S	S	S	S	P	P	P	P	P	P	P	P
YDL204W	D	S	P	P	P	S	P	S	P	P	P	P	P	P	P	P	P	P	P	P
YHR190W	S	P	S	S	S	S	S	S	S	S	S	S	P	P	P	P	P	P	P	P
YKL154W	S	S	S	S	S	S	S	S	S	S	S	S	P	P	P	P	P	P	P	P
YLR004C	S	S	S	S	S	S	S	S	S	S	S	S	P	P	P	L	L	P	P	P
YBR159W	S	S	S	S	S	S	S	S	S	S	S	S	P	P	P	P	P	P	P	P
YMR272C	P	S	S	S	S	S	S	S	S	S	S	S	P	P	P	P	P	P	P	P
YDL100C	S	S	S	S	S	S	S	S	S	S	S	S	P	P	P	P	P	P	P	P
YGL226C-A	S	S	S	S	S	S	S	S	S	S	S	S	P	P	P	P	L	P	P	P
YMR207C	P	P	S	S	S	S	S	S	P	P	P	P	P	P	P	P	P	P	P	P
YGR175C	S	S	P	S	S	S	S	S	S	S	S	S	P	P	P	P	P	P	P	P
YLL014W	S	S	S	S	S	S	S	S	S	S	S	S	P	P	P	P	P	P	P	P
YIL040W	S	S	S	S	S	S	S	S	S	S	S	S	P	P	P	L	P	P	P	P
YGR105W	S	S	S	S	S	S	S	S	S	S	S	S	P	P	P	P	P	P	P	P
YOL013C	S	S	S	S	S	S	S	S	S	S	S	S	P	P	P	P	P	P	P	P
YEL002C	P	S	S	S	S	S	S	S	S	S	S	S	P	P	P	P	P	P	P	P
YDR326C	S	S	P	P	P	P	P	P	P	P	P	P	P	P	P	P	P	P	P	P
YKL065C	S	S	S	P	P	S	S	S	P	P	P	P	P	P	P	P	P	P	P	P
YNL127W	S	S	S	S	S	S	S	S	S	S	S	S	P	P	P	P	P	P	P	P
YDR086C	S	S	S	D	S	S	S	S	S	S	S	S	P	P	P	P	P	P	P	P
YPR003C	S	S	S	S	S	S	D	S	S	S	S	S	P	P	P	L	L	P	P	P
YHL003C	P	P	P	P	P	P	P	P	P	P	P	P	P	P	P	P	P	P	P	P
YBL091C-A	P	P	P	S	S	P	P	P	P	P	P	P	P	P	P	P	P	P	P	P
YDR245W	S	S	S	S	S	S	S	S	S	S	S	S	P	P	P	P	P	P	P	P
YHR133C	S	S	S	P	P	P	P	S	P	P	P	P	P	P	P	P	P	P	P	P
YMR274C	S	S	S	S	S	S	S	S	S	S	S	S	P	P	P	P	P	P	P	P
YDR434W	P	P	P	S	S	S	S	S	S	S	S	S	P	P	P	P	P	P	P	P
YPL227C	D	S	S	S	S	S	S	S	S	S	S	S	P	P	P	P	P	P	P	P
YJL145W	S	S	S	S	S	S	S	S	S	S	S	S	P	P	P	P	P	P	P	P
YHR101C	S	S	S	S	S	S	S	S	S	S	S	S	P	P	P	P	P	P	P	P
YCL045C	S	S	S	S	S	S	S	S	S	S	S	S	P	P	P	P	P	P	P	P
YCL005W	S	S	S	S	S	S	S	S	S	S	S	S	P	P	P	P	P	P	P	P
YHR098C	P	P	P	S	S	S	S	S	S	S	S	S	P	P	P	P	P	P	P	P
YOR175C	P	S	S	S	S	S	S	S	S	S	S	S	P	P	P	P	P	P	P	P
YPR037C	S	S	S	P	P	P	P	S	S	S	S	S	P	P	P	P	P	P	P	P
YNL098C	P	S	S	S	S	P	P	S	P	P	P	P	P	P	P	P	P	P	P	P
YKL065C	S	S	S	P	P	S	S	S	P	P	P	P	P	P	P	P	P	P	P	P
YGR227W	S	S	S	S	S	S	S	S	S	S	S	S	P	P	P	P	P	P	P	P
YGL142C	S	S	S	S	S	S	S	S	S	S	S	S	P	P	P	P	P	P	P	P
YIL109C	P	S	S	S	P	P	P	P	P	P	P	P	P	P	P	P	P	P	P	P
YNL087W	S	S	S	P	P	S	P	S	P	P	P	P	P	P	P	P	P	P	P	P
YCR048W	S	S	P	P	P	P	P	P	P	P	P	P	P	P	P	P	P	P	P	P
YBR110W	S	S	S	S	S	S	S	S	S	S	S	S	P	P	P	P	P	P	P	P
YGR263C	S	S	D	S	S	S	S	S	S	S	S	S	P	L	P	P	P	P	P	P
YER053C-A	D	S	S	S	S	S	P	S	S	S	S	S	P	P	P	L	L	P	P	P
YNR030W	S	S	S	S	S	S	S	S	S	S	S	S	P	P	P	P	P	P	P	P
YDR320C	S	S	S	S	S	S	S	S	S	S	S	S	P	P	P	P	P	P	P	P
YNL038W	S	S	S	S	S	S	S	S	S	S	S	S	P	P	P	P	P	P	P	P
YMR281W	S	S	S	S	S	S	S	S	S	S	S	S	P	P	P	P	P	P	P	P
YER044C	S	S	S	S	S	S	S	S	S	S	S	S	P	P	P	P	P	P	P	P
YNR008W	S	S	S	S	S	S	S	S	S	S	S	S	P	P	P	P	P	P	P	P
YAL028W	P	P	P	P	P	P	P	S	P	P	P	P	P	P	P	P	P	P	P	P
YBR162W-A	S	S	S	S	S	S	S	S	S	S	S	S	P	P	P	P	L	P	P	P
YLR066W	S	S	S	S	S	S	S	S	S	S	S	S	P	P	P	P	P	P	P	L
YJR117W	S	S	S	S	S	S	S	S	S	S	S	S	P	P	P	P	P	P	P	P
YKL130C	P	P	P	S	S	S	S	S	S	S	S	S	P	P	P	P	P	P	P	P
YJL134W	P	P	P	S	P	P	S	P	P	P	P	P	P	P	P	P	P	P	P	P
YER100W	S	S	S	P	P	S	S	S	S	S	S	S	P	P	P	P	P	P	P	P
YFR008W	S	S	S	S	S	S	S	S	S	S	S	S	P	P	P	P	P	P	P	P
YDL212W	S	S	S	S	S	S	S	S	S	S	S	S	P	P	P	P	P	P	P	P
YBL041W	S	S	S	S	S	S	S	S	S	S	S	S	P	P	P	P	P	P	P	P
YKL196C	D	S	S	S	S	S	S	S	S	S	S	S	P	P	P	P	P	P	P	P
YOR245C	S	S	S	S	S	S	S	S	S	S	S	S	P	P	P	P	P	P	P	P
YOL009C	S	S	S	S	S	S	S	S	S	S	S	S	P	P	P	P	P	P	P	P
YHR188C	P	S	S	S	S	S	S	S	S	S	S	S	P	P	P	P	P	P	P	P
YJL192C	S	S	S	S	S	S	S	S	S	S	S	S	P	P	P	P	P	P	P	P
YBL040C	S	S	S	S	S	S	S	S	S	S	S	S	P	P	P	P	P	P	P	P
YOL044W	S	S	S	S	S	S	S	S	S	S	S	S	P	P	P	P	P	P	P	P
YPR028W	D	S	P	S	S	S	S	S	S	S	S	S	P	P	P	P	P	P	P	P
YGL038C	S	P	P	S	S	S	S	S	S	S	S	S	P	P	P	P	P	P	P	P
YGL047W	S	S	S	S	S	S	S	S	S	S	S	S	P	P	P	P	P	P	P	P
YBR029C	S	S	S	S	S	S	S	S	S	S	S	S	P	P	P	P	P	P	P	P
YGR106C	S	S	S	S	S	S	S	S	S	S	S	S	P	P	P	P	P	P	P	P
YPR071W	D	D	D	D	D	D	D	D	S	S	S	S	L	L	L	L	L	L	L	L
YOR067C	S	S	S	S	S	S	S	S	S	S	S	S	P	P	P	P	P	P	P	P
YNL321W	P	P	P	S	S	S	S	S	S	S	S	S	P	P	P	P	P	P	P	P
YGL139W	S	P	P	P	P	P	P	P	P	P	P	P	P	P	P	P	P	P	P	P
YHR176W	S	S	D	S	S	S	S	S	S	S	S	S	P	P	P	P	P	P	P	P
YIL027C	S	S	S	S	S	S	S	S	S	S	S	S	P	P	P	P	P	P	P	P
YLR372W	S	S	S	P	P	P	S	S	S	S	S	S	P	P	P	P	P	P	P	P
YMR197C	S	S	S	S	S	S	S	S	S	S	S	S	P	P	P	P	P	P	P	P
YBR210W	P	P	P	S	S	S	S	S	P	P	P	P	P	P	P	P	P	P	P	P
YJL001W	P	P	S	S	S	S	S	S	S	S	S	S	P	P	P	P	P	P	P	P
YBR106W	S	S	S	P	P	P	P	S	S	S	S	S	P	P	P	P	P	P	P	P
YBR005W	P	S	S	P	P	S	P	P	P	P	P	P	P	P	P	P	P	P	P	P
YLR207W	P	P	S	S	S	S	S	S	S	S	S	S	P	P	P	P	P	P	P	P
YBR132C	S	S	P	S	S	S	S	S	S	S	S	S	P	P	P	P	P	P	P	P
YPL085W	P	P	P	S	P	S	S	S	S	S	S	S	P	P	P	P	P	P	P	P
YAL028W	P	P	P	P	P	P	P	S	P	P	P	P	P	P	P	P	P	P	P	P
YAL009W	S	S	S	S	S	S	S	S	S	S	S	S	P	P	P	P	P	P	P	P
YDL121C	S	S	S	S	S	S	S	S	S	S	S	S	P	P	P	P	P	P	P	P
YLR205C	S	S	D	S	S	S	S	S	S	S	S	S	P	P	P	P	P	P	P	P
YNL012W	S	D	S	S	S	D	S	S	D	S	S	S	P	P	P	P	P	P	P	P
YLR260W	P	P	P	P	P	P	P	P	P	P	P	P	P	P	P	P	P	P	P	P
YJL034W	S	S	S	S	S	S	P	S	S	S	S	S	P	P	P	P	P	P	P	P
YGR036C	S	S	S	S	S	S	S	S	S	S	S	S	P	P	P	P	P	P	P	P
YDL018C	S	D	S	S	S	S	S	S	S	S	S	S	P	P	P	P	P	P	P	P
YBR130C	S	S	S	P	P	P	P	P	S	S	S	S	P	P	P	P	P	P	P	P
YMR298W	S	S	S	P	P	S	S	S	S	S	S	S	P	P	P	P	P	P	P	P
YHR123W	S	S	P	P	P	P	P	P	P	P	P	P	P	P	P	P	P	P	P	P
YBR004C	S	S	S	S	S	S	S	S	S	S	S	S	P	P	P	P	P	P	P	P
YGR216C	S	S	S	S	S	S	S	S	S	S	S	S	P	P	P	P	P	P	P	P
YJL134W	P	P	P	S	P	P	S	P	P	P	P	P	P	P	P	P	P	P	P	P
YML048W	S	S	S	S	S	S	S	S	S	S	S	S	P	P	P	P	P	P	P	P
YJR010C-A	S	S	S	S	S	S	S	S	S	S	S	S	P	P	P	P	P	P	P	P
YOR149C	S	S	S	S	S	S	S	S	S	S	S	S	P	P	P	P	P	P	P	P
YLR450W	P	P	S	S	S	P	P	S	P	P	P	P	P	P	P	P	P	P	P	P
YNL181W	S	S	S	S	S	S	S	S	S	S	S	S	P	P	P	P	P	P	P	P
YKR039W	S	S	D	S	S	D	D	S	S	S	S	S	P	L	P	P	P	P	P	P
YER019C-A	P	P	P	P	P	S	S	P	P	P	P	P	P	P	P	P	P	P	P	P
YFL048C	S	P	P	S	S	P	S	P	P	P	P	P	P	P	P	P	P	P	P	P
YNL158W	S	S	S	S	S	S	S	S	S	S	S	S	P	P	P	P	P	P	P	P
YML019W	S	S	S	S	S	S	S	S	S	S	S	S	P	P	P	P	P	P	P	P
YLR459W	S	S	S	S	S	S	S	S	S	S	S	S	P	P	P	P	P	P	P	P
YGL001C	S	S	S	S	S	S	S	S	S	S	S	S	P	P	P	P	P	P	P	P
YBR036C	S	S	P	S	S	P	P	S	S	S	S	S	P	P	L	L	L	P	P	P
YHR155W	P	P	P	S	S	P	P	P	P	P	P	P	P	P	P	P	P	P	P	P
YJL005W	S	S	P	S	S	S	S	S	S	S	S	S	P	P	P	P	P	P	P	P
YMR123W	S	S	S	S	S	S	S	S	S	S	S	S	P	P	P	P	P	P	P	P
YMR165C	S	S	S	S	S	S	S	S	S	S	S	S	P	P	P	P	P	P	P	P
YCR048W	S	S	P	P	P	P	P	P	P	P	P	P	P	P	P	P	P	P	P	P
YDR200C	P	P	P	P	P	S	S	P	P	P	P	P	P	P	P	P	P	P	P	P
YHR140W	S	S	S	S	S	S	S	S	S	S	S	S	P	P	P	P	P	P	P	P
YPL076W	S	S	S	S	S	S	S	S	S	S	S	S	P	P	P	P	P	P	P	P
YAR002C-A	S	S	S	S	S	S	S	P	P	P	P	P	P	P	P	P	P	P	P	P
YBR210W	P	P	P	S	S	S	S	S	P	P	P	P	P	P	P	P	P	P	P	P
YIL023C	S	S	S	S	S	S	S	S	S	S	S	S	P	P	P	P	P	P	P	P
YLR268W	S	S	S	S	S	S	S	S	S	S	S	S	P	P	P	P	P	P	P	P
YHR133C	S	S	S	P	P	P	P	S	P	P	P	P	P	P	P	P	P	P	P	P
YJR073C	S	S	S	S	S	S	S	S	S	S	S	S	P	P	P	P	P	P	P	P
YJR143C	S	S	S	S	S	S	S	S	P	S	S	S	P	P	P	P	P	P	P	P
YMR029C	S	S	S	S	S	S	S	S	S	S	S	S	P	P	P	P	P	P	P	P
YMR122W-A	S	S	S	S	S	S	S	S	S	S	S	S	P	P	P	P	P	L	P	P
YER083C	S	S	S	S	S	S	S	S	S	S	S	S	P	P	P	P	P	P	P	P
YAL023C	P	P	P	P	P	P	P	P	P	P	P	P	P	P	P	P	P	P	P	P
YGR060W	S	S	S	S	S	S	S	S	S	S	S	S	P	P	P	P	P	P	P	P
YHL028W	S	S	S	S	S	D	D	S	S	S	S	S	P	P	P	P	P	P	P	P
YBR265W	S	S	S	S	S	S	S	S	S	S	S	S	P	P	P	P	P	P	P	P
YIL043C	S	S	P	S	S	S	S	S	S	S	S	S	P	P	P	P	P	P	P	P
YBR170C	S	S	S	S	S	S	S	S	S	S	S	S	P	P	P	P	P	P	P	P
YNL242W	S	S	S	S	S	S	S	S	S	S	S	S	P	P	P	P	P	P	P	P
YFL042C	P	P	P	P	P	P	P	P	P	P	P	P	P	P	P	P	L	P	P	P
YEL031W	S	S	S	S	S	S	S	S	S	S	S	S	P	P	P	P	P	P	P	P
YFR042W	S	S	S	S	S	S	S	S	S	S	S	S	P	P	P	P	P	P	P	P
YNL111C	S	S	S	S	S	S	S	S	S	S	S	S	P	P	P	P	P	P	P	P
YFR050C	S	S	S	S	S	S	S	S	S	S	S	S	P	P	P	P	P	P	P	P
YHR192W	S	S	S	S	S	S	S	S	S	S	S	S	P	P	P	P	P	P	P	P
YIL049W	S	S	S	S	S	S	S	S	S	S	S	S	P	P	P	P	P	P	P	P
YDR126W	S	S	S	S	S	S	S	S	S	S	S	S	P	P	P	P	P	P	P	P
YPR063C	S	S	S	S	S	S	S	S	S	S	S	S	P	P	P	P	P	P	P	P
YDL126C	P	S	P	P	P	S	S	S	S	S	S	S	P	P	P	P	P	P	P	P
YBR283C	S	S	S	S	S	S	S	S	S	S	S	S	P	P	P	P	P	P	P	P
YHR004C	S	S	S	S	S	S	S	S	S	S	S	S	P	P	P	P	P	P	P	P
YGR199W	S	S	S	S	S	S	S	S	S	S	S	S	P	P	P	L	P	P	P	P
YBR201W	S	S	S	S	S	S	S	S	S	S	S	S	P	P	P	P	P	P	P	L
YPL096C-A	S	S	S	S	S	S	S	S	S	S	S	S	P	P	P	P	L	P	P	P
YDR292C	S	S	S	S	S	S	S	S	S	S	S	S	P	P	P	P	P	P	P	P
YNL125C	S	S	S	S	S	S	S	S	S	S	S	S	P	P	P	L	L	P	L	P
YBR070C	S	S	S	S	S	S	S	S	S	S	S	S	P	P	P	P	P	P	P	P
YFL038C	S	S	S	S	S	S	S	S	S	S	S	S	P	P	P	P	P	P	P	P
YCR034W	P	P	P	S	P	S	P	P	P	P	P	P	P	P	P	P	P	P	P	P
YCL052C	S	S	S	S	S	S	S	S	S	S	S	S	P	P	P	P	P	P	P	P
YMR264W	S	S	P	P	P	P	P	P	P	P	P	P	P	P	P	P	P	P	P	P
YPR105C	S	S	S	S	S	S	S	S	S	S	S	S	P	P	P	P	P	P	P	P
YGR038W	S	S	S	S	S	S	P	P	P	P	P	P	P	P	P	P	P	P	P	P
YLR312C	D	S	D	S	S	S	S	D	S	S	S	S	P	P	L	P	P	P	P	P
YDR519W	S	S	D	S	S	S	S	S	S	S	S	S	P	P	P	L	L	P	P	P
YPL094C	S	S	S	S	S	S	S	S	S	S	S	S	P	P	P	P	P	P	P	P
YDL095W	P	P	P	S	S	S	S	S	S	S	S	S	P	P	P	P	P	P	P	P
YHR001W	S	S	P	P	P	S	P	S	P	P	P	P	P	P	P	P	P	P	P	P
YIR038C	D	D	D	D	D	D	D	D	D	D	D	S	L	L	L	L	L	L	L	L
YJL080C	P	P	P	S	S	S	S	S	S	S	S	S	P	P	P	P	P	P	P	P
YOR152C	D	D	D	S	S	S	S	D	S	S	S	S	P	P	P	P	P	P	P	P
YNL231C	S	S	P	S	S	S	S	S	S	S	S	S	P	P	P	P	P	P	P	P
YOR103C	S	S	S	S	S	S	S	S	S	S	S	S	P	P	P	P	P	P	P	P
YOR377W	D	D	D	D	D	D	D	D	S	S	S	S	L	L	L	L	L	L	L	L
YJR013W	S	S	S	S	S	S	S	S	S	S	S	S	P	P	P	P	P	P	P	P
YNL258C	S	S	S	S	S	S	S	S	S	S	S	S	P	P	P	P	L	P	P	P
YMR015C	S	S	S	S	S	S	S	S	S	S	S	S	P	P	P	P	L	P	P	P
YML072C	S	S	P	S	S	S	S	S	S	S	S	S	P	P	P	P	P	P	P	P
YKL212W	S	S	S	P	P	S	S	S	S	S	S	S	P	P	P	P	P	P	P	P
YDR437W	S	S	S	S	S	S	S	S	S	S	S	S	P	P	P	P	P	P	P	P
YHR042W	S	S	P	P	P	P	P	S	S	S	S	S	P	P	P	P	P	P	P	P
YML029W	P	P	S	S	S	S	S	S	S	S	S	S	P	P	P	P	P	P	P	P
YKL006C-A	S	S	S	S	S	S	S	S	S	S	S	S	P	P	P	P	P	P	P	P
YEL001C	S	S	S	S	S	S	S	S	S	S	S	S	P	P	P	P	L	P	P	P
YDL193W	S	S	P	S	S	S	S	P	S	S	S	S	P	P	P	P	P	P	P	P
YBL011W	S	S	S	S	S	S	S	S	S	S	S	S	P	P	P	P	P	P	P	P
YER019C-A	P	P	P	P	P	S	S	P	P	P	P	P	P	P	P	P	P	P	P	P
YJL091C	S	S	S	S	S	S	S	S	S	S	S	S	P	P	P	P	P	P	P	P
YDL204W	D	S	P	P	P	S	P	S	P	P	P	P	P	P	P	P	P	P	P	P
YDR049W	S	S	S	S	S	S	S	S	S	S	S	S	P	P	P	P	P	P	P	P
YOR165W	S	S	S	S	S	S	S	S	S	S	S	S	P	P	P	P	P	P	P	P
YLR242C	S	S	S	S	S	S	S	S	S	S	S	S	P	P	P	P	P	P	P	P
YOR016C	S	S	P	P	P	S	S	S	P	P	P	P	P	P	P	P	P	P	P	P
YJR118C	S	S	S	S	S	S	S	S	S	S	S	S	P	P	P	P	P	P	P	P
YER140W	S	S	S	S	S	S	S	S	S	S	S	S	P	P	P	P	P	P	P	P
YGR197C	D	D	P	P	P	P	S	P	P	P	P	P	L	P	P	P	P	P	P	P
YDR056C	S	S	S	S	S	S	S	S	S	S	S	S	P	P	P	P	P	P	P	L
YKR030W	S	S	S	S	S	D	D	S	S	S	S	S	P	P	P	P	P	P	P	P
YOR254C	S	S	S	S	S	S	S	S	S	S	S	S	P	P	P	P	P	P	P	P
YPR091C	S	S	S	S	S	S	S	S	S	S	S	S	P	P	P	P	P	P	P	P
YLR208W	P	P	S	S	S	S	S	P	S	S	S	S	P	P	P	P	P	P	P	P
YFL025C	S	S	S	S	S	S	S	S	S	S	S	S	P	P	P	P	P	P	P	P
YDL019C	P	P	P	P	P	P	P	P	P	P	P	P	P	P	P	P	P	P	P	P
YCR068W	S	S	S	S	S	S	S	S	S	S	S	S	P	P	P	P	P	P	P	P
YDR498C	S	S	S	S	S	S	S	S	S	S	S	S	P	P	P	P	P	P	P	P
YER074W-A	S	S	S	S	S	S	S	S	S	S	S	S	P	P	P	P	P	P	P	P
YML067C	S	S	S	P	P	S	S	S	S	S	S	S	P	P	P	P	P	P	P	P
YGL139W	S	P	P	P	P	P	P	P	P	P	P	P	P	P	P	P	P	P	P	P
YPL050C	S	S	S	P	P	P	S	S	S	S	S	S	P	P	P	P	P	P	P	P
YPR114W	S	S	S	S	S	S	S	S	S	S	S	S	P	P	P	P	P	P	P	P
YCR067C	S	S	S	P	P	P	P	P	P	P	P	P	P	P	P	P	P	P	P	P
YGL126W	S	S	S	S	S	S	S	S	S	S	S	S	P	P	P	P	P	P	P	P
YBL020W	S	S	S	S	S	S	S	S	S	S	S	S	P	P	P	P	P	P	P	P
YGL027C	S	S	S	S	S	S	S	S	S	S	S	S	P	P	P	P	P	P	P	P
YDL093W	D	D	D	S	S	S	S	S	S	S	S	S	L	L	L	L	L	L	L	L
YGL231C	S	S	S	S	S	S	S	S	S	S	S	S	P	P	P	P	P	P	P	P
YLR064W	S	S	S	S	S	S	S	S	S	S	S	S	P	P	P	P	P	P	L	L
YCR044C	S	S	S	S	S	S	S	S	S	S	S	S	P	P	P	P	P	P	P	P
YKL165C	S	S	S	S	S	S	S	S	S	S	S	S	P	P	P	P	P	P	P	P
YBR172C	S	S	S	P	P	S	S	P	P	P	P	P	P	P	P	P	P	P	P	P
YIL090W	S	S	P	S	S	S	S	S	S	S	S	S	P	P	P	P	P	P	P	P
YER026C	S	S	P	P	P	P	S	S	S	S	S	S	P	P	P	P	P	P	P	P
YBR183W	P	P	P	P	P	S	S	P	P	P	P	P	P	P	P	P	P	P	P	P
YBL091C-A	P	P	P	S	S	P	P	P	P	P	P	P	P	P	P	P	P	P	P	P
YAR002C-A	S	S	S	S	S	S	S	P	P	P	P	P	P	P	P	P	P	P	P	P
YPR192W	D	D	D	D	D	D	D	D	S	S	S	S	L	L	L	L	L	L	L	L
YLR057W	S	S	S	S	S	S	S	S	S	S	S	S	P	P	P	P	P	P	P	P
YHR072W	S	S	S	S	S	S	S	S	S	S	S	S	P	P	P	P	P	P	P	P
YBR058C-A	P	S	S	S	S	S	S	S	S	S	S	S	P	P	P	P	P	P	P	P
YJL062W	S	S	S	S	S	S	S	S	S	S	S	S	P	P	P	P	P	P	P	P
YLR050C	S	S	S	S	S	S	S	S	S	S	S	S	P	P	P	P	P	P	P	P
YML059C	S	S	S	S	S	S	S	S	S	S	S	S	P	P	P	P	P	P	P	P
YMR013C	S	S	S	S	S	S	S	S	S	S	S	S	P	P	P	P	P	P	P	P
YCR034W	P	P	P	S	P	S	P	P	P	P	P	P	P	P	P	P	P	P	P	P
YNL046W	D	D	D	D	D	D	D	D	S	S	S	S	L	L	L	L	L	L	L	L
YFL027C	S	S	S	S	S	S	S	S	S	S	S	S	P	P	P	P	P	P	P	P
YMR296C	S	S	S	S	S	S	S	S	S	S	S	S	P	P	P	P	P	P	P	P
YDR297W	S	S	S	S	S	S	S	S	S	S	S	S	P	P	P	P	P	P	P	P
YHR142W	S	S	S	S	S	S	S	S	S	S	S	S	P	P	P	P	P	P	P	P
YER039C	P	P	S	P	P	S	S	S	P	P	P	P	P	P	P	P	P	P	P	P
YPR183W	S	S	P	S	S	S	S	S	S	S	S	S	P	P	P	P	P	P	P	P
YLR440C	S	S	S	S	S	S	S	S	S	S	S	S	P	P	P	P	P	P	P	P
YER019W	S	S	S	S	S	S	S	S	S	S	S	S	P	P	P	P	P	P	P	P
YML130C	S	S	S	P	P	S	P	S	S	S	S	S	P	P	P	P	P	P	P	P
YDL195W	P	P	S	S	S	S	S	S	S	S	S	S	P	P	P	P	P	P	P	P
YAL058W	P	P	P	D	D	D	D	S	S	S	S	S	P	P	P	P	P	P	P	P
YJL097W	S	S	S	S	S	S	S	S	S	S	S	S	P	P	P	P	P	P	P	P
YPR170W-B	S	S	S	S	S	S	S	S	S	S	S	S	P	P	P	P	L	P	P	P
YLR034C	S	S	S	S	S	S	S	S	S	S	S	S	P	P	P	P	P	P	P	P
YGL010W	S	S	S	S	S	S	S	S	S	S	S	S	P	P	P	P	P	P	P	P
YDR205W	S	S	S	S	S	S	S	S	S	S	S	S	P	P	P	P	P	P	P	P
YDR411C	S	S	S	S	S	S	S	S	S	S	S	S	P	P	P	P	P	P	P	P
YMR022W	S	S	S	S	S	S	S	S	S	S	S	S	P	P	P	P	P	P	P	P
YHR110W	S	D	S	S	S	S	S	S	S	S	S	S	P	P	P	P	P	P	P	P
YOR016C	S	S	P	P	P	S	S	S	P	P	P	P	P	P	P	P	P	P	P	P
YOR223W	S	S	S	S	S	S	S	S	S	S	S	S	P	P	P	P	P	P	P	P
YKR067W	S	S	S	S	S	S	S	S	S	S	S	S	P	P	P	P	P	P	P	P
YNL219C	S	S	S	S	S	S	S	S	S	S	S	S	P	P	P	P	P	P	P	P
YLR100W	S	S	S	P	P	P	P	S	S	S	S	S	P	P	P	P	P	P	P	P
YLR088W	S	S	S	S	S	S	S	S	S	S	S	S	P	P	P	P	P	P	P	P
YHL003C	P	P	P	P	P	P	P	P	P	P	P	P	P	P	P	P	P	P	P	P
YKL119C	S	S	S	S	S	S	S	S	S	S	S	S	P	P	P	P	P	P	P	P
