Gene ID	V.polysp	T.phaffi	T.blatta	N.dairen	N.castel	K.nagani	K.africa	C.glabra	S.uvarum	S.kudria	S.mikata	S.cerevi	Z.rouxii	T.delbru	K.lactis	E.gossyp	E.cymbal	L.kluyve	L.thermo	L.waltii
YNL030W	P	P	S	P	P	P	S	S	S	D	S	S	P	P	P	P	P	P	P	P
YIL150C	S	S	S	S	S	S	S	S	S	S	S	S	P	P	P	P	L	P	P	P
YDR489W	S	S	S	S	S	S	S	S	S	S	S	S	P	P	P	P	P	P	P	P
YEL032W	S	S	S	S	S	S	S	S	S	S	S	S	P	P	P	P	P	P	P	P
YMR048W	S	S	S	S	S	S	S	S	S	S	S	S	P	P	P	P	P	P	P	L
YLR103C	S	S	S	S	S	S	S	S	S	S	S	S	P	P	P	P	P	P	P	P
YPR019W	S	S	S	S	S	S	S	S	S	S	S	S	P	P	P	P	P	P	P	P
YBL002W	D	D	S	S	S	S	P	S	S	S	S	S	P	P	P	P	P	P	P	P
YNL273W	S	S	S	S	S	S	S	S	S	S	S	S	P	P	P	P	P	P	P	P
YBR010W	S	S	S	S	S	S	P	P	S	S	S	S	P	P	P	P	P	P	P	P
YML069W	S	S	S	S	S	S	S	S	S	S	S	S	P	P	P	P	P	P	P	P
YPR135W	S	S	S	S	S	S	S	S	S	S	S	S	P	P	P	P	P	P	P	P
YBL003C	D	D	S	S	S	S	P	S	S	S	S	S	P	P	P	P	P	P	P	P
YBR009C	S	S	S	S	S	S	P	P	S	S	S	S	P	P	P	P	P	P	P	P
YGL207W	S	S	S	S	S	S	S	S	S	S	S	S	P	P	P	P	P	P	P	P
YDR225W	P	P	S	S	S	S	D	S	S	S	S	S	P	P	P	P	P	P	P	P
YDR224C	P	P	S	S	S	S	D	S	S	S	S	S	P	P	P	P	P	P	P	P
YNL031C	P	P	S	P	P	P	S	S	S	D	S	S	P	P	P	P	P	P	P	P
YJL072C	S	S	S	S	S	S	S	S	S	S	S	S	P	P	P	P	P	P	P	P
YLR274W	S	S	S	S	S	S	S	S	S	S	S	S	P	P	P	P	P	P	P	P
YOL006C	S	S	S	S	S	S	S	P	S	S	S	S	P	P	P	P	P	P	P	P
YOL146W	S	S	S	S	S	S	S	S	S	S	S	S	P	P	P	P	P	P	P	P
YBR202W	S	S	S	S	S	S	S	S	S	S	S	S	P	P	P	P	P	P	P	P
YBL023C	S	S	S	S	S	S	S	S	S	S	S	S	P	P	P	P	P	P	P	P
YGL201C	S	S	S	S	S	S	S	S	S	S	S	S	P	P	P	P	P	P	P	P
YDR013W	S	S	S	S	S	S	S	S	S	S	S	S	P	P	P	P	P	P	P	P
YCL061C	S	S	S	S	S	S	S	S	S	S	S	S	P	P	P	P	P	P	P	P
