Gene ID	V.polysp	T.phaffi	T.blatta	N.dairen	N.castel	K.nagani	K.africa	C.glabra	S.uvarum	S.kudria	S.mikata	S.cerevi	Z.rouxii	T.delbru	K.lactis	E.gossyp	E.cymbal	L.kluyve	L.thermo	L.waltii
YNR017W	S	S	S	S	S	S	S	S	S	S	S	S	P	P	P	P	P	P	P	P
YDR438W	S	S	S	P	P	P	P	S	P	P	P	P	P	P	P	P	P	P	P	P
YMR244C-A	S	S	S	S	S	S	S	S	S	S	S	S	P	P	P	P	P	P	P	P
YNL306W	S	S	S	S	S	S	S	S	S	S	S	S	P	P	P	P	P	P	P	P
YIL146C	S	S	S	D	S	S	S	S	S	S	S	S	P	P	P	P	P	P	P	P
YCL040W	P	P	P	P	P	P	P	P	P	P	P	P	P	P	P	P	P	P	P	P
YOR206W	P	P	P	S	S	S	S	S	S	S	S	S	P	P	P	P	P	P	P	P
YPL217C	S	S	S	S	S	S	S	S	S	S	S	S	P	P	P	P	L	P	P	P
YCL025C	P	P	S	P	P	P	P	P	P	P	P	P	P	P	P	P	P	P	P	P
YDR462W	S	S	S	S	S	S	S	S	S	S	S	S	P	P	P	P	P	P	P	P
YDR175C	S	S	S	S	S	S	S	S	S	S	S	S	P	P	P	P	P	P	P	P
YNL137C	S	S	S	S	S	S	S	S	S	S	S	S	P	P	P	P	P	P	P	P
YGL049C	P	S	P	P	P	P	P	P	P	P	P	P	P	P	P	P	L	P	P	P
YDR150W	S	S	S	S	S	S	S	S	S	S	S	S	P	P	P	P	P	P	P	P
YEL047C	P	P	P	P	P	P	P	P	P	P	P	P	P	P	P	P	P	P	P	P
YNL102W	S	S	S	S	S	S	S	S	S	S	S	S	P	P	P	P	P	P	P	P
YKL133C	S	S	P	S	S	P	P	P	P	P	P	P	P	P	P	P	L	P	P	P
YDL182W	S	S	S	P	P	P	S	P	P	P	P	P	P	P	P	P	P	P	P	P
YLR251W	D	S	S	S	S	S	S	S	S	S	S	S	L	P	P	P	P	P	P	P
YDR232W	S	S	S	S	S	S	S	S	S	S	S	S	P	P	P	P	P	P	P	P
YJL062W-A	S	S	S	S	S	S	S	S	S	S	S	S	P	P	P	P	P	P	P	P
YOR144C	S	S	S	S	S	S	S	S	S	S	S	S	P	P	P	P	P	P	P	P
YNL180C	S	S	S	P	P	S	P	P	S	S	S	S	P	P	P	P	P	P	P	P
YMR177W	S	S	P	P	P	P	P	P	P	P	P	P	P	P	P	P	P	P	P	P
YBR140C	P	P	S	P	P	P	P	P	P	P	P	P	P	P	P	P	P	P	P	P
YCR005C	S	S	P	S	S	S	P	P	P	P	P	P	P	P	P	P	P	P	P	P
YOR285W	S	S	S	S	S	S	P	S	S	S	S	S	P	P	P	P	P	P	P	P
YGR008C	S	S	S	S	S	S	P	S	P	P	P	P	P	P	P	P	P	P	P	P
YDR125C	S	S	S	S	P	P	P	P	P	P	P	P	P	P	P	P	P	P	P	P
YGL211W	S	S	S	S	S	S	S	S	S	S	S	S	P	P	P	P	P	P	P	P
YBL022C	S	S	S	S	S	S	S	S	S	S	S	S	P	P	P	P	P	P	P	P
YPR155C	S	S	D	S	S	S	S	S	S	S	S	S	P	P	P	P	P	P	P	P
YLR247C	S	S	S	S	S	S	S	S	S	S	S	S	P	P	P	P	L	P	P	P
YER183C	S	S	S	S	S	S	S	S	S	S	S	S	P	P	P	P	P	P	P	P
YDR197W	S	S	S	S	S	S	S	S	S	S	S	S	P	P	P	P	P	P	P	P
YNL315C	S	S	S	S	S	S	S	S	S	S	S	S	P	P	P	P	P	P	P	P
YEL059C-A	S	S	S	D	S	S	S	D	S	S	S	S	P	P	P	P	P	P	P	P
YOR215C	S	S	S	S	S	S	S	S	S	S	S	S	P	P	P	P	P	P	P	P
YDL015C	S	S	S	S	S	S	S	S	S	S	S	S	P	P	P	P	P	P	P	P
YOL095C	S	S	S	S	S	S	S	S	S	S	S	S	P	P	P	P	P	P	P	P
YDL181W	S	S	S	S	P	P	P	P	P	P	P	P	P	P	P	P	P	P	P	P
YHR005C-A	S	S	S	S	S	S	S	S	S	S	S	S	P	P	P	P	P	P	P	P
YCR071C	S	S	S	S	S	S	S	S	S	S	S	S	P	P	P	P	P	P	P	P
YGR181W	S	S	S	S	S	S	S	S	S	S	S	S	P	P	P	P	P	P	P	P
YNL284C	S	S	S	S	S	S	S	S	S	S	S	S	P	P	P	P	P	P	P	P
YGR082W	P	S	S	P	P	P	S	S	S	S	S	S	P	P	P	P	P	P	P	P
YMR083W	S	S	S	S	S	S	S	S	S	S	S	S	P	P	P	P	P	P	P	P
YNR040W	S	S	S	S	S	S	S	S	S	S	S	S	P	P	P	P	P	P	P	P
YJL133W	P	S	P	P	P	P	P	P	P	P	P	P	P	P	P	P	P	P	P	P
YFL011W	D	D	D	D	D	D	D	D	S	S	S	S	L	L	L	L	L	L	L	L
YDR191W	S	S	S	S	S	S	S	S	S	S	S	S	P	P	P	P	P	P	P	P
YBR179C	S	S	S	S	S	S	S	S	S	S	S	S	P	P	P	P	P	P	P	P
YOL038W	S	S	S	S	S	S	S	S	S	S	S	S	P	P	P	P	P	P	P	P
YJR100C	S	S	S	S	S	S	S	S	S	S	S	S	P	P	P	L	L	P	P	P
YDR470C	S	S	S	S	S	S	S	S	S	S	S	S	P	P	P	P	P	P	P	P
YPL059W	S	S	S	P	P	S	S	S	S	S	S	S	P	P	P	P	P	P	P	P
YPL218W	S	S	S	S	S	S	S	S	S	S	S	S	P	P	P	P	P	P	P	P
YBR227C	S	S	S	S	S	S	S	S	S	S	S	S	P	P	P	L	L	P	P	P
YMR224C	S	S	S	S	S	S	S	S	S	S	S	S	P	P	P	P	P	P	P	P
YAL019W	S	S	S	S	S	S	S	S	S	S	S	S	P	P	P	P	P	P	P	P
YHR117W	S	S	S	P	P	S	S	P	P	P	P	P	P	P	P	P	P	P	P	P
YBR244W	P	P	D	S	S	S	S	S	S	S	S	S	P	P	P	P	P	P	P	P
YFL018C	S	S	S	S	S	S	S	S	P	P	P	P	P	P	P	P	P	P	P	P
YBR238C	P	P	P	P	P	P	P	P	P	P	P	P	P	P	P	P	P	P	P	P
YMR059W	S	S	S	S	S	S	S	S	S	S	S	S	P	P	P	P	P	P	P	P
YDR505C	S	S	P	S	P	P	P	P	P	P	P	P	P	P	P	P	P	P	P	P
YDL045W-A	S	S	S	S	S	S	S	S	S	S	S	S	P	P	P	P	P	P	P	P
YKL032C	P	P	S	P	P	P	P	P	P	P	P	P	P	P	P	L	P	P	P	P
YBL080C	S	S	S	S	S	S	S	S	S	S	S	S	P	P	P	P	P	P	P	P
YNR055C	D	D	D	D	D	D	D	D	S	S	S	S	L	L	L	L	L	L	L	L
YKL094W	S	S	S	S	S	S	S	S	S	S	S	S	P	P	P	L	L	P	P	P
YIL148W	S	P	S	P	P	P	P	S	P	P	P	P	P	P	P	P	P	P	P	P
YLR424W	S	S	S	S	S	S	S	S	S	S	S	S	P	P	P	P	P	P	P	P
YFR039C	P	P	P	P	P	S	P	P	P	P	P	P	P	P	P	P	P	P	P	P
YGR183C	P	S	S	S	S	S	S	S	S	S	S	S	P	P	P	P	P	P	P	P
YBR091C	S	S	S	S	S	S	S	S	S	S	S	S	P	P	P	P	P	P	P	P
YIL016W	S	S	S	S	S	S	S	S	S	S	S	S	P	P	P	P	P	P	P	P
YML001W	S	S	S	S	S	S	S	S	S	S	S	S	P	P	P	P	P	P	P	P
YGR086C	S	S	P	P	P	P	S	P	S	S	S	S	P	P	P	P	P	P	P	P
YLR253W	S	S	S	S	S	S	S	S	S	S	S	S	P	P	P	P	P	P	P	P
YNR036C	S	S	S	S	S	S	S	S	S	S	S	S	P	P	P	P	P	P	P	P
YGR098C	S	S	S	S	S	S	S	S	S	S	S	S	P	P	P	P	L	P	P	P
YLR390W-A	S	S	S	S	S	S	S	S	S	S	S	S	P	P	P	P	P	P	P	P
YNL304W	S	S	S	S	S	S	S	S	S	S	S	S	P	P	P	P	P	P	P	P
YNL310C	S	S	S	S	S	S	S	S	S	S	S	S	P	P	P	P	P	P	P	P
YDR061W	S	S	S	S	S	S	S	S	S	S	S	S	P	P	P	L	P	P	P	P
YJR085C	D	D	D	S	S	S	S	S	S	S	S	S	P	P	P	P	P	P	P	P
YBR229C	S	S	S	S	S	S	S	S	S	S	S	S	P	P	P	P	P	P	P	P
YJL133W	P	S	P	P	P	P	P	P	P	P	P	P	P	P	P	P	P	P	P	P
YPL091W	P	S	S	S	S	S	S	S	S	S	S	S	P	P	P	P	P	P	P	P
YHR047C	S	P	D	S	P	P	P	P	P	S	P	P	P	P	P	P	P	P	P	P
YOR227W	S	S	S	P	P	P	P	P	P	P	P	P	P	P	P	P	P	P	P	P
YOR274W	S	S	S	S	S	S	S	S	S	S	S	S	P	P	P	P	P	P	P	P
YJR039W	S	S	S	S	S	S	S	S	S	S	S	S	P	P	L	P	P	P	P	P
YKR087C	S	S	S	S	S	S	S	S	S	S	S	S	P	P	P	L	P	P	P	P
YBR150C	S	S	P	P	P	P	P	P	P	P	P	P	L	P	P	L	L	P	P	P
YNR041C	S	S	S	S	S	S	S	S	S	S	S	S	P	P	P	P	P	P	P	P
YML129C	S	S	S	S	S	S	S	S	S	S	S	S	P	P	P	P	P	L	P	P
YGL256W	D	D	D	D	D	D	D	D	S	S	S	S	L	L	L	L	L	L	L	L
YIL139C	S	S	S	S	S	S	S	S	S	S	S	S	P	P	P	P	P	P	P	P
YFL042C	P	P	P	P	P	P	P	P	P	P	P	P	P	P	P	P	L	P	P	P
YLR069C	S	S	S	S	S	S	S	S	S	S	S	S	P	P	P	P	P	P	P	P
YKL070W	D	D	D	D	D	D	D	D	D	D	D	S	L	L	L	L	L	L	L	L
YLR008C	S	S	S	S	S	S	S	S	S	S	S	S	P	P	P	P	P	P	P	P
YML030W	S	S	S	S	S	S	S	S	S	S	S	S	P	P	P	P	P	P	P	P
YKL141W	S	S	S	S	S	P	P	S	P	P	P	P	P	P	P	P	P	P	P	P
YIL065C	S	S	S	S	S	S	S	S	S	S	S	S	P	P	P	P	P	P	P	P
YOL053W	S	S	S	S	S	S	D	S	S	S	S	S	P	P	P	P	P	P	P	P
YPR067W	S	S	S	P	P	P	S	S	S	S	S	S	P	P	P	P	P	P	P	P
YIL098C	S	S	D	S	S	S	D	S	S	S	S	S	P	P	P	P	P	P	P	P
YDR178W	S	S	S	S	S	P	P	S	P	P	P	P	P	P	P	P	P	P	P	P
YHR003C	S	S	S	S	S	S	S	S	P	P	P	P	P	P	P	P	P	P	P	P
YNL026W	S	S	S	S	P	S	S	S	S	S	S	S	P	P	P	P	P	P	P	P
YLL036C	S	S	S	S	S	S	S	S	S	S	S	S	P	P	P	P	P	P	P	P
YJR098C	S	S	S	S	S	S	S	S	S	S	S	S	P	P	P	L	L	P	P	P
YHL032C	S	S	S	S	S	S	S	S	S	S	S	S	P	P	P	P	P	P	P	P
YNL104C	S	S	S	S	S	P	S	P	P	P	P	P	P	P	P	P	P	P	P	P
YDL066W	S	S	S	S	S	S	S	S	S	S	S	S	P	P	P	P	P	P	P	P
YBL107C	S	S	S	S	S	S	S	S	S	S	S	S	P	P	P	P	P	P	P	P
YBR097W	S	S	S	S	S	S	S	S	S	S	S	S	P	P	P	P	P	P	P	P
YDR493W	S	S	S	S	S	S	S	S	S	S	S	S	P	P	P	P	L	P	P	P
YNL169C	S	P	P	S	S	S	S	S	S	S	S	S	P	P	P	P	P	P	P	P
YBR136W	S	S	S	S	S	S	S	S	S	S	S	S	P	P	P	P	L	P	P	P
YNL268W	S	S	S	S	S	S	D	S	S	S	S	S	P	P	P	P	P	P	P	P
YEL034W	S	P	S	P	P	P	P	P	P	P	P	P	P	P	P	P	P	P	P	P
YHR031C	S	S	S	S	S	S	S	S	S	S	S	S	P	P	P	P	P	P	P	P
YLL060C	D	D	D	D	D	D	D	D	S	D	D	S	L	L	L	L	L	L	L	L
YBR039W	S	S	S	S	S	S	S	S	S	S	S	S	P	P	P	P	P	P	P	P
YDL182W	S	S	S	P	P	P	S	P	P	P	P	P	P	P	P	P	P	P	P	P
YER069W	P	S	P	S	S	S	S	S	S	S	S	S	P	P	P	P	P	P	P	P
YAL048C	S	S	S	S	P	S	S	S	S	S	S	S	P	P	P	P	P	P	P	P
YKL087C	S	S	S	S	S	S	D	S	S	S	S	S	P	P	P	P	P	P	P	P
YOR271C	S	S	S	S	S	S	S	S	S	S	S	S	P	P	P	P	P	P	P	P
YGR260W	S	S	S	P	S	S	S	S	S	S	S	S	L	P	P	P	L	P	L	L
YPL270W	S	S	S	S	S	S	S	S	S	S	S	S	P	P	P	P	P	P	P	P
YIR004W	S	S	P	S	S	S	S	S	S	S	S	S	P	P	P	P	P	P	P	P
YGR032W	P	P	P	P	P	P	P	P	P	P	P	P	P	P	P	P	P	P	P	P
YGR159C	S	S	S	S	S	S	S	S	S	S	S	S	P	P	P	P	P	P	P	P
YBR026C	S	S	S	S	S	S	S	S	S	S	S	S	P	P	P	P	P	P	P	P
YNL104C	S	S	S	S	S	P	S	P	P	P	P	P	P	P	P	P	P	P	P	P
YIL136W	S	S	S	S	S	S	S	S	S	S	S	S	P	P	P	P	P	P	P	P
YBR177C	S	S	P	S	S	D	S	S	P	P	P	P	P	P	P	P	P	P	P	P
YBR104W	P	P	P	P	P	P	P	P	P	P	P	P	P	P	P	L	L	P	P	P
YBR176W	S	S	S	S	S	S	S	S	S	S	S	S	P	P	P	P	P	P	P	P
YPL004C	S	S	P	S	S	S	S	S	S	S	S	S	P	P	P	P	P	P	P	P
YGR021W	S	S	S	S	S	S	S	S	S	S	S	S	P	P	P	P	P	P	P	P
YKR085C	S	S	S	S	S	S	S	S	S	S	S	S	P	P	P	P	P	P	P	P
YLR304C	S	S	S	S	S	S	P	S	S	S	S	S	P	P	P	P	P	P	P	P
YKL217W	D	D	D	D	D	D	D	D	S	S	S	S	L	L	L	L	L	L	L	L
YNR045W	S	S	S	S	S	S	S	S	S	S	S	S	P	P	P	P	P	P	P	P
YML091C	S	S	P	S	S	S	S	S	S	S	S	S	P	P	P	P	P	P	P	P
YNR051C	S	S	S	S	S	S	S	S	S	S	S	S	P	P	P	P	P	P	P	P
YDL086W	S	S	D	S	D	S	S	S	S	S	S	S	P	P	P	P	P	P	P	P
YDR353W	P	P	S	P	P	S	S	P	P	P	P	P	P	P	P	P	P	P	P	P
YHR186C	S	S	S	S	S	S	S	S	S	S	S	S	P	P	P	P	L	P	P	P
YMR286W	S	S	S	S	S	S	S	S	S	S	S	S	P	P	P	P	P	P	P	P
YBR241C	S	S	S	P	P	P	S	S	P	P	P	P	P	P	P	P	P	P	P	P
YDR077W	D	D	P	S	S	P	P	P	P	P	P	P	P	P	P	P	P	P	P	P
YDR381C-A	S	S	S	S	S	S	S	S	S	S	S	S	P	P	P	P	P	P	P	P
YGR131W	S	S	P	P	P	P	P	P	P	P	P	P	P	P	P	P	P	P	P	P
YEL039C	S	S	S	P	P	P	S	S	P	P	P	P	P	P	P	P	P	P	P	P
YPL172C	S	S	S	S	S	S	S	S	S	S	S	S	P	P	P	P	P	P	P	P
YDR036C	S	S	S	S	S	S	S	S	S	S	S	S	P	P	P	P	P	P	P	P
YCR005C	S	S	P	S	S	S	P	P	P	P	P	P	P	P	P	P	P	P	P	P
YBR044C	S	S	S	S	S	S	S	S	S	S	S	S	P	P	P	P	P	P	P	P
YCL035C	P	P	P	P	P	P	S	S	P	P	P	P	P	P	P	P	P	P	P	P
YAL062W	S	S	S	S	S	S	S	S	P	P	P	P	P	P	P	L	L	P	P	P
YDR487C	S	S	S	S	S	S	P	S	S	S	S	S	P	P	P	P	P	P	P	P
YPR134W	D	S	D	S	S	S	S	S	S	S	S	S	P	P	P	L	P	P	P	P
YJL099W	S	S	S	P	P	S	S	S	P	P	P	P	P	P	P	P	P	P	P	P
YGR192C	S	S	P	P	P	S	P	S	P	P	P	P	P	P	P	L	L	P	P	P
YKL081W	S	S	S	S	S	S	S	S	S	S	S	S	P	P	P	P	P	P	P	P
YGR029W	S	S	S	S	P	P	P	S	S	S	S	S	P	P	P	P	P	P	P	P
YGL125W	S	S	S	S	S	S	S	S	S	S	S	S	P	P	P	P	P	P	P	P
YJR135W-A	S	S	S	S	S	S	S	S	S	S	S	S	P	P	P	P	P	P	P	P
YGR008C	S	S	S	S	S	S	P	S	P	P	P	P	P	P	P	P	P	P	P	P
YNL003C	S	S	S	S	S	S	S	S	S	S	S	S	P	P	P	P	P	P	P	P
YEL030W	P	S	S	S	S	S	S	P	P	P	P	P	P	P	P	P	P	P	P	P
YDR204W	S	S	S	S	S	S	S	S	S	S	S	S	P	P	P	P	P	P	P	P
YHR002W	S	S	S	S	S	S	S	S	S	S	S	S	P	P	P	P	P	P	P	P
YBR084W	S	S	S	S	S	S	S	S	S	S	S	S	P	P	P	P	P	P	P	P
YFL046W	S	S	S	S	S	S	S	S	S	S	S	S	P	P	P	P	P	P	P	P
YOR048C	S	S	S	S	S	S	S	S	S	S	S	S	P	P	P	P	P	P	P	P
YML133C	D	D	D	D	D	D	D	D	D	D	D	S	L	L	L	L	L	L	L	L
YDL044C	S	S	S	S	S	S	S	S	S	S	S	S	P	P	P	P	P	P	P	P
YDR111C	P	P	P	P	P	P	P	S	P	P	P	P	P	P	P	P	P	P	P	P
YBL030C	S	S	S	P	P	S	S	S	P	P	P	P	P	P	P	P	P	P	P	P
YOR227W	S	S	S	P	P	P	P	P	P	P	P	P	P	P	P	P	P	P	P	P
YGL071W	S	S	S	P	P	P	P	P	P	P	P	P	P	P	P	P	P	P	P	P
YLR190W	P	P	P	P	P	S	S	S	S	S	S	S	P	P	P	P	P	P	P	P
YIL134W	S	S	S	S	S	S	S	S	S	S	S	S	P	P	P	P	P	P	P	P
YDR377W	S	S	S	S	S	S	S	S	S	S	S	S	P	P	P	P	P	P	P	P
YKR001C	S	S	S	S	S	S	S	S	S	S	S	S	P	P	P	P	P	P	P	P
YAR035W	S	S	S	S	S	S	S	P	P	P	S	S	P	P	P	P	P	P	L	L
YMR065W	S	S	S	S	S	S	S	S	S	S	S	S	P	P	P	P	P	P	P	P
YMR098C	S	S	S	S	S	S	S	S	S	S	S	S	P	P	P	P	P	P	P	P
YMR302C	S	S	S	S	S	S	S	S	S	S	S	S	P	P	P	P	L	P	P	P
YDR219C	S	S	D	S	S	S	S	S	S	S	S	S	P	P	P	P	P	P	P	P
YGR031W	S	S	S	S	S	S	S	S	S	S	S	S	P	P	P	P	L	P	P	P
YGR035C	S	S	D	D	S	D	D	S	P	P	P	P	P	P	L	L	L	L	L	L
YML060W	S	S	S	S	S	S	S	S	S	S	S	S	P	P	P	P	L	P	P	P
YBL098W	S	S	D	D	D	D	D	D	S	S	S	S	P	P	L	P	P	P	P	P
YCR083W	S	S	S	S	S	S	S	S	S	S	S	S	P	P	P	P	P	P	P	P
YGL084C	S	S	S	S	S	S	P	S	P	P	P	P	P	P	P	P	P	P	P	P
YLR077W	S	S	S	S	S	S	S	S	S	S	S	S	P	P	P	P	P	P	P	P
YOR251C	S	S	S	S	S	S	S	S	S	S	S	S	P	P	P	P	P	P	P	P
YPL097W	S	S	S	S	S	S	S	S	S	S	S	S	P	P	P	P	P	P	P	P
YOR130C	S	S	S	P	P	P	D	S	S	S	S	S	P	P	P	P	P	P	P	P
YMR167W	S	S	S	S	S	S	S	S	S	S	S	S	P	P	P	P	P	P	P	P
YNL213C	S	S	S	S	S	S	S	S	S	S	S	S	P	P	P	P	P	P	P	P
YIL114C	S	S	S	S	S	P	P	P	P	P	P	P	P	P	P	P	P	P	P	P
YGR084C	S	S	S	S	S	S	S	S	S	S	S	S	P	P	P	P	P	P	P	P
YAL010C	S	S	S	S	S	S	S	S	S	S	S	S	P	P	P	P	P	P	P	P
YHR100C	S	S	S	S	S	P	S	S	S	S	S	S	P	P	P	P	P	P	P	P
YDL119C	S	S	S	S	S	S	S	S	S	S	S	S	P	P	P	P	P	P	P	P
YFR049W	S	S	S	S	S	S	S	S	S	S	S	S	P	P	P	P	P	P	P	P
YER141W	S	S	S	S	S	S	S	S	S	S	S	S	P	P	P	P	P	P	P	P
YHR135C	S	S	S	P	P	P	P	P	P	P	P	P	P	P	P	P	L	P	P	P
YKL138C	S	S	S	S	S	S	S	S	S	S	S	S	P	P	P	P	P	P	P	P
YOR266W	S	S	S	S	S	S	S	S	S	S	S	S	P	P	P	P	P	P	P	P
YDR343C	D	D	S	P	P	S	D	P	P	P	P	P	L	P	L	P	P	P	P	P
YJR060W	S	S	S	S	S	S	S	S	S	S	S	S	P	P	P	P	P	P	P	P
YPR004C	S	S	S	S	S	S	S	S	S	S	S	S	P	P	P	P	P	P	P	P
YBR118W	P	P	P	P	P	P	P	P	P	P	P	P	P	P	P	P	P	P	P	P
YOR004W	S	S	S	S	S	S	S	S	S	S	S	S	P	P	P	P	P	P	P	P
YPR100W	D	S	S	S	S	S	S	S	S	S	S	S	P	P	P	P	P	P	P	P
YCL004W	S	S	S	S	S	S	S	S	S	S	S	S	P	P	P	P	P	P	P	P
YDR316W	S	S	S	S	S	S	S	S	S	S	S	S	P	P	P	P	P	P	P	P
YPR033C	S	S	S	S	S	S	S	S	S	S	S	S	P	P	P	P	P	P	P	P
YDL142C	S	S	S	S	S	S	S	S	S	S	S	S	P	P	P	P	P	P	P	P
YGL240W	S	S	S	S	S	S	S	S	S	S	S	S	P	P	P	P	P	P	P	P
YPR151C	S	S	S	S	S	S	S	S	S	S	S	S	P	P	P	P	P	P	P	P
YHR086W	S	S	P	S	S	S	S	S	S	S	S	S	P	P	P	P	P	P	P	P
YFR044C	S	S	S	S	S	S	S	S	S	S	S	S	P	P	P	P	L	P	P	P
YER170W	S	S	S	S	S	S	S	S	S	S	S	S	P	P	P	P	P	P	P	P
YKL073W	P	P	S	S	S	S	S	S	S	S	S	S	P	P	P	P	P	P	P	P
YKR006C	S	S	S	S	S	S	S	S	S	S	S	S	P	P	P	P	P	P	P	P
YDR050C	S	S	S	S	S	S	S	S	S	S	S	S	P	P	P	P	P	P	P	P
YNL122C	S	S	S	S	S	S	S	S	S	S	S	S	P	P	P	P	P	P	P	P
YML021C	S	S	S	S	S	S	S	S	S	S	S	S	P	P	P	P	P	P	P	P
YER132C	P	P	P	P	P	P	P	P	P	P	P	P	P	P	P	P	P	P	P	P
YCL057W	S	S	S	S	S	S	S	S	S	S	S	S	P	L	P	P	L	P	L	L
YER080W	S	S	S	S	S	S	S	S	S	S	S	S	P	P	P	P	P	P	P	P
YIL149C	P	P	S	P	P	P	P	S	P	P	P	P	P	P	P	P	P	P	P	P
YOR330C	S	S	S	S	S	S	S	S	S	S	S	S	P	P	P	P	P	P	P	P
YPL155C	S	S	S	D	S	S	S	S	S	S	S	S	P	P	P	P	P	P	P	P
YGL169W	S	S	S	S	S	S	S	S	S	S	S	S	P	P	P	P	P	P	P	P
YBR147W	S	S	S	P	P	P	S	P	P	P	P	P	P	P	P	P	P	P	P	P
YMR157C	S	S	S	S	S	S	S	S	S	S	S	S	P	P	P	P	P	P	P	P
YMR110C	S	P	S	S	S	S	S	S	S	S	S	S	L	P	P	L	L	P	P	P
YDR065W	S	S	S	S	S	S	S	S	S	S	S	S	P	P	P	P	P	P	P	P
YHR024C	S	S	S	S	S	S	S	S	S	S	S	S	P	P	P	P	P	P	P	P
YJL116C	S	S	P	P	P	P	P	P	P	P	P	P	P	P	P	P	P	P	P	P
YOR142W	S	S	S	S	S	S	S	S	S	S	S	S	P	P	P	P	P	P	P	P
YGR296W	D	D	D	D	D	D	D	D	D	D	D	S	L	L	L	L	L	L	L	L
YPR002W	S	S	S	S	S	S	S	S	S	S	S	S	P	P	P	P	P	P	L	L
YDL004W	S	S	S	S	S	S	S	S	S	S	S	S	P	P	P	P	P	P	P	P
YBL088C	S	S	S	S	S	S	S	S	S	S	S	S	P	P	P	P	L	P	P	P
YBL064C	D	D	D	S	S	D	D	S	S	S	S	S	P	P	P	P	P	P	P	P
YDL171C	S	S	S	S	S	S	D	S	S	S	S	S	P	P	P	P	P	P	P	P
YOR017W	S	S	D	S	S	S	S	S	S	S	S	S	P	P	P	P	P	P	P	P
YMR097C	S	S	S	S	S	S	S	S	S	S	S	S	P	P	P	P	P	P	P	P
YHR059W	S	S	S	S	S	S	S	S	S	S	S	S	P	P	P	P	P	P	P	P
YER115C	S	D	S	D	S	D	S	S	S	S	S	S	P	P	P	P	P	P	P	P
YGL068W	S	S	S	S	S	S	S	S	S	S	S	S	P	P	P	P	P	P	P	P
YKL155C	S	S	S	S	S	S	S	S	S	S	S	S	P	P	P	P	P	P	P	P
YMR064W	S	S	D	S	S	S	S	S	S	S	S	S	P	P	P	P	L	P	P	P
YDR115W	S	S	S	S	S	S	S	S	S	S	S	S	P	P	P	P	P	P	P	P
YDL232W	S	S	S	D	S	S	P	S	S	S	S	S	P	P	P	P	P	P	P	P
YOR298C-A	S	S	S	S	S	S	P	S	S	S	S	S	P	P	P	P	P	P	P	P
YJL060W	S	S	D	S	S	S	S	S	S	S	S	S	P	P	P	P	P	P	P	P
YBR047W	D	D	D	D	S	S	S	S	S	S	S	S	P	P	P	L	P	P	P	L
YER076C	D	D	D	D	D	D	D	D	D	S	D	S	L	L	L	L	L	L	L	L
YBR238C	P	P	P	P	P	P	P	P	P	P	P	P	P	P	P	P	P	P	P	P
YOR346W	S	S	S	S	S	S	S	S	S	S	S	S	P	P	P	P	P	P	P	P
YGL018C	S	S	S	S	S	S	S	S	S	S	S	S	P	P	P	P	P	P	P	P
YKR079C	S	S	P	S	S	S	S	S	S	S	S	S	P	P	P	P	P	P	P	P
YNL052W	S	S	S	S	S	S	S	S	P	P	P	P	P	P	P	P	P	P	P	P
YHR003C	S	S	S	S	S	S	S	S	P	P	P	P	P	P	P	P	P	P	P	P
YKL050C	S	S	P	P	P	P	P	S	P	P	P	P	P	P	P	P	P	P	P	P
YMR066W	S	S	S	S	S	S	S	S	S	S	S	S	P	P	P	P	P	P	P	P
YDL033C	S	S	S	S	S	S	S	S	S	S	S	S	P	P	P	P	P	P	P	P
YBR230C	S	D	S	D	S	S	S	S	S	S	S	S	P	P	P	P	P	P	P	P
YOR350C	D	S	D	S	S	S	S	S	S	S	S	S	P	P	P	L	L	P	P	P
YLL006W	S	S	S	S	S	S	S	S	S	S	S	S	P	P	P	P	P	P	P	P
YOR196C	S	S	S	S	S	S	S	S	S	S	S	S	P	P	P	P	P	P	P	P
YDR326C	S	S	P	P	P	P	P	P	P	P	P	P	P	P	P	P	P	P	P	P
YPR006C	S	S	S	S	S	S	S	S	S	S	S	S	P	P	P	P	L	P	L	L
YKL084W	S	S	D	S	S	S	S	D	S	S	S	S	P	P	P	L	P	P	P	P
YMR232W	S	S	S	S	S	S	S	S	S	S	S	S	P	P	P	P	P	P	P	P
YEL052W	S	S	S	S	S	S	S	S	S	S	S	S	P	P	P	P	P	P	P	P
YKL207W	S	S	S	S	S	S	S	S	S	S	S	S	P	P	P	P	P	P	P	P
YDR450W	S	P	S	P	P	P	P	S	P	P	P	P	P	P	P	P	P	P	P	P
YPR113W	S	P	S	S	S	S	S	S	S	S	S	S	P	P	P	P	P	P	P	P
YGR266W	S	S	S	S	S	D	S	S	S	S	S	S	P	P	P	L	L	P	P	P
YPR020W	S	S	S	S	S	S	S	S	S	S	S	S	P	P	P	P	P	P	P	P
YNL195C	S	S	S	P	P	P	P	P	P	P	P	P	P	P	P	L	L	P	P	P
YDR236C	S	S	S	S	S	S	S	S	S	S	S	S	P	P	P	P	P	P	P	P
YDR011W	P	P	P	S	S	S	S	S	D	S	S	S	P	P	P	P	P	P	P	P
YDR155C	S	S	S	S	S	S	S	S	S	S	S	S	P	P	P	P	P	P	P	P
YER039C	P	P	S	P	P	S	S	S	P	P	P	P	P	P	P	P	P	P	P	P
YGL120C	S	S	S	S	S	S	S	S	S	S	S	S	P	P	P	P	P	P	P	P
YLL001W	S	S	S	S	S	S	S	S	S	S	S	S	P	P	P	P	P	P	P	P
YKR066C	S	S	S	S	S	S	S	S	S	S	S	S	P	P	P	L	L	P	P	P
YJR148W	P	P	P	P	P	P	P	P	P	P	P	P	P	P	P	P	P	P	P	P
YDR125C	S	S	S	S	P	P	P	P	P	P	P	P	P	P	P	P	P	P	P	P
YPL107W	S	S	S	S	S	S	S	S	S	S	S	S	P	P	P	P	P	P	P	P
YIL105C	S	P	P	S	S	P	P	P	P	P	P	P	P	P	P	P	P	P	P	P
YJL171C	P	S	P	S	S	S	S	S	S	S	S	S	L	P	P	P	P	P	P	P
YMR211W	S	S	S	S	S	S	S	S	S	S	S	S	P	P	P	P	P	P	P	P
YLR256W	P	P	P	S	S	S	S	P	S	S	S	S	P	P	P	P	P	P	P	P
YDL104C	S	S	S	S	S	S	S	S	S	S	S	S	P	P	P	P	P	P	P	P
YLR174W	S	S	S	P	P	P	P	P	P	P	P	P	P	P	P	P	P	P	P	P
YDL149W	S	S	S	S	S	S	S	S	S	S	S	S	P	P	P	P	P	P	P	P
YDR231C	S	S	S	S	S	S	S	S	S	S	S	S	P	P	P	P	P	P	P	P
YOL042W	S	S	S	S	S	S	S	S	S	S	S	S	P	P	P	P	P	P	P	P
YML078W	S	S	S	S	S	S	S	S	S	S	S	S	P	L	P	P	P	P	P	P
YMR243C	S	S	S	P	P	P	P	S	P	P	P	P	P	P	P	P	P	P	P	P
YCR032W	S	S	S	S	S	S	S	S	S	S	S	S	P	P	P	P	P	P	P	P
YIL070C	S	S	S	S	S	S	S	S	S	S	S	S	P	P	P	P	P	P	P	L
YMR203W	S	S	S	S	S	S	S	S	S	S	S	S	P	P	P	P	P	P	P	P
YNL295W	S	S	S	S	S	S	S	S	S	S	S	S	P	P	P	P	P	P	P	P
YJL045W	S	S	S	S	S	S	S	S	P	P	P	P	P	P	P	P	P	P	P	P
YMR089C	S	S	S	S	S	S	S	S	S	S	S	S	P	P	P	P	P	P	P	P
YDR096W	S	S	P	S	S	P	P	P	P	P	P	P	P	P	P	P	P	P	P	P
YNL071W	S	S	S	S	S	S	S	S	S	S	S	S	P	P	P	P	P	P	P	P
YLR368W	S	S	S	S	S	S	S	S	S	S	S	S	P	P	P	P	P	P	P	P
YGR255C	S	S	S	S	S	S	S	S	S	S	S	S	P	P	P	P	P	P	P	P
YLR393W	S	S	S	S	S	S	S	S	S	S	S	S	P	P	P	P	P	P	P	P
YDL022W	P	P	P	P	P	P	P	P	P	P	P	P	P	P	P	P	P	P	P	P
YHL021C	D	D	D	D	D	S	S	S	S	S	S	S	P	P	P	P	P	P	P	P
YCR079W	S	S	S	S	S	S	S	S	S	S	S	S	P	P	P	P	P	P	P	P
YJR080C	S	S	S	S	S	S	S	S	S	S	S	S	P	P	P	P	P	P	P	P
YOR070C	S	S	S	S	S	S	S	S	S	S	S	S	P	P	P	P	P	P	P	P
YJL104W	S	S	S	S	S	S	S	S	S	S	S	S	P	P	P	P	P	P	P	P
YER178W	S	S	S	S	S	S	S	S	S	S	S	S	P	P	P	P	P	P	P	P
YLR099W-A	S	S	S	S	S	S	S	S	S	S	S	S	P	P	P	P	P	P	P	P
YPL196W	S	S	S	S	S	S	S	S	S	S	S	S	P	P	P	P	P	P	P	P
YGR091W	S	S	S	S	S	S	S	S	S	S	S	S	P	P	P	P	P	P	P	P
YPL061W	D	D	D	S	S	S	S	S	S	S	S	S	L	P	P	L	L	L	P	P
YDL140C	S	S	S	S	S	S	S	S	S	S	S	S	P	P	P	P	P	P	P	P
YDR120C	S	S	S	S	S	S	S	S	S	S	S	S	P	P	P	P	P	P	P	P
YJR034W	S	S	S	S	S	S	S	S	S	S	S	S	P	P	P	P	P	P	P	P
YJR019C	S	S	S	S	S	S	S	S	S	S	S	S	P	P	P	P	P	P	P	P
YBL059C-A	S	S	S	S	S	S	S	S	S	S	S	S	P	P	P	P	P	P	P	P
YPL186C	S	S	S	S	S	S	S	S	S	S	S	S	P	P	P	L	L	P	P	P
YJL161W	D	D	D	D	D	D	D	D	S	S	S	S	P	P	P	L	L	P	P	P
YGL136C	S	S	S	S	S	S	S	S	S	S	S	S	P	P	P	P	P	P	P	P
YBR284W	S	S	S	P	P	S	S	S	P	P	P	P	P	P	L	P	L	P	P	P
YER057C	P	P	P	P	P	P	P	S	P	P	P	P	P	P	P	P	L	P	P	P
YGL129C	S	S	S	S	S	S	S	S	S	S	S	S	P	P	P	P	P	P	P	P
YLR419W	S	S	S	S	S	S	S	S	S	S	S	S	P	P	P	P	P	P	P	P
YNR070W	D	D	D	D	D	D	D	D	D	S	S	S	L	L	L	L	L	L	L	L
YGL020C	S	S	S	S	S	S	S	S	S	S	S	S	P	P	P	P	P	P	P	P
YNL305C	S	S	S	S	S	S	S	S	S	S	S	S	P	P	P	L	L	P	P	P
YAL046C	S	S	S	S	S	S	S	S	S	S	S	S	P	P	P	P	P	P	P	P
YJR010W	S	S	S	S	S	S	S	S	S	S	S	S	P	P	P	P	P	P	P	P
YDR405W	S	S	S	S	S	D	S	S	S	S	S	S	P	P	P	P	P	P	P	P
YDL157C	S	S	S	S	S	S	S	S	S	S	S	S	P	P	P	P	P	P	P	P
YJR144W	S	S	S	S	S	S	S	S	S	S	S	S	P	P	P	P	P	P	P	P
YFL018C	S	S	S	S	S	S	S	S	P	P	P	P	P	P	P	P	P	P	P	P
YHL004W	S	S	S	S	S	S	S	S	S	S	S	S	P	P	P	P	P	P	P	P
YNL063W	S	S	S	S	S	S	S	S	S	S	S	S	P	P	P	P	P	P	P	P
YBL038W	S	S	S	S	S	S	S	S	S	S	S	S	P	P	P	P	P	P	P	P
YOR188W	P	P	P	S	S	S	S	S	S	S	S	S	P	P	P	P	P	P	P	P
YBR081C	S	S	S	S	S	S	S	S	S	S	S	S	P	P	P	P	L	P	P	P
YJR066W	S	S	S	P	P	P	P	P	P	P	P	P	P	P	P	P	P	P	P	P
YCR010C	S	P	P	P	P	P	P	P	P	P	P	P	P	P	P	P	P	P	L	L
YNL036W	S	S	S	S	S	S	S	S	S	S	S	S	P	P	P	P	P	P	P	P
YOL071W	S	S	S	S	S	S	S	S	S	S	S	S	P	P	P	P	P	P	P	P
YNR058W	D	D	D	D	D	D	D	D	S	S	S	S	L	L	P	L	L	P	P	P
YCR046C	S	S	S	S	S	S	S	S	S	S	S	S	P	P	P	P	P	P	P	P
YKL133C	S	S	P	S	S	P	P	P	P	P	P	P	P	P	P	P	L	P	P	P
YGR110W	S	S	S	S	S	S	S	S	S	S	S	S	P	P	P	P	P	P	P	P
YPR024W	P	S	S	P	S	S	S	S	S	S	S	S	P	P	P	P	P	P	P	P
YFR011C	S	S	S	S	S	S	S	S	S	S	S	S	P	P	P	P	P	P	P	P
YLR370C	S	S	S	S	S	S	S	S	S	S	S	S	P	P	P	P	P	P	P	P
YOL025W	S	S	S	S	S	S	S	S	S	S	S	S	P	P	P	L	L	P	P	P
YJL052W	D	D	D	D	D	D	D	D	S	S	S	S	L	L	L	L	L	L	L	L
YBR146W	S	S	S	S	S	S	S	S	S	S	S	S	P	P	P	P	P	P	P	P
YGL226W	S	S	D	S	S	S	S	S	S	S	S	S	P	P	P	P	P	P	P	P
YLR289W	S	S	S	S	S	S	S	S	S	S	S	S	P	P	P	P	P	P	P	P
YPR191W	S	S	S	S	S	S	S	S	S	S	S	S	P	P	P	P	P	P	P	P
YGL151W	S	S	S	S	S	S	S	S	S	S	S	S	P	P	P	P	P	P	P	P
YMR246W	P	P	P	P	P	P	P	P	P	P	P	P	P	P	P	P	P	P	P	P
YGR101W	S	S	S	S	S	S	S	S	S	S	S	S	P	P	P	P	P	P	P	P
YDR196C	S	S	S	S	S	S	S	S	S	S	S	S	P	P	P	P	P	P	P	P
YBL059W	P	P	S	P	P	P	P	P	P	P	P	P	P	P	P	P	L	P	P	P
YDR116C	S	S	S	S	S	S	S	S	S	S	S	S	P	P	P	P	P	P	P	P
YDL230W	S	S	S	S	S	S	S	S	S	S	S	S	P	P	P	P	P	P	P	P
YDR093W	S	S	P	P	P	P	P	P	P	P	P	P	P	P	P	P	P	P	P	P
YOR211C	S	S	S	S	S	S	S	S	S	S	S	S	P	P	P	P	P	P	P	P
YHL014C	S	S	D	S	S	S	D	S	S	S	S	S	P	P	P	P	P	P	P	P
YDR322W	S	S	S	S	S	S	S	S	S	S	S	S	P	P	P	P	P	P	P	P
YER061C	S	S	S	S	S	S	S	S	S	S	S	S	P	P	P	P	P	P	P	P
YBR068C	P	P	P	P	P	P	P	P	P	P	P	P	P	L	L	P	P	P	P	P
YDL248W	D	D	D	D	D	D	D	D	D	D	D	S	L	L	L	L	L	L	L	L
YPL063W	S	S	S	S	S	S	S	S	S	S	S	S	P	P	P	P	P	P	P	P
YHR198C	D	D	D	D	D	D	D	D	S	S	S	S	L	L	L	L	L	L	L	L
YOR191W	S	S	S	S	S	S	S	S	S	S	S	S	P	P	P	P	P	P	P	P
YNL211C	S	S	S	S	S	S	S	S	S	S	S	S	P	P	P	P	P	P	P	P
YGL230C	S	D	D	S	S	D	D	D	S	S	S	S	P	P	L	L	L	P	P	P
YGR096W	S	S	S	S	S	S	S	S	S	S	S	S	P	P	P	P	P	P	P	P
YIL022W	S	S	S	S	S	S	S	S	S	S	S	S	P	P	P	P	P	P	P	P
YKL113C	S	S	S	S	S	S	S	S	S	S	S	S	P	P	P	P	P	P	P	P
YGR112W	S	S	S	S	S	S	S	S	S	S	S	S	P	P	P	P	P	P	P	P
YAL015C	S	S	S	S	S	S	S	P	P	P	P	P	P	P	P	P	P	P	P	P
YDR019C	S	S	S	S	S	S	S	S	S	S	S	S	P	P	P	L	L	P	P	P
YHR011W	S	S	S	S	S	S	S	S	S	S	S	S	P	P	P	P	P	P	P	P
YML008C	S	S	S	S	S	S	S	S	S	S	S	S	P	P	P	P	P	P	P	P
YNR074C	D	D	D	D	D	D	D	D	D	D	D	S	L	L	L	L	L	L	L	L
YLR193C	S	S	S	S	S	S	S	S	S	S	S	S	P	P	P	P	P	P	P	P
YKL213C	S	S	S	S	S	S	S	S	S	S	S	S	P	P	P	P	P	P	P	P
YDR477W	P	P	S	S	S	S	S	S	S	S	S	S	P	P	P	P	P	P	P	P
YER020W	S	S	S	S	S	S	S	S	S	S	S	S	P	P	P	P	P	P	P	P
YER125W	S	S	S	S	S	S	S	S	S	S	S	S	P	P	P	P	P	P	P	P
YCL036W	P	S	S	P	P	P	P	S	P	P	P	P	P	P	P	P	P	P	P	P
YOL114C	S	S	S	S	S	S	S	S	S	S	S	S	P	P	P	P	P	P	P	P
YPR166C	S	S	S	S	S	S	S	S	S	S	S	S	P	P	P	P	P	P	P	P
YHR190W	S	P	S	S	S	S	S	S	S	S	S	S	P	P	P	P	P	P	P	P
YKR063C	S	S	S	S	S	S	S	S	S	S	S	S	P	P	P	P	L	P	P	P
YJR095W	S	S	S	S	S	S	S	S	S	S	S	S	P	P	P	P	P	P	P	P
YPL231W	S	S	S	S	S	S	S	S	S	S	S	S	P	P	P	P	P	P	P	P
YDR296W	S	S	S	S	S	S	S	S	S	S	S	S	P	P	P	P	P	P	P	P
YPR025C	S	S	S	S	S	S	S	S	S	S	S	S	P	P	P	P	P	P	P	P
YPL098C	S	S	S	S	S	S	S	S	S	S	S	S	P	P	P	P	P	P	P	P
YBR118W	P	P	P	P	P	P	P	P	P	P	P	P	P	P	P	P	P	P	P	P
YFR024C-A	S	P	P	P	P	P	P	P	P	P	P	P	P	P	P	P	P	P	P	P
YDL022W	P	P	P	P	P	P	P	P	P	P	P	P	P	P	P	P	P	P	P	P
YBR163W	S	S	S	S	S	S	S	S	S	S	S	S	P	P	P	P	P	P	P	P
YGR094W	S	S	P	P	P	P	P	S	S	S	S	S	P	P	P	P	P	P	P	P
YBL013W	S	S	S	S	S	S	S	S	S	S	S	S	P	P	P	P	P	P	P	P
YMR207C	P	P	S	S	S	S	S	S	P	P	P	P	P	P	P	P	P	P	P	P
YFR045W	S	S	S	S	S	S	S	S	S	S	S	S	P	P	P	P	P	P	P	P
YGL008C	S	S	P	S	S	P	S	S	S	S	S	S	P	P	P	P	P	P	P	P
YKL134C	S	S	S	S	S	S	S	S	S	S	S	S	P	P	P	P	P	P	P	P
YHR117W	S	S	S	P	P	S	S	P	P	P	P	P	P	P	P	P	P	P	P	P
YER057C	P	P	P	P	P	P	P	S	P	P	P	P	P	P	P	P	L	P	P	P
YPR001W	S	S	D	S	S	S	S	S	S	S	S	S	P	P	P	P	L	P	L	L
YOR386W	D	D	D	D	D	D	D	D	D	S	D	S	L	L	P	L	L	P	P	P
YBL015W	S	S	S	S	S	S	S	S	S	S	S	S	P	P	P	P	P	P	P	P
YOL027C	S	S	P	S	S	S	S	S	S	S	S	S	P	P	P	P	P	P	P	P
YPR061C	S	P	P	S	S	S	S	S	S	S	S	S	P	P	P	P	P	P	P	P
YIR037W	D	D	S	D	S	S	S	S	P	P	P	P	L	L	L	L	L	L	L	L
YKL187C	S	S	S	P	P	P	P	P	P	P	P	P	L	P	P	P	P	P	P	P
YGL073W	S	S	S	S	S	S	S	S	S	S	S	S	P	P	P	P	P	P	P	P
YLR163C	S	S	S	S	S	S	S	S	S	S	S	S	P	P	P	P	P	P	P	P
YHR189W	S	S	D	S	S	S	S	S	S	S	S	S	P	P	P	P	P	P	P	P
YHR001W-A	S	S	S	S	S	S	S	S	S	S	S	S	P	P	P	P	P	P	P	P
YKL182W	S	S	S	S	S	S	S	S	S	S	S	S	P	P	P	P	P	P	P	P
YAL039C	S	S	S	S	S	S	S	S	S	S	S	S	P	P	P	P	P	P	P	P
YIL129C	S	S	S	S	S	S	S	S	S	S	S	S	P	P	P	P	L	P	P	P
YHR147C	S	S	S	S	S	S	S	S	S	S	S	S	P	P	P	P	P	P	P	P
YOR100C	S	S	S	S	S	S	S	S	S	S	S	S	P	P	P	P	P	P	P	P
YOL026C	S	S	S	S	S	S	S	S	S	S	S	S	P	P	P	P	P	P	P	P
YIL124W	S	S	S	S	S	S	S	S	S	S	S	S	P	P	P	P	P	P	P	P
YLR090W	S	S	D	S	S	S	D	S	S	S	S	S	P	P	P	P	P	P	P	P
YMR177W	S	S	P	P	P	P	P	P	P	P	P	P	P	P	P	P	P	P	P	P
YIL042C	S	S	S	S	S	S	S	S	S	S	S	S	P	P	P	P	P	P	P	P
YMR192W	S	S	S	P	P	P	P	P	P	P	P	P	P	P	P	P	P	P	P	P
YDR258C	S	S	S	S	S	S	S	S	S	S	S	S	P	P	P	P	P	P	P	P
YDR148C	S	S	S	S	S	S	S	S	S	S	S	S	P	P	P	P	P	P	P	P
YDL107W	S	S	S	S	S	S	S	S	S	S	S	S	P	P	P	P	P	P	P	P
YPR083W	S	S	S	S	S	S	S	S	S	S	S	S	P	P	P	P	P	P	P	P
YAL011W	S	S	S	S	S	S	S	S	S	S	S	S	P	P	P	P	P	P	P	P
YCL009C	S	S	S	S	S	S	S	S	S	S	S	S	P	P	P	P	P	P	P	P
YLR259C	S	S	S	S	S	S	S	S	S	S	S	S	P	P	P	P	P	P	P	P
YGR285C	S	S	S	S	S	S	S	S	S	S	S	S	P	P	P	P	L	P	P	P
YDR326C	S	S	P	P	P	P	P	P	P	P	P	P	P	P	P	P	P	P	P	P
YGL080W	S	S	S	S	S	S	S	S	S	S	S	S	P	P	P	P	P	P	P	P
YDR268W	S	S	S	S	S	S	S	S	S	S	S	S	P	P	P	P	P	P	P	P
YMR189W	S	S	S	S	S	S	S	S	S	S	S	S	P	P	P	L	L	P	P	P
YBR003W	S	S	S	S	S	S	S	S	S	S	S	S	P	P	P	P	P	P	P	P
YML128C	S	S	D	S	S	S	S	S	S	S	S	S	P	P	P	P	P	P	P	P
YGR150C	S	S	S	S	S	S	S	S	S	S	S	S	P	P	P	P	P	P	P	P
YPL041C	S	S	S	S	S	S	S	S	S	S	S	S	P	P	P	P	P	P	P	P
YBR200W	S	P	P	S	S	S	S	S	S	S	S	S	P	P	P	P	P	P	P	P
YBL059W	P	P	S	P	P	P	P	P	P	P	P	P	P	P	P	P	L	P	P	P
YHR070W	S	S	S	S	S	S	S	S	S	S	S	S	P	P	P	P	P	P	P	P
YPL040C	S	S	S	S	S	S	S	S	S	S	S	S	P	P	P	P	P	P	P	P
YER132C	P	P	P	P	P	P	P	P	P	P	P	P	P	P	P	P	P	P	P	P
YJL043W	D	D	D	D	D	D	D	D	S	S	S	S	L	L	L	L	L	L	L	L
YER033C	S	S	S	S	S	S	S	S	S	S	S	S	P	P	P	P	L	P	P	P
YJL083W	P	P	P	S	P	S	P	S	P	P	P	P	P	P	P	P	P	P	P	P
YGR286C	D	D	S	D	S	S	D	D	S	S	S	S	P	P	P	L	L	P	P	P
YAL001C	S	S	S	S	S	S	S	S	S	S	S	S	P	P	P	P	P	P	P	P
YNL250W	S	S	S	S	S	S	S	S	S	S	S	S	P	P	P	P	P	P	P	P
YNL227C	S	S	S	S	S	S	S	S	S	S	S	S	P	P	P	P	L	P	P	P
YMR024W	S	S	S	S	S	S	S	S	S	S	S	S	P	P	P	P	P	P	P	P
YML054C	S	S	D	S	S	S	S	S	S	S	S	S	P	P	P	L	L	P	L	L
YAL056W	P	P	P	P	P	P	P	P	P	P	P	P	P	P	P	P	P	P	P	P
YOR384W	D	D	D	D	D	D	D	D	S	S	D	S	L	L	L	L	L	L	L	L
YGL063W	S	S	S	P	P	P	P	P	P	P	P	P	P	P	P	P	P	P	P	P
YJR121W	P	S	S	S	S	S	S	S	S	S	S	S	P	P	P	P	P	P	P	P
YLR001C	S	S	S	S	S	S	S	S	S	S	S	S	P	P	P	P	P	P	P	P
YOR020W-A	S	S	S	D	S	S	S	S	S	S	S	S	P	P	P	P	P	P	P	P
YER164W	S	S	S	P	S	S	S	S	S	S	S	S	P	P	P	P	L	P	P	P
YJL088W	S	S	S	S	S	S	S	S	S	S	S	S	P	P	P	P	P	P	P	P
YAL017W	P	P	P	P	P	P	P	P	P	P	P	P	P	P	P	P	P	P	P	P
YBR251W	S	S	S	S	S	S	S	S	S	S	S	S	P	P	P	P	P	P	P	P
YGL064C	S	S	S	S	S	S	S	S	S	S	S	S	P	P	P	P	P	P	P	P
YCL005W	S	S	S	S	S	S	S	S	S	S	S	S	P	P	P	P	P	P	P	P
YEL006W	S	S	S	S	S	S	S	S	P	P	P	P	P	P	P	P	P	P	P	P
YKL016C	S	S	S	S	S	S	S	S	S	S	S	S	P	P	P	P	P	P	P	P
YNL200C	S	S	S	S	S	S	S	S	S	S	S	S	P	P	P	P	P	P	P	P
YNL177C	S	S	S	S	S	S	S	S	S	S	S	S	P	P	P	P	P	P	P	P
YNL077W	S	S	S	S	S	S	D	S	S	S	S	S	P	P	P	P	P	P	P	P
YPR037C	S	S	S	P	P	P	P	S	S	S	S	S	P	P	P	P	P	P	P	P
YPR184W	S	S	S	S	S	S	S	S	S	S	S	S	P	P	P	P	P	P	P	P
YOR226C	P	P	S	P	P	S	P	P	P	P	P	P	P	P	P	P	P	P	P	P
YPL215W	S	S	S	S	S	S	S	S	S	S	S	S	P	P	P	P	P	P	P	P
YKL141W	S	S	S	S	S	P	P	S	P	P	P	P	P	P	P	P	P	P	P	P
YNL098C	P	S	S	S	S	P	P	S	P	P	P	P	P	P	P	P	P	P	P	P
YER070W	P	P	P	P	P	P	P	S	P	P	P	P	P	P	P	P	P	P	P	P
YBR054W	P	P	D	P	P	S	D	P	P	P	P	P	P	P	L	L	L	P	L	L
YDR298C	P	P	S	S	S	S	S	S	S	S	S	S	P	P	P	P	P	P	P	P
YHR120W	S	S	S	S	S	S	S	S	S	S	S	S	P	P	P	P	P	P	P	P
YBR072W	D	D	D	S	S	S	S	D	S	S	S	S	L	P	P	L	L	P	L	L
YKL040C	S	S	S	S	S	S	S	S	S	S	S	S	P	P	P	P	P	P	P	P
YBR111C	S	S	S	S	S	S	S	S	S	S	S	S	P	P	P	P	P	P	P	P
YIL094C	S	S	S	S	S	S	S	S	S	S	S	S	P	P	P	P	P	P	P	P
YJR016C	S	S	S	S	S	S	S	S	S	S	S	S	P	P	P	P	P	P	P	P
YGL143C	S	S	S	S	S	S	S	S	S	S	S	S	P	P	P	P	P	P	P	P
YLR383W	S	S	S	S	S	S	S	S	S	S	S	S	P	P	P	P	P	P	P	P
YGR222W	S	S	D	S	S	S	S	S	S	S	S	S	P	P	P	P	P	P	P	P
YNL087W	S	S	S	P	P	S	P	S	P	P	P	P	P	P	P	P	P	P	P	P
YFR053C	S	S	P	P	P	P	S	P	P	P	P	P	P	P	P	P	P	P	P	P
YGR257C	S	S	S	S	S	S	S	S	S	S	S	S	P	P	P	P	P	P	P	P
YPL154C	P	S	S	S	S	S	S	S	S	S	S	S	P	P	P	P	P	P	P	P
