Gene ID	V.polysp	T.phaffi	T.blatta	N.dairen	N.castel	K.nagani	K.africa	C.glabra	S.uvarum	S.kudria	S.mikata	S.cerevi	Z.rouxii	T.delbru	K.lactis	E.gossyp	E.cymbal	L.kluyve	L.thermo	L.waltii
YDR451C	P	P	P	S	S	P	S	S	P	P	P	P	P	P	P	P	P	P	P	P
YBR247C	S	S	S	S	S	S	S	S	S	S	S	S	P	P	P	P	P	P	P	P
YGL096W	S	S	S	P	P	P	P	P	P	P	P	P	P	P	P	P	P	P	P	P
YNL210W	S	D	S	S	S	S	S	D	S	S	S	S	P	P	P	P	P	P	P	P
YOL149W	S	S	S	S	S	S	S	S	S	S	S	S	P	P	P	P	P	P	P	P
YOR159C	S	S	S	S	S	S	S	S	S	S	S	S	P	P	P	P	P	P	P	P
YMR167W	S	S	S	S	S	S	S	S	S	S	S	S	P	P	P	P	P	P	P	P
YPR135W	S	S	S	S	S	S	S	S	S	S	S	S	P	P	P	P	P	P	P	P
YOL142W	S	S	S	S	S	S	S	S	S	S	S	S	P	P	P	P	P	P	P	P
YCR097W	S	D	S	S	S	S	D	S	S	D	D	S	P	L	P	P	L	L	P	P
YIL079C	P	P	P	P	P	S	P	P	P	P	P	P	P	P	P	P	P	P	P	P
YGL086W	P	S	S	S	S	S	S	S	S	S	S	S	P	P	P	P	L	P	P	P
YDR409W	P	P	S	P	P	P	P	P	P	P	P	P	P	P	P	P	P	P	P	P
YDR451C	P	P	P	S	S	P	S	S	P	P	P	P	P	P	P	P	P	P	P	P
YIL079C	P	P	P	P	P	S	P	P	P	P	P	P	P	P	P	P	P	P	P	P
YCR039C	D	S	S	D	D	D	S	S	S	S	S	S	P	L	L	L	P	L	L	P
YPL013C	S	S	S	S	S	S	S	S	S	S	S	S	P	P	P	P	P	P	P	P
YDL106C	S	S	S	S	S	S	S	S	S	S	S	S	P	P	P	P	P	P	P	P
YML025C	S	S	S	S	S	S	S	S	S	S	S	S	P	P	P	P	P	P	P	P
YLR335W	S	S	S	S	S	S	S	S	S	S	S	S	P	P	P	P	P	P	P	P
YGL096W	S	S	S	P	P	P	P	P	P	P	P	P	P	P	P	P	P	P	P	P
YNL255C	S	S	S	S	S	S	S	S	S	S	S	S	P	P	P	P	P	P	P	P
YPL128C	P	P	P	S	S	S	S	S	S	S	S	S	P	P	P	P	P	P	P	P
YBR233W	S	S	S	P	P	S	S	S	S	S	S	S	P	P	P	P	P	P	P	P
YFL017W-A	S	S	S	S	S	S	S	S	S	S	S	S	P	P	P	P	P	P	P	P
YJL096W	S	S	S	S	S	S	S	S	S	S	S	S	P	P	P	P	P	P	P	P
YKL059C	S	S	S	S	S	S	S	S	S	S	S	S	P	P	P	P	P	P	P	P
YJL080C	P	P	P	S	S	S	S	S	S	S	S	S	P	P	P	P	P	P	P	P
YDR409W	P	P	S	P	P	P	P	P	P	P	P	P	P	P	P	P	P	P	P	P
YHR069C	S	S	S	S	S	S	S	S	S	S	S	S	P	P	P	P	P	P	P	P
YGR188C	S	S	S	P	P	P	P	P	P	P	P	P	P	P	P	P	P	P	P	P
YCL067C	S	S	S	S	S	S	D	S	S	D	D	S	P	P	P	L	P	L	P	P
YBL032W	S	S	S	P	P	P	P	P	P	P	P	S	P	P	P	P	P	P	P	P
YDR088C	S	S	S	S	S	S	S	S	S	S	S	S	P	P	P	P	P	P	P	P
YGR002C	S	S	S	S	S	S	S	S	S	S	S	S	P	P	P	P	P	P	P	P
YDR337W	S	S	S	S	S	S	S	S	S	S	S	S	P	P	P	P	P	P	P	P
