Gene ID	V.polysp	T.phaffi	T.blatta	N.dairen	N.castel	K.nagani	K.africa	C.glabra	S.uvarum	S.kudria	S.mikata	S.cerevi	Z.rouxii	T.delbru	K.lactis	E.gossyp	E.cymbal	L.kluyve	L.thermo	L.waltii
YPL071C	S	S	S	S	S	S	S	S	S	S	S	S	P	P	P	P	P	P	P	P
YLL050C	S	S	S	S	S	S	S	S	S	S	S	S	P	P	P	P	P	P	P	P
YLR293C	S	S	S	S	S	S	S	S	P	P	P	P	P	P	P	P	P	P	P	P
YLL032C	S	S	S	S	S	S	S	S	S	S	S	S	P	P	P	P	P	P	P	P
YMR027W	S	S	S	S	S	S	S	S	S	S	S	S	P	P	P	P	P	P	P	P
YKL103C	S	S	S	S	S	S	S	S	S	S	S	S	P	P	P	P	P	P	P	P
YBL055C	S	S	S	S	S	S	S	S	S	S	S	S	P	P	P	P	P	P	P	P
YMR290C	S	S	S	S	S	S	S	S	S	S	S	S	P	P	P	P	P	P	P	P
YCR031C	P	P	P	P	P	S	S	P	P	P	P	P	P	P	P	P	P	P	P	P
YDL079C	S	S	P	P	P	S	S	S	P	P	P	P	P	P	P	P	P	P	P	P
YDR523C	S	S	S	S	S	S	S	S	S	S	S	S	P	P	P	P	P	P	P	P
YLR466W	D	D	D	D	D	D	D	D	D	D	D	S	L	L	L	L	L	L	L	L
YPL208W	S	S	S	S	S	S	S	S	S	S	S	S	P	P	P	P	P	P	P	P
YLR054C	P	S	S	D	S	S	S	S	S	S	S	S	P	P	P	P	P	P	P	P
YLR437C	S	S	S	P	P	P	P	P	P	P	P	P	P	P	P	P	P	P	P	P
YOR385W	S	D	D	D	D	D	D	D	S	S	D	S	L	L	L	L	L	L	L	L
YGL087C	S	S	S	S	S	S	S	S	S	S	S	S	P	P	P	P	P	P	P	P
YMR244C-A	S	S	S	S	S	S	S	S	S	S	S	S	P	P	P	P	P	P	P	P
YLL056C	D	D	D	D	D	D	D	D	S	S	D	S	L	L	L	L	L	L	L	P
YJL204C	S	S	S	S	S	S	S	S	S	S	S	S	P	P	P	P	P	P	P	P
YAL016W	P	P	S	S	S	S	S	P	S	S	S	S	P	P	P	P	P	P	P	P
YCL011C	S	S	S	P	P	P	P	P	P	P	P	P	P	P	P	P	P	P	L	P
YNL288W	S	S	S	S	S	S	S	S	S	S	S	S	P	P	P	P	P	P	P	P
YNL191W	S	S	S	S	S	S	S	S	S	S	S	S	P	P	P	P	P	P	P	P
YBR115C	S	S	S	S	S	S	S	S	S	S	S	S	P	P	P	P	P	P	P	P
YJR105W	S	S	S	S	S	S	S	S	S	S	S	S	P	P	P	P	P	P	P	P
YPL217C	S	S	S	S	S	S	S	S	S	S	S	S	P	P	P	P	L	P	P	P
YDL189W	S	S	S	S	S	D	D	S	S	S	S	S	P	P	P	P	P	P	P	P
YER056C-A	P	S	S	P	P	P	S	S	P	P	P	P	P	P	P	P	P	P	P	P
YMR180C	S	S	S	S	P	S	S	P	P	P	P	P	P	P	P	P	P	P	P	P
YBR031W	S	S	S	S	S	S	S	S	P	P	P	P	P	P	P	P	P	P	P	P
YPR139C	S	S	S	S	S	S	S	S	S	S	S	S	P	P	P	P	P	P	P	P
YLR075W	S	S	S	S	S	S	S	S	S	S	S	S	P	P	P	P	P	P	P	P
YML088W	S	S	S	S	S	S	S	S	S	S	S	S	P	P	P	P	P	P	P	P
YIL010W	S	S	S	S	S	S	S	S	S	S	S	S	P	P	P	P	P	P	P	P
YKR004C	S	S	S	S	S	S	S	S	S	S	S	S	P	P	P	P	P	P	P	P
YJR129C	S	S	S	S	S	S	S	S	S	S	S	S	P	P	P	P	P	P	P	P
YDR186C	S	S	P	S	S	S	S	S	S	S	S	S	P	P	P	P	P	P	P	P
YKL002W	S	S	S	S	S	S	S	S	S	S	S	S	P	P	P	P	P	P	P	P
YGL049C	P	S	P	P	P	P	P	P	P	P	P	P	P	P	P	P	L	P	P	P
YDR418W	P	P	S	P	P	P	P	S	P	P	P	P	P	P	P	P	P	P	P	P
YPL009C	S	S	S	S	S	S	S	S	S	S	S	S	P	P	P	P	L	P	P	P
YLR025W	S	S	S	S	S	S	S	S	S	S	S	S	P	P	P	P	P	P	P	P
YDR243C	S	S	S	S	S	S	S	S	S	S	S	S	P	P	P	P	P	P	P	P
YOR160W	S	S	S	S	S	S	S	S	S	S	S	S	P	P	P	P	P	P	P	P
YLR032W	S	S	S	S	S	S	S	S	S	S	S	S	P	P	P	P	L	P	P	P
YOR039W	P	S	S	S	S	S	S	S	S	S	S	S	P	P	P	P	P	P	P	P
YEL047C	P	P	P	P	P	P	P	P	P	P	P	P	P	P	P	P	P	P	P	P
YOR264W	S	S	S	S	S	S	S	S	S	S	S	S	P	P	P	L	L	P	P	P
YPL183C	S	S	S	S	S	S	S	S	S	S	S	S	P	P	P	P	P	P	P	P
YBL106C	S	S	P	S	S	P	S	S	P	P	P	P	P	P	P	P	P	P	P	P
YOR281C	S	S	S	S	S	S	S	S	S	S	S	S	P	P	P	P	P	P	P	P
YFR027W	S	S	S	S	S	S	S	S	S	S	S	S	P	P	P	P	P	P	P	P
YDL182W	S	S	S	P	P	P	S	P	P	P	P	P	P	P	P	P	P	P	P	P
YLR251W	D	S	S	S	S	S	S	S	S	S	S	S	L	P	P	P	P	P	P	P
YBR182C	P	S	P	P	P	P	P	P	P	P	P	P	P	P	P	P	P	P	P	P
YAL003W	P	S	S	S	S	P	S	S	S	S	S	S	P	P	P	P	P	P	P	P
YPL084W	S	S	S	S	S	S	S	S	S	S	S	S	P	P	P	P	L	P	P	P
YNL152W	S	S	S	S	S	S	S	S	S	S	S	S	P	P	P	P	P	P	P	P
YDR158W	S	S	S	S	S	S	S	S	S	S	S	S	P	P	P	P	P	P	P	P
YOR230W	D	D	D	S	S	S	S	S	S	S	S	S	L	L	L	L	L	L	L	L
YNL099C	S	S	S	S	S	S	S	S	S	S	S	S	P	P	P	P	P	P	P	P
YKL173W	S	S	S	S	S	S	S	S	S	S	S	S	P	P	P	P	P	L	P	P
YLR433C	S	S	P	S	P	S	S	S	P	P	P	P	P	P	P	P	P	P	P	P
YKL127W	P	P	P	P	P	P	S	P	P	P	P	P	P	P	P	P	P	P	P	P
YOR144C	S	S	S	S	S	S	S	S	S	S	S	S	P	P	P	P	P	P	P	P
YPL179W	S	S	S	S	S	S	S	S	S	S	S	S	P	P	P	P	P	P	P	P
YNL180C	S	S	S	P	P	S	P	P	S	S	S	S	P	P	P	P	P	P	P	P
YBR140C	P	P	S	P	P	P	P	P	P	P	P	P	P	P	P	P	P	P	P	P
YOL052C	S	S	S	S	S	S	S	S	S	S	S	S	P	P	P	P	P	P	P	P
YER059W	S	S	S	P	P	P	P	S	P	P	P	P	P	P	P	P	P	P	P	P
YGL211W	S	S	S	S	S	S	S	S	S	S	S	S	P	P	P	P	P	P	P	P
YIL107C	P	P	S	S	S	P	P	P	S	S	S	S	P	P	P	P	L	P	P	P
YPR204W	D	D	D	D	D	D	D	D	D	D	D	S	L	L	L	L	L	L	L	L
YPR103W	S	S	S	S	S	S	S	S	S	S	S	S	P	P	P	P	P	P	P	P
YOR058C	S	S	S	S	P	S	S	S	S	S	S	S	P	P	P	P	P	P	P	P
YJR046W	S	S	S	S	S	S	S	S	S	S	S	S	P	P	P	P	P	P	P	P
YDR533C	D	D	D	D	D	D	D	D	P	S	S	S	L	L	L	L	L	L	L	L
YDR272W	P	S	P	S	S	S	S	S	P	P	P	P	P	P	P	P	P	P	P	P
YKL139W	S	S	S	S	S	S	S	S	S	S	S	S	P	P	P	P	P	P	P	P
YNL091W	S	S	S	S	S	S	S	S	S	S	S	S	P	P	P	P	P	P	P	P
YGL097W	S	S	P	S	S	S	S	S	S	S	S	S	P	P	P	P	P	P	P	P
YHR132W-A	S	S	S	S	S	S	S	S	P	P	P	P	P	P	P	P	P	P	P	P
YDR197W	S	S	S	S	S	S	S	S	S	S	S	S	P	P	P	P	P	P	P	P
YOR258W	S	D	S	S	S	S	S	S	S	S	S	S	P	P	P	P	L	P	P	L
YLR167W	P	S	S	S	S	S	S	S	S	S	S	S	P	P	P	P	P	P	P	P
YJL020C	P	S	P	S	S	S	S	S	S	S	S	S	P	P	P	P	P	P	P	P
YJL177W	S	S	S	P	P	S	S	S	P	P	P	P	P	P	P	P	L	P	P	P
YDR304C	S	S	S	P	P	S	P	S	P	P	P	P	P	P	P	P	P	P	P	P
YNL221C	S	S	S	S	S	S	S	S	S	S	S	S	P	P	P	P	P	P	P	P
YAL053W	S	S	S	S	S	S	P	S	P	P	P	P	P	P	P	P	L	P	P	P
YDR348C	P	P	S	S	P	P	P	S	P	P	P	P	P	P	P	P	P	P	P	P
YLR094C	D	D	D	S	S	S	S	S	S	S	S	S	P	P	P	P	P	P	P	P
YPR141C	P	P	P	S	S	S	S	S	S	S	S	S	P	P	P	P	P	P	P	P
YGR142W	P	P	P	P	P	P	P	S	P	P	P	P	P	P	P	P	P	P	P	P
YMR264W	S	S	P	P	P	P	P	P	P	P	P	P	P	P	P	P	P	P	P	P
YNR052C	S	S	S	S	S	S	S	S	S	S	S	S	P	P	P	P	P	P	P	P
YCR060W	S	S	S	S	S	S	S	S	S	S	S	S	L	P	P	P	P	P	L	L
YDR367W	S	S	P	S	S	S	S	S	S	S	S	S	P	P	P	P	P	P	P	P
YKL143W	S	S	S	S	S	S	S	S	S	S	S	S	P	P	P	P	P	P	P	P
YER054C	P	P	P	P	P	P	P	P	P	P	P	P	P	P	P	P	P	P	P	P
YMR012W	S	S	S	S	S	S	S	S	S	S	S	S	P	P	P	P	L	P	P	P
YOR231W	S	S	S	S	P	S	S	S	P	P	P	P	P	P	P	P	P	P	P	P
YOR021C	S	S	S	S	S	S	S	S	S	S	S	S	P	P	P	P	P	P	P	P
YMR083W	S	S	S	S	S	S	S	S	S	S	S	S	P	P	P	P	P	P	P	P
YMR186W	S	S	S	S	S	S	S	S	P	P	P	P	P	P	P	P	P	P	P	P
YPR188C	S	S	S	S	S	S	S	S	S	S	S	S	P	P	P	P	P	P	P	P
YDL139C	S	S	S	S	S	S	S	S	S	S	S	S	P	P	P	P	P	P	P	P
YKL062W	P	P	P	P	P	P	P	P	P	P	P	P	P	P	P	P	P	P	P	P
YPL111W	S	S	S	S	S	S	D	S	S	S	S	S	P	P	P	P	P	P	P	P
YDR368W	S	S	S	P	P	S	S	P	P	P	P	P	P	P	L	P	L	P	P	P
YGR108W	S	P	P	P	P	P	P	P	P	P	P	P	P	P	P	P	P	P	P	P
YFR017C	S	S	P	S	S	S	S	P	P	P	P	P	P	P	P	P	P	L	L	P
YBL009W	S	S	D	S	S	S	S	S	P	P	P	P	P	P	P	P	P	P	P	P
YDR200C	P	P	P	P	P	S	S	P	P	P	P	P	P	P	P	P	P	P	P	P
YBR234C	S	S	S	S	S	S	S	S	S	S	S	S	P	P	P	P	P	P	P	P
YJR053W	P	P	D	P	S	S	S	S	S	S	S	S	P	P	P	P	P	P	P	P
YDR191W	S	S	S	S	S	S	S	S	S	S	S	S	P	P	P	P	P	P	P	P
YGL110C	S	S	S	S	S	S	S	S	S	S	S	S	P	P	P	P	P	P	P	P
YGL017W	S	S	S	S	S	S	S	S	S	S	S	S	P	P	P	P	P	P	P	P
YLR181C	S	S	S	S	S	S	S	S	S	S	S	S	P	P	P	P	P	P	P	P
YBR247C	S	S	S	S	S	S	S	S	S	S	S	S	P	P	P	P	P	P	P	P
YOL038W	S	S	S	S	S	S	S	S	S	S	S	S	P	P	P	P	P	P	P	P
YOR023C	S	S	S	S	S	S	S	S	S	S	S	S	P	P	P	P	P	P	P	P
YOL124C	S	S	S	S	S	S	S	S	S	S	S	S	P	P	P	P	P	P	P	P
YOR212W	S	S	S	S	S	S	S	S	S	S	S	S	P	P	P	P	P	P	P	P
YMR017W	D	D	D	D	D	D	D	D	S	S	S	S	L	L	L	L	L	L	L	L
YIL158W	S	S	S	S	P	P	P	S	P	P	P	P	P	P	P	P	P	P	P	P
YML124C	P	P	S	S	P	S	P	S	P	P	P	P	P	P	P	P	P	P	P	P
YPL192C	S	D	D	D	D	S	S	S	S	S	S	S	P	P	P	P	P	P	P	P
YNL301C	S	S	S	P	P	S	P	S	P	P	P	P	P	P	P	P	P	P	P	P
YOR181W	S	S	S	S	S	S	S	S	S	S	S	S	P	P	P	P	P	P	P	P
YIR018W	P	P	P	P	P	S	P	P	P	P	P	P	P	P	P	L	P	P	P	P
YDR502C	S	S	S	S	P	S	S	P	P	P	P	P	P	P	P	P	P	P	P	P
YBR218C	P	P	P	P	P	P	P	P	P	P	P	P	P	P	P	P	P	P	P	P
YLR250W	S	S	S	S	S	S	S	S	S	S	S	S	P	P	P	P	P	P	P	P
YKL149C	S	S	S	S	S	S	S	S	S	S	S	S	P	P	P	P	L	P	P	P
YBR244W	P	P	D	S	S	S	S	S	S	S	S	S	P	P	P	P	P	P	P	P
YAL024C	S	S	S	S	S	S	S	S	S	S	S	S	P	P	P	P	P	P	P	P
YDR505C	S	S	P	S	P	P	P	P	P	P	P	P	P	P	P	P	P	P	P	P
YDL045C	P	P	S	S	S	S	S	S	S	S	S	S	P	P	P	P	P	P	P	P
YBR160W	S	S	S	S	S	S	S	S	S	S	S	S	P	P	P	P	P	P	P	P
YMR304W	S	S	S	S	S	S	S	S	S	S	S	S	P	P	P	P	P	P	P	P
YOR335C	P	P	S	S	S	S	S	S	S	S	S	S	P	P	P	P	L	P	P	P
YDR361C	S	S	S	S	S	S	S	S	S	S	S	S	P	P	P	P	P	P	P	P
YER064C	S	S	S	P	P	P	P	P	P	P	P	P	P	P	P	P	P	P	P	P
YIL161W	S	S	S	S	S	S	S	S	S	S	S	S	P	P	P	P	P	P	P	P
YJR067C	S	S	S	S	S	S	S	S	S	S	S	S	P	P	P	P	P	P	P	P
YEL032W	S	S	S	S	S	S	S	S	S	S	S	S	P	P	P	P	P	P	P	P
YKL110C	S	S	S	S	S	S	S	S	S	S	S	S	P	P	P	P	P	P	P	P
YGL076C	S	S	S	S	S	S	S	S	P	P	P	P	P	P	P	P	P	P	P	P
YKL094W	S	S	S	S	S	S	S	S	S	S	S	S	P	P	P	L	L	P	P	P
YOR237W	P	P	P	P	P	P	P	P	P	P	P	P	P	P	P	P	P	P	P	P
YIL148W	S	P	S	P	P	P	P	S	P	P	P	P	P	P	P	P	P	P	P	P
YLR424W	S	S	S	S	S	S	S	S	S	S	S	S	P	P	P	P	P	P	P	P
YMR308C	S	S	S	S	S	S	S	S	S	S	S	S	P	P	P	P	P	P	P	P
YGL050W	S	S	S	S	S	S	S	S	S	S	S	S	P	P	L	P	P	P	P	P
YDR266C	S	S	S	P	P	S	S	S	S	S	S	S	P	P	P	P	P	P	P	P
YGR086C	S	S	P	P	P	P	S	P	S	S	S	S	P	P	P	P	P	P	P	P
YJR130C	S	S	S	S	S	S	S	P	P	P	P	P	P	P	P	P	P	P	P	P
YJL137C	S	S	S	S	S	S	S	S	P	P	P	P	P	P	P	P	P	P	P	P
YDR002W	S	S	S	S	S	S	S	S	S	S	S	S	P	P	P	P	P	P	P	P
YDR214W	S	S	S	S	S	S	S	S	S	S	S	S	P	P	P	P	P	P	P	P
YDR130C	S	S	S	S	S	D	S	S	S	S	S	S	P	P	P	P	P	P	P	P
YGR098C	S	S	S	S	S	S	S	S	S	S	S	S	P	P	P	P	L	P	P	P
YPR181C	P	P	P	P	S	S	S	P	S	S	S	S	P	P	P	P	P	P	P	P
YGR074W	S	S	S	S	S	S	S	P	S	S	S	S	P	P	P	P	P	P	P	P
YBR158W	S	S	S	S	S	S	S	S	S	S	S	S	P	L	P	P	L	P	P	L
YBR111W-A	S	S	S	S	S	S	S	S	S	S	S	S	P	P	P	P	P	P	P	P
YJR069C	S	S	S	S	S	S	S	S	S	S	S	S	P	P	P	P	P	P	P	P
YIL026C	S	S	S	S	S	S	S	S	S	S	S	S	P	P	P	P	P	P	P	P
YJL008C	S	S	S	S	S	S	S	S	S	S	S	S	P	P	P	P	P	P	P	P
YNL119W	S	S	S	S	S	S	S	S	S	S	S	S	P	P	P	P	P	P	P	P
YDR034W-B	S	S	P	S	S	D	S	D	P	P	P	P	L	P	P	L	L	P	L	L
YCR036W	S	S	S	S	S	S	S	S	S	S	S	S	P	P	P	P	P	P	P	P
YDR206W	S	S	S	P	P	P	P	P	P	P	P	P	P	P	P	P	P	P	P	P
YEL053C	S	S	S	S	S	S	S	S	S	S	S	S	P	P	P	P	P	P	P	P
YAL034W-A	S	S	S	S	S	S	S	S	S	S	S	S	P	P	P	P	P	P	P	P
YOR157C	S	S	S	S	S	S	S	S	S	S	S	S	P	P	P	P	P	P	P	P
YPR171W	S	S	S	S	S	S	S	S	S	S	S	S	P	P	P	P	P	P	P	P
YHR073W	S	S	S	S	S	S	S	S	S	S	S	S	P	P	P	P	P	P	P	P
YDR363W	S	S	S	S	S	S	S	S	S	S	S	S	P	P	P	P	P	P	P	P
YPL091W	P	S	S	S	S	S	S	S	S	S	S	S	P	P	P	P	P	P	P	P
YHR047C	S	P	D	S	P	P	P	P	P	S	P	P	P	P	P	P	P	P	P	P
YOR227W	S	S	S	P	P	P	P	P	P	P	P	P	P	P	P	P	P	P	P	P
YDR422C	P	S	S	S	S	P	S	S	S	S	S	S	P	P	L	P	P	P	P	P
YER013W	S	S	S	S	S	S	S	S	S	S	S	S	P	P	P	P	P	P	P	P
YJL189W	S	S	S	P	P	S	S	S	S	S	S	S	P	P	P	P	P	P	P	P
YOR274W	S	S	S	S	S	S	S	S	S	S	S	S	P	P	P	P	P	P	P	P
YNL277W	S	S	S	S	S	S	S	S	S	S	S	S	P	P	P	P	P	P	P	P
YDR097C	S	S	S	S	S	S	S	S	S	S	S	S	P	P	P	P	P	P	P	P
YNL126W	S	S	S	S	S	S	S	S	S	S	S	S	P	P	P	P	P	P	P	P
YGR194C	S	S	D	S	S	S	S	S	S	S	S	S	P	P	P	P	L	P	P	P
YHR064C	P	P	S	S	S	S	S	S	S	S	S	S	P	P	P	P	P	P	P	P
YBR150C	S	S	P	P	P	P	P	P	P	P	P	P	L	P	P	L	L	P	P	P
YGL026C	S	S	S	S	S	S	S	S	S	S	S	S	P	P	P	P	P	P	P	P
YNL210W	S	D	S	S	S	S	S	D	S	S	S	S	P	P	P	P	P	P	P	P
YGL213C	S	S	S	S	S	S	S	S	S	S	S	S	P	P	P	P	P	P	P	P
YNL301C	S	S	S	P	P	S	P	S	P	P	P	P	P	P	P	P	P	P	P	P
YDL160C	S	S	S	S	S	S	S	S	S	S	S	S	P	P	P	P	P	P	P	P
YGL075C	S	S	S	S	S	S	S	S	P	P	P	P	P	P	P	P	P	P	P	P
YPL014W	S	S	P	S	S	S	S	S	S	S	S	S	P	P	P	P	P	P	P	P
YBR143C	S	S	S	S	S	S	S	S	S	S	S	S	P	P	P	P	P	P	P	P
YLR448W	P	P	S	P	P	P	S	S	P	P	P	P	P	P	P	P	P	P	P	P
YFL042C	P	P	P	P	P	P	P	P	P	P	P	P	P	P	P	P	L	P	P	P
YNL059C	S	S	S	S	S	S	S	S	S	S	S	S	P	P	P	P	P	P	P	P
YNL095C	S	S	P	P	P	S	S	P	P	P	P	P	P	P	P	P	P	P	P	P
YMR233W	P	S	P	P	P	P	P	P	P	P	P	P	P	P	P	P	L	P	P	P
YDR228C	S	S	S	S	S	S	S	S	S	S	S	S	P	P	P	P	P	P	P	P
YLR069C	S	S	S	S	S	S	S	S	S	S	S	S	P	P	P	P	P	P	P	P
YLR403W	P	P	S	P	P	S	S	P	S	S	S	S	P	P	P	P	P	P	P	P
YPR069C	S	S	S	S	S	S	S	S	S	S	S	S	P	P	P	P	P	P	P	P
YDR471W	S	S	S	P	P	S	S	S	P	P	P	P	P	P	P	P	P	P	P	P
YER094C	S	S	S	S	S	S	S	S	S	S	S	S	P	P	P	P	P	P	P	P
YBR014C	S	S	S	S	S	S	S	S	P	P	P	P	P	P	P	P	P	P	P	P
YMR048W	S	S	S	S	S	S	S	S	S	S	S	S	P	P	P	P	P	P	P	L
YGL082W	S	S	S	P	P	P	P	P	P	P	P	P	P	P	P	P	P	P	P	P
YLR231C	S	S	D	D	D	D	D	D	S	S	S	S	P	P	L	P	P	P	P	P
YER038C	S	S	S	S	S	S	S	S	S	S	S	S	P	P	P	P	P	P	P	P
YKR038C	S	S	S	S	S	S	S	S	S	S	S	S	P	P	P	P	P	P	P	P
YKR048C	S	S	S	S	S	S	S	S	S	S	S	S	P	P	P	P	P	P	P	P
YLR264W	P	P	S	P	P	S	P	P	P	P	P	P	P	P	P	P	P	P	P	P
YIL068C	S	S	S	S	S	S	S	S	S	S	S	S	P	P	P	P	P	P	P	P
YPR072W	S	S	S	S	S	S	S	S	S	S	S	S	P	P	P	P	P	P	P	P
YGR161C	S	S	S	S	S	S	S	S	S	S	S	S	P	P	P	L	P	P	P	P
YLR079W	S	P	P	S	S	S	S	S	S	S	S	S	P	P	P	P	P	P	P	P
YCR069W	S	P	P	P	S	S	P	S	P	P	P	P	P	P	P	P	P	P	P	P
YOL117W	S	S	S	S	S	S	S	S	S	S	S	S	P	P	P	P	P	P	P	P
YLR170C	S	S	S	S	S	S	S	S	S	S	S	S	P	P	P	P	P	P	P	P
YDR213W	P	P	P	P	P	P	P	P	P	P	P	P	P	P	P	P	P	P	P	P
YNL067W	S	S	S	S	S	S	S	S	S	S	S	S	P	P	P	L	P	P	P	P
YFR006W	P	S	P	S	S	S	S	P	S	S	S	S	P	P	P	P	P	P	P	P
YLL036C	S	S	S	S	S	S	S	S	S	S	S	S	P	P	P	P	P	P	P	P
YJR098C	S	S	S	S	S	S	S	S	S	S	S	S	P	P	P	L	L	P	P	P
YDR129C	S	S	S	S	S	S	S	S	S	S	S	S	P	P	P	P	P	P	P	P
YBL034C	S	S	S	S	S	S	S	S	S	S	S	S	P	P	P	P	P	P	P	P
YHL032C	S	S	S	S	S	S	S	S	S	S	S	S	P	P	P	P	P	P	P	P
YNL104C	S	S	S	S	S	P	S	P	P	P	P	P	P	P	P	P	P	P	P	P
YBR212W	S	S	S	D	D	D	S	S	S	S	S	S	P	P	P	P	P	P	P	P
YOR303W	S	S	S	S	S	S	S	S	S	S	S	S	P	P	P	P	P	P	P	P
YOR052C	P	S	P	S	S	S	S	S	S	S	S	S	P	P	P	P	P	P	P	P
YDR239C	S	S	S	S	S	S	S	S	S	S	S	S	P	P	P	P	P	P	P	P
YDR539W	D	D	D	D	D	D	D	D	S	S	S	S	L	L	L	L	L	L	L	L
YBR071W	S	S	D	S	S	S	S	S	S	S	S	S	P	P	P	L	P	P	P	P
YDL125C	S	S	S	P	P	S	P	S	S	S	S	S	P	P	P	P	P	P	P	P
YPL125W	S	S	S	S	S	S	S	S	S	S	S	S	P	P	P	P	P	P	P	P
YBR181C	P	P	S	P	P	P	P	P	P	P	P	P	P	P	P	P	P	P	P	L
YGR109C	P	P	P	P	P	P	P	P	P	P	P	P	P	P	P	P	P	P	P	P
YMR260C	S	S	S	S	S	S	S	S	S	S	S	S	P	P	P	P	P	P	P	P
YBL074C	S	S	S	S	S	S	S	S	S	S	S	S	P	P	P	P	P	P	P	P
YBL107C	S	S	S	S	S	S	S	S	S	S	S	S	P	P	P	P	P	P	P	P
YLR429W	S	S	P	P	P	S	P	S	S	S	S	S	P	P	P	P	P	P	P	P
YKR045C	S	S	S	S	S	S	S	S	S	S	S	S	P	P	L	P	P	P	P	P
YDR101C	S	S	S	S	S	S	S	S	S	S	S	S	P	P	P	P	P	P	P	P
YKL018C-A	S	S	S	S	S	S	S	S	S	S	S	S	P	P	P	P	P	P	P	P
YEL034W	S	P	S	P	P	P	P	P	P	P	P	P	P	P	P	P	P	P	P	P
YKL126W	P	P	S	P	P	S	S	P	P	P	P	P	P	P	P	P	L	P	P	P
YLL060C	D	D	D	D	D	D	D	D	S	D	D	S	L	L	L	L	L	L	L	L
YDR212W	S	S	S	S	S	S	S	S	S	S	S	S	P	P	P	P	P	P	P	P
YHR141C	S	S	S	P	P	P	P	S	P	P	P	P	P	P	P	P	P	P	P	P
YGL037C	S	S	S	S	S	S	S	S	S	S	S	S	P	P	P	P	P	P	P	P
YIL044C	S	S	S	S	S	P	P	S	S	S	S	S	P	P	P	P	P	P	P	P
YKR072C	P	P	S	P	P	S	P	P	P	P	P	P	P	P	P	P	P	P	P	P
YER069W	P	S	P	S	S	S	S	S	S	S	S	S	P	P	P	P	P	P	P	P
YJR138W	S	S	S	S	S	S	S	S	S	S	S	S	P	P	P	P	P	P	P	P
YOL039W	S	S	S	S	S	S	S	D	S	S	S	S	P	P	P	P	L	P	P	P
YHR155W	P	P	P	S	S	P	P	P	P	P	P	P	P	P	P	P	P	P	P	P
Scer_YGOB_SDC25	P	P	P	P	P	P	S	P	P	P	P	P	P	P	P	P	L	P	P	P
YNL229C	S	S	S	S	S	P	S	S	S	S	S	S	P	P	P	P	P	P	P	P
YGL252C	S	S	S	P	P	S	S	S	S	S	S	S	P	P	P	P	P	P	P	P
YML056C	S	S	S	S	S	S	S	S	P	P	P	P	P	P	P	P	P	P	P	P
YLR270W	P	P	P	P	P	P	P	P	P	P	P	P	P	P	P	P	P	P	P	P
YGL250W	S	S	S	S	S	S	S	S	S	S	S	S	P	P	P	P	P	P	P	P
YIR004W	S	S	P	S	S	S	S	S	S	S	S	S	P	P	P	P	P	P	P	P
YDR113C	S	S	S	S	S	S	S	S	S	S	S	S	P	P	P	P	P	P	P	P
YBR121C	P	S	P	S	S	S	S	S	P	P	P	P	P	P	P	P	P	P	P	P
YDR168W	S	S	S	S	S	S	S	S	S	S	S	S	P	P	P	P	P	P	P	P
YIL092W	D	D	D	D	D	D	D	D	S	S	S	S	L	L	L	L	L	L	L	L
YOR106W	S	S	S	S	S	S	S	S	S	S	S	S	P	P	P	P	P	P	P	P
YDR520C	S	S	S	S	S	S	S	S	S	S	S	S	P	L	P	P	P	P	P	P
YGL121C	S	S	S	S	S	S	S	S	S	S	S	S	P	P	L	L	L	P	L	L
YLR017W	S	S	S	S	S	S	S	S	S	S	S	S	P	P	P	P	P	P	P	P
YBR197C	S	S	S	S	P	P	S	P	P	P	P	P	P	P	P	P	P	P	P	P
YGL040C	S	S	S	S	S	S	S	S	S	S	S	S	P	P	P	P	P	P	P	P
YEL041W	P	P	P	P	P	P	P	P	P	P	P	P	P	P	P	P	P	P	P	P
YAL031C	S	S	P	S	S	S	S	S	S	S	S	S	P	P	P	P	P	P	P	P
YER131W	S	S	S	S	S	S	S	S	P	P	P	P	P	P	P	P	P	P	P	P
YGR130C	S	S	S	P	P	P	P	S	S	S	S	S	P	P	P	P	P	P	P	P
YER027C	S	S	S	P	P	P	P	P	P	P	P	P	P	P	P	P	P	P	P	P
YML058W-A	D	D	D	S	S	S	S	D	S	S	S	S	L	L	L	L	L	L	L	L
YOL149W	S	S	S	S	S	S	S	S	S	S	S	S	P	P	P	P	P	P	P	P
YDL006W	S	S	S	S	S	S	S	S	S	S	S	S	P	P	P	P	P	P	P	P
YPL004C	S	S	P	S	S	S	S	S	S	S	S	S	P	P	P	P	P	P	P	P
YLR304C	S	S	S	S	S	S	P	S	S	S	S	S	P	P	P	P	P	P	P	P
YJR008W	S	S	S	S	S	S	S	S	S	S	S	S	P	P	P	P	P	P	P	P
YNR051C	S	S	S	S	S	S	S	S	S	S	S	S	P	P	P	P	P	P	P	P
YGR097W	P	P	P	P	S	S	P	P	P	P	P	P	P	P	P	P	L	P	P	P
YMR199W	P	S	P	S	P	S	S	P	P	P	P	P	P	P	P	P	P	P	P	P
YIL133C	P	P	S	P	P	P	S	S	P	P	P	P	P	P	P	P	P	P	P	P
YDL086W	S	S	D	S	D	S	S	S	S	S	S	S	P	P	P	P	P	P	P	P
YGL170C	S	S	S	D	S	D	S	S	S	S	S	S	P	P	P	P	P	P	P	P
YDR353W	P	P	S	P	P	S	S	P	P	P	P	P	P	P	P	P	P	P	P	P
YCR092C	S	S	S	S	S	S	S	S	S	S	S	S	P	P	P	P	P	P	P	P
YHR186C	S	S	S	S	S	S	S	S	S	S	S	S	P	P	P	P	L	P	P	P
YDR238C	S	S	S	S	S	S	S	S	S	S	S	S	P	P	P	P	P	P	P	P
YHL029C	S	S	S	S	S	S	S	S	S	S	S	S	P	P	P	P	P	P	P	P
YHR203C	S	P	S	P	P	P	P	S	P	P	P	P	P	P	P	P	P	P	P	P
YKR080W	S	S	S	S	S	S	S	S	S	S	S	S	P	P	P	P	P	P	P	P
YDL222C	P	S	D	P	P	S	P	S	P	P	P	P	L	P	P	P	P	P	P	P
YGR131W	S	S	P	P	P	P	P	P	P	P	P	P	P	P	P	P	P	P	P	P
YIR001C	S	D	S	S	S	S	S	S	S	S	S	S	P	P	P	P	P	P	P	P
YDL083C	P	S	S	P	P	P	P	S	P	P	P	P	P	P	P	P	P	P	P	P
YHR035W	S	D	S	S	S	D	D	S	S	S	S	S	P	L	P	P	L	P	P	P
YLR027C	S	S	S	S	S	S	S	S	S	S	S	S	P	P	P	P	P	P	P	P
YCR005C	S	S	P	S	S	S	P	P	P	P	P	P	P	P	P	P	P	P	P	P
YBR044C	S	S	S	S	S	S	S	S	S	S	S	S	P	P	P	P	P	P	P	P
YMR025W	S	S	S	S	S	S	S	S	S	S	S	S	P	P	P	P	P	P	P	P
YGR195W	S	S	S	S	S	S	S	S	S	S	S	S	P	P	P	P	P	P	P	P
YCL035C	P	P	P	P	P	P	S	S	P	P	P	P	P	P	P	P	P	P	P	P
YIL153W	S	S	S	S	S	S	S	S	S	S	S	S	P	P	P	P	P	P	P	P
YPR051W	S	S	S	S	S	S	S	S	S	S	S	S	P	P	P	P	P	P	P	P
YCL034W	S	S	P	S	S	S	S	S	S	S	S	S	P	P	P	P	P	P	P	P
YDR487C	S	S	S	S	S	S	P	S	S	S	S	S	P	P	P	P	P	P	P	P
YCL026C-B	S	S	S	S	S	S	D	D	S	S	S	S	L	L	L	L	L	L	L	L
YDR066C	S	S	S	P	P	P	P	P	P	S	P	P	P	P	P	P	P	P	P	P
YBL068W	S	S	S	S	S	S	P	S	P	P	P	P	P	P	P	P	P	P	P	P
YLL062C	D	D	D	D	D	D	D	D	D	S	S	S	L	L	L	L	L	L	L	L
YML005W	S	S	S	S	S	S	S	S	S	S	S	S	P	P	L	P	L	P	P	P
YGR250C	S	S	S	S	S	S	S	S	S	S	S	S	L	P	P	P	P	P	P	P
YGR192C	S	S	P	P	P	S	P	S	P	P	P	P	P	P	P	L	L	P	P	P
YGL155W	S	S	S	S	S	S	S	S	S	S	S	S	P	P	P	P	P	P	P	P
YGL216W	S	S	S	S	S	S	S	S	S	S	S	S	P	P	P	P	P	P	P	P
YKL081W	S	S	S	S	S	S	S	S	S	S	S	S	P	P	P	P	P	P	P	P
YPR118W	S	S	S	S	S	S	S	S	S	S	S	S	P	P	P	P	P	P	P	P
YBR216C	P	P	P	P	P	P	P	P	P	P	P	P	P	P	P	P	P	P	P	P
YKR022C	S	S	S	S	S	S	S	S	S	S	S	S	P	P	P	P	P	P	P	P
YJR014W	S	S	S	S	S	S	S	S	S	S	S	S	P	P	P	P	P	P	P	P
YOR204W	S	S	P	P	P	P	P	P	P	P	P	P	P	P	P	P	P	P	P	P
YOR209C	S	S	S	P	P	S	S	S	S	S	S	S	P	P	P	P	P	P	P	P
YIL108W	P	P	S	S	S	S	S	S	S	S	S	S	P	P	P	P	P	P	P	P
YHR165C	S	S	S	S	S	S	S	S	S	S	S	S	P	P	P	P	L	P	P	P
YGR008C	S	S	S	S	S	S	P	S	P	P	P	P	P	P	P	P	P	P	P	P
YPR019W	S	S	S	S	S	S	S	S	S	S	S	S	P	P	P	P	P	P	P	P
YNL323W	S	S	P	S	S	S	S	S	S	S	S	S	P	P	P	P	P	P	P	P
YEL030W	P	S	S	S	S	S	S	P	P	P	P	P	P	P	P	P	P	P	P	P
YPL213W	S	S	S	S	S	S	S	S	S	S	S	S	P	P	P	P	P	P	P	P
YBR271W	S	S	S	S	S	S	S	S	S	S	S	S	P	P	P	P	P	P	P	P
YHR172W	S	S	S	S	S	S	S	S	S	S	S	S	P	P	P	P	P	P	P	P
YOR284W	D	D	D	D	D	D	D	D	S	S	S	S	L	L	L	L	L	L	L	L
YFR024C-A	S	P	P	P	P	P	P	P	P	P	P	P	P	P	P	P	P	P	P	P
YGR248W	S	S	S	P	P	P	P	S	P	P	P	P	P	P	P	P	P	P	P	L
YGL094C	S	S	S	S	S	S	S	S	S	S	S	S	P	P	P	P	P	P	P	P
YJR059W	P	P	P	P	P	P	P	P	P	P	P	P	P	P	P	P	P	P	P	P
YCL028W	S	S	S	S	S	D	S	S	S	S	S	S	P	P	L	P	P	P	P	P
YOR036W	S	S	S	S	S	S	S	S	S	S	S	S	P	P	P	P	P	P	P	P
YER035W	P	P	S	P	P	S	S	S	P	P	P	P	P	P	P	P	P	P	P	P
YHR169W	S	S	S	S	S	S	S	S	S	S	S	S	P	P	P	P	P	P	P	P
YNL072W	S	S	S	S	S	S	S	S	S	S	S	S	P	P	P	P	P	P	P	P
YAL014C	S	S	S	S	S	S	S	S	S	S	S	S	P	P	P	P	P	P	P	P
YGR163W	S	S	S	S	S	S	S	S	S	S	S	S	P	P	P	P	P	P	P	P
YPL123C	S	S	S	S	S	S	S	S	S	S	S	S	P	P	P	P	P	P	P	P
YOR154W	S	S	S	S	S	S	S	D	S	S	S	S	P	P	P	P	P	P	P	P
YLL008W	S	S	S	S	S	S	S	S	S	S	S	S	P	P	P	P	L	P	P	P
YNL224C	S	S	S	S	S	S	S	S	S	S	S	S	P	P	P	P	P	P	P	P
YPL144W	S	S	S	S	S	S	S	S	S	S	S	S	P	P	P	P	P	P	P	P
YML133C	D	D	D	D	D	D	D	D	D	D	D	S	L	L	L	L	L	L	L	L
YHL034C	P	S	P	S	S	S	S	S	P	P	P	P	P	P	P	P	P	P	P	P
YMR246W	P	P	P	P	P	P	P	P	P	P	P	P	P	P	P	P	P	P	P	P
YJL030W	S	S	S	S	S	S	S	S	S	S	S	S	P	P	P	P	P	P	P	P
YJL047C	S	S	S	S	S	S	S	S	S	S	S	S	P	P	P	P	P	P	P	P
YDR492W	S	S	P	P	P	P	P	P	P	P	P	P	P	P	P	P	P	P	P	P
YDL079C	S	S	P	P	P	S	S	S	P	P	P	P	P	P	P	P	P	P	P	P
YER176W	S	S	S	S	S	D	S	S	S	S	S	S	P	P	L	P	L	P	P	P
YJL194W	S	S	S	S	S	S	S	S	S	S	S	S	P	P	P	P	P	P	P	P
YOR231W	S	S	S	S	P	S	S	S	P	P	P	P	P	P	P	P	P	P	P	P
YOR227W	S	S	S	P	P	P	P	P	P	P	P	P	P	P	P	P	P	P	P	P
YER071C	S	S	S	S	S	S	S	S	S	S	S	S	P	P	P	P	P	P	P	P
YCL029C	S	S	S	S	S	S	S	S	S	S	S	S	P	P	P	P	P	P	P	P
YOR159C	S	S	S	S	S	S	S	S	S	S	S	S	P	P	P	P	P	P	P	P
YBR059C	P	P	P	S	S	P	P	P	S	S	S	S	P	P	P	P	P	P	P	P
YKR078W	P	P	P	P	P	S	S	P	P	P	P	P	P	P	P	P	P	P	P	P
YOR372C	S	S	S	S	S	S	S	S	S	S	S	S	P	P	P	P	P	P	P	P
YGR271W	S	S	S	S	S	S	S	S	S	S	S	S	P	P	P	P	P	P	P	P
YNR032W	S	S	S	S	S	S	S	S	S	S	S	S	P	P	P	P	P	P	P	P
YLR045C	S	S	S	S	S	S	S	S	S	S	S	S	P	P	P	P	P	P	P	P
YLR285W	S	S	S	S	S	S	S	S	S	S	S	S	P	P	P	P	P	P	P	P
YKR001C	S	S	S	S	S	S	S	S	S	S	S	S	P	P	P	P	P	P	P	P
YHR065C	S	S	S	S	S	S	S	S	S	S	S	S	P	P	P	P	P	P	P	P
YOR112W	S	S	S	S	S	S	S	S	S	S	S	S	P	P	P	P	P	P	P	P
YFR014C	S	S	S	P	P	P	P	P	P	P	P	P	P	P	P	P	P	P	P	P
YLR276C	S	S	S	S	S	S	S	S	S	S	S	S	P	P	P	P	L	P	P	P
YBR252W	S	S	S	S	S	S	S	S	S	S	S	S	P	P	P	P	P	P	P	P
YOR387C	D	D	D	D	D	D	D	D	D	S	D	S	L	L	L	L	L	L	L	P
YDR099W	P	S	P	P	P	P	P	P	P	P	P	P	P	P	P	P	P	P	P	P
YOR229W	S	P	P	P	P	P	P	P	P	P	P	P	P	P	P	P	P	P	P	P
YPL045W	S	S	S	S	S	S	S	S	S	S	S	S	P	P	P	P	P	P	P	P
YMR080C	S	S	S	S	S	S	S	S	S	S	S	S	P	P	P	P	P	P	P	P
YDL233W	S	S	S	P	P	P	P	P	S	S	S	S	P	P	P	P	P	P	P	P
YPL267W	S	S	S	S	S	D	S	S	S	S	S	S	P	P	P	P	P	P	P	P
YLR135W	S	S	S	S	S	S	S	S	S	S	S	S	P	P	P	P	P	P	P	P
YGL162W	S	P	P	S	P	P	S	P	P	P	P	P	P	P	P	P	P	P	P	P
YPL133C	S	S	S	S	S	S	S	S	S	S	S	S	P	P	P	P	P	P	P	P
YKL124W	S	S	P	S	S	S	S	S	S	S	S	S	P	P	P	P	P	P	P	P
YMR294W	D	S	S	S	S	S	S	S	S	S	S	S	P	P	P	P	P	P	P	P
YCL039W	S	S	S	S	S	S	S	S	S	S	S	S	P	P	P	P	P	P	P	P
YFR055W	D	S	D	D	D	D	D	D	D	D	S	S	L	L	L	L	L	L	L	L
YAL037W	S	S	S	S	S	D	S	S	P	P	P	P	P	P	P	P	P	P	P	P
YER123W	S	S	S	S	S	S	S	S	S	S	S	S	P	P	P	P	P	P	P	P
YBR117C	P	P	S	P	P	P	P	S	P	P	P	P	P	P	P	P	P	P	P	P
YOR251C	S	S	S	S	S	S	S	S	S	S	S	S	P	P	P	P	P	P	P	P
YBR214W	S	S	P	P	P	P	P	S	P	P	P	P	P	P	P	P	P	P	P	P
YPL263C	S	S	S	S	S	S	S	S	S	S	S	S	P	P	P	P	L	P	P	P
YER116C	S	S	S	S	S	S	S	S	S	S	S	S	P	P	P	P	P	P	P	P
YCL037C	P	P	S	P	S	S	S	P	P	P	P	P	P	P	P	P	P	P	P	L
YMR167W	S	S	S	S	S	S	S	S	S	S	S	S	P	P	P	P	P	P	P	P
YBR169C	P	P	P	P	P	S	S	S	P	P	P	P	P	P	P	P	L	P	P	P
YIL114C	S	S	S	S	S	P	P	P	P	P	P	P	P	P	P	P	P	P	P	P
YKL129C	S	P	P	S	S	S	S	P	P	P	P	P	P	P	P	P	P	P	P	P
YER043C	S	S	S	S	S	S	S	S	S	S	S	S	P	P	P	P	P	P	P	P
YIL110W	S	S	S	S	S	S	S	S	S	S	S	S	P	P	P	P	P	P	P	P
YOR119C	S	S	S	S	S	S	S	S	S	S	S	S	P	P	P	P	P	P	P	P
YER035W	P	P	S	P	P	S	S	S	P	P	P	P	P	P	P	P	P	P	P	P
YKL041W	S	S	S	S	S	S	S	S	S	S	S	S	P	P	P	P	P	P	P	P
YLR144C	P	P	P	S	S	S	S	S	S	S	S	S	P	P	P	P	P	P	P	P
YIL131C	P	P	P	P	P	P	P	P	P	P	P	P	P	P	P	P	P	P	P	P
YLR414C	S	S	S	S	S	S	S	S	S	S	S	S	P	L	P	L	L	P	P	L
YKL091C	S	S	S	S	S	S	S	P	P	P	P	P	P	P	P	P	P	P	P	P
YBR155W	S	S	S	S	S	S	S	S	S	S	S	S	P	P	P	P	P	P	P	P
YGR166W	S	S	S	S	S	S	S	S	S	S	S	S	P	P	P	P	P	P	P	P
YKR074W	S	S	S	S	S	S	S	S	S	S	S	S	P	P	P	P	L	P	P	P
YDL214C	P	S	P	P	P	S	P	P	P	P	P	P	P	P	P	P	P	P	P	P
YHR135C	S	S	S	P	P	P	P	P	P	P	P	P	P	P	P	P	L	P	P	P
YAL038W	S	S	S	P	P	P	S	P	P	P	P	P	P	P	P	P	P	P	P	P
YPR124W	S	S	S	S	S	S	S	S	S	S	S	S	P	P	P	P	P	P	P	P
YIL128W	S	S	S	S	S	S	S	S	S	S	S	S	P	P	P	P	P	P	P	P
YJR119C	S	S	S	S	S	S	S	S	S	S	S	S	P	P	P	P	P	P	P	P
YBR118W	P	P	P	P	P	P	P	P	P	P	P	P	P	P	P	P	P	P	P	P
YBL106C	S	S	P	S	S	P	S	S	P	P	P	P	P	P	P	P	P	P	P	P
YBR237W	S	S	S	S	S	S	S	S	S	S	S	S	P	P	P	P	P	P	P	P
YIL064W	S	S	S	S	S	S	S	S	S	S	S	S	P	P	P	P	P	P	P	P
YML111W	S	S	P	P	P	S	P	P	P	P	P	P	P	P	P	P	L	P	P	P
YDR354W	S	S	S	S	S	S	S	S	S	S	S	S	P	P	P	P	P	P	P	P
YNL234W	S	S	P	S	S	S	S	S	S	S	S	S	P	P	P	P	P	P	P	P
YMR100W	S	S	S	S	S	S	S	S	S	S	S	S	P	P	P	P	P	P	P	P
YIL071C	S	S	S	S	S	S	S	S	S	S	S	S	P	P	P	P	P	P	P	P
YLR301W	S	S	S	S	S	S	S	S	S	S	S	S	P	P	P	L	L	P	P	P
YPR033C	S	S	S	S	S	S	S	S	S	S	S	S	P	P	P	P	P	P	P	P
YHR115C	P	S	S	S	P	P	P	S	P	P	P	P	P	P	P	P	P	P	P	P
YKL024C	S	S	S	S	S	S	S	S	S	S	S	S	P	P	P	P	P	P	P	P
YLR427W	S	S	S	S	S	S	S	S	S	S	S	S	P	P	P	P	P	P	P	P
YGL240W	S	S	S	S	S	S	S	S	S	S	S	S	P	P	P	P	P	P	P	P
YLR457C	S	S	P	P	P	P	P	S	P	P	P	P	P	P	P	P	P	P	P	P
YGR085C	S	S	S	S	S	S	S	S	P	P	P	P	P	P	P	P	P	P	P	P
YLR200W	S	S	S	S	S	S	S	S	S	S	S	S	P	P	P	P	P	P	P	P
YDR253C	S	P	P	P	P	P	P	P	P	P	P	P	P	P	P	P	P	P	P	P
YDL112W	S	S	D	S	S	S	S	S	S	S	S	S	P	P	P	P	P	P	P	P
YGR237C	S	S	S	S	S	S	S	S	S	S	S	S	P	P	P	P	P	P	P	P
YNL309W	S	S	P	P	S	S	S	S	P	P	P	P	P	P	P	P	P	P	P	P
YNR015W	S	S	S	S	S	S	S	S	S	S	S	S	P	P	P	P	P	P	P	P
YKL086W	S	S	S	S	S	D	S	S	S	S	S	S	P	P	P	P	P	P	P	P
YNR075W	D	D	D	D	D	D	D	D	D	D	D	S	L	L	L	L	L	L	L	L
YLR150W	P	P	S	S	S	S	S	S	S	S	S	S	P	P	P	P	P	P	P	P
YDR545W	D	D	D	D	D	D	D	D	D	D	D	S	L	L	L	L	L	L	L	L
YHR086W	S	S	P	S	S	S	S	S	S	S	S	S	P	P	P	P	P	P	P	P
YPR180W	S	S	S	S	S	S	S	S	S	S	S	S	P	P	P	P	L	P	P	P
YCR011C	S	S	S	S	S	S	S	S	S	S	S	S	P	P	P	P	P	P	P	P
YFR044C	S	S	S	S	S	S	S	S	S	S	S	S	P	P	P	P	L	P	P	P
YBR149W	D	D	D	S	S	S	S	D	S	S	S	S	P	P	P	L	L	P	P	P
YER170W	S	S	S	S	S	S	S	S	S	S	S	S	P	P	P	P	P	P	P	P
YJL084C	S	S	P	P	P	P	P	P	P	P	P	P	P	P	P	P	P	P	P	P
YCL051W	S	S	S	P	P	S	S	S	P	P	P	P	P	P	P	P	P	P	P	P
YKL073W	P	P	S	S	S	S	S	S	S	S	S	S	P	P	P	P	P	P	P	P
YHR146W	P	P	P	P	P	P	P	P	P	S	P	P	P	P	P	P	P	P	P	P
YDR050C	S	S	S	S	S	S	S	S	S	S	S	S	P	P	P	P	P	P	P	P
YER047C	S	S	S	S	D	S	S	S	S	S	S	S	P	P	P	P	L	P	P	P
YBR014C	S	S	S	S	S	S	S	S	P	P	P	P	P	P	P	P	P	P	P	P
YNL313C	S	S	S	S	S	S	S	S	S	S	S	S	P	P	P	P	P	P	P	P
YDL065C	S	S	S	S	S	S	S	S	S	S	S	S	P	P	P	P	P	P	P	P
YDR349C	S	S	S	S	S	S	S	S	S	S	S	S	P	P	P	P	P	P	P	P
YLR078C	S	S	S	S	S	S	S	S	S	S	S	S	P	P	P	P	P	P	P	P
YLR153C	S	S	S	P	P	S	S	S	S	S	S	S	P	P	P	P	P	P	P	P
YMR183C	S	S	S	P	P	S	S	P	P	P	P	P	P	P	P	P	P	P	P	P
YDL234C	S	S	S	S	S	S	S	S	S	S	S	S	P	P	P	P	P	P	P	P
YPL210C	S	S	S	S	S	S	S	S	S	S	S	S	P	P	P	P	P	P	P	P
YER132C	P	P	P	P	P	P	P	P	P	P	P	P	P	P	P	P	P	P	P	P
YCL057W	S	S	S	S	S	S	S	S	S	S	S	S	P	L	P	P	L	P	L	L
YDR118W	S	S	S	S	S	S	S	S	S	S	S	S	P	P	P	P	P	P	P	P
YBL063W	D	S	S	S	S	D	S	D	S	S	S	S	P	P	L	P	P	P	L	L
YOL151W	S	D	D	D	D	D	S	D	S	S	S	S	L	L	L	L	L	L	L	L
YDR159W	S	S	S	S	S	S	S	S	S	S	S	S	P	P	P	P	P	P	P	P
YDR300C	S	S	S	P	P	P	P	P	P	P	P	P	P	P	P	P	P	P	P	P
YER052C	S	S	S	S	S	S	S	S	S	S	S	S	P	P	P	P	P	P	P	P
YDR111C	P	P	P	P	P	P	P	S	P	P	P	P	P	P	P	P	P	P	P	P
YJL221C	D	D	D	D	D	D	D	D	D	D	D	S	L	L	L	L	L	L	L	L
YIL149C	P	P	S	P	P	P	P	S	P	P	P	P	P	P	P	P	P	P	P	P
YPL155C	S	S	S	D	S	S	S	S	S	S	S	S	P	P	P	P	P	P	P	P
YGL169W	S	S	S	S	S	S	S	S	S	S	S	S	P	P	P	P	P	P	P	P
YGR187C	S	S	S	S	S	S	S	S	S	S	S	S	P	P	P	P	P	P	P	P
YER070W	P	P	P	P	P	P	P	S	P	P	P	P	P	P	P	P	P	P	P	P
YPL225W	D	S	S	S	S	S	S	S	S	S	S	S	P	P	P	P	P	P	P	P
YBR189W	P	P	S	P	P	P	P	P	P	P	P	P	P	P	P	P	P	P	P	P
YBR246W	S	S	S	S	S	S	S	S	S	S	S	S	P	P	P	P	P	P	P	P
YPL266W	S	S	S	S	S	S	S	S	S	S	S	S	P	P	P	P	P	P	P	P
YMR110C	S	P	S	S	S	S	S	S	S	S	S	S	L	P	P	L	L	P	P	P
YKL191W	S	S	S	S	S	S	S	S	S	S	S	S	P	P	P	P	P	P	P	P
YDR122W	S	S	S	P	P	P	P	P	P	P	P	P	P	P	P	P	P	P	P	P
YGR068C	S	S	S	S	S	S	S	S	S	S	S	S	L	P	P	P	P	P	P	P
YGR296W	D	D	D	D	D	D	D	D	D	D	D	S	L	L	L	L	L	L	L	L
YHL039W	S	S	S	S	S	S	S	S	S	S	S	S	P	P	P	P	L	P	P	P
YGR177C	S	S	D	S	S	S	S	S	S	S	S	S	L	L	P	L	L	P	P	P
YLR271W	D	D	D	S	S	S	S	D	S	S	S	S	P	L	P	P	P	P	P	P
YBR023C	P	P	S	S	S	P	P	P	S	S	S	S	P	P	P	P	P	P	P	P
YPR002W	S	S	S	S	S	S	S	S	S	S	S	S	P	P	P	P	P	P	L	L
YJL136C	P	S	S	P	P	S	S	S	P	P	P	P	P	P	P	P	P	P	P	P
YEL007W	S	P	P	P	P	S	P	P	S	S	S	S	P	P	P	P	P	P	P	P
YBL007C	S	S	S	S	S	S	S	S	S	S	S	S	P	P	P	P	P	P	P	P
YNL094W	S	S	S	S	S	S	S	S	S	S	S	S	P	P	P	P	P	P	P	P
YDR457W	S	S	S	S	S	S	S	S	S	S	S	S	P	P	P	P	P	P	P	P
YMR111C	D	D	P	S	S	D	S	D	S	S	S	S	P	L	P	P	P	P	P	P
YDR206W	S	S	S	P	P	P	P	P	P	P	P	P	P	P	P	P	P	P	P	P
YJL146W	S	S	S	S	S	S	S	S	S	S	S	S	P	P	P	P	P	P	P	P
YOR194C	S	S	S	S	S	S	S	S	S	S	S	S	P	P	P	P	P	P	P	P
YNL001W	S	S	S	P	P	S	P	P	P	P	S	P	P	P	P	P	P	P	P	P
YIL106W	S	S	S	S	S	S	S	S	S	S	S	S	P	P	P	P	P	P	P	P
YLR456W	S	S	S	P	P	P	P	P	P	P	P	P	P	P	P	P	P	P	P	P
YAR007C	S	S	S	S	S	S	S	S	S	S	S	S	P	P	P	P	P	P	P	P
YLR266C	S	S	P	S	P	P	S	S	P	P	P	P	P	P	L	L	L	L	P	L
YPR200C	D	D	D	D	S	D	D	D	D	D	D	S	L	L	P	L	L	L	L	L
YBL091C	S	S	S	S	S	S	S	S	S	S	S	S	P	P	P	P	P	P	P	P
YDR169C	P	P	P	P	P	P	P	S	S	S	S	S	P	P	P	P	P	P	P	P
YDR115W	S	S	S	S	S	S	S	S	S	S	S	S	P	P	P	P	P	P	P	P
YBR142W	S	S	S	S	S	S	S	S	S	S	S	S	P	P	P	P	P	P	P	P
YNL007C	S	S	S	P	P	S	S	S	S	S	S	S	P	P	P	P	P	P	P	P
YOR298C-A	S	S	S	S	S	S	P	S	S	S	S	S	P	P	P	P	P	P	P	P
YJL060W	S	S	D	S	S	S	S	S	S	S	S	S	P	P	P	P	P	P	P	P
YNL162W-A	S	S	S	S	S	S	S	S	S	S	S	S	P	P	P	P	P	P	P	P
YBR238C	P	P	P	P	P	P	P	P	P	P	P	P	P	P	P	P	P	P	P	P
YOR014W	S	S	P	S	S	S	S	S	S	S	S	S	P	P	P	P	P	P	P	P
YDR432W	S	S	S	S	S	S	S	S	S	S	S	S	P	P	P	P	P	P	P	P
YFL045C	S	S	S	S	S	S	S	S	S	S	S	S	P	P	P	P	P	P	P	P
YOR346W	S	S	S	S	S	S	S	S	S	S	S	S	P	P	P	P	P	P	P	P
YKL116C	S	S	S	S	S	S	S	S	S	S	S	S	P	P	P	P	P	P	P	P
YJR130C	S	S	S	S	S	S	S	P	P	P	P	P	P	P	P	P	P	P	P	P
YMR300C	S	S	S	S	S	S	S	S	S	S	S	S	P	P	P	P	P	P	P	P
