Gene ID	V.polysp	T.phaffi	T.blatta	N.dairen	N.castel	K.nagani	K.africa	C.glabra	S.uvarum	S.kudria	S.mikata	S.cerevi	Z.rouxii	T.delbru	K.lactis	E.gossyp	E.cymbal	L.kluyve	L.thermo	L.waltii
YGR142W	P	P	P	P	P	P	P	S	P	P	P	P	P	P	P	P	P	P	P	P
YKL143W	S	S	S	S	S	S	S	S	S	S	S	S	P	P	P	P	P	P	P	P
YJR044C	S	S	S	S	S	S	S	S	S	S	S	S	P	P	P	P	P	P	P	P
YKR014C	S	S	S	S	S	S	S	S	S	S	S	S	P	P	P	P	P	P	P	P
YML001W	S	S	S	S	S	S	S	S	S	S	S	S	P	P	P	P	P	P	P	P
YDR425W	S	S	S	S	S	S	S	S	S	S	S	S	P	P	P	P	P	P	P	P
YBR097W	S	S	S	S	S	S	S	S	S	S	S	S	P	P	P	P	P	P	P	P
YGR163W	S	S	S	S	S	S	S	S	S	S	S	S	P	P	P	P	P	P	P	P
YKR007W	S	S	S	S	S	S	S	S	S	S	S	S	P	P	P	P	P	P	P	P
YKR001C	S	S	S	S	S	S	S	S	S	S	S	S	P	P	P	P	P	P	P	P
YJL084C	S	S	P	P	P	P	P	P	P	P	P	P	P	P	P	P	P	P	P	P
YBR131W	S	S	S	S	S	S	S	S	S	S	S	S	P	P	P	P	P	P	P	P
YKR035W-A	S	S	S	S	S	S	S	S	S	S	S	S	P	P	P	P	P	P	P	P
YBR077C	S	S	S	S	S	S	S	S	S	S	S	S	P	P	P	P	P	P	P	P
YIL048W	P	P	P	S	S	S	S	S	S	S	S	S	P	P	P	P	P	P	P	P
YNL293W	P	P	P	P	P	P	P	S	P	P	P	P	P	P	P	P	L	P	P	P
YDR456W	S	S	S	S	S	S	S	S	S	S	S	S	P	P	P	P	P	P	P	P
YHR050W	S	S	S	S	S	S	S	S	S	S	S	S	P	P	P	P	P	P	P	P
YDR080W	S	S	S	S	S	S	S	S	S	S	S	S	P	P	P	P	P	P	P	P
YNL093W	S	S	S	S	S	S	S	S	P	P	P	P	P	P	P	P	P	P	P	P
YOR079C	S	S	S	S	S	S	S	S	S	S	S	S	P	P	P	P	L	P	P	P
YNL093W	S	S	S	S	S	S	S	S	P	P	P	P	P	P	P	P	P	P	P	P
YML121W	S	S	S	S	S	S	S	S	S	S	S	S	P	P	P	P	P	P	P	P
YJL084C	S	S	P	P	P	P	P	P	P	P	P	P	P	P	P	P	P	P	P	P
YAL002W	S	S	S	S	S	S	S	S	S	S	S	S	P	P	P	P	P	P	P	P
YHR009C	P	P	S	S	S	S	S	S	S	S	S	S	P	P	P	P	P	P	P	P
YDR313C	S	S	P	S	S	S	S	S	S	S	S	S	P	P	P	P	P	P	P	P
YML002W	S	S	S	S	S	S	S	S	S	S	S	S	P	P	P	P	P	P	P	P
YDR170C	S	S	P	S	S	S	S	S	S	S	S	S	P	P	P	P	P	P	P	P
YMR054W	S	S	S	S	S	S	S	S	S	S	S	S	P	P	P	P	P	P	P	P
YPR079W	S	S	S	S	S	S	S	S	S	S	S	S	P	P	P	P	L	P	P	P
YJL154C	P	P	P	P	P	S	S	S	S	S	S	S	P	P	P	P	P	P	P	P
YJL178C	S	S	P	S	S	S	S	S	S	S	S	S	P	P	P	P	L	P	P	P
YBL069W	S	S	S	S	S	P	P	S	P	P	P	P	P	P	P	P	P	P	P	P
