Gene ID	V.polysp	T.phaffi	T.blatta	N.dairen	N.castel	K.nagani	K.africa	C.glabra	S.uvarum	S.kudria	S.mikata	S.cerevi	Z.rouxii	T.delbru	K.lactis	E.gossyp	E.cymbal	L.kluyve	L.thermo	L.waltii
YOL048C	S	S	S	S	S	S	S	S	S	S	S	S	P	P	P	P	P	P	P	P
YNR017W	S	S	S	S	S	S	S	S	S	S	S	S	P	P	P	P	P	P	P	P
YDR387C	S	S	S	S	S	S	S	S	S	S	S	S	P	P	P	L	P	P	P	P
YBR293W	D	D	D	D	D	D	D	D	S	S	S	S	L	L	L	L	L	L	L	L
YDR438W	S	S	S	P	P	P	P	S	P	P	P	P	P	P	P	P	P	P	P	P
YDR492W	S	S	P	P	P	P	P	P	P	P	P	P	P	P	P	P	P	P	P	P
YDR343C	D	D	S	P	P	S	D	P	P	P	P	P	L	P	L	P	P	P	P	P
YHL031C	S	S	S	S	S	S	S	S	S	S	S	S	P	P	P	P	P	P	P	P
YOL119C	S	S	D	D	D	S	S	S	S	S	S	S	P	P	P	P	L	P	P	P
YIL146C	S	S	S	D	S	S	S	S	S	S	S	S	P	P	P	P	P	P	P	P
YBR042C	P	P	S	P	P	S	S	S	P	P	P	P	P	P	P	P	P	P	P	P
YCR100C	D	D	D	D	D	D	D	D	D	D	D	S	L	L	L	L	L	L	L	L
YCL025C	P	P	S	P	P	P	P	P	P	P	P	P	P	P	P	P	P	P	P	P
YHR045W	S	S	S	S	S	S	S	S	S	S	S	S	P	P	P	P	P	P	P	P
YPR139C	S	S	S	S	S	S	S	S	S	S	S	S	P	P	P	P	P	P	P	P
YPL257W	D	D	D	D	D	D	D	D	S	D	D	S	L	L	L	L	L	L	L	L
YFL026W	P	S	S	S	S	S	S	S	S	S	S	S	P	P	P	P	P	P	P	P
YJL139C	P	P	S	S	S	P	P	P	P	P	P	P	P	P	P	P	P	P	P	P
YBR241C	S	S	S	P	P	P	S	S	P	P	P	P	P	P	P	P	P	P	P	P
YML125C	S	S	S	S	S	P	P	S	P	P	P	P	P	P	P	P	P	P	P	P
YKL133C	S	S	P	S	S	P	P	P	P	P	P	P	P	P	P	P	L	P	P	P
YMR266W	S	S	S	S	S	D	S	S	S	S	S	S	P	P	P	P	P	P	P	P
YLR251W	D	S	S	S	S	S	S	S	S	S	S	S	L	P	P	P	P	P	P	P
YCR067C	S	S	S	P	P	P	P	P	P	P	P	P	P	P	P	P	P	P	P	P
YPR194C	S	D	D	D	D	D	D	D	S	S	S	S	L	L	L	L	L	L	L	L
YGL160W	S	S	S	S	S	S	S	S	S	S	S	S	P	P	P	P	P	P	P	P
YCL002C	S	S	S	S	S	S	S	S	S	S	S	S	P	P	P	L	L	P	L	L
YIL117C	P	P	S	P	P	S	P	S	P	P	P	P	P	P	P	P	P	P	P	P
YJL062W-A	S	S	S	S	S	S	S	S	S	S	S	S	P	P	P	P	P	P	P	P
YML055W	S	S	S	S	S	S	S	S	S	S	S	S	P	P	P	P	P	P	P	P
YMR177W	S	S	P	P	P	P	P	P	P	P	P	P	P	P	P	P	P	P	P	P
YDL206W	S	S	S	S	S	S	S	S	S	S	S	S	P	P	P	L	L	P	P	P
YGR141W	S	S	S	S	P	S	P	S	P	P	P	P	P	P	P	P	P	P	P	P
YDR338C	S	S	S	S	S	S	S	S	S	S	S	S	P	P	P	P	L	P	P	P
YPR155C	S	S	D	S	S	S	S	S	S	S	S	S	P	P	P	P	P	P	P	P
YOR270C	S	S	S	S	S	S	S	S	S	S	S	S	P	P	P	P	P	P	P	P
YOL003C	S	S	S	S	S	S	S	S	S	S	S	S	P	P	P	P	P	P	P	P
YDR497C	S	S	S	S	P	S	S	S	P	P	P	P	P	P	P	P	L	P	P	P
YLR220W	S	S	P	S	P	S	S	S	S	S	S	S	P	P	P	P	P	P	P	P
YKL004W	P	S	S	S	S	S	S	P	S	S	S	S	P	P	P	P	L	P	P	P
YDL015C	S	S	S	S	S	S	S	S	S	S	S	S	P	P	P	P	P	P	P	P
YPL244C	S	S	S	S	S	S	S	S	S	S	S	S	P	P	P	P	P	P	P	P
YAL053W	S	S	S	S	S	S	P	S	P	P	P	P	P	P	P	P	L	P	P	P
YGR224W	D	D	D	D	S	D	D	S	D	S	S	S	L	L	L	L	L	L	L	L
YDR367W	S	S	P	S	S	S	S	S	S	S	S	S	P	P	P	P	P	P	P	P
YCR007C	D	D	D	D	D	D	D	D	D	S	S	S	L	L	L	L	L	L	L	L
YJR131W	S	S	S	S	S	S	S	S	S	S	S	S	P	P	P	P	P	P	P	P
YHR007C	P	S	S	S	S	S	S	S	S	S	S	S	P	P	P	P	P	P	P	P
YMR202W	S	S	S	S	S	S	S	S	S	S	S	S	P	P	P	P	P	P	P	P
YGR082W	P	S	S	P	P	P	S	S	S	S	S	S	P	P	P	P	P	P	P	P
YGR138C	S	S	S	S	P	S	S	S	P	P	P	P	P	P	P	P	L	P	P	P
YJL133W	P	S	P	P	P	P	P	P	P	P	P	P	P	P	P	P	P	P	P	P
YFL011W	D	D	D	D	D	D	D	D	S	S	S	S	L	L	L	L	L	L	L	L
YBR243C	S	S	S	S	S	S	S	S	S	S	S	S	P	P	P	P	P	P	P	P
YDR200C	P	P	P	P	P	S	S	P	P	P	P	P	P	P	P	P	P	P	P	P
YJR044C	S	S	S	S	S	S	S	S	S	S	S	S	P	P	P	P	P	P	P	P
YBR179C	S	S	S	S	S	S	S	S	S	S	S	S	P	P	P	P	P	P	P	P
YDR470C	S	S	S	S	S	S	S	S	S	S	S	S	P	P	P	P	P	P	P	P
YIL158W	S	S	S	S	P	P	P	S	P	P	P	P	P	P	P	P	P	P	P	P
YPL192C	S	D	D	D	D	S	S	S	S	S	S	S	P	P	P	P	P	P	P	P
YDR105C	S	S	S	S	S	S	S	S	S	S	S	S	P	P	P	P	P	P	P	P
YDR483W	P	P	P	P	P	S	P	P	P	P	P	P	P	P	P	P	P	P	P	P
YML013W	S	S	S	S	S	S	S	S	S	S	S	S	P	P	P	P	P	P	P	P
YDL123W	S	S	S	S	S	S	S	S	S	S	S	S	P	P	P	P	P	L	P	L
YGR197C	D	D	P	P	P	P	S	P	P	P	P	P	L	P	P	P	P	P	P	P
YJR012C	S	S	D	S	S	S	S	S	S	S	S	S	P	P	P	P	P	P	P	P
YDL199C	D	D	D	D	D	D	S	D	S	S	S	S	P	P	P	L	L	P	P	P
YGR041W	P	P	P	P	P	P	P	P	P	P	P	P	P	P	P	P	P	P	P	P
YHR117W	S	S	S	P	P	S	S	P	P	P	P	P	P	P	P	P	P	P	P	P
YPL264C	D	D	D	D	D	D	D	D	S	S	S	S	L	L	L	L	L	L	L	L
YML125C	S	S	S	S	S	P	P	S	P	P	P	P	P	P	P	P	P	P	P	P
YBR294W	D	D	D	D	D	D	D	D	S	S	S	S	L	L	L	L	L	L	L	L
YNR055C	D	D	D	D	D	D	D	D	S	S	S	S	L	L	L	L	L	L	L	L
YPL006W	S	S	D	S	D	S	S	S	S	S	S	S	P	P	P	P	P	P	P	P
YGR183C	P	S	S	S	S	S	S	S	S	S	S	S	P	P	P	P	P	P	P	P
YIL016W	S	S	S	S	S	S	S	S	S	S	S	S	P	P	P	P	P	P	P	P
YPL092W	D	S	S	S	P	S	S	S	S	S	S	S	P	P	P	L	L	P	L	P
YLR253W	S	S	S	S	S	S	S	S	S	S	S	S	P	P	P	P	P	P	P	P
YBR284W	S	S	S	P	P	S	S	S	P	P	P	P	P	P	L	P	L	P	P	P
YGL098W	S	S	S	S	S	S	S	S	S	S	S	S	P	P	P	P	P	P	P	P
YOL161C	D	D	D	D	D	D	D	D	D	D	D	S	L	L	L	L	L	L	L	L
YDR034W-B	S	S	P	S	S	D	S	D	P	P	P	P	L	P	P	L	L	P	L	L
YMR319C	D	D	D	D	S	D	D	S	S	S	S	S	P	L	P	L	L	P	L	P
YOL122C	S	S	S	S	S	S	S	S	S	S	S	S	P	L	P	P	P	P	P	P
YJR085C	D	D	D	S	S	S	S	S	S	S	S	S	P	P	P	P	P	P	P	P
YGR172C	S	S	S	S	S	S	S	S	S	S	S	S	P	P	P	P	P	P	P	P
YJR040W	S	S	S	S	S	S	S	S	S	S	S	S	P	P	P	P	P	P	P	P
YJL133W	P	S	P	P	P	P	P	P	P	P	P	P	P	P	P	P	P	P	P	P
YOL107W	S	S	S	S	S	S	S	S	S	S	S	S	P	P	P	P	L	P	P	P
YDR119W	S	S	S	S	S	S	S	D	S	S	S	S	P	P	P	P	P	P	P	P
YAL064W-B	D	D	D	D	D	D	D	D	D	D	D	S	L	L	L	L	L	L	L	L
YAL018C	P	P	D	S	S	S	S	S	P	P	P	S	P	P	L	P	P	P	P	P
YBR042C	P	P	S	P	P	S	S	S	P	P	P	P	P	P	P	P	P	P	P	P
YLR450W	P	P	S	S	S	P	P	S	P	P	P	P	P	P	P	P	P	P	P	P
YKR087C	S	S	S	S	S	S	S	S	S	S	S	S	P	P	P	L	P	P	P	P
YBR150C	S	S	P	P	P	P	P	P	P	P	P	P	L	P	P	L	L	P	P	P
YNR041C	S	S	S	S	S	S	S	S	S	S	S	S	P	P	P	P	P	P	P	P
YML129C	S	S	S	S	S	S	S	S	S	S	S	S	P	P	P	P	P	L	P	P
YOR093C	S	S	S	S	S	S	S	S	S	S	S	S	P	P	P	P	P	P	P	P
YGL075C	S	S	S	S	S	S	S	S	P	P	P	P	P	P	P	P	P	P	P	P
YBR298C	D	D	D	D	D	D	D	D	D	D	D	S	L	L	L	L	L	L	L	L
YEL036C	S	S	S	P	S	S	S	S	S	S	S	S	P	P	P	P	P	P	P	P
YMR149W	S	S	S	S	S	S	S	S	S	S	S	S	P	P	P	P	P	P	P	P
YNL263C	S	S	S	S	S	S	S	S	S	S	S	S	P	P	P	P	P	P	P	P
YFL042C	P	P	P	P	P	P	P	P	P	P	P	P	P	P	P	P	L	P	P	P
YNL095C	S	S	P	P	P	S	S	P	P	P	P	P	P	P	P	P	P	P	P	P
YGL012W	S	S	S	S	S	S	P	S	S	S	S	S	P	P	P	P	L	P	P	P
YDR319C	S	S	S	S	S	S	S	S	S	S	S	S	P	P	P	P	P	P	P	P
YLR008C	S	S	S	S	S	S	S	S	S	S	S	S	P	P	P	P	P	P	P	P
YNL044W	S	S	S	S	S	S	S	S	S	S	S	S	P	P	P	P	P	P	P	P
YBR014C	S	S	S	S	S	S	S	S	P	P	P	P	P	P	P	P	P	P	P	P
YAL053W	S	S	S	S	S	S	P	S	P	P	P	P	P	P	P	P	L	P	P	P
YML030W	S	S	S	S	S	S	S	S	S	S	S	S	P	P	P	P	P	P	P	P
YKL141W	S	S	S	S	S	P	P	S	P	P	P	P	P	P	P	P	P	P	P	P
YOL020W	S	S	S	S	S	D	D	S	S	S	S	S	L	L	P	P	P	P	P	P
YIL065C	S	S	S	S	S	S	S	S	S	S	S	S	P	P	P	P	P	P	P	P
YOL053W	S	S	S	S	S	S	D	S	S	S	S	S	P	P	P	P	P	P	P	P
YOR044W	S	D	D	S	S	D	S	S	P	P	P	P	L	P	P	P	P	P	P	P
YPL175W	S	S	S	S	S	S	S	S	S	S	S	S	P	P	P	P	P	P	P	P
YDR178W	S	S	S	S	S	P	P	S	P	P	P	P	P	P	P	P	P	P	P	P
YHL047C	D	D	D	D	D	D	D	D	D	D	D	S	L	L	L	L	L	L	L	L
YCR069W	S	P	P	P	S	S	P	S	P	P	P	P	P	P	P	P	P	P	P	P
YHR003C	S	S	S	S	S	S	S	S	P	P	P	P	P	P	P	P	P	P	P	P
YNL026W	S	S	S	S	P	S	S	S	S	S	S	S	P	P	P	P	P	P	P	P
YFR006W	P	S	P	S	S	S	S	P	S	S	S	S	P	P	P	P	P	P	P	P
YBR180W	S	S	S	S	S	S	S	S	S	S	S	S	P	P	P	P	P	P	P	P
YDR302W	S	S	P	S	S	S	S	S	S	S	S	S	P	P	P	P	P	P	P	P
YLR411W	D	D	D	S	S	D	D	D	S	S	S	S	L	P	L	L	L	P	P	P
YPR198W	D	D	D	D	D	D	D	D	D	D	D	S	L	L	L	L	L	L	L	L
YLR056W	P	P	S	S	S	S	S	S	S	S	S	S	P	P	P	P	P	P	P	P
YNL169C	S	P	P	S	S	S	S	S	S	S	S	S	P	P	P	P	P	P	P	P
YNL268W	S	S	S	S	S	S	D	S	S	S	S	S	P	P	P	P	P	P	P	P
YBL089W	S	S	S	S	S	P	S	P	P	P	P	P	P	P	P	P	P	P	P	P
YAL048C	S	S	S	S	P	S	S	S	S	S	S	S	P	P	P	P	P	P	P	P
YDR458C	P	P	P	P	P	P	P	P	P	P	P	P	P	P	P	P	P	P	P	P
YJL108C	D	D	D	D	D	S	D	S	S	S	S	S	P	P	P	P	P	P	P	P
YHR155W	P	P	P	S	S	P	P	P	P	P	P	P	P	P	P	P	P	P	P	P
Scer_YGOB_SDC25	P	P	P	P	P	P	S	P	P	P	P	P	P	P	P	P	L	P	P	P
YOR271C	S	S	S	S	S	S	S	S	S	S	S	S	P	P	P	P	P	P	P	P
YGR260W	S	S	S	P	S	S	S	S	S	S	S	S	L	P	P	P	L	P	L	L
YPL270W	S	S	S	S	S	S	S	S	S	S	S	S	P	P	P	P	P	P	P	P
YGR032W	P	P	P	P	P	P	P	P	P	P	P	P	P	P	P	P	P	P	P	P
YIL092W	D	D	D	D	D	D	D	D	S	S	S	S	L	L	L	L	L	L	L	L
YOR106W	S	S	S	S	S	S	S	S	S	S	S	S	P	P	P	P	P	P	P	P
YAR064W	D	D	D	D	D	D	D	D	D	D	D	S	L	L	L	L	L	L	L	L
YML132W	D	D	D	D	D	D	D	D	D	S	D	S	L	L	L	L	L	L	L	L
YDR307W	S	S	S	S	S	S	S	S	S	S	S	S	P	P	P	P	P	P	P	P
YOR059C	S	S	S	S	S	S	S	S	S	S	S	S	P	P	P	P	P	P	P	P
YIL136W	S	S	S	S	S	S	S	S	S	S	S	S	P	P	P	P	P	P	P	P
YIR022W	S	S	S	S	S	S	S	S	S	S	S	S	P	P	P	P	P	P	P	P
YBR104W	P	P	P	P	P	P	P	P	P	P	P	P	P	P	P	L	L	P	P	P
YKL217W	D	D	D	D	D	D	D	D	S	S	S	S	L	L	L	L	L	L	L	L
YLL052C	D	D	D	D	D	D	D	D	S	S	S	S	L	L	L	L	L	L	L	L
YFL034W	P	P	S	S	S	S	S	S	S	S	S	S	P	P	P	P	L	P	P	P
YKR044W	P	P	P	S	S	S	S	S	S	S	S	S	P	P	L	P	P	P	P	P
YBR241C	S	S	S	P	P	P	S	S	P	P	P	P	P	P	P	P	P	P	P	P
YDR381C-A	S	S	S	S	S	S	S	S	S	S	S	S	P	P	P	P	P	P	P	P
YHR048W	S	S	S	S	S	S	S	S	S	S	S	S	P	L	L	L	L	P	P	L
YGR149W	S	D	S	S	S	S	S	S	S	S	S	S	P	P	P	P	P	P	P	P
YDL222C	P	S	D	P	P	S	P	S	P	P	P	P	L	P	P	P	P	P	P	P
YKL065W-A	S	S	D	D	S	S	D	D	S	S	S	S	P	P	P	P	L	L	L	L
YGR131W	S	S	P	P	P	P	P	P	P	P	P	P	P	P	P	P	P	P	P	P
YOR099W	P	P	P	S	S	S	S	S	S	S	S	S	P	P	P	P	P	P	P	P
YPL172C	S	S	S	S	S	S	S	S	S	S	S	S	P	P	P	P	P	P	P	P
YBR044C	S	S	S	S	S	S	S	S	S	S	S	S	P	P	P	P	P	P	P	P
YLR214W	S	S	D	D	D	S	S	D	S	S	S	S	L	P	P	P	P	P	P	P
YAL023C	P	P	P	P	P	P	P	P	P	P	P	P	P	P	P	P	P	P	P	P
YNL080C	S	S	S	S	S	S	S	S	S	S	S	S	P	P	P	P	P	P	P	P
YLR378C	S	S	S	S	S	S	S	S	S	S	S	S	P	P	P	P	P	P	P	P
YLR023C	S	S	S	S	S	S	S	S	S	S	S	S	P	P	P	P	P	P	P	P
YDR352W	P	P	P	S	S	S	S	S	S	S	S	S	P	P	P	P	P	P	P	P
YGR038W	S	S	S	S	S	S	P	P	P	P	P	P	P	P	P	P	P	P	P	P
YNL323W	S	S	P	S	S	S	S	S	S	S	S	S	P	P	P	P	P	P	P	P
YNL003C	S	S	S	S	S	S	S	S	S	S	S	S	P	P	P	P	P	P	P	P
YCR094W	P	P	S	P	P	P	P	P	P	P	P	P	P	P	P	P	P	P	P	P
YNL048W	S	S	S	S	S	S	S	S	S	S	S	S	P	P	P	P	P	P	P	P
YHR002W	S	S	S	S	S	S	S	S	S	S	S	S	P	P	P	P	P	P	P	P
YJL193W	S	S	S	S	S	S	S	S	S	S	S	S	P	P	P	L	L	P	L	L
YIL067C	S	S	S	S	S	S	S	S	S	S	S	S	P	P	P	P	P	P	P	P
YGR131W	S	S	P	P	P	P	P	P	P	P	P	P	P	P	P	P	P	P	P	P
YOR036W	S	S	S	S	S	S	S	S	S	S	S	S	P	P	P	P	P	P	P	P
YHR079C	S	S	S	S	S	S	S	S	S	S	S	S	P	P	P	P	P	P	P	P
YAL026C	S	S	S	S	S	S	S	S	S	S	S	S	P	P	P	P	P	P	P	P
YAL014C	S	S	S	S	S	S	S	S	S	S	S	S	P	P	P	P	P	P	P	P
YOR154W	S	S	S	S	S	S	S	D	S	S	S	S	P	P	P	P	P	P	P	P
YFL046W	S	S	S	S	S	S	S	S	S	S	S	S	P	P	P	P	P	P	P	P
YGR125W	S	S	S	S	S	S	S	S	S	S	S	S	P	P	P	P	L	P	P	P
YOL073C	S	S	S	S	S	S	S	S	S	S	S	S	P	P	P	P	L	P	P	P
YOL152W	D	D	D	D	D	D	D	D	S	S	D	S	L	L	L	L	L	L	L	L
YER145C	S	S	D	S	S	S	D	S	S	S	S	S	P	P	L	P	P	P	L	L
YDR492W	S	S	P	P	P	P	P	P	P	P	P	P	P	P	P	P	P	P	P	P
YOR085W	S	S	P	S	S	S	S	S	S	S	S	S	P	P	P	P	P	P	P	P
YBL030C	S	S	S	P	P	S	S	S	P	P	P	P	P	P	P	P	P	P	P	P
YGL022W	S	S	S	S	S	S	S	S	S	S	S	S	P	P	P	P	P	P	P	P
YLL012W	P	P	P	P	P	P	P	P	P	P	P	P	P	P	P	P	P	P	P	P
YIL134W	S	S	S	S	S	S	S	S	S	S	S	S	P	P	P	P	P	P	P	P
YBR068C	P	P	P	P	P	P	P	P	P	P	P	P	P	L	L	P	P	P	P	P
YMR065W	S	S	S	S	S	S	S	S	S	S	S	S	P	P	P	P	P	P	P	P
YMR302C	S	S	S	S	S	S	S	S	S	S	S	S	P	P	P	P	L	P	P	P
YBR041W	S	S	P	S	S	S	S	S	S	S	S	S	P	P	P	P	P	P	P	P
YBL082C	S	S	S	S	S	S	S	S	S	S	S	S	P	P	P	P	P	P	P	P
YNR062C	D	D	D	D	D	D	D	D	S	S	D	S	L	L	L	L	L	L	L	L
YKL124W	S	S	P	S	S	S	S	S	S	S	S	S	P	P	P	P	P	P	P	P
YGL084C	S	S	S	S	S	S	P	S	P	P	P	P	P	P	P	P	P	P	P	P
YLR077W	S	S	S	S	S	S	S	S	S	S	S	S	P	P	P	P	P	P	P	P
YOR130C	S	S	S	P	P	P	D	S	S	S	S	S	P	P	P	P	P	P	P	P
YDR294C	S	S	S	S	S	S	S	S	S	S	S	S	P	P	P	L	L	P	P	P
YIL114C	S	S	S	S	S	P	P	P	P	P	P	P	P	P	P	P	P	P	P	P
YKL100C	S	S	S	S	S	S	S	S	S	S	S	S	P	P	L	L	L	P	L	L
YAL010C	S	S	S	S	S	S	S	S	S	S	S	S	P	P	P	P	P	P	P	P
YHL036W	S	S	S	S	S	D	D	S	S	S	S	S	P	P	P	P	P	P	L	P
YNR013C	S	S	S	S	S	S	S	S	S	S	S	S	P	P	P	P	P	P	P	P
YLR414C	S	S	S	S	S	S	S	S	S	S	S	S	P	L	P	L	L	P	P	L
YOR008C	S	S	S	S	S	S	S	S	S	S	S	S	P	P	P	P	P	P	P	P
YDL119C	S	S	S	S	S	S	S	S	S	S	S	S	P	P	P	P	P	P	P	P
YAL042W	P	P	P	P	P	P	P	S	S	S	S	S	P	P	P	P	P	P	P	P
YKL221W	D	D	D	D	D	D	D	D	D	D	D	S	L	L	L	L	L	L	L	L
YBR207W	S	S	S	S	D	S	S	S	S	S	S	S	P	P	P	P	P	P	P	P
YFL050C	D	D	D	D	D	D	D	D	S	S	S	S	L	L	L	L	L	L	L	L
YEL004W	D	D	D	D	D	S	D	D	S	S	S	S	L	P	P	L	L	P	P	L
YER141W	S	S	S	S	S	S	S	S	S	S	S	S	P	P	P	P	P	P	P	P
YOR266W	S	S	S	S	S	S	S	S	S	S	S	S	P	P	P	P	P	P	P	P
YPR124W	S	S	S	S	S	S	S	S	S	S	S	S	P	P	P	P	P	P	P	P
YDR264C	S	S	S	P	P	P	P	S	P	P	P	P	P	P	P	P	P	P	P	P
YDR343C	D	D	S	P	P	S	D	P	P	P	P	P	L	P	L	P	P	P	P	P
YGR141W	S	S	S	S	P	S	P	S	P	P	P	P	P	P	P	P	P	P	P	P
YPL162C	S	S	S	S	S	S	S	S	S	S	S	S	P	P	P	P	P	P	P	P
YGL075C	S	S	S	S	S	S	S	S	P	P	P	P	P	P	P	P	P	P	P	P
YJL051W	S	S	S	S	S	S	S	S	S	S	S	S	P	P	P	P	P	P	P	P
YDR316W	S	S	S	S	S	S	S	S	S	S	S	S	P	P	P	P	P	P	P	P
YGR157W	P	P	P	S	S	S	S	S	S	S	S	S	P	P	P	P	P	P	P	P
YDL142C	S	S	S	S	S	S	S	S	S	S	S	S	P	P	P	P	P	P	P	P
YMR119W	P	P	S	P	P	P	P	P	P	P	P	P	P	P	P	P	P	P	P	P
YNR075W	D	D	D	D	D	D	D	D	D	D	D	S	L	L	L	L	L	L	L	L
YCR011C	S	S	S	S	S	S	S	S	S	S	S	S	P	P	P	P	P	P	P	P
YGL146C	S	D	D	S	S	S	S	D	S	S	S	S	P	P	P	P	P	P	P	P
YDL194W	S	S	S	P	P	P	P	P	P	P	P	P	P	P	P	P	P	P	P	P
YHR195W	S	D	D	S	S	S	S	S	S	S	S	S	P	P	P	L	P	P	P	P
YOR311C	S	S	P	S	S	S	S	S	S	S	S	S	P	P	P	P	P	P	P	P
YDR284C	S	S	P	S	S	S	S	S	S	S	S	S	P	P	P	P	P	P	P	P
YIL117C	P	P	S	P	P	S	P	S	P	P	P	P	P	P	P	P	P	P	P	P
YBR014C	S	S	S	S	S	S	S	S	P	P	P	P	P	P	P	P	P	P	P	P
YDR349C	S	S	S	S	S	S	S	S	S	S	S	S	P	P	P	P	P	P	P	P
YKL034W	S	S	S	S	S	S	S	S	S	S	S	S	P	P	P	P	P	P	P	P
YLR078C	S	S	S	S	S	S	S	S	S	S	S	S	P	P	P	P	P	P	P	P
YMR183C	S	S	S	P	P	S	S	P	P	P	P	P	P	P	P	P	P	P	P	P
YFR012W	S	S	S	S	S	S	P	S	P	P	P	P	P	P	P	P	P	P	P	P
YLR404W	S	S	S	S	S	S	S	S	S	S	S	S	P	P	P	P	P	P	P	P
YLL005C	S	S	S	S	S	S	S	S	S	S	S	S	P	P	P	P	P	P	P	P
YCL069W	D	D	D	D	D	D	D	D	D	D	D	S	L	L	L	L	L	L	L	L
YIL147C	P	P	P	S	S	S	S	S	S	S	S	S	P	P	P	P	P	P	P	P
YBR147W	S	S	S	P	P	P	S	P	P	P	P	P	P	P	P	P	P	P	P	P
YGL167C	S	S	S	S	S	S	S	P	S	S	S	S	P	P	P	P	P	P	P	P
YJR161C	D	D	D	D	D	D	D	D	D	D	D	S	L	L	L	L	L	L	L	L
YMR157C	S	S	S	S	S	S	S	S	S	S	S	S	P	P	P	P	P	P	P	P
YMR110C	S	P	S	S	S	S	S	S	S	S	S	S	L	P	P	L	L	P	P	P
YGR217W	P	P	S	S	S	S	S	S	S	S	S	S	P	P	P	P	P	P	P	P
YHL043W	D	D	D	D	D	D	D	D	D	D	D	S	L	L	L	L	L	L	L	L
YBR023C	P	P	S	S	S	P	P	P	S	S	S	S	P	P	P	P	P	P	P	P
YOR002W	S	S	S	S	S	S	S	S	S	S	S	S	P	P	P	P	P	P	P	P
YHL017W	S	S	S	S	S	S	S	P	P	P	P	P	P	P	P	P	P	P	P	P
YLL055W	D	D	D	D	S	D	D	D	S	S	S	S	P	L	P	P	L	P	P	P
YHR026W	S	S	S	S	S	S	S	S	S	S	S	S	P	P	P	P	P	P	P	P
YDL232W	S	S	S	D	S	S	P	S	S	S	S	S	P	P	P	P	P	P	P	P
YKR089C	P	P	P	P	P	P	P	P	P	P	P	P	P	P	P	P	P	P	P	P
YLL015W	S	S	D	D	D	S	S	S	S	S	S	S	P	P	P	L	L	P	L	L
YPL058C	S	S	S	S	S	S	S	S	S	S	S	S	P	P	P	L	L	P	L	L
YOR044W	S	D	D	S	S	D	S	S	P	P	P	P	L	P	P	P	P	P	P	P
YJL082W	S	S	P	S	S	S	S	P	P	P	P	P	P	P	P	L	P	P	P	P
YNR039C	S	S	S	S	S	S	S	S	S	S	S	S	P	P	P	P	P	P	P	P
YDR410C	S	S	S	S	S	S	S	S	S	S	S	S	P	P	P	P	P	P	P	P
YIL005W	P	P	P	S	S	S	S	P	S	S	S	S	P	P	P	P	P	P	P	P
YJL117W	S	S	S	S	S	S	S	S	S	S	S	S	P	P	P	P	P	P	P	P
YDL072C	S	S	S	S	S	S	S	S	S	S	S	S	P	P	P	P	P	P	P	P
YDL012C	S	D	P	D	S	S	S	P	P	P	P	P	P	P	P	P	P	P	P	P
YNL052W	S	S	S	S	S	S	S	S	P	P	P	P	P	P	P	P	P	P	P	P
YGL065C	S	S	S	S	S	S	S	S	S	S	S	S	P	P	P	P	P	P	P	P
YHR003C	S	S	S	S	S	S	S	S	P	P	P	P	P	P	P	P	P	P	P	P
YCR026C	S	S	S	S	S	D	D	S	P	P	P	P	P	P	P	P	P	P	L	L
YLR145W	S	S	S	S	S	S	S	S	S	S	S	S	P	P	P	P	P	P	P	P
YFL068W	D	D	D	D	D	D	D	D	D	D	D	S	L	L	L	L	L	L	L	L
YFL048C	S	P	P	S	S	P	S	P	P	P	P	P	P	P	P	P	P	P	P	P
YLR443W	S	S	S	S	S	S	S	S	S	S	S	S	P	P	P	P	P	P	P	P
YOR256C	P	P	P	P	P	P	P	P	P	P	P	P	P	P	P	P	P	P	P	P
YAL030W	S	S	P	S	S	S	S	P	P	P	P	P	P	P	P	P	P	P	P	P
YPR010C-A	S	S	S	S	S	S	S	S	S	S	S	S	P	P	P	L	P	P	P	P
YBR040W	S	S	S	S	S	S	S	S	S	S	S	S	P	P	P	P	P	P	P	P
YHR175W	S	S	S	S	S	S	S	S	S	S	S	S	P	P	P	P	P	P	P	P
YBR230C	S	D	S	D	S	S	S	S	S	S	S	S	P	P	P	P	P	P	P	P
YAR027W	D	D	D	D	D	D	D	D	D	S	S	S	L	L	L	L	L	L	L	L
YOL137W	S	S	S	S	S	S	S	S	S	S	S	S	P	P	P	P	P	P	P	P
YLL006W	S	S	S	S	S	S	S	S	S	S	S	S	P	P	P	P	P	P	P	P
YDR326C	S	S	P	P	P	P	P	P	P	P	P	P	P	P	P	P	P	P	P	P
YDL052C	P	P	S	S	S	S	S	S	S	S	S	S	P	P	P	P	P	P	P	P
YER185W	D	D	D	D	D	D	D	D	D	D	D	S	L	L	L	L	L	P	P	L
YMR200W	S	S	S	S	S	S	S	S	S	S	S	S	P	P	P	P	P	P	P	P
YDR536W	D	D	D	D	D	D	D	D	S	S	S	S	P	P	P	P	P	P	P	P
YLR191W	P	P	S	S	S	S	S	S	S	S	S	S	P	P	P	P	P	P	P	P
YKL207W	S	S	S	S	S	S	S	S	S	S	S	S	P	P	P	P	P	P	P	P
YAL055W	S	S	S	S	S	S	S	S	S	S	S	S	P	P	P	P	P	P	P	P
YIL004C	S	S	S	S	S	S	S	S	S	S	S	S	P	P	P	P	P	P	P	L
YPR113W	S	P	S	S	S	S	S	S	S	S	S	S	P	P	P	P	P	P	P	P
YNL291C	S	S	S	S	S	S	S	S	S	S	S	S	P	P	P	P	P	P	P	P
YDR011W	P	P	P	S	S	S	S	S	D	S	S	S	P	P	P	P	P	P	P	P
YNL087W	S	S	S	P	P	S	P	S	P	P	P	P	P	P	P	P	P	P	P	P
YER039C	P	P	S	P	P	S	S	S	P	P	P	P	P	P	P	P	P	P	P	P
YDR414C	S	S	S	S	S	S	S	S	S	S	S	S	P	P	P	P	P	P	P	P
YIR014W	S	D	S	S	S	S	D	S	S	S	S	S	P	P	P	P	P	P	P	P
YPL147W	S	S	S	S	S	S	S	S	S	S	S	S	P	P	P	P	P	P	P	P
YIR033W	S	S	S	P	P	P	P	S	P	P	P	P	P	P	P	P	P	P	P	P
YIL085C	S	S	S	P	P	P	P	S	P	P	P	P	P	P	P	L	L	P	P	P
YBR183W	P	P	P	P	P	S	S	P	P	P	P	P	P	P	P	P	P	P	P	P
YJL132W	D	D	S	S	S	S	D	S	S	S	S	S	P	P	P	L	L	P	P	P
YKL140W	S	S	S	S	S	S	S	S	S	S	S	S	P	P	L	P	L	P	P	P
YNL024C-A	S	S	S	S	S	S	S	S	S	S	S	S	P	P	P	P	P	P	P	P
YDL149W	S	S	S	S	S	S	S	S	S	S	S	S	P	P	P	P	P	P	P	P
YDR231C	S	S	S	S	S	S	S	S	S	S	S	S	P	P	P	P	P	P	P	P
YKL051W	S	P	P	P	P	P	P	P	S	S	S	S	P	P	P	P	P	P	P	P
YGR284C	P	S	S	P	P	S	P	S	S	S	S	S	P	P	P	P	P	P	P	P
YMR243C	S	S	S	P	P	P	P	S	P	P	P	P	P	P	P	P	P	P	P	P
YGR032W	P	P	P	P	P	P	P	P	P	P	P	P	P	P	P	P	P	P	P	P
YGL084C	S	S	S	S	S	S	P	S	P	P	P	P	P	P	P	P	P	P	P	P
YJL172W	D	D	D	S	S	S	S	S	S	S	S	S	P	P	P	P	P	P	P	P
YMR203W	S	S	S	S	S	S	S	S	S	S	S	S	P	P	P	P	P	P	P	P
YOL002C	S	S	S	S	S	S	S	S	S	S	S	S	P	P	P	P	P	P	P	P
YPL246C	P	P	S	S	S	S	S	S	S	S	S	S	P	P	P	P	P	P	P	P
YNL192W	P	P	S	S	S	S	S	S	S	S	S	S	P	P	P	P	P	P	P	P
YJL093C	S	S	S	S	S	S	S	S	S	S	S	S	P	P	P	L	L	P	P	P
YJL163C	S	S	S	S	S	S	S	S	S	S	S	S	P	P	P	P	L	P	P	P
YMR089C	S	S	S	S	S	S	S	S	S	S	S	S	P	P	P	P	P	P	P	P
YER072W	S	S	S	S	S	S	S	S	S	S	S	S	P	P	P	P	P	P	P	P
YNL149C	S	S	S	S	S	S	S	S	S	S	S	S	P	P	P	P	P	P	P	P
YMR134W	S	S	S	S	S	S	S	S	S	S	S	S	P	P	P	P	P	P	P	P
YOR328W	D	D	D	D	D	D	D	D	S	S	S	S	L	L	L	L	L	L	L	L
YJL037W	D	D	D	D	D	D	D	D	S	D	S	S	L	L	L	L	L	L	L	L
YHR078W	S	S	S	S	S	S	S	S	S	S	S	S	P	P	P	P	P	P	P	P
YLR099W-A	S	S	S	S	S	S	S	S	S	S	S	S	P	P	P	P	P	P	P	P
YHL044W	D	D	D	D	D	D	D	D	D	D	D	S	L	L	L	L	L	L	L	L
YJL002C	P	S	S	S	S	S	S	S	S	S	S	S	P	P	P	P	P	P	P	P
YNL275W	D	S	S	S	S	S	S	S	S	S	S	S	P	P	P	P	P	P	P	P
YBR005W	P	S	S	P	P	S	P	P	P	P	P	P	P	P	P	P	P	P	P	P
YGR191W	S	P	S	P	P	S	S	S	S	S	S	S	L	L	P	P	P	P	P	P
YKR093W	S	D	S	S	S	S	S	S	S	S	S	S	P	P	P	L	L	P	L	L
YKL201C	P	P	P	P	P	S	P	P	P	P	P	P	P	L	P	L	P	P	P	P
YCR021C	D	D	D	D	D	D	D	D	S	S	S	S	L	L	L	L	L	L	L	L
YBR255C-A	P	S	S	S	S	S	S	S	S	S	S	S	P	P	P	P	P	P	P	P
YJL161W	D	D	D	D	D	D	D	D	S	S	S	S	P	P	P	L	L	P	P	P
YGL194C-A	S	S	S	D	S	S	S	S	S	S	S	S	P	P	P	P	L	P	P	P
YFR041C	S	S	S	S	S	S	S	S	S	S	S	S	P	P	P	P	P	P	P	P
YBL042C	S	S	D	S	S	D	S	S	S	S	S	S	P	P	P	P	P	P	P	P
YFL062W	D	D	D	D	D	D	D	D	D	D	D	S	L	L	L	L	L	L	L	L
YML115C	S	S	S	S	S	S	S	S	S	S	S	S	P	P	P	P	P	P	P	P
YKL077W	S	S	P	S	P	S	S	S	S	S	S	S	P	P	P	P	P	P	P	P
YOR381W	D	D	D	D	D	D	D	D	S	S	S	S	L	L	L	L	L	L	L	L
YLL023C	S	S	S	S	S	S	S	S	S	S	S	S	P	P	P	P	P	P	P	P
YKR103W	D	D	D	D	D	D	D	D	D	D	S	S	L	L	L	L	L	L	L	L
YLR065C	S	S	S	S	S	S	S	S	S	S	S	S	P	P	P	P	P	P	P	P
YLL031C	P	P	P	S	S	S	S	S	S	S	S	S	P	P	P	P	P	P	P	P
YNR070W	D	D	D	D	D	D	D	D	D	S	S	S	L	L	L	L	L	L	L	L
YOR273C	S	S	P	D	S	S	S	S	S	S	S	S	L	P	L	P	P	P	P	P
YGL020C	S	S	S	S	S	S	S	S	S	S	S	S	P	P	P	P	P	P	P	P
YNL305C	S	S	S	S	S	S	S	S	S	S	S	S	P	P	P	L	L	P	P	P
YBR069C	S	D	S	S	S	S	D	D	S	S	S	S	L	L	L	P	P	P	L	L
YCR104W	D	D	D	D	D	D	D	D	D	D	D	S	L	L	L	L	L	L	L	L
YCL001W	S	S	S	S	S	S	S	S	S	S	S	S	P	P	P	P	P	P	P	P
YDR443C	S	S	S	S	S	S	S	S	S	S	S	S	P	P	P	P	P	P	P	P
YNL294C	S	S	S	S	S	S	S	S	S	S	S	S	P	P	P	P	P	P	P	P
YNL280C	S	S	S	S	S	S	S	S	S	S	S	S	P	P	P	P	P	P	P	P
YJL073W	S	S	S	S	S	S	S	S	S	S	S	S	P	P	P	P	P	P	P	P
YDL128W	S	S	P	S	S	S	S	S	S	S	S	S	P	P	P	P	P	P	P	P
YIL102C-A	S	S	S	S	S	S	S	S	S	D	S	S	P	P	P	P	P	P	P	P
YLR026C	S	S	S	S	S	S	S	S	S	S	S	S	P	P	P	P	P	P	P	P
YCR010C	S	P	P	P	P	P	P	P	P	P	P	P	P	P	P	P	P	P	L	L
YEL065W	S	D	D	S	S	D	D	D	S	S	S	S	L	L	L	L	L	L	L	L
YLR093C	S	S	S	S	S	S	S	S	S	S	S	S	P	P	P	P	P	P	P	P
YGR026W	S	S	P	S	S	S	S	S	S	S	S	S	P	P	P	P	P	P	P	P
YML131W	S	S	S	S	S	D	P	S	S	S	S	S	P	P	L	P	P	L	L	L
YLR246W	S	S	S	S	S	S	S	S	S	S	S	S	P	P	P	P	P	P	P	P
YML038C	P	P	S	S	S	S	S	S	S	S	S	S	P	P	P	P	P	P	P	P
YDR497C	S	S	S	S	P	S	S	S	P	P	P	P	P	P	P	P	L	P	P	P
YKL133C	S	S	P	S	S	P	P	P	P	P	P	P	P	P	P	P	L	P	P	P
YOR075W	S	S	S	S	S	S	S	S	S	S	S	S	P	P	P	P	P	P	P	P
YGR089W	S	S	S	S	S	S	S	S	S	S	S	S	P	P	P	P	P	P	P	P
YGL200C	S	P	S	S	S	S	S	S	S	S	S	S	P	P	P	P	P	P	P	P
YGL186C	S	S	S	S	S	S	S	S	S	S	S	S	L	P	P	L	L	P	P	P
YLR152C	S	S	S	S	S	S	P	D	S	S	S	S	P	P	P	P	P	P	P	P
YML012W	P	P	S	S	P	P	S	S	S	S	S	S	P	P	P	P	P	P	P	P
YNL054W	S	S	S	S	S	S	S	S	S	S	S	S	P	P	P	P	P	P	P	P
YGL055W	S	S	D	S	S	S	S	S	S	S	S	S	P	P	P	P	P	P	P	P
YIL039W	P	P	P	S	S	S	S	S	S	S	S	S	P	P	P	P	P	P	P	P
YBR171W	S	S	S	S	S	S	S	S	S	S	S	S	P	P	P	P	P	P	P	P
YIL158W	S	S	S	S	P	P	P	S	P	P	P	P	P	P	P	P	P	P	P	P
YCR017C	S	S	S	S	S	S	S	S	S	S	S	S	P	P	P	P	P	P	P	P
YDL089W	S	S	S	S	S	S	S	S	S	S	S	S	P	P	P	P	P	P	P	P
YHR151C	S	S	S	S	S	S	S	S	S	S	S	S	P	P	P	P	P	P	P	P
YJR158W	D	D	D	D	D	D	D	D	D	D	D	S	L	L	L	L	L	L	L	L
YBR043C	D	D	D	D	D	D	D	D	S	S	S	S	P	P	P	P	P	P	P	P
YDR331W	S	S	S	S	S	S	S	S	S	S	S	S	P	P	P	P	P	P	P	P
YGR101W	S	S	S	S	S	S	S	S	S	S	S	S	P	P	P	P	P	P	P	P
YBL059W	P	P	S	P	P	P	P	P	P	P	P	P	P	P	P	P	L	P	P	P
YDR160W	D	D	D	S	S	S	D	S	S	S	S	S	P	P	P	P	P	P	P	P
YDR093W	S	S	P	P	P	P	P	P	P	P	P	P	P	P	P	P	P	P	P	P
YML123C	P	P	S	P	P	S	S	S	S	S	S	S	P	P	P	P	P	P	P	P
YNL146W	S	D	D	S	S	S	D	S	S	S	S	S	P	P	P	P	L	P	P	P
YOR211C	S	S	S	S	S	S	S	S	S	S	S	S	P	P	P	P	P	P	P	P
YDR040C	S	S	S	S	S	S	S	S	S	S	S	S	P	P	P	P	P	P	P	P
YBR068C	P	P	P	P	P	P	P	P	P	P	P	P	P	L	L	P	P	P	P	P
YDL248W	D	D	D	D	D	D	D	D	D	D	D	S	L	L	L	L	L	L	L	L
YFL051C	D	D	D	D	D	D	D	D	S	S	S	S	L	L	L	L	L	L	L	L
YPL063W	S	S	S	S	S	S	S	S	S	S	S	S	P	P	P	P	P	P	P	P
YER118C	S	S	S	S	S	S	S	S	S	S	S	S	P	P	P	P	P	P	P	P
YGL230C	S	D	D	S	S	D	D	D	S	S	S	S	P	P	L	L	L	P	P	P
YGR096W	S	S	S	S	S	S	S	S	S	S	S	S	P	P	P	P	P	P	P	P
YBR086C	S	S	S	P	P	P	P	S	S	S	S	S	P	P	P	P	L	P	P	P
YNR021W	S	S	S	S	S	S	S	S	S	S	S	S	P	P	P	P	P	P	P	P
YFL054C	D	D	D	D	D	D	D	D	S	S	S	S	L	P	L	L	L	L	P	P
YAR029W	D	D	D	D	D	D	D	D	D	S	S	S	L	L	L	L	L	L	L	L
YGR112W	S	S	S	S	S	S	S	S	S	S	S	S	P	P	P	P	P	P	P	P
YIL030C	S	S	S	S	S	S	S	S	S	S	S	S	P	P	P	P	P	P	P	P
YMR011W	D	D	D	D	D	D	D	D	S	S	S	S	L	L	L	L	L	L	L	L
YDR038C	D	D	D	D	D	D	D	D	D	D	D	S	L	L	L	L	L	L	L	L
YDL204W	D	S	P	P	P	S	P	S	P	P	P	P	P	P	P	P	P	P	P	P
YHR096C	P	S	S	P	P	S	S	P	P	S	P	P	L	P	P	P	L	L	L	P
