Gene ID	V.polysp	T.phaffi	T.blatta	N.dairen	N.castel	K.nagani	K.africa	C.glabra	S.uvarum	S.kudria	S.mikata	S.cerevi	Z.rouxii	T.delbru	K.lactis	E.gossyp	E.cymbal	L.kluyve	L.thermo	L.waltii
YDR232W	S	S	S	S	S	S	S	S	S	S	S	S	P	P	P	P	P	P	P	P
YCR005C	S	S	P	S	S	S	P	P	P	P	P	P	P	P	P	P	P	P	P	P
YBL022C	S	S	S	S	S	S	S	S	S	S	S	S	P	P	P	P	P	P	P	P
YOL095C	S	S	S	S	S	S	S	S	S	S	S	S	P	P	P	P	P	P	P	P
YMR083W	S	S	S	S	S	S	S	S	S	S	S	S	P	P	P	P	P	P	P	P
YPL059W	S	S	S	P	P	S	S	S	S	S	S	S	P	P	P	P	P	P	P	P
YBR227C	S	S	S	S	S	S	S	S	S	S	S	S	P	P	P	L	L	P	P	P
YFL018C	S	S	S	S	S	S	S	S	P	P	P	P	P	P	P	P	P	P	P	P
YDL045W-A	S	S	S	S	S	S	S	S	S	S	S	S	P	P	P	P	P	P	P	P
YNL310C	S	S	S	S	S	S	S	S	S	S	S	S	P	P	P	P	P	P	P	P
YML129C	S	S	S	S	S	S	S	S	S	S	S	S	P	P	P	P	P	L	P	P
YPR067W	S	S	S	P	P	P	S	S	S	S	S	S	P	P	P	P	P	P	P	P
YIL098C	S	S	D	S	S	S	D	S	S	S	S	S	P	P	P	P	P	P	P	P
YDR493W	S	S	S	S	S	S	S	S	S	S	S	S	P	P	P	P	L	P	P	P
YER069W	P	S	P	S	S	S	S	S	S	S	S	S	P	P	P	P	P	P	P	P
YBR026C	S	S	S	S	S	S	S	S	S	S	S	S	P	P	P	P	P	P	P	P
YLR304C	S	S	S	S	S	S	P	S	S	S	S	S	P	P	P	P	P	P	P	P
YML091C	S	S	P	S	S	S	S	S	S	S	S	S	P	P	P	P	P	P	P	P
YCR005C	S	S	P	S	S	S	P	P	P	P	P	P	P	P	P	P	P	P	P	P
YBR044C	S	S	S	S	S	S	S	S	S	S	S	S	P	P	P	P	P	P	P	P
YEL030W	P	S	S	S	S	S	S	P	P	P	P	P	P	P	P	P	P	P	P	P
YDL044C	S	S	S	S	S	S	S	S	S	S	S	S	P	P	P	P	P	P	P	P
YDR111C	P	P	P	P	P	P	P	S	P	P	P	P	P	P	P	P	P	P	P	P
YPL097W	S	S	S	S	S	S	S	S	S	S	S	S	P	P	P	P	P	P	P	P
YHR100C	S	S	S	S	S	P	S	S	S	S	S	S	P	P	P	P	P	P	P	P
YPR004C	S	S	S	S	S	S	S	S	S	S	S	S	P	P	P	P	P	P	P	P
YER170W	S	S	S	S	S	S	S	S	S	S	S	S	P	P	P	P	P	P	P	P
YPL266W	S	S	S	S	S	S	S	S	S	S	S	S	P	P	P	P	P	P	P	P
YHR024C	S	S	S	S	S	S	S	S	S	S	S	S	P	P	P	P	P	P	P	P
YGL018C	S	S	S	S	S	S	S	S	S	S	S	S	P	P	P	P	P	P	P	P
YDL033C	S	S	S	S	S	S	S	S	S	S	S	S	P	P	P	P	P	P	P	P
YOR350C	D	S	D	S	S	S	S	S	S	S	S	S	P	P	P	L	L	P	P	P
YPR006C	S	S	S	S	S	S	S	S	S	S	S	S	P	P	P	P	L	P	L	L
YKR066C	S	S	S	S	S	S	S	S	S	S	S	S	P	P	P	L	L	P	P	P
YJR148W	P	P	P	P	P	P	P	P	P	P	P	P	P	P	P	P	P	P	P	P
YML078W	S	S	S	S	S	S	S	S	S	S	S	S	P	L	P	P	P	P	P	P
YIL070C	S	S	S	S	S	S	S	S	S	S	S	S	P	P	P	P	P	P	P	L
YNL295W	S	S	S	S	S	S	S	S	S	S	S	S	P	P	P	P	P	P	P	P
YNL071W	S	S	S	S	S	S	S	S	S	S	S	S	P	P	P	P	P	P	P	P
YCR079W	S	S	S	S	S	S	S	S	S	S	S	S	P	P	P	P	P	P	P	P
YER178W	S	S	S	S	S	S	S	S	S	S	S	S	P	P	P	P	P	P	P	P
YER057C	P	P	P	P	P	P	P	S	P	P	P	P	P	P	P	P	L	P	P	P
YAL046C	S	S	S	S	S	S	S	S	S	S	S	S	P	P	P	P	P	P	P	P
YOL071W	S	S	S	S	S	S	S	S	S	S	S	S	P	P	P	P	P	P	P	P
YLR289W	S	S	S	S	S	S	S	S	S	S	S	S	P	P	P	P	P	P	P	P
YHR011W	S	S	S	S	S	S	S	S	S	S	S	S	P	P	P	P	P	P	P	P
YBL013W	S	S	S	S	S	S	S	S	S	S	S	S	P	P	P	P	P	P	P	P
YKL134C	S	S	S	S	S	S	S	S	S	S	S	S	P	P	P	P	P	P	P	P
YPR001W	S	S	D	S	S	S	S	S	S	S	S	S	P	P	P	P	L	P	L	L
YLR163C	S	S	S	S	S	S	S	S	S	S	S	S	P	P	P	P	P	P	P	P
YIL042C	S	S	S	S	S	S	S	S	S	S	S	S	P	P	P	P	P	P	P	P
YDR258C	S	S	S	S	S	S	S	S	S	S	S	S	P	P	P	P	P	P	P	P
YDL107W	S	S	S	S	S	S	S	S	S	S	S	S	P	P	P	P	P	P	P	P
YLR259C	S	S	S	S	S	S	S	S	S	S	S	S	P	P	P	P	P	P	P	P
YDR268W	S	S	S	S	S	S	S	S	S	S	S	S	P	P	P	P	P	P	P	P
YHR070W	S	S	S	S	S	S	S	S	S	S	S	S	P	P	P	P	P	P	P	P
YPL040C	S	S	S	S	S	S	S	S	S	S	S	S	P	P	P	P	P	P	P	P
YGL064C	S	S	S	S	S	S	S	S	S	S	S	S	P	P	P	P	P	P	P	P
YOR226C	P	P	S	P	P	S	P	P	P	P	P	P	P	P	P	P	P	P	P	P
YKL040C	S	S	S	S	S	S	S	S	S	S	S	S	P	P	P	P	P	P	P	P
YGR222W	S	S	D	S	S	S	S	S	S	S	S	S	P	P	P	P	P	P	P	P
YPL189C-A	S	S	S	S	S	S	S	S	S	S	S	S	P	P	P	P	P	P	P	P
YOL033W	S	S	S	S	S	S	S	S	S	S	S	S	P	P	P	P	P	P	P	P
YMR257C	S	S	S	S	S	S	S	S	S	S	S	S	P	P	P	P	P	P	P	P
YOR226C	P	P	S	P	P	S	P	P	P	P	P	P	P	P	P	P	P	P	P	P
YOR241W	S	S	S	S	S	S	S	S	S	S	S	S	P	P	P	P	P	P	P	P
YER048W-A	S	S	S	S	S	S	S	S	S	S	S	S	P	P	P	P	P	P	P	P
YIL123W	S	P	P	P	P	S	S	P	P	P	P	P	P	P	P	P	P	P	P	P
YDR256C	S	S	S	S	S	S	S	S	S	S	S	S	P	P	P	P	P	P	P	P
YLR142W	S	S	S	S	S	S	S	S	S	S	S	S	P	P	P	P	P	P	P	P
YPL262W	P	S	P	S	S	S	S	S	S	S	S	S	P	P	P	P	P	P	P	P
YGL059W	S	S	S	S	S	S	S	S	S	S	S	S	P	P	P	P	P	P	P	P
YOR354C	S	S	S	S	S	S	S	S	S	S	S	S	P	P	P	P	L	P	P	P
YDR332W	S	S	S	S	S	S	S	S	S	S	S	S	P	P	P	P	P	P	P	P
YDR379C-A	S	S	S	S	S	S	S	S	S	S	S	S	P	P	P	P	P	P	P	P
YGR046W	S	S	S	S	S	S	S	S	S	S	S	S	P	P	P	P	P	P	P	P
YFL016C	S	S	S	S	S	S	S	S	S	S	S	S	P	P	P	P	P	P	P	P
YMR287C	S	S	S	S	S	S	S	S	S	S	S	S	P	P	P	P	L	P	P	P
YPL029W	S	S	S	S	S	S	S	S	S	S	S	S	P	P	P	P	P	P	P	P
YHR037W	S	S	S	S	S	S	S	S	S	S	S	S	P	P	P	P	P	P	P	P
YOR022C	S	S	S	D	D	S	S	S	S	S	S	S	P	P	P	P	P	P	P	P
YPL252C	S	S	S	S	S	S	S	S	S	S	S	S	P	P	P	P	P	P	P	P
YPR047W	S	S	S	S	S	S	S	S	S	S	S	S	P	P	P	P	P	P	P	P
YFL036W	S	S	S	S	S	S	S	S	S	S	S	S	P	P	P	P	P	P	P	P
YDR341C	S	S	P	S	S	P	P	P	P	P	P	P	P	P	P	P	P	P	P	P
YDR376W	S	S	S	S	S	S	S	S	S	S	S	S	P	P	P	P	P	P	P	P
YOR232W	S	S	S	S	S	S	S	S	S	S	S	S	P	P	P	P	P	P	P	P
YNL037C	S	S	S	S	S	S	S	S	S	S	S	S	P	P	P	P	P	P	P	P
YDR272W	P	S	P	S	S	S	S	S	P	P	P	P	P	P	P	P	P	P	P	P
YGL119W	S	S	S	S	S	S	S	S	P	P	P	P	P	P	P	P	P	P	P	P
YLR382C	S	S	S	S	S	S	S	S	S	S	S	S	P	P	P	P	P	P	P	P
YHR008C	S	S	S	S	S	S	S	S	S	S	S	S	P	P	P	P	P	P	P	P
YBR221C	S	S	S	S	S	S	S	S	S	S	S	S	P	P	P	P	P	P	P	P
YMR023C	S	S	S	S	S	S	S	S	S	S	S	S	P	P	P	P	P	P	P	P
YPL104W	S	S	S	S	S	S	S	S	S	S	S	S	P	P	P	P	P	P	P	P
YIL125W	S	S	S	S	S	S	S	S	S	S	S	S	P	P	P	P	P	P	P	P
YDL178W	S	S	S	S	S	S	S	S	S	S	S	S	P	P	P	P	P	P	P	P
YML120C	S	S	S	S	S	S	S	S	S	S	S	S	P	P	P	P	P	P	P	P
YGL236C	S	S	S	S	S	S	S	S	S	S	S	S	P	P	P	P	P	P	P	P
YPL188W	S	S	S	S	S	S	S	S	S	S	S	S	P	P	P	P	P	P	P	P
YER073W	D	D	D	S	S	S	S	S	S	S	S	S	P	P	P	P	L	P	P	P
YOR374W	S	S	S	S	S	S	S	S	S	S	S	S	P	P	P	P	P	P	P	P
YHR201C	S	S	S	S	S	D	S	S	S	S	S	S	P	P	P	P	P	P	P	P
YCR024C	S	S	S	S	S	S	S	S	S	S	S	S	P	P	P	P	P	P	P	P
YML110C	S	S	S	S	S	S	S	S	S	S	S	S	P	P	P	P	P	P	P	P
YOR020C	S	S	S	S	S	S	S	S	S	S	S	S	P	P	P	P	P	P	P	P
YNL073W	S	S	S	S	S	S	S	S	S	S	S	S	P	P	P	P	P	P	P	P
YDR511W	S	S	S	S	S	S	S	S	S	S	S	S	P	P	P	P	P	P	P	P
YKL194C	S	S	S	S	S	S	S	S	S	S	S	S	P	P	P	P	P	P	P	P
YGR171C	S	S	S	S	S	S	S	S	S	S	S	S	P	P	P	P	P	P	P	P
YER168C	S	S	S	S	S	S	P	S	S	S	S	S	P	P	P	P	P	P	P	P
YGR207C	S	S	S	S	S	S	S	S	S	S	S	S	P	P	P	P	P	P	P	P
YER095W	S	S	S	S	S	S	S	S	S	S	S	S	P	P	P	P	P	P	P	P
YJR122W	S	S	S	S	S	S	S	S	S	S	S	S	P	P	P	P	P	P	P	P
YAL044W-A	S	S	D	S	S	S	S	S	S	S	S	S	P	P	P	P	P	P	P	P
YDR194C	S	S	S	S	S	S	S	S	S	S	S	S	P	P	P	P	P	P	P	P
YMR228W	S	S	S	S	S	S	S	S	S	S	S	S	P	P	P	P	P	P	P	P
YJL071W	S	S	S	S	S	S	S	S	S	S	S	S	P	P	P	P	P	P	P	P
YGR234W	S	S	P	S	S	S	S	S	S	D	S	S	P	P	P	L	L	P	P	P
YKL106W	S	S	S	S	S	S	P	S	S	S	S	S	P	P	P	P	P	P	P	P
YOR136W	P	P	S	S	S	S	S	S	S	S	S	S	P	P	P	P	P	P	P	P
YBR269C	S	S	S	S	S	S	S	S	S	S	S	S	P	P	P	P	P	P	P	P
YJL023C	S	S	S	S	S	S	S	S	S	S	S	S	P	P	P	P	P	P	P	P
YMR062C	S	S	S	S	S	S	S	S	S	S	S	S	P	P	P	P	P	P	P	P
YKL085W	S	S	S	S	S	S	S	S	S	S	S	S	P	P	P	P	P	P	P	P
YGR193C	S	S	S	S	S	S	S	S	S	S	S	S	P	P	P	P	P	P	P	P
YLR369W	S	S	S	S	S	S	S	S	S	S	S	S	P	P	P	P	P	P	P	P
YER058W	S	S	S	S	S	S	S	S	S	S	S	S	P	P	P	P	P	P	P	P
YLL027W	S	S	S	S	S	S	S	P	S	S	S	S	P	P	P	P	P	P	P	P
YDL120W	S	S	S	P	P	S	S	S	S	S	S	S	P	P	P	P	P	P	P	P
YIR021W	S	S	S	P	S	S	P	S	P	P	P	P	P	P	P	P	P	P	P	P
YDL059C	P	P	P	S	S	S	S	S	S	S	S	S	P	P	P	P	P	P	P	P
YDR430C	S	S	S	S	S	S	S	S	S	S	S	S	P	P	P	P	P	P	P	P
YLR067C	S	S	S	S	S	S	S	S	S	S	S	S	P	P	P	P	L	P	P	P
YOL140W	S	S	S	S	S	S	S	S	S	S	S	S	P	P	P	P	P	P	P	P
YKL029C	P	P	P	S	S	S	S	S	S	S	S	S	P	P	P	P	P	P	P	P
