Gene ID	V.polysp	T.phaffi	T.blatta	N.dairen	N.castel	K.nagani	K.africa	C.glabra	S.uvarum	S.kudria	S.mikata	S.cerevi	Z.rouxii	T.delbru	K.lactis	E.gossyp	E.cymbal	L.kluyve	L.thermo	L.waltii
YCR031C	P	P	P	P	P	S	S	P	P	P	P	P	P	P	P	P	P	P	P	P
YLR167W	P	S	S	S	S	S	S	S	S	S	S	S	P	P	P	P	P	P	P	P
YLR264W	P	P	S	P	P	S	P	P	P	P	P	P	P	P	P	P	P	P	P	P
YBR181C	P	P	S	P	P	P	P	P	P	P	P	P	P	P	P	P	P	P	P	L
YER131W	S	S	S	S	S	S	S	S	P	P	P	P	P	P	P	P	P	P	P	P
YHR203C	S	P	S	P	P	P	P	S	P	P	P	P	P	P	P	P	P	P	P	P
YDL083C	P	S	S	P	P	P	P	S	P	P	P	P	P	P	P	P	P	P	P	P
YBR189W	P	P	S	P	P	P	P	P	P	P	P	P	P	P	P	P	P	P	P	P
YJL136C	P	S	S	P	P	S	S	S	P	P	P	P	P	P	P	P	P	P	P	P
YNL007C	S	S	S	P	P	S	S	S	S	S	S	S	P	P	P	P	P	P	P	P
YDR064W	S	S	S	S	S	S	S	S	S	S	S	S	P	P	P	P	P	P	P	P
YDR450W	S	P	S	P	P	P	P	S	P	P	P	P	P	P	P	P	P	P	P	P
YOR369C	P	S	S	S	S	S	S	S	S	S	S	S	P	P	P	P	P	P	P	P
YDL083C	P	S	S	P	P	P	P	S	P	P	P	P	P	P	P	P	P	P	P	P
YER131W	S	S	S	S	S	S	S	S	P	P	P	P	P	P	P	P	P	P	P	P
YJL136C	P	S	S	P	P	S	S	S	P	P	P	P	P	P	P	P	P	P	P	P
YBR048W	S	S	S	S	P	P	S	S	P	P	P	P	P	P	P	P	P	P	P	P
YHR021C	S	S	S	P	P	S	S	S	P	P	P	P	P	P	P	P	P	P	P	P
YGR027C	P	P	S	P	S	S	P	S	P	P	P	P	P	P	P	P	P	P	P	P
YHL015W	S	S	S	S	S	S	S	S	S	S	S	S	P	P	P	P	P	P	P	P
YLR441C	S	S	S	P	P	P	P	S	P	P	P	P	P	P	P	P	P	P	P	P
YNL178W	S	S	S	S	S	S	S	S	S	S	S	S	P	P	P	P	P	P	P	P
YER007C-A	S	S	S	S	S	S	S	S	S	S	S	S	P	P	P	P	P	P	P	P
YDR447C	S	P	S	P	P	P	S	S	P	P	P	P	P	P	P	P	P	P	P	P
YGR118W	P	S	P	P	P	P	P	S	P	P	P	P	P	P	P	P	P	P	P	P
YCR077C	S	S	S	S	S	S	S	S	S	S	S	S	P	P	P	P	P	P	P	P
YMR158W	S	S	S	S	S	S	S	S	S	S	S	S	P	P	P	P	P	P	P	P
YHR203C	S	P	S	P	P	P	P	S	P	P	P	P	P	P	P	P	P	P	P	P
YLR367W	S	S	S	S	S	S	S	S	S	S	S	S	P	P	P	P	P	P	P	P
YER050C	S	S	S	S	S	S	S	S	S	S	S	S	P	P	P	P	P	P	P	P
YBR189W	P	P	S	P	P	P	P	P	P	P	P	P	P	P	P	P	P	P	P	P
YGR214W	P	P	S	P	P	P	P	S	P	P	P	P	P	P	P	P	P	P	P	P
YJL190C	S	S	S	S	S	S	S	S	S	S	S	S	P	P	P	P	P	P	P	L
YMR230W	S	P	S	P	P	P	P	S	P	P	P	P	P	P	P	P	P	P	P	P
YLR264W	P	P	S	P	P	S	P	P	P	P	P	P	P	P	P	P	P	P	P	P
YGL123W	S	S	S	S	S	S	S	S	S	S	S	S	P	P	P	P	P	P	P	P
YAL035W	D	S	S	S	S	S	S	S	S	S	S	S	P	P	P	P	L	P	P	P
YDL061C	S	S	S	S	P	P	P	S	P	P	P	P	P	P	P	P	P	P	P	P
YGR118W	P	S	P	P	P	P	P	S	P	P	P	P	P	P	P	P	P	P	P	P
YBL072C	P	S	S	P	P	P	P	S	P	P	P	P	P	P	P	P	P	P	P	P
YDL061C	S	S	S	S	P	P	P	S	P	P	P	P	P	P	P	P	P	P	P	P
YMR116C	S	P	S	S	P	S	S	S	S	S	S	S	P	P	P	P	P	P	P	P
YGR027C	P	P	S	P	S	S	P	S	P	P	P	P	P	P	P	P	P	P	P	P
YDR450W	S	P	S	P	P	P	P	S	P	P	P	P	P	P	P	P	P	P	P	P
YGR214W	P	P	S	P	P	P	P	S	P	P	P	P	P	P	P	P	P	P	P	P
YLR287C-A	S	S	S	P	P	S	P	S	P	P	P	P	P	P	P	P	P	P	P	P
YBL072C	P	S	S	P	P	P	P	S	P	P	P	P	P	P	P	P	P	P	P	P
YBR048W	S	S	S	S	P	P	S	S	P	P	P	P	P	P	P	P	P	P	P	P
YHR021C	S	S	S	P	P	S	S	S	P	P	P	P	P	P	P	P	P	P	P	P
YNL302C	S	P	S	P	P	P	S	S	P	P	P	P	P	P	P	P	P	P	P	P
YBR181C	P	P	S	P	P	P	P	P	P	P	P	P	P	P	P	P	P	P	P	L
YDR447C	S	P	S	P	P	P	S	S	P	P	P	P	P	P	P	P	P	P	P	P
YLR287C-A	S	S	S	P	P	S	P	S	P	P	P	P	P	P	P	P	P	P	P	P
YLR441C	S	S	S	P	P	P	P	S	P	P	P	P	P	P	P	P	P	P	P	P
YOL040C	S	S	S	S	S	S	S	S	S	S	S	S	P	P	P	P	P	P	P	P
YMR188C	S	S	S	S	S	S	S	S	S	S	S	S	P	P	P	P	P	P	P	P
YER074W	S	S	S	S	P	P	P	S	P	P	P	P	P	P	P	P	P	P	P	P
YMR230W	S	P	S	P	P	P	P	S	P	P	P	P	P	P	P	P	P	P	P	P
YNL096C	S	S	S	P	P	P	P	S	P	P	P	P	P	P	P	P	P	P	P	P
YJR123W	P	P	S	P	P	S	S	S	S	S	S	S	P	P	P	P	P	P	P	P
YNL302C	S	P	S	P	P	P	S	S	P	P	P	P	P	P	P	P	P	P	P	P
YPR041W	S	S	S	S	S	S	S	S	S	S	S	S	P	P	P	P	P	P	P	P
YCR031C	P	P	P	P	P	S	S	P	P	P	P	P	P	P	P	P	P	P	P	P
YER074W	S	S	S	S	P	P	P	S	P	P	P	P	P	P	P	P	P	P	P	P
YNL096C	S	S	S	P	P	P	P	S	P	P	P	P	P	P	P	P	P	P	P	P
YGR054W	S	S	S	S	S	S	S	S	S	S	S	S	P	P	P	P	P	P	P	P
