Gene.ID	Present	Single_lost_WGD	Lost_preWGD	Double_lost_WGD
YNR017W	8	12	0	0
YGR082W	12	8	0	0
YHR117W	15	5	0	0
YBR091C	8	12	0	0
YNL026W	9	11	0	0
YLR378C	8	12	0	0
YMR203W	8	12	0	0
YBR171W	8	12	0	0
YPL063W	8	12	0	0
YHR117W	15	5	0	0
YDR086C	8	11	0	1
YDR375C	8	12	0	0
YDL217C	11	9	0	0
YNL131W	9	11	0	0
YJL054W	8	12	0	0
YOR297C	8	12	0	0
YJL143W	8	12	0	0
YNL070W	8	12	0	0
YHL028W	8	10	0	2
YBR283C	8	12	0	0
YPL094C	8	12	0	0
YER019C-A	18	2	0	0
YOR045W	8	12	0	0
YOR254C	8	12	0	0
YPR133W-A	8	10	0	2
YLR292C	7	12	1	0
