Gene.ID	Present	Single_lost_WGD	Lost_preWGD	Double_lost_WGD
YFL018C	12	8	0	0
YPL091W	9	11	0	0
YGR029W	11	9	0	0
YBL098W	7	6	1	6
YPR004C	8	12	0	0
YNR015W	8	12	0	0
YDL171C	8	11	0	1
YJL045W	12	8	0	0
YGR255C	8	12	0	0
YLR405W	8	12	0	0
YFL018C	12	8	0	0
YGR175C	9	11	0	0
YLR401C	8	12	0	0
YPR037C	12	8	0	0
YDL174C	6	11	2	1
YML080W	8	12	0	0
YHR176W	8	11	0	1
YFR030W	8	12	0	0
YEL071W	0	1	8	11
YMR108W	12	8	0	0
YDL178W	8	12	0	0
YGL236C	8	12	0	0
YHR042W	13	7	0	0
YJL045W	12	8	0	0
YGL205W	8	12	0	0
YPR048W	8	12	0	0
YML086C	8	12	0	0
