Gene ID	V.polysp	T.phaffi	T.blatta	N.dairen	N.castel	K.nagani	K.africa	C.glabra	S.uvarum	S.kudria	S.mikata	S.cerevi	Z.rouxii	T.delbru	K.lactis	E.gossyp	E.cymbal	L.kluyve	L.thermo	L.waltii
YMR027W	S	S	S	S	S	S	S	S	S	S	S	S	P	P	P	P	P	P	P	P
YKL103C	S	S	S	S	S	S	S	S	S	S	S	S	P	P	P	P	P	P	P	P
YIR015W	S	S	S	S	S	S	S	S	S	S	S	S	P	P	P	P	P	P	P	P
YBL055C	S	S	S	S	S	S	S	S	S	S	S	S	P	P	P	P	P	P	P	P
YDL246C	D	D	D	D	D	D	D	D	D	D	D	S	L	L	L	L	L	L	L	L
YGL156W	S	S	S	S	S	S	S	S	S	S	S	S	P	P	L	P	P	P	P	P
YOR341W	S	S	S	S	S	S	S	S	S	S	S	S	P	P	P	P	L	P	P	P
YNL097C	S	S	S	S	S	S	S	S	S	S	S	S	P	P	P	P	P	P	P	P
YLR308W	S	S	S	S	S	S	S	P	S	S	S	S	P	P	P	P	P	P	P	P
YLR032W	S	S	S	S	S	S	S	S	S	S	S	S	P	P	P	P	L	P	P	P
YNL102W	S	S	S	S	S	S	S	S	S	S	S	S	P	P	P	P	P	P	P	P
YMR318C	S	D	D	D	D	D	D	S	S	S	S	S	L	L	L	L	L	L	L	L
YFR027W	S	S	S	S	S	S	S	S	S	S	S	S	P	P	P	P	P	P	P	P
YDL182W	S	S	S	P	P	P	S	P	P	P	P	P	P	P	P	P	P	P	P	P
YLR433C	S	S	P	S	P	S	S	S	P	P	P	P	P	P	P	P	P	P	P	P
YJL110C	S	S	P	P	P	P	P	P	P	P	P	P	P	P	P	P	P	P	P	P
YKL127W	P	P	P	P	P	P	S	P	P	P	P	P	P	P	P	P	P	P	P	P
YPL179W	S	S	S	S	S	S	S	S	S	S	S	S	P	P	P	P	P	P	P	P
YIL150C	S	S	S	S	S	S	S	S	S	S	S	S	P	P	P	P	L	P	P	P
YDR272W	P	S	P	S	S	S	S	S	P	P	P	P	P	P	P	P	P	P	P	P
YLR247C	S	S	S	S	S	S	S	S	S	S	S	S	P	P	P	P	L	P	P	P
YOR258W	S	D	S	S	S	S	S	S	S	S	S	S	P	P	P	P	L	P	P	L
YLR167W	P	S	S	S	S	S	S	S	S	S	S	S	P	P	P	P	P	P	P	P
YNR052C	S	S	S	S	S	S	S	S	S	S	S	S	P	P	P	P	P	P	P	P
YHR005C-A	S	S	S	S	S	S	S	S	S	S	S	S	P	P	P	P	P	P	P	P
YGR181W	S	S	S	S	S	S	S	S	S	S	S	S	P	P	P	P	P	P	P	P
YJL187C	S	S	S	S	S	S	S	S	S	S	S	S	P	P	P	P	P	P	P	P
YJR131W	S	S	S	S	S	S	S	S	S	S	S	S	P	P	P	P	P	P	P	P
YHR007C	P	S	S	S	S	S	S	S	S	S	S	S	P	P	P	P	P	P	P	P
YMR083W	S	S	S	S	S	S	S	S	S	S	S	S	P	P	P	P	P	P	P	P
YPR188C	S	S	S	S	S	S	S	S	S	S	S	S	P	P	P	P	P	P	P	P
YKL062W	P	P	P	P	P	P	P	P	P	P	P	P	P	P	P	P	P	P	P	P
YPL111W	S	S	S	S	S	S	D	S	S	S	S	S	P	P	P	P	P	P	P	P
YBR243C	S	S	S	S	S	S	S	S	S	S	S	S	P	P	P	P	P	P	P	P
YDR191W	S	S	S	S	S	S	S	S	S	S	S	S	P	P	P	P	P	P	P	P
YPL059W	S	S	S	P	P	S	S	S	S	S	S	S	P	P	P	P	P	P	P	P
YDR502C	S	S	S	S	P	S	S	P	P	P	P	P	P	P	P	P	P	P	P	P
YBR218C	P	P	P	P	P	P	P	P	P	P	P	P	P	P	P	P	P	P	P	P
YHR132C	S	S	S	S	S	S	S	S	S	S	S	S	P	P	P	P	L	P	P	P
YBR091C	S	S	S	S	S	S	S	S	S	S	S	S	P	P	P	P	P	P	P	P
YDR266C	S	S	S	P	P	S	S	S	S	S	S	S	P	P	P	P	P	P	P	P
YJL137C	S	S	S	S	S	S	S	S	P	P	P	P	P	P	P	P	P	P	P	P
YPR181C	P	P	P	P	S	S	S	P	S	S	S	S	P	P	P	P	P	P	P	P
YDR460W	S	S	S	S	S	S	S	S	S	S	S	S	P	P	P	P	P	P	P	P
YJR069C	S	S	S	S	S	S	S	S	S	S	S	S	P	P	P	P	P	P	P	P
YCR036W	S	S	S	S	S	S	S	S	S	S	S	S	P	P	P	P	P	P	P	P
YOL122C	S	S	S	S	S	S	S	S	S	S	S	S	P	L	P	P	P	P	P	P
YNL310C	S	S	S	S	S	S	S	S	S	S	S	S	P	P	P	P	P	P	P	P
YHR055C	D	D	D	D	D	D	D	D	D	D	D	S	L	L	L	L	L	L	L	L
YPR122W	S	S	S	S	S	S	S	S	S	S	S	S	P	P	P	P	P	P	P	P
YHR047C	S	P	D	S	P	P	P	P	P	S	P	P	P	P	P	P	P	P	P	P
YOR274W	S	S	S	S	S	S	S	S	S	S	S	S	P	P	P	P	P	P	P	P
YMR075W	S	S	S	S	S	S	S	S	S	S	S	S	P	P	P	P	P	P	P	P
YKR087C	S	S	S	S	S	S	S	S	S	S	S	S	P	P	P	L	P	P	P	P
YBR150C	S	S	P	P	P	P	P	P	P	P	P	P	L	P	P	L	L	P	P	P
YGL256W	D	D	D	D	D	D	D	D	S	S	S	S	L	L	L	L	L	L	L	L
YLR403W	P	P	S	P	P	S	S	P	S	S	S	S	P	P	P	P	P	P	P	P
YOR207C	S	S	S	S	S	S	S	S	S	S	S	S	P	P	P	P	P	P	P	P
YBR014C	S	S	S	S	S	S	S	S	P	P	P	P	P	P	P	P	P	P	P	P
YKL141W	S	S	S	S	S	P	P	S	P	P	P	P	P	P	P	P	P	P	P	P
YKR038C	S	S	S	S	S	S	S	S	S	S	S	S	P	P	P	P	P	P	P	P
YPR067W	S	S	S	P	P	P	S	S	S	S	S	S	P	P	P	P	P	P	P	P
YDR178W	S	S	S	S	S	P	P	S	P	P	P	P	P	P	P	P	P	P	P	P
YBR066C	P	P	S	P	P	P	P	P	P	P	P	P	P	P	P	P	P	P	P	P
YDR213W	P	P	P	P	P	P	P	P	P	P	P	P	P	P	P	P	P	P	P	P
YFR006W	P	S	P	S	S	S	S	P	S	S	S	S	P	P	P	P	P	P	P	P
YJL103C	S	S	S	S	S	S	D	S	S	S	S	S	P	P	P	P	P	P	L	L
YDR129C	S	S	S	S	S	S	S	S	S	S	S	S	P	P	P	P	P	P	P	P
YDL066W	S	S	S	S	S	S	S	S	S	S	S	S	P	P	P	P	P	P	P	P
YOR052C	P	S	P	S	S	S	S	S	S	S	S	S	P	P	P	P	P	P	P	P
YDR539W	D	D	D	D	D	D	D	D	S	S	S	S	L	L	L	L	L	L	L	L
YDR101C	S	S	S	S	S	S	S	S	S	S	S	S	P	P	P	P	P	P	P	P
YGL037C	S	S	S	S	S	S	S	S	S	S	S	S	P	P	P	P	P	P	P	P
YIL044C	S	S	S	S	S	P	P	S	S	S	S	S	P	P	P	P	P	P	P	P
YDL182W	S	S	S	P	P	P	S	P	P	P	P	P	P	P	P	P	P	P	P	P
YAL048C	S	S	S	S	P	S	S	S	S	S	S	S	P	P	P	P	P	P	P	P
YPR013C	S	D	S	P	S	S	S	S	S	S	S	S	P	P	L	L	L	P	L	L
YML056C	S	S	S	S	S	S	S	S	P	P	P	P	P	P	P	P	P	P	P	P
YKL087C	S	S	S	S	S	S	D	S	S	S	S	S	P	P	P	P	P	P	P	P
YDR520C	S	S	S	S	S	S	S	S	S	S	S	S	P	L	P	P	P	P	P	P
YPL248C	S	S	S	P	P	S	S	D	S	D	S	S	P	L	P	P	L	P	P	L
YGL040C	S	S	S	S	S	S	S	S	S	S	S	S	P	P	P	P	P	P	P	P
YDR265W	S	S	S	S	S	S	S	S	S	S	S	S	P	P	P	P	P	P	P	P
YDL006W	S	S	S	S	S	S	S	S	S	S	S	S	P	P	P	P	P	P	P	P
YLR304C	S	S	S	S	S	S	P	S	S	S	S	S	P	P	P	P	P	P	P	P
YMR136W	P	P	P	S	S	P	P	P	S	S	S	S	P	P	P	P	P	P	P	P
YGL166W	P	P	S	P	P	P	P	P	P	P	P	P	P	P	P	P	P	P	P	P
YPL042C	S	S	S	S	S	S	S	S	S	S	S	S	P	P	P	P	P	P	P	P
YEL039C	S	S	S	P	P	P	S	S	P	P	P	P	P	P	P	P	P	P	P	P
YLR214W	S	S	D	D	D	S	S	D	S	S	S	S	L	P	P	P	P	P	P	P
YDR487C	S	S	S	S	S	S	P	S	S	S	S	S	P	P	P	P	P	P	P	P
YDR066C	S	S	S	P	P	P	P	P	P	S	P	P	P	P	P	P	P	P	P	P
YBL068W	S	S	S	S	S	S	P	S	P	P	P	P	P	P	P	P	P	P	P	P
YLL062C	D	D	D	D	D	D	D	D	D	S	S	S	L	L	L	L	L	L	L	L
YGL155W	S	S	S	S	S	S	S	S	S	S	S	S	P	P	P	P	P	P	P	P
YIL108W	P	P	S	S	S	S	S	S	S	S	S	S	P	P	P	P	P	P	P	P
YJR135W-A	S	S	S	S	S	S	S	S	S	S	S	S	P	P	P	P	P	P	P	P
YPL054W	S	S	D	S	S	D	S	S	S	S	S	S	P	P	P	P	P	P	P	L
YGL094C	S	S	S	S	S	S	S	S	S	S	S	S	P	P	P	P	P	P	P	P
YHR079C	S	S	S	S	S	S	S	S	S	S	S	S	P	P	P	P	P	P	P	P
YNL072W	S	S	S	S	S	S	S	S	S	S	S	S	P	P	P	P	P	P	P	P
YOL152W	D	D	D	D	D	D	D	D	S	S	D	S	L	L	L	L	L	L	L	L
YGL022W	S	S	S	S	S	S	S	S	S	S	S	S	P	P	P	P	P	P	P	P
YNR032W	S	S	S	S	S	S	S	S	S	S	S	S	P	P	P	P	P	P	P	P
YBR252W	S	S	S	S	S	S	S	S	S	S	S	S	P	P	P	P	P	P	P	P
YMR080C	S	S	S	S	S	S	S	S	S	S	S	S	P	P	P	P	P	P	P	P
YPL133C	S	S	S	S	S	S	S	S	S	S	S	S	P	P	P	P	P	P	P	P
YDR287W	S	S	S	S	S	S	S	S	S	S	S	S	P	L	L	L	L	P	P	P
YBR117C	P	P	S	P	P	P	P	S	P	P	P	P	P	P	P	P	P	P	P	P
YDR448W	S	S	S	S	S	S	S	S	S	S	S	S	P	P	P	P	P	P	P	P
YER116C	S	S	S	S	S	S	S	S	S	S	S	S	P	P	P	P	P	P	P	P
YOR119C	S	S	S	S	S	S	S	S	S	S	S	S	P	P	P	P	P	P	P	P
YDR303C	P	P	P	P	P	P	P	P	P	P	P	P	P	P	L	P	P	P	L	L
YAL038W	S	S	S	P	P	P	S	P	P	P	P	P	P	P	P	P	P	P	P	P
YOR202W	S	S	D	S	S	S	S	S	S	S	S	S	P	P	P	P	P	P	P	P
YJR119C	S	S	S	S	S	S	S	S	S	S	S	S	P	P	P	P	P	P	P	P
YDR373W	S	S	S	S	S	S	S	S	S	S	S	S	P	P	P	P	P	P	P	P
YMR100W	S	S	S	S	S	S	S	S	S	S	S	S	P	P	P	P	P	P	P	P
YHR115C	P	S	S	S	P	P	P	S	P	P	P	P	P	P	P	P	P	P	P	P
YLR427W	S	S	S	S	S	S	S	S	S	S	S	S	P	P	P	P	P	P	P	P
YMR119W	P	P	S	P	P	P	P	P	P	P	P	P	P	P	P	P	P	P	P	P
YDR253C	S	P	P	P	P	P	P	P	P	P	P	P	P	P	P	P	P	P	P	P
YFR044C	S	S	S	S	S	S	S	S	S	S	S	S	P	P	P	P	L	P	P	P
YBR014C	S	S	S	S	S	S	S	S	P	P	P	P	P	P	P	P	P	P	P	P
YKL034W	S	S	S	S	S	S	S	S	S	S	S	S	P	P	P	P	P	P	P	P
YDL098C	S	S	S	S	S	S	S	S	S	S	S	S	P	P	P	P	P	P	P	P
YLR014C	D	D	D	S	S	S	S	S	S	S	S	S	P	P	P	L	L	P	P	P
YOL138C	S	S	S	S	S	S	S	S	S	S	S	S	P	P	P	P	P	P	P	P
YCL057W	S	S	S	S	S	S	S	S	S	S	S	S	P	L	P	P	L	P	L	L
YIL147C	P	P	P	S	S	S	S	S	S	S	S	S	P	P	P	P	P	P	P	P
YHR024C	S	S	S	S	S	S	S	S	S	S	S	S	P	P	P	P	P	P	P	P
YDL171C	S	S	S	S	S	S	D	S	S	S	S	S	P	P	P	P	P	P	P	P
YLR278C	P	P	P	P	P	P	P	S	S	S	S	S	P	P	P	P	P	P	P	P
YNL001W	S	S	S	P	P	S	P	P	P	P	S	P	P	P	P	P	P	P	P	P
YIL106W	S	S	S	S	S	S	S	S	S	S	S	S	P	P	P	P	P	P	P	P
YAR007C	S	S	S	S	S	S	S	S	S	S	S	S	P	P	P	P	P	P	P	P
YLR266C	S	S	P	S	P	P	S	S	P	P	P	P	P	P	L	L	L	L	P	L
YBL091C	S	S	S	S	S	S	S	S	S	S	S	S	P	P	P	P	P	P	P	P
YLR323C	S	S	S	S	S	S	S	S	S	S	S	S	P	P	P	P	P	P	P	P
YLR007W	S	S	S	S	S	S	S	S	S	S	S	S	P	P	P	P	P	P	P	P
YFL045C	S	S	S	S	S	S	S	S	S	S	S	S	P	P	P	P	P	P	P	P
YOR346W	S	S	S	S	S	S	S	S	S	S	S	S	P	P	P	P	P	P	P	P
YMR300C	S	S	S	S	S	S	S	S	S	S	S	S	P	P	P	P	P	P	P	P
YKR079C	S	S	P	S	S	S	S	S	S	S	S	S	P	P	P	P	P	P	P	P
YMR262W	S	S	S	S	S	S	S	S	S	S	S	S	P	P	P	P	P	P	P	P
YER040W	S	S	P	S	S	S	S	S	S	S	S	S	P	P	P	P	P	P	P	P
YBR025C	S	S	S	S	S	S	S	S	S	S	S	S	P	P	P	P	P	P	P	P
YGR288W	D	D	D	D	D	D	D	D	D	S	S	S	L	L	L	L	L	L	L	L
YHR113W	S	S	S	S	S	S	S	S	S	S	S	S	P	P	P	L	L	P	P	P
YFL048C	S	P	P	S	S	P	S	P	P	P	P	P	P	P	P	P	P	P	P	P
YOR256C	P	P	P	P	P	P	P	P	P	P	P	P	P	P	P	P	P	P	P	P
YMR201C	S	S	S	S	S	S	S	S	S	S	S	S	P	P	P	P	P	P	P	P
YHL012W	S	S	P	S	S	S	S	S	P	P	S	P	P	P	P	P	P	P	P	P
YPR056W	S	S	S	S	S	S	S	S	S	S	S	S	P	P	P	P	P	P	P	P
YOR196C	S	S	S	S	S	S	S	S	S	S	S	S	P	P	P	P	P	P	P	P
YGR211W	S	S	S	S	S	S	S	S	S	S	S	S	P	P	P	P	P	P	P	P
YKL084W	S	S	D	S	S	S	S	D	S	S	S	S	P	P	P	L	P	P	P	P
YCR066W	S	S	S	S	S	S	S	S	S	S	S	S	P	P	P	P	P	P	P	P
YJR063W	S	S	S	S	S	S	S	S	S	S	S	S	P	P	P	P	P	P	P	P
YLR074C	S	S	S	S	S	S	S	S	S	S	S	S	P	P	P	P	P	P	P	P
YOR380W	D	D	D	D	D	D	D	D	S	S	S	S	L	L	L	L	L	L	P	P
YMR073C	S	S	S	S	S	S	S	S	S	S	S	S	P	P	P	L	P	P	P	P
YDR236C	S	S	S	S	S	S	S	S	S	S	S	S	P	P	P	P	P	P	P	P
YGL070C	S	S	S	S	S	S	S	S	S	S	S	S	P	P	P	P	P	P	P	P
YAL060W	D	D	S	S	S	D	S	S	S	S	S	S	L	P	P	L	L	P	P	P
YKR066C	S	S	S	S	S	S	S	S	S	S	S	S	P	P	P	L	L	P	P	P
YDR146C	P	P	P	P	P	P	P	P	P	P	P	P	P	P	P	P	L	P	P	P
YER010C	D	D	S	S	S	S	S	S	S	S	S	S	P	P	P	P	P	P	P	P
YLR256W	P	P	P	S	S	S	S	P	S	S	S	S	P	P	P	P	P	P	P	P
YDL104C	S	S	S	S	S	S	S	S	S	S	S	S	P	P	P	P	P	P	P	P
YLR174W	S	S	S	P	P	P	P	P	P	P	P	P	P	P	P	P	P	P	P	P
YOR163W	S	S	S	S	S	S	S	S	S	S	S	S	P	P	P	P	P	P	P	P
YDR045C	S	S	S	S	S	S	S	S	S	S	S	S	P	P	P	P	P	P	P	P
YGL106W	S	S	S	S	S	S	S	S	S	S	S	S	P	P	P	P	P	P	P	P
YLL054C	D	D	D	D	D	D	D	D	S	S	S	S	L	L	L	L	L	L	L	L
YJL172W	D	D	D	S	S	S	S	S	S	S	S	S	P	P	P	P	P	P	P	P
YDR415C	S	S	S	S	S	S	S	S	S	S	S	S	P	P	P	P	L	P	L	P
YMR089C	S	S	S	S	S	S	S	S	S	S	S	S	P	P	P	P	P	P	P	P
YGR208W	S	S	S	S	S	S	S	S	S	S	S	S	P	P	P	P	P	P	P	P
YDR096W	S	S	P	S	S	P	P	P	P	P	P	P	P	P	P	P	P	P	P	P
YBR033W	S	S	S	P	P	P	S	S	P	P	P	P	P	P	P	P	P	P	P	P
YHL021C	D	D	D	D	D	S	S	S	S	S	S	S	P	P	P	P	P	P	P	P
YKL048C	S	S	S	S	S	S	S	S	S	S	S	S	P	P	P	P	P	P	P	P
YDL244W	D	D	D	D	D	D	D	D	D	D	D	S	L	L	L	L	L	L	L	L
YDL140C	S	S	S	S	S	S	S	S	S	S	S	S	P	P	P	P	P	P	P	P
YBL059C-A	S	S	S	S	S	S	S	S	S	S	S	S	P	P	P	P	P	P	P	P
YHR164C	S	S	S	S	S	S	S	S	S	S	S	S	P	P	P	P	P	P	P	P
YGL243W	S	S	S	S	S	S	S	S	S	S	S	S	P	P	P	P	P	P	P	P
YHR204W	S	S	S	S	S	S	S	S	S	S	S	S	P	P	P	P	L	P	P	P
YOR381W	D	D	D	D	D	D	D	D	S	S	S	S	L	L	L	L	L	L	L	L
YNL040W	D	D	D	D	S	S	D	S	S	S	S	S	P	L	P	L	L	P	P	P
YOR113W	P	P	S	S	S	P	S	P	S	S	S	S	P	P	P	P	P	P	P	P
YER003C	S	S	S	S	S	S	S	S	S	S	S	S	P	P	P	P	P	P	P	P
YIL097W	S	S	S	S	S	S	S	S	S	S	S	S	P	P	P	P	P	P	P	P
YPR017C	S	S	S	S	S	S	S	S	S	S	S	S	L	P	L	L	L	P	P	P
YDL188C	S	P	P	P	P	S	S	S	P	P	P	P	P	P	P	P	P	P	P	P
YIL109C	P	S	S	S	P	P	P	P	P	P	P	P	P	P	P	P	P	P	P	P
YDL128W	S	S	P	S	S	S	S	S	S	S	S	S	P	P	P	P	P	P	P	P
YNL036W	S	S	S	S	S	S	S	S	S	S	S	S	P	P	P	P	P	P	P	P
YGR087C	D	D	D	D	D	D	D	S	S	S	D	S	L	L	L	L	L	L	L	L
YAL051W	S	S	S	P	P	P	P	P	P	P	P	P	P	P	P	P	P	P	L	P
YDR127W	S	S	S	P	P	S	S	S	S	S	S	S	P	P	P	P	L	P	P	P
YLR433C	S	S	P	S	P	S	S	S	P	P	P	P	P	P	P	P	P	P	P	P
YFL044C	S	S	S	S	S	S	S	S	S	S	S	S	P	P	P	P	P	P	P	P
YPR024W	P	S	S	P	S	S	S	S	S	S	S	S	P	P	P	P	P	P	P	P
YBL056W	P	P	S	P	P	P	P	P	P	P	P	P	P	P	P	P	P	P	P	P
YJR094W-A	S	S	S	P	P	P	S	S	S	P	P	P	P	P	P	P	P	P	P	P
YNR006W	S	S	S	S	S	S	S	S	S	S	S	S	P	P	P	P	P	P	P	P
YGL055W	S	S	D	S	S	S	S	S	S	S	S	S	P	P	P	P	P	P	P	P
YPR191W	S	S	S	S	S	S	S	S	S	S	S	S	P	P	P	P	P	P	P	P
YJL089W	S	S	S	S	S	S	S	S	S	S	S	S	P	P	P	P	P	P	P	P
YBR001C	P	P	P	S	S	S	S	P	P	P	P	P	P	P	P	P	P	P	P	P
YML099C	P	S	S	S	S	S	S	S	S	S	S	S	P	P	P	P	P	P	P	P
YMR207C	P	P	S	S	S	S	S	S	P	P	P	P	P	P	P	P	P	P	P	P
YHR021C	S	S	S	P	P	S	S	S	P	P	P	P	P	P	P	P	P	P	P	P
YOR191W	S	S	S	S	S	S	S	S	S	S	S	S	P	P	P	P	P	P	P	P
YOL064C	S	S	S	S	S	S	S	S	S	S	S	S	P	P	P	P	P	P	P	P
YKL113C	S	S	S	S	S	S	S	S	S	S	S	S	P	P	P	P	P	P	P	P
YOL049W	S	S	S	S	S	S	S	S	S	S	S	S	P	P	P	P	P	P	P	P
YIL030C	S	S	S	S	S	S	S	S	S	S	S	S	P	P	P	P	P	P	P	P
YBR281C	S	S	S	S	S	S	S	S	S	S	S	S	P	P	P	P	L	P	P	P
YAL015C	S	S	S	S	S	S	S	P	P	P	P	P	P	P	P	P	P	P	P	P
YER020W	S	S	S	S	S	S	S	S	S	S	S	S	P	P	P	P	P	P	P	P
YBL005W	S	S	P	P	P	P	P	S	P	P	P	P	P	P	P	L	P	P	P	P
YLR377C	S	S	S	S	S	P	S	P	S	S	S	S	P	P	P	P	P	P	P	P
YER122C	S	S	P	S	S	S	P	S	S	S	S	S	P	P	P	P	P	P	P	P
YPL231W	S	S	S	S	S	S	S	S	S	S	S	S	P	P	P	P	P	P	P	P
YGR067C	S	S	S	S	S	S	S	S	S	S	S	S	P	P	P	P	P	P	L	L
YDL216C	S	S	S	S	S	S	S	S	S	S	S	S	P	P	P	P	P	P	P	P
YBR163W	S	S	S	S	S	S	S	S	S	S	S	S	P	P	P	P	P	P	P	P
YMR272C	P	S	S	S	S	S	S	S	S	S	S	S	P	P	P	P	P	P	P	P
YDL100C	S	S	S	S	S	S	S	S	S	S	S	S	P	P	P	P	P	P	P	P
YMR207C	P	P	S	S	S	S	S	S	P	P	P	P	P	P	P	P	P	P	P	P
YGL008C	S	S	P	S	S	P	S	S	S	S	S	S	P	P	P	P	P	P	P	P
YKL134C	S	S	S	S	S	S	S	S	S	S	S	S	P	P	P	P	P	P	P	P
YKL005C	D	D	D	S	S	S	S	S	S	S	S	S	P	P	L	L	L	P	P	P
YBL066C	S	S	S	S	S	S	S	S	S	S	S	S	P	P	P	P	P	P	P	P
YIL137C	S	S	S	S	S	S	S	S	S	S	S	S	P	P	P	P	L	P	P	P
YDL227C	S	S	S	S	S	S	D	S	S	D	S	S	P	P	L	L	L	L	L	L
YHR090C	S	S	P	S	S	S	S	S	S	S	S	S	P	P	P	P	P	P	P	L
YMR168C	S	S	S	S	S	S	S	S	S	S	S	S	P	P	P	P	P	P	P	P
YDL170W	D	D	D	D	D	D	D	D	S	S	S	S	P	P	P	L	L	P	P	P
YDR436W	P	P	P	S	S	P	S	P	P	P	P	P	P	P	P	P	P	P	P	P
YLR163C	S	S	S	S	S	S	S	S	S	S	S	S	P	P	P	P	P	P	P	P
YIL079C	P	P	P	P	P	S	P	P	P	P	P	P	P	P	P	P	P	P	P	P
YDR386W	S	S	S	S	S	S	S	S	S	S	S	S	P	P	P	P	P	P	P	P
YIR008C	S	S	S	S	S	S	S	S	S	S	S	S	P	P	P	P	P	P	P	P
YDR463W	S	S	S	P	P	P	P	P	P	P	P	P	P	P	P	P	P	P	P	P
YBR058C	S	S	S	S	S	S	S	S	S	S	S	S	P	P	P	P	L	P	P	P
YAL039C	S	S	S	S	S	S	S	S	S	S	S	S	P	P	P	P	P	P	P	P
YFL021W	P	D	D	S	S	S	S	S	S	S	S	S	P	P	P	P	P	P	P	P
YGL009C	S	S	S	P	P	P	S	S	S	S	S	S	P	P	P	P	P	P	P	P
YLR090W	S	S	D	S	S	S	D	S	S	S	S	S	P	P	P	P	P	P	P	P
YDR380W	P	P	P	S	S	S	S	S	S	S	S	S	P	P	P	P	L	P	P	L
YOL013C	S	S	S	S	S	S	S	S	S	S	S	S	P	P	P	P	P	P	P	P
YMR208W	S	S	S	S	S	S	S	S	S	S	S	S	P	P	P	P	P	P	P	P
YNL299W	P	P	P	P	P	P	P	P	P	P	P	P	P	P	P	P	P	P	P	P
YBR098W	S	S	S	S	S	S	S	S	S	S	S	S	P	P	P	P	P	P	P	P
YLR401C	S	S	S	S	S	S	S	S	S	S	S	S	P	P	P	P	P	P	P	P
YFR005C	S	S	S	S	S	S	S	S	S	S	S	S	P	P	P	P	P	P	P	P
YJR025C	S	S	D	D	D	D	D	D	S	S	S	S	P	P	L	P	P	P	P	P
YBR239C	S	S	S	S	S	S	S	S	S	S	S	S	P	P	P	P	P	P	P	P
YDR409W	P	P	S	P	P	P	P	P	P	P	P	P	P	P	P	P	P	P	P	P
YBR003W	S	S	S	S	S	S	S	S	S	S	S	S	P	P	P	P	P	P	P	P
YDR173C	S	S	S	S	S	S	S	S	S	S	S	S	P	P	P	P	P	P	P	P
YDR441C	S	S	S	S	S	P	S	P	P	P	P	P	P	P	P	P	P	P	P	P
YKL220C	D	D	D	D	D	D	D	D	D	D	D	S	L	L	L	L	L	L	L	L
YKL181W	P	S	P	S	S	S	S	S	S	S	S	S	P	P	P	P	P	P	P	P
YHL027W	S	S	S	S	S	S	S	S	S	S	S	S	P	P	P	P	P	P	P	P
YCR014C	S	S	S	S	S	S	S	S	S	S	S	S	P	P	P	P	P	L	P	P
YDR500C	S	S	S	P	P	P	S	S	P	P	P	P	P	P	P	P	P	P	P	P
YPL181W	S	S	S	S	P	S	S	S	S	S	S	S	P	P	P	P	P	P	P	P
YNL118C	S	S	S	S	S	S	S	S	S	S	S	S	P	P	P	P	P	P	P	P
YBR145W	S	S	S	P	P	S	S	S	P	P	P	P	P	P	P	P	P	P	P	P
YMR119W	P	P	S	P	P	P	P	P	P	P	P	P	P	P	P	P	P	P	P	P
YGR286C	D	D	S	D	S	S	D	D	S	S	S	S	P	P	P	L	L	P	P	P
YNL250W	S	S	S	S	S	S	S	S	S	S	S	S	P	P	P	P	P	P	P	P
YNL227C	S	S	S	S	S	S	S	S	S	S	S	S	P	P	P	P	L	P	P	P
YBR062C	S	S	S	S	S	S	S	S	S	S	S	S	P	P	P	P	P	P	P	P
YNL218W	S	S	S	S	S	S	S	S	S	S	S	S	P	P	P	P	P	P	P	P
YGL254W	S	D	D	S	S	D	D	S	S	S	S	S	L	L	L	L	L	L	L	L
YML054C	S	S	D	S	S	S	S	S	S	S	S	S	P	P	P	L	L	P	L	L
YOR384W	D	D	D	D	D	D	D	D	S	S	D	S	L	L	L	L	L	L	L	L
YLL029W	P	P	S	P	P	S	S	S	S	S	S	S	P	P	P	P	P	P	P	P
YGL035C	S	S	S	S	S	S	S	S	S	S	S	S	P	P	P	P	P	P	P	P
YBR240C	S	S	D	S	S	S	S	D	S	S	S	S	P	P	P	P	P	P	P	P
YJL145W	S	S	S	S	S	S	S	S	S	S	S	S	P	P	P	P	P	P	P	P
YHR046C	S	S	S	S	S	S	S	S	S	S	S	S	P	P	L	L	L	P	P	P
YNL155W	P	P	S	S	S	S	S	S	S	S	S	S	P	P	P	P	P	P	P	P
YOR360C	S	S	S	S	S	S	S	S	S	S	S	S	P	P	P	P	P	P	P	P
YDR066C	S	S	S	P	P	P	P	P	P	S	P	P	P	P	P	P	P	P	P	P
YJL137C	S	S	S	S	S	S	S	S	P	P	P	P	P	P	P	P	P	P	P	P
YDR502C	S	S	S	S	P	S	S	P	P	P	P	P	P	P	P	P	P	P	P	P
YPL015C	S	S	S	S	S	S	S	S	S	S	S	S	P	P	P	P	P	P	P	P
YML041C	S	S	S	S	S	S	S	S	S	S	S	S	P	P	P	P	P	P	P	P
YML056C	S	S	S	S	S	S	S	S	P	P	P	P	P	P	P	P	P	P	P	P
YNL200C	S	S	S	S	S	S	S	S	S	S	S	S	P	P	P	P	P	P	P	P
YNL077W	S	S	S	S	S	S	D	S	S	S	S	S	P	P	P	P	P	P	P	P
YOR226C	P	P	S	P	P	S	P	P	P	P	P	P	P	P	P	P	P	P	P	P
YKL141W	S	S	S	S	S	P	P	S	P	P	P	P	P	P	P	P	P	P	P	P
YDR370C	S	S	S	S	S	S	S	S	S	S	S	S	P	P	P	P	L	P	P	P
YBR111C	S	S	S	S	S	S	S	S	S	S	S	S	P	P	P	P	P	P	P	P
YIL094C	S	S	S	S	S	S	S	S	S	S	S	S	P	P	P	P	P	P	P	P
YJR016C	S	S	S	S	S	S	S	S	S	S	S	S	P	P	P	P	P	P	P	P
YNL087W	S	S	S	P	P	S	P	S	P	P	P	P	P	P	P	P	P	P	P	P
YJL208C	S	S	S	S	S	S	S	S	S	S	S	S	P	P	P	P	P	P	P	P
YGL131C	P	P	S	S	S	S	S	D	S	S	S	S	P	P	P	P	P	P	P	P
YLR044C	S	S	S	S	S	S	S	S	S	S	S	S	P	P	P	P	P	P	P	P
YMR205C	P	S	S	S	S	P	P	P	S	S	S	S	P	P	P	P	P	P	P	P
YFL052W	D	D	D	D	D	D	D	D	D	D	D	S	L	L	L	L	L	L	L	L
YHR051W	S	S	S	S	S	S	S	S	S	S	S	S	P	P	P	P	P	P	P	P
YBR117C	P	P	S	P	P	P	P	S	P	P	P	P	P	P	P	P	P	P	P	P
YLR098C	S	S	S	S	S	S	S	S	S	S	S	S	P	L	P	P	P	P	P	L
YER028C	P	P	P	P	P	P	P	P	P	P	P	P	P	P	P	L	L	P	P	P
YBR033W	S	S	S	P	P	P	S	S	P	P	P	P	P	P	P	P	P	P	P	P
YKR002W	S	S	S	S	S	S	S	S	S	S	S	S	P	P	P	P	L	P	P	P
YEL039C	S	S	S	P	P	P	S	S	P	P	P	P	P	P	P	P	P	P	P	P
YKL015W	D	S	S	S	S	S	S	S	S	S	S	S	P	P	P	P	P	P	P	P
YPL047W	S	S	S	S	S	S	S	S	S	S	S	S	P	P	P	P	P	P	P	P
YDL164C	S	S	S	S	S	S	S	S	S	S	S	S	P	P	P	P	L	P	P	P
YHR050W	S	S	S	S	S	S	S	S	S	S	S	S	P	P	P	P	P	P	P	P
YMR026C	S	S	S	S	S	S	S	S	S	S	S	S	P	P	P	P	P	P	P	P
YOR128C	S	S	S	S	S	S	S	S	S	S	S	S	P	P	P	P	P	P	P	P
YOL125W	S	S	S	S	S	S	S	S	S	S	S	S	P	P	P	P	P	P	P	P
YGR071C	D	D	D	P	P	P	P	D	P	P	P	P	L	L	L	P	P	P	L	L
YDR263C	S	S	S	P	P	S	S	S	P	P	P	P	P	P	P	P	P	P	P	P
YOR116C	S	S	S	S	S	S	S	S	S	S	S	S	P	P	P	P	P	P	P	P
YGL187C	D	S	S	S	S	S	S	S	S	S	S	S	P	P	P	P	P	P	P	P
YJR117W	S	S	S	S	S	S	S	S	S	S	S	S	P	P	P	P	P	P	P	P
YBR297W	D	D	D	D	D	D	D	D	D	S	S	S	L	L	L	L	L	L	L	L
YJR127C	P	S	P	P	P	P	P	P	P	P	P	P	P	P	P	P	L	P	P	P
YDR151C	S	S	S	P	P	S	S	S	P	P	P	P	P	P	P	P	P	P	P	P
YGL181W	S	S	S	S	P	P	P	S	S	S	S	S	P	P	P	P	P	P	P	P
YIL079C	P	P	P	P	P	S	P	P	P	P	P	P	P	P	P	P	P	P	P	P
YML068W	S	S	S	S	S	S	S	S	S	S	S	S	P	P	L	L	L	P	P	P
YLL051C	S	D	D	D	D	D	S	S	S	S	S	S	L	L	L	L	L	L	L	P
YOR226C	P	P	S	P	P	S	P	P	P	P	P	P	P	P	P	P	P	P	P	P
YJR137C	S	S	S	S	S	S	S	S	S	S	S	S	P	P	P	P	P	P	P	P
YBR011C	S	S	S	S	S	S	S	S	S	S	S	S	P	P	P	P	P	P	P	P
YPL167C	S	S	S	S	S	S	S	S	S	S	S	S	P	P	P	P	P	P	P	P
YNL238W	S	S	S	S	S	S	S	S	S	S	S	S	P	P	P	P	P	P	P	P
YLR389C	S	S	P	S	S	S	S	S	S	S	S	S	P	P	P	P	P	P	P	P
YOR241W	S	S	S	S	S	S	S	S	S	S	S	S	P	P	P	P	P	P	P	P
YDR253C	S	P	P	P	P	P	P	P	P	P	P	P	P	P	P	P	P	P	P	P
YDL209C	S	S	S	S	S	S	S	S	S	S	S	S	P	P	P	L	P	P	P	P
YER051W	S	S	D	D	D	D	D	S	S	S	S	S	P	P	P	P	P	P	P	P
YER171W	S	S	S	S	S	S	S	S	S	S	S	S	P	P	P	P	P	P	P	P
YDR207C	S	S	S	S	S	S	S	S	S	S	S	S	P	P	P	P	P	P	P	P
YMR182C	P	P	S	P	P	P	P	P	P	P	P	P	L	L	P	P	P	P	L	L
YER078C	S	S	S	S	S	S	S	S	S	S	S	S	P	P	P	P	P	P	P	P
YKR071C	S	P	S	S	S	S	P	S	S	S	S	S	P	P	P	P	P	P	P	P
YDR096W	S	S	P	S	S	P	P	P	P	P	P	P	P	P	P	P	P	P	P	P
YLR307W	D	D	D	D	D	D	D	S	S	S	S	S	L	L	L	L	L	L	L	L
YPL103C	S	S	S	S	S	S	S	S	S	S	S	S	P	P	P	P	P	P	P	P
YMR058W	S	S	D	S	S	S	D	S	S	S	S	S	P	P	P	P	P	P	P	P
YGR244C	S	S	S	S	S	S	S	S	S	S	S	S	P	P	P	P	P	P	P	P
YPR196W	D	D	D	D	D	D	D	D	D	D	D	S	L	L	L	L	L	L	L	L
YMR009W	S	S	S	S	S	S	S	S	S	S	S	S	P	P	P	P	P	P	P	P
YER133W	S	S	S	S	S	S	S	S	S	S	S	S	P	P	P	P	P	P	P	P
YKR090W	S	S	S	P	P	P	P	S	S	S	S	S	P	P	P	P	P	P	P	P
YCL033C	S	S	S	S	S	S	S	S	S	S	S	S	P	P	P	P	P	P	P	P
YCL030C	S	S	D	S	S	S	S	S	S	S	S	S	P	P	P	P	P	P	P	P
YJR109C	S	S	S	S	S	S	S	S	S	S	S	S	P	P	P	P	P	P	P	P
YMR303C	D	D	D	D	D	D	D	D	S	S	S	S	L	L	L	L	L	L	L	L
YGR254W	P	S	P	S	P	S	P	P	P	P	P	P	P	P	P	P	P	P	P	P
YGL166W	P	P	S	P	P	P	P	P	P	P	P	P	P	P	P	P	P	P	P	P
YJL167W	S	S	S	S	S	S	S	S	S	S	S	S	P	P	P	P	P	P	P	P
YPR062W	S	S	S	S	S	S	S	S	S	S	S	S	P	P	P	P	L	P	P	P
YGR170W	S	S	S	S	S	S	S	S	S	S	S	S	P	P	P	P	L	P	P	P
YDR256C	S	S	S	S	S	S	S	S	S	S	S	S	P	P	P	P	P	P	P	P
YLR318W	S	S	S	S	S	S	S	S	S	S	S	S	P	P	P	P	P	P	P	P
YGR246C	S	S	S	S	S	S	S	S	S	S	S	S	P	P	P	P	P	P	P	P
YBL033C	S	S	S	S	S	S	S	S	S	S	S	S	P	P	P	P	P	P	P	P
YBR228W	S	S	S	S	S	S	S	S	S	S	S	S	P	P	P	P	P	P	P	P
YEL038W	S	S	S	S	S	S	S	S	S	S	S	S	P	P	P	P	P	P	P	P
YKL067W	S	S	S	S	S	S	S	S	S	S	S	S	P	P	P	P	P	P	P	L
YDR506C	S	S	D	D	D	S	S	S	S	S	S	S	P	P	P	L	P	L	P	P
YDL090C	S	S	S	S	S	S	S	S	S	S	S	S	P	P	P	P	P	P	P	P
YKL095W	S	S	S	S	S	S	S	S	S	S	S	S	P	P	P	P	P	P	P	P
YOR393W	D	D	D	D	D	D	D	D	D	D	D	S	L	L	L	L	L	L	L	L
YNL262W	S	S	S	S	S	S	S	S	S	S	S	S	P	P	P	P	P	P	P	P
YOR210W	S	S	S	S	S	S	S	S	S	S	S	S	P	P	P	P	P	P	P	P
YDR436W	P	P	P	S	S	P	S	P	P	P	P	P	P	P	P	P	P	P	P	P
YDR379W	P	P	P	P	S	P	P	P	P	P	P	P	P	P	P	P	P	P	P	P
YAL035W	D	S	S	S	S	S	S	S	S	S	S	S	P	P	P	P	L	P	P	P
YNL129W	S	S	S	S	S	S	S	S	S	S	S	S	P	P	P	P	P	P	P	P
YPL237W	S	S	S	S	S	S	S	S	S	S	S	S	P	P	P	P	P	P	P	P
YHL010C	S	S	S	S	S	S	S	S	S	S	S	S	P	P	P	P	P	P	P	P
YGR240C	S	S	S	S	S	S	S	S	S	S	S	S	P	P	P	P	P	P	P	P
YOR091W	S	S	S	S	S	S	S	S	S	S	S	S	P	P	P	P	P	P	P	P
YNL240C	S	S	S	S	S	S	S	S	S	S	S	S	P	P	P	P	P	P	P	P
YLR245C	S	S	D	S	S	S	S	S	S	S	S	S	P	P	P	P	P	P	P	P
YJL200C	S	S	S	S	S	S	S	S	S	S	S	S	P	P	P	P	P	P	P	P
YNL256W	S	S	S	S	S	S	S	S	S	S	S	S	P	P	P	P	P	P	P	P
YLR205C	S	S	D	S	S	S	S	S	S	S	S	S	P	P	P	P	P	P	P	P
YPR186C	S	S	S	S	S	S	S	S	S	S	S	S	P	P	P	P	P	P	P	P
YDL047W	S	S	S	S	S	S	S	S	S	S	S	S	P	P	P	P	P	P	P	P
YHR043C	D	S	D	S	S	D	S	S	S	S	S	S	L	L	L	L	L	L	L	L
YBR109C	S	S	P	S	P	P	P	S	S	S	S	S	P	P	P	P	P	P	P	P
YPL138C	S	S	S	S	S	S	S	S	S	S	S	S	P	P	P	P	P	P	P	P
YIR023W	S	S	S	S	S	S	S	S	S	S	S	S	P	P	P	P	P	P	P	P
YHR115C	P	S	S	S	P	P	P	S	P	P	P	P	P	P	P	P	P	P	P	P
YJL157C	S	S	S	S	S	S	S	S	S	S	S	S	P	P	P	P	P	P	P	P
YDR270W	S	S	S	S	S	S	S	S	S	S	S	S	P	P	P	P	P	P	P	P
YOL098C	S	S	S	S	S	S	S	S	S	S	S	S	P	P	P	P	P	P	P	P
YBR150C	S	S	P	P	P	P	P	P	P	P	P	P	L	P	P	L	L	P	P	P
YNL332W	D	D	D	D	D	D	D	D	D	D	D	S	L	L	L	L	L	L	L	L
YNL023C	S	S	S	S	S	S	S	S	S	S	S	S	P	P	P	P	P	P	P	P
YGL122C	S	S	S	S	S	S	S	S	S	S	S	S	P	P	P	P	P	P	P	P
YHR076W	S	S	P	S	S	S	S	S	S	S	S	S	P	P	P	P	P	P	P	P
YLL057C	D	D	D	D	D	D	D	D	S	S	S	S	L	L	L	L	L	L	L	L
YDL061C	S	S	S	S	P	P	P	S	P	P	P	P	P	P	P	P	P	P	P	P
YBR295W	D	D	D	D	D	D	D	D	D	S	S	S	L	L	L	L	L	L	L	L
YER017C	S	S	S	S	S	S	S	S	S	S	S	S	P	P	P	P	P	P	P	P
YFL058W	D	D	D	D	D	D	D	D	S	D	D	S	L	L	L	L	L	L	L	L
YEL019C	S	S	S	S	S	S	S	S	S	S	S	S	P	P	P	P	P	P	P	P
YFL016C	S	S	S	S	S	S	S	S	S	S	S	S	P	P	P	P	P	P	P	P
YLR151C	S	S	S	S	S	S	S	S	S	S	S	S	P	P	P	P	P	P	P	P
YHR123W	S	S	P	P	P	P	P	P	P	P	P	P	P	P	P	P	P	P	P	P
YER062C	S	P	S	P	P	P	P	S	P	P	P	P	P	P	P	P	P	P	P	P
YNL088W	S	S	S	S	S	S	S	S	S	S	S	S	P	P	P	P	L	P	P	P
YCR018C	D	D	D	D	D	D	D	D	S	S	S	S	L	L	L	L	L	L	L	L
YFL041W	S	S	S	S	D	S	S	S	S	S	S	S	P	P	P	P	P	P	P	P
YCR087C-A	S	S	S	S	S	S	S	S	S	S	S	S	P	P	P	P	P	P	P	P
YOR172W	S	S	S	S	D	D	S	S	S	S	S	S	P	P	L	L	L	L	L	L
YJL068C	S	S	S	S	S	S	S	S	S	S	S	S	P	P	P	P	P	P	P	P
YGR063C	S	S	S	S	S	S	S	S	S	S	S	S	P	P	P	P	P	P	P	P
YIR021W	S	S	S	P	S	S	P	S	P	P	P	P	P	P	P	P	P	P	P	P
YDL168W	S	S	D	S	S	S	S	S	S	S	S	S	P	P	P	P	P	P	P	P
YKL160W	S	S	S	S	S	S	S	S	S	S	S	S	P	P	P	P	P	P	P	P
YOL164W	D	D	D	D	D	D	D	D	S	D	D	S	L	L	L	L	L	L	L	L
YPL281C	D	D	D	D	D	D	D	D	D	D	D	S	L	L	L	L	L	L	L	L
YJL025W	S	S	S	S	S	S	S	S	S	S	S	S	P	P	P	P	P	P	P	P
YJR094W-A	S	S	S	P	P	P	S	S	S	P	P	P	P	P	P	P	P	P	P	P
YOR022C	S	S	S	D	D	S	S	S	S	S	S	S	P	P	P	P	P	P	P	P
YOR125C	S	P	S	S	S	S	S	S	S	S	S	S	P	P	P	P	P	P	P	P
YHR144C	S	S	S	S	S	S	S	S	S	S	S	S	P	P	P	P	P	P	P	P
YNL064C	S	S	S	S	S	S	S	S	S	S	S	S	P	P	P	P	P	P	P	P
YGR123C	S	S	S	S	S	S	S	S	S	S	S	S	P	P	P	P	P	P	P	P
YPL252C	S	S	S	S	S	S	S	S	S	S	S	S	P	P	P	P	P	P	P	P
YDL030W	S	S	S	S	S	S	S	S	S	S	S	S	P	P	P	P	P	P	P	P
YER028C	P	P	P	P	P	P	P	P	P	P	P	P	P	P	P	L	L	P	P	P
YOR056C	S	S	S	S	S	S	S	S	S	S	S	S	P	P	P	P	P	P	P	P
YML004C	S	S	S	S	S	S	S	S	S	S	S	S	P	P	P	P	L	P	P	P
YAL002W	S	S	S	S	S	S	S	S	S	S	S	S	P	P	P	P	P	P	P	P
YGL163C	S	S	S	S	S	S	S	S	S	S	S	S	P	P	P	P	P	P	P	P
YJL105W	P	P	P	P	P	P	P	P	P	P	P	P	P	P	P	P	P	P	P	P
YAL021C	S	S	S	S	S	S	S	S	S	S	S	S	P	P	P	P	P	P	P	P
YDR034C	S	S	S	S	S	S	S	S	S	S	S	S	P	P	P	P	P	P	P	P
YPR093C	S	S	S	D	S	S	S	S	S	S	S	S	P	P	P	P	P	P	P	L
YER062C	S	P	S	P	P	P	P	S	P	P	P	P	P	P	P	P	P	P	P	P
YDR336W	S	S	S	S	S	S	S	S	S	S	S	S	P	P	P	P	P	P	P	P
YAL061W	S	D	D	S	S	S	S	D	S	S	S	S	L	L	P	L	L	P	L	L
YDL061C	S	S	S	S	P	P	P	S	P	P	P	P	P	P	P	P	P	P	P	P
YMR176W	D	S	S	S	S	S	S	D	S	S	S	S	P	L	P	P	L	P	P	P
YGL246C	S	S	S	S	S	P	P	S	S	S	S	S	P	P	P	P	P	P	P	P
YNL168C	S	S	S	S	S	S	S	S	S	S	S	S	P	P	P	P	L	P	P	P
YDR463W	S	S	S	P	P	P	P	P	P	P	P	P	P	P	P	P	P	P	P	P
YOR090C	S	S	S	S	S	S	S	S	S	S	S	S	P	P	P	P	P	P	P	P
YLR277C	S	S	S	S	S	P	P	P	P	P	P	P	P	P	P	P	P	P	P	P
YMR070W	S	P	P	P	P	P	P	S	S	S	S	S	P	P	P	P	P	P	P	P
YPL222W	S	S	S	S	S	S	S	S	S	S	S	S	P	P	P	P	P	P	P	P
YBR218C	P	P	P	P	P	P	P	P	P	P	P	P	P	P	P	P	P	P	P	P
YLR266C	S	S	P	S	P	P	S	S	P	P	P	P	P	P	L	L	L	L	P	L
YNL259C	S	S	D	S	S	S	S	S	S	S	S	S	P	P	P	P	P	P	P	P
YDR402C	S	S	S	S	S	S	S	S	S	S	S	S	P	P	P	P	L	P	P	P
YJR126C	S	S	S	S	S	S	S	S	S	S	S	S	P	P	P	P	P	P	P	P
YMR280C	D	D	D	S	S	S	S	S	S	S	S	S	P	P	P	P	P	P	P	P
YBL023C	S	S	S	S	S	S	S	S	S	S	S	S	P	P	P	P	P	P	P	P
YCL018W	S	S	S	S	S	S	S	S	S	S	S	S	P	P	P	P	P	P	P	P
YJL005W	S	S	P	S	S	S	S	S	S	S	S	S	P	P	P	P	P	P	P	P
YKL222C	D	D	D	D	D	D	D	D	D	D	D	S	L	L	L	L	L	L	L	L
YJL206C	D	D	S	D	D	S	S	S	S	S	S	S	P	P	P	L	L	P	L	L
YOL061W	S	S	S	S	S	S	S	S	S	S	S	S	P	P	P	P	P	P	P	P
YJL100W	D	D	D	S	S	D	D	D	S	S	S	S	P	P	P	P	P	P	P	P
YMR019W	D	D	D	S	S	S	S	D	S	S	S	S	P	L	L	L	L	P	P	P
YGR024C	S	S	S	S	S	S	S	S	S	S	S	S	P	P	P	P	P	P	P	P
YGR184C	P	S	S	S	S	S	S	S	S	S	S	S	P	P	P	P	L	P	P	P
YDR524C	D	D	S	S	S	S	S	S	S	S	S	S	P	P	L	P	P	P	P	P
YHR044C	P	S	P	S	S	S	S	S	S	S	S	S	P	L	P	P	P	P	L	L
YLR298C	S	S	S	S	S	S	S	S	S	S	S	S	P	P	P	P	P	P	P	P
YGL067W	S	S	S	S	S	S	S	S	S	S	S	S	P	P	P	L	L	P	P	P
YNL037C	S	S	S	S	S	S	S	S	S	S	S	S	P	P	P	P	P	P	P	P
YLL041C	P	S	S	P	P	S	S	P	S	S	S	S	P	P	P	P	P	P	P	P
YDR313C	S	S	P	S	S	S	S	S	S	S	S	S	P	P	P	P	P	P	P	P
YLR244C	S	S	S	S	S	S	S	S	S	S	S	S	P	P	P	P	L	P	P	P
YNL255C	S	S	S	S	S	S	S	S	S	S	S	S	P	P	P	P	P	P	P	P
YEL029C	S	S	S	S	S	S	S	S	S	S	S	S	P	P	P	P	L	P	P	P
YER065C	S	S	S	S	S	S	S	S	S	S	S	S	P	P	P	P	P	P	P	P
YLR174W	S	S	S	P	P	P	P	P	P	P	P	P	P	P	P	P	P	P	P	P
YDR272W	P	S	P	S	S	S	S	S	P	P	P	P	P	P	P	P	P	P	P	P
YDL074C	S	S	S	S	S	S	S	S	S	S	S	S	P	P	P	P	P	P	P	P
YJR078W	S	S	D	D	D	D	D	D	S	S	S	S	P	P	L	P	P	P	P	P
YDR323C	S	S	S	S	S	S	S	S	S	S	S	S	P	P	P	P	P	P	P	P
YER068W	S	S	S	S	S	S	S	S	S	S	S	S	P	P	P	P	P	P	P	P
YMR108W	S	P	S	P	P	P	S	S	S	S	S	S	P	P	P	P	P	P	P	P
YCR106W	S	D	D	D	D	D	D	D	S	D	D	S	L	L	L	L	L	L	L	L
YHL022C	S	S	S	S	S	S	S	S	S	S	S	S	P	P	P	P	P	P	P	P
YDR390C	S	S	S	S	S	S	S	S	S	S	S	S	P	P	P	P	P	P	P	P
YMR278W	S	S	S	S	S	S	S	S	S	S	S	S	P	P	P	P	P	P	P	P
YLR420W	S	S	S	S	S	S	S	S	S	S	S	S	P	P	P	P	P	P	P	P
YOR291W	S	S	S	S	S	S	S	S	S	S	S	S	P	P	P	P	P	P	P	P
YER130C	S	S	S	P	P	P	P	P	S	S	S	S	P	P	P	P	P	P	P	P
YDR481C	S	S	S	S	S	S	S	S	S	S	S	S	P	P	P	P	P	P	P	P
YPL096W	S	S	S	S	S	S	S	S	S	S	S	S	P	P	P	P	P	P	P	P
YHR008C	S	S	S	S	S	S	S	S	S	S	S	S	P	P	P	P	P	P	P	P
YKL185W	S	S	S	S	S	S	S	S	S	S	S	S	P	P	P	P	P	P	P	P
YGR071C	D	D	D	P	P	P	P	D	P	P	P	P	L	L	L	P	P	P	L	L
YAL038W	S	S	S	P	P	P	S	P	P	P	P	P	P	P	P	P	P	P	P	P
YBL045C	S	S	S	S	S	S	S	S	S	S	S	S	P	P	P	P	P	P	P	P
YLL009C	S	S	S	S	S	S	S	S	S	S	S	S	P	P	P	P	P	P	P	P
YOL057W	S	S	D	D	S	S	S	S	S	S	S	S	P	P	P	P	P	P	P	P
YGR058W	S	S	S	S	S	S	S	S	S	S	S	S	P	P	P	P	L	P	P	P
YDR213W	P	P	P	P	P	P	P	P	P	P	P	P	P	P	P	P	P	P	P	P
YDR151C	S	S	S	P	P	S	S	S	P	P	P	P	P	P	P	P	P	P	P	P
YPL069C	S	S	S	S	S	S	S	S	S	S	S	S	P	P	P	P	P	P	P	P
YDR146C	P	P	P	P	P	P	P	P	P	P	P	P	P	P	P	P	L	P	P	P
YHR021C	S	S	S	P	P	S	S	S	P	P	P	P	P	P	P	P	P	P	P	P
YHR178W	S	S	S	S	S	S	S	S	S	S	S	S	P	P	P	P	L	P	P	P
YJR024C	S	S	S	S	S	S	S	S	S	S	S	S	P	P	P	P	P	P	P	P
YIL130W	S	S	S	S	S	S	S	S	S	S	S	S	L	P	P	P	P	P	P	P
YGL023C	S	S	S	S	S	S	S	S	S	S	S	S	P	P	P	P	P	P	P	P
YGL071W	S	S	S	P	P	P	P	P	P	P	P	P	P	P	P	P	P	P	P	P
YIR013C	D	D	D	D	D	D	D	D	S	S	S	S	L	L	L	L	L	L	L	L
YNR057C	D	D	D	D	D	D	D	D	S	S	S	S	L	L	P	L	L	P	P	P
YFR019W	S	S	S	S	S	S	S	S	S	S	S	S	P	P	P	P	L	P	P	P
YHR040W	S	S	S	S	S	S	S	S	S	S	S	S	P	P	P	P	L	P	P	P
YMR223W	S	S	S	S	S	S	S	S	S	S	S	S	P	P	P	P	P	P	P	P
YEL031W	S	S	S	S	S	S	S	S	S	S	S	S	P	P	P	P	P	P	P	P
YPL207W	S	S	S	S	S	S	S	S	S	S	S	S	P	P	P	P	P	P	P	P
YNL111C	S	S	S	S	S	S	S	S	S	S	S	S	P	P	P	P	P	P	P	P
YKR064W	S	S	S	S	S	S	S	S	S	S	S	S	P	P	P	P	P	P	P	P
YDR399W	S	S	S	S	S	S	S	S	S	S	S	S	P	P	P	L	L	P	P	P
YOL054W	S	S	S	S	S	S	S	S	S	S	S	S	P	P	P	P	P	P	P	P
YDR255C	S	S	S	S	S	S	S	S	S	S	S	S	P	P	P	P	P	P	P	P
YHR192W	S	S	S	S	S	S	S	S	S	S	S	S	P	P	P	P	P	P	P	P
YKL190W	S	S	S	S	S	S	S	S	S	S	S	S	P	P	P	P	P	P	P	P
YMR214W	S	S	S	S	S	S	S	S	S	S	S	S	P	P	P	P	P	P	P	P
YEL024W	S	S	S	S	S	S	S	S	S	S	S	S	P	P	P	P	P	P	P	P
YBL052C	S	S	S	S	S	S	S	S	S	S	S	S	P	P	P	P	P	P	P	P
YER049W	S	S	S	S	S	S	S	S	S	S	S	S	P	P	P	P	P	P	P	P
YJR101W	S	S	S	S	S	S	S	S	S	S	S	S	P	P	P	P	P	P	P	P
YGR180C	P	P	P	P	P	P	P	P	P	P	P	P	P	P	P	P	P	P	P	P
YHR201C	S	S	S	S	S	D	S	S	S	S	S	S	P	P	P	P	P	P	P	P
YER134C	S	S	S	S	S	S	S	S	S	S	S	S	P	P	P	P	P	P	P	P
YPR086W	S	S	S	S	S	S	S	S	S	S	S	S	P	P	P	P	P	P	P	P
YNL299W	P	P	P	P	P	P	P	P	P	P	P	P	P	P	P	P	P	P	P	P
YNL045W	S	S	S	S	S	S	S	S	S	S	S	S	P	L	P	P	P	P	L	P
YKL127W	P	P	P	P	P	P	S	P	P	P	P	P	P	P	P	P	P	P	P	P
YNL207W	S	S	S	S	S	S	S	S	S	S	S	S	P	P	P	P	P	P	P	P
YLR134W	D	D	D	D	D	D	D	D	S	S	S	S	L	L	L	L	L	L	L	L
YPL086C	S	S	S	S	S	S	S	S	S	S	S	S	P	P	P	P	P	P	P	P
YDL048C	P	P	P	P	P	S	S	P	P	P	P	P	P	P	P	P	P	P	P	P
YBL056W	P	P	S	P	P	P	P	P	P	P	P	P	P	P	P	P	P	P	P	P
YBR242W	S	S	S	P	P	P	P	P	P	P	P	P	P	P	P	P	P	P	P	P
YDR500C	S	S	S	P	P	P	S	S	P	P	P	P	P	P	P	P	P	P	P	P
YOR020C	S	S	S	S	S	S	S	S	S	S	S	S	P	P	P	P	P	P	P	P
YJR156C	D	D	D	D	D	D	D	D	D	D	D	S	L	L	L	L	L	L	L	L
YKL062W	P	P	P	P	P	P	P	P	P	P	P	P	P	P	P	P	P	P	P	P
YIL021W	S	S	S	S	S	S	S	S	S	S	S	S	P	P	P	P	P	P	P	P
YDL008W	S	S	S	S	S	S	S	S	S	S	S	S	P	P	P	P	P	P	P	P
YJR159W	D	D	D	D	D	D	D	D	S	S	S	S	L	L	L	L	L	L	L	L
YDR234W	S	S	S	S	S	S	S	S	S	S	S	S	P	P	P	P	P	P	P	P
YHR047C	S	P	D	S	P	P	P	P	P	S	P	P	P	P	P	P	P	P	P	P
YOR356W	S	S	S	S	S	S	S	S	S	S	S	S	P	P	P	P	P	P	P	P
YPR176C	S	S	S	S	S	S	S	S	S	S	S	S	P	P	P	P	P	P	P	P
YKL059C	S	S	S	S	S	S	S	S	S	S	S	S	P	P	P	P	P	P	P	P
YHR134W	S	S	S	S	S	S	S	S	S	S	S	S	P	P	P	P	P	P	P	P
YKL137W	S	S	S	S	S	S	S	S	S	S	S	S	P	P	P	P	P	P	P	P
YDL048C	P	P	P	P	P	S	S	P	P	P	P	P	P	P	P	P	P	P	P	P
YJL056C	S	S	S	S	S	S	S	S	S	S	S	S	P	P	P	P	P	P	P	P
YNL010W	S	S	S	S	S	S	S	S	S	S	S	S	P	P	P	P	P	P	P	P
YLR355C	S	S	S	S	S	S	S	S	S	S	S	S	P	P	P	P	P	P	P	P
YKL028W	S	S	S	S	S	S	S	S	S	S	S	S	P	P	P	P	P	P	P	P
YGR144W	S	S	S	S	S	S	D	S	S	S	S	S	P	P	L	P	P	P	P	P
YLR442C	P	P	P	P	P	P	P	P	P	P	P	P	P	P	P	P	P	P	P	P
YDR143C	S	S	S	S	S	S	S	S	S	S	S	S	P	P	P	P	P	P	P	P
YAR073W	D	D	D	D	D	D	D	D	D	D	D	S	L	L	L	L	L	L	L	L
YGR258C	S	S	S	S	S	S	S	S	S	S	S	S	P	P	P	P	P	P	P	P
YGL091C	S	S	S	S	S	S	S	S	S	S	S	S	P	P	P	P	P	P	P	P
YBL005W	S	S	P	P	P	P	P	S	P	P	P	P	P	P	P	L	P	P	P	P
YDL167C	S	S	S	S	S	S	S	S	S	S	S	S	P	P	P	P	L	P	P	P
YIR027C	D	D	D	S	S	S	D	D	S	S	S	S	P	P	P	P	P	P	P	P
YMR015C	S	S	S	S	S	S	S	S	S	S	S	S	P	P	P	P	L	P	P	P
YGR061C	S	S	S	S	S	S	S	S	S	S	S	S	P	P	P	P	P	P	P	P
YJL121C	S	S	S	S	S	S	S	S	S	S	S	S	P	P	P	P	P	P	P	P
YDL226C	S	S	P	S	S	S	S	S	P	P	P	P	P	P	P	P	P	P	P	P
YDR409W	P	P	S	P	P	P	P	P	P	P	P	P	P	P	P	P	P	P	P	P
YDL188C	S	P	P	P	P	S	S	S	P	P	P	P	P	P	P	P	P	P	P	P
YGL043W	S	S	S	S	S	S	S	S	S	S	S	S	P	P	P	P	P	P	P	P
YML072C	S	S	P	S	S	S	S	S	S	S	S	S	P	P	P	P	P	P	P	P
YDR303C	P	P	P	P	P	P	P	P	P	P	P	P	P	P	L	P	P	P	L	L
YDL238C	S	S	D	S	S	S	D	S	S	S	S	S	P	P	P	L	L	P	P	P
YGL085W	S	S	S	S	S	S	S	S	S	S	S	S	P	P	P	P	P	P	P	P
YOR064C	S	S	S	S	S	S	S	S	S	S	S	S	P	P	P	P	P	P	P	P
YGR254W	P	S	P	S	P	S	P	P	P	P	P	P	P	P	P	P	P	P	P	P
YDR452W	D	S	S	S	S	S	S	S	S	S	S	S	P	P	P	P	L	P	P	P
YLR148W	S	S	S	S	S	S	S	S	S	S	S	S	P	P	P	P	P	P	P	P
YJL130C	S	S	S	S	S	S	S	S	S	S	S	S	P	P	P	P	P	P	P	P
YDR347W	S	S	S	S	S	S	S	S	S	S	S	S	P	P	P	P	P	P	P	P
YBL105C	S	S	S	S	S	S	S	S	S	S	S	S	P	P	P	P	P	P	P	P
YOR065W	S	S	S	S	S	S	S	S	S	S	S	S	P	P	P	P	P	P	P	P
YNR063W	D	D	D	D	D	D	D	D	S	S	D	S	L	L	L	L	L	L	L	L
YOL133W	S	S	S	S	S	S	S	S	S	S	S	S	P	P	P	P	P	P	P	P
YBR066C	P	P	S	P	P	P	P	P	P	P	P	P	P	P	P	P	P	P	P	P
YGL234W	S	S	S	S	S	S	S	S	S	S	S	S	P	P	P	P	P	P	P	P
YPL016W	S	S	S	S	S	S	S	S	S	S	S	S	P	P	P	P	P	P	P	P
YDR049W	S	S	S	S	S	S	S	S	S	S	S	S	P	P	P	P	P	P	P	P
YPR010C	S	S	S	S	S	S	S	S	S	S	S	S	P	P	P	P	P	P	P	P
YHR053C	D	D	D	D	D	D	D	D	S	S	D	S	L	L	L	L	L	L	L	L
YBR018C	S	S	S	S	P	S	S	D	S	S	S	S	P	P	P	L	L	P	P	L
YNR060W	D	D	D	D	D	D	D	D	S	S	S	S	L	L	L	L	L	L	L	L
YMR267W	S	S	S	S	S	S	S	S	S	S	S	S	P	P	P	P	P	P	P	P
YMR247C	S	S	S	S	S	S	S	S	S	S	S	S	P	P	P	P	P	P	P	P
YBR145W	S	S	S	P	P	S	S	S	P	P	P	P	P	P	P	P	P	P	P	P
YCR090C	S	S	S	S	S	S	S	S	S	S	S	S	P	P	P	P	P	P	P	P
YDL042C	P	P	P	P	P	P	P	P	P	P	P	P	P	P	P	P	P	P	P	P
YPL021W	D	D	D	D	D	D	D	D	S	S	S	S	L	L	L	L	L	L	L	L
YPL268W	S	S	S	S	S	S	S	S	S	S	S	S	P	P	P	P	P	P	P	P
YLR024C	S	S	S	S	S	S	S	S	S	S	S	S	P	P	P	P	P	P	P	P
YDL240W	S	S	S	S	S	S	S	S	S	S	S	S	P	P	P	P	P	P	P	P
YHL011C	S	S	P	S	S	P	S	S	S	S	S	S	P	P	P	P	P	P	P	P
YFR037C	P	P	S	S	S	S	S	P	S	S	S	S	P	P	P	P	P	P	P	P
YDL042C	P	P	P	P	P	P	P	P	P	P	P	P	P	P	P	P	P	P	P	P
YLR387C	S	S	S	S	S	S	S	S	S	S	S	S	P	P	P	P	P	P	P	P
YDR098C	S	P	S	P	P	P	P	P	P	P	P	P	P	P	P	P	P	P	P	P
YJL035C	S	S	S	S	S	S	S	S	S	S	S	S	P	P	P	P	P	P	P	P
YJR089W	S	S	S	S	S	S	S	D	S	S	S	S	L	P	P	P	P	P	P	P
YBR242W	S	S	S	P	P	P	P	P	P	P	P	P	P	P	P	P	P	P	P	P
YDR419W	S	S	S	S	S	S	S	S	S	S	S	S	P	P	P	P	L	P	P	P
YGR267C	S	S	S	S	S	S	S	S	S	S	S	S	P	P	P	P	P	P	P	P
YPL117C	S	S	S	S	S	S	S	S	S	S	S	S	P	P	P	P	P	P	P	P
YGR234W	S	S	P	S	S	S	S	S	S	D	S	S	P	P	P	L	L	P	P	P
YGL251C	S	S	S	S	S	S	S	S	S	S	S	S	P	P	P	L	P	P	L	P
YBR024W	S	S	P	P	P	P	P	P	P	P	P	P	P	P	P	P	P	P	P	P
YPL214C	S	S	S	S	S	S	S	S	S	S	S	S	P	P	P	P	P	P	P	P
YPL273W	S	S	S	D	S	D	D	D	S	D	S	S	P	L	P	P	P	P	P	P
YNR027W	S	S	S	S	S	S	D	S	S	S	S	S	P	P	P	P	P	P	P	P
YER090W	S	S	S	S	S	S	S	S	S	S	S	S	P	P	P	P	P	P	P	P
YDR216W	S	S	S	S	S	S	S	S	S	S	S	S	P	P	P	P	L	P	P	P
YLR005W	S	S	S	S	S	S	S	S	S	S	S	S	P	P	P	P	L	P	P	P
YJR104C	P	P	S	S	S	S	S	S	S	S	S	S	P	P	P	P	P	P	P	P
YOR136W	P	P	S	S	S	S	S	S	S	S	S	S	P	P	P	P	P	P	P	P
YCL017C	S	S	S	S	S	S	S	S	S	S	S	S	P	P	P	P	P	P	P	P
YBL071W-A	S	S	S	S	S	S	S	S	S	S	S	S	P	P	P	P	P	P	P	P
YLR451W	S	S	S	P	P	P	S	S	S	S	S	S	P	P	P	P	P	P	P	P
YDR182W	S	S	S	S	S	S	S	S	S	S	S	S	P	P	P	P	P	P	P	P
YJL105W	P	P	P	P	P	P	P	P	P	P	P	P	P	P	P	P	P	P	P	P
YMR234W	S	S	S	S	P	S	S	S	S	S	S	S	P	P	P	P	P	P	P	P
YDL102W	S	S	S	S	S	S	S	S	S	S	S	S	P	P	P	P	P	P	P	P
YJR070C	S	S	S	S	S	S	S	S	S	S	S	S	P	P	P	P	P	P	P	P
YMR323W	D	D	D	D	D	D	D	D	D	D	D	S	L	L	L	L	L	L	L	L
YJR097W	S	S	S	S	S	S	S	S	S	S	S	S	P	P	P	P	P	P	P	P
YMR038C	S	S	D	S	S	S	D	S	S	S	S	S	P	P	P	P	P	P	P	P
YBL019W	S	S	S	S	S	S	S	S	S	S	S	S	P	P	P	P	P	P	P	P
YKL045W	S	S	S	S	S	S	S	S	S	S	S	S	P	P	P	P	P	P	P	P
YHR005C	S	S	S	S	S	S	S	S	S	S	S	S	P	P	P	P	P	P	P	P
YGR088W	S	S	D	S	S	D	D	D	S	S	S	S	P	P	P	L	L	P	P	P
YBR208C	S	S	D	S	S	S	D	S	S	S	S	S	P	P	P	P	P	P	P	P
YDL043C	S	S	S	S	S	S	S	S	S	S	S	S	P	P	P	P	P	P	P	P
YDR098C	S	P	S	P	P	P	P	P	P	P	P	P	P	P	P	P	P	P	P	P
YPR022C	D	D	S	D	S	S	S	S	S	S	S	S	L	P	P	L	L	P	L	P
YMR231W	S	S	S	S	S	S	S	S	S	S	S	S	P	P	P	P	P	P	P	P
YDL017W	S	S	S	S	S	S	S	S	S	S	S	S	P	P	P	P	P	P	P	P
YLR070C	S	D	D	D	S	D	D	D	S	D	S	S	P	P	P	P	L	P	P	L
YHR111W	S	S	S	S	S	S	S	S	S	S	S	S	P	P	P	P	P	P	P	P
YDR178W	S	S	S	S	S	P	P	S	P	P	P	P	P	P	P	P	P	P	P	P
YKL132C	S	S	S	S	S	S	S	S	P	P	P	P	P	P	P	P	P	P	P	P
YAL051W	S	S	S	P	P	P	P	P	P	P	P	P	P	P	P	P	P	P	L	P
YOR337W	S	S	S	S	S	S	S	S	S	S	S	S	P	P	P	P	L	P	P	P
YBL068W	S	S	S	S	S	S	P	S	P	P	P	P	P	P	P	P	P	P	P	P
YNL141W	S	S	S	S	S	S	S	S	S	S	S	S	P	L	P	L	L	P	P	P
YGR044C	S	S	S	S	S	S	S	S	S	S	S	S	P	P	P	L	L	P	P	P
YBR286W	S	S	S	S	S	S	S	S	S	S	S	S	P	P	P	P	P	P	P	P
YKL132C	S	S	S	S	S	S	S	S	P	P	P	P	P	P	P	P	P	P	P	P
YOR077W	S	S	S	S	S	S	S	S	S	S	S	S	P	P	P	P	P	P	P	P
YDL226C	S	S	P	S	S	S	S	S	P	P	P	P	P	P	P	P	P	P	P	P
YDR110W	P	P	P	S	S	S	S	S	S	S	S	S	P	P	P	P	P	P	P	P
YKR017C	S	S	S	S	S	S	S	S	S	S	S	S	P	P	P	P	P	P	P	P
YNL247W	S	S	S	S	S	S	S	S	S	S	S	S	P	P	P	P	L	P	P	P
YDL036C	S	S	S	P	P	P	P	P	P	P	P	P	P	P	P	P	P	P	P	P
YHR216W	D	D	D	D	D	D	D	D	D	D	D	S	L	L	L	L	L	L	L	L
YPL036W	D	D	D	D	D	D	D	D	S	S	S	S	L	L	L	L	L	L	L	L
YPR015C	D	D	D	D	P	P	P	S	S	S	S	S	L	L	L	L	L	P	P	P
YEL058W	S	S	S	S	S	S	S	S	S	S	S	S	P	P	P	P	P	P	P	P
YOR151C	S	S	S	S	S	S	S	S	S	S	S	S	P	P	P	P	P	P	P	P
YMR127C	S	S	S	S	S	S	S	S	S	S	S	S	P	P	P	P	P	P	P	P
YPR107C	S	S	S	S	S	S	S	S	S	S	S	S	P	P	P	P	P	P	P	P
YDR075W	S	S	S	S	S	S	S	S	S	S	S	S	P	P	P	P	P	P	P	P
YBR267W	S	S	S	S	S	S	S	S	S	S	S	S	P	P	P	P	P	P	P	P
YBR114W	S	S	S	S	S	S	S	S	S	S	S	S	P	P	P	P	P	P	P	P
YER184C	D	D	D	D	D	D	D	S	D	S	D	S	L	L	L	L	L	P	P	L
YHR143W-A	S	S	S	S	S	S	S	S	S	S	S	S	P	P	P	P	P	P	P	P
YOR005C	S	S	S	S	S	S	S	S	S	S	S	S	P	P	P	P	L	L	P	P
YJL110C	S	S	P	P	P	P	P	P	P	P	P	P	P	P	P	P	P	P	P	P
YLR417W	S	S	S	S	S	S	S	S	S	S	S	S	P	P	P	P	P	P	P	P
YKL060C	P	P	P	S	S	S	S	S	S	S	S	S	P	P	P	P	P	P	P	P
YBR125C	S	S	S	S	S	S	S	S	S	S	S	S	P	P	P	P	P	P	P	P
YLR013W	D	D	D	D	D	D	D	D	S	S	S	S	L	L	L	L	L	L	L	L
YLR116W	S	S	S	S	S	S	S	S	S	S	S	S	P	P	P	P	P	P	P	P
YEL020W-A	S	S	S	S	S	S	S	S	S	S	S	S	P	P	P	P	P	P	P	P
YMR182C	P	P	S	P	P	P	P	P	P	P	P	P	L	L	P	P	P	P	L	L
YER019W	S	S	S	S	S	S	S	S	S	S	S	S	P	P	P	P	P	P	P	P
YBR074W	S	S	S	S	S	S	S	S	S	S	S	S	P	P	P	P	P	P	P	P
YDR263C	S	S	S	P	P	S	S	S	P	P	P	P	P	P	P	P	P	P	P	P
YJR055W	S	S	S	S	S	S	S	S	S	S	S	S	P	P	P	P	P	P	P	P
YBL049W	S	S	S	P	P	P	P	S	S	S	S	S	P	P	P	P	P	P	P	P
YDR421W	S	S	S	S	S	S	S	S	S	S	S	S	P	P	P	P	L	P	P	L
YLL027W	S	S	S	S	S	S	S	P	S	S	S	S	P	P	P	P	P	P	P	P
YMR137C	S	S	S	S	S	S	S	S	S	S	S	S	P	P	P	P	P	P	P	P
YLR034C	S	S	S	S	S	S	S	S	S	S	S	S	P	P	P	P	P	P	P	P
YML076C	S	P	P	S	S	S	S	S	S	S	S	S	P	P	P	P	P	P	P	P
YDR379W	P	P	P	P	S	P	P	P	P	P	P	P	P	P	P	P	P	P	P	P
YNL027W	S	S	S	S	S	S	S	S	S	S	S	S	P	P	P	P	P	P	P	P
YDR088C	S	S	S	S	S	S	S	S	S	S	S	S	P	P	P	P	P	P	P	P
YKL025C	S	S	S	S	S	S	S	S	S	S	S	S	P	P	P	P	P	P	P	P
YOR257W	S	S	S	P	S	S	S	S	S	S	S	S	P	P	P	P	P	P	P	P
YML035C	P	S	P	S	S	S	S	S	S	S	S	S	P	P	P	P	P	P	P	P
YNL220W	S	S	S	S	S	S	S	S	S	S	S	S	P	P	P	P	P	P	P	P
YDR430C	S	S	S	S	S	S	S	S	S	S	S	S	P	P	P	P	P	P	P	P
YGL006W	S	S	S	S	S	S	S	S	S	S	S	S	P	P	P	P	P	P	P	P
YDR052C	S	S	P	P	P	P	P	S	S	S	S	S	P	P	P	P	P	P	P	P
YIL072W	S	S	S	S	S	S	S	S	S	S	S	S	P	P	P	P	P	P	P	P
YCR105W	S	D	D	D	D	D	D	D	D	D	D	S	L	L	L	L	L	L	L	L
YKL114C	S	S	S	S	S	S	S	S	S	S	S	S	P	P	P	P	P	P	P	P
YOR025W	S	S	P	S	S	S	S	S	S	S	S	S	P	P	P	P	P	P	P	P
YDL080C	S	S	S	S	S	S	S	S	S	S	S	S	P	P	P	P	P	P	P	P
YJR127C	P	S	P	P	P	P	P	P	P	P	P	P	P	P	P	P	L	P	P	P
YJL210W	S	S	S	S	S	S	S	S	S	S	S	S	P	P	P	P	P	P	P	P
YMR021C	S	S	D	S	S	S	S	S	S	S	S	S	P	P	P	P	P	P	P	P
YFR004W	P	P	S	S	S	S	S	S	S	S	S	S	P	P	P	P	P	P	P	P
YER091C	S	S	S	S	S	S	S	S	S	S	S	S	P	P	P	P	P	P	P	P
YPL028W	S	S	S	S	S	S	S	S	S	S	S	S	P	P	P	P	P	P	P	P
YKL029C	P	P	P	S	S	S	S	S	S	S	S	S	P	P	P	P	P	P	P	P
YIL003W	S	S	S	S	S	S	S	S	S	S	S	S	P	P	P	P	P	P	P	P
YPR031W	S	S	S	S	S	S	S	S	S	S	S	S	P	P	P	P	P	P	P	P
YBR024W	S	S	P	P	P	P	P	P	P	P	P	P	P	P	P	P	P	P	P	P
