Gene ID	V.polysp	T.phaffi	T.blatta	N.dairen	N.castel	K.nagani	K.africa	C.glabra	S.uvarum	S.kudria	S.mikata	S.cerevi	Z.rouxii	T.delbru	K.lactis	E.gossyp	E.cymbal	L.kluyve	L.thermo	L.waltii
YCL011C	S	S	S	P	P	P	P	P	P	P	P	P	P	P	P	P	P	P	L	P
YOR341W	S	S	S	S	S	S	S	S	S	S	S	S	P	P	P	P	L	P	P	P
YGR005C	S	S	S	S	S	S	S	S	S	S	S	S	P	P	P	P	P	P	P	P
YNL030W	P	P	S	P	P	P	S	S	S	D	S	S	P	P	P	P	P	P	P	P
YHR084W	S	S	P	P	P	P	P	P	S	S	S	S	P	P	P	P	P	P	P	P
YLR032W	S	S	S	S	S	S	S	S	S	S	S	S	P	P	P	P	L	P	P	P
YPR065W	D	D	D	S	S	S	S	D	S	S	S	S	P	P	L	P	P	P	L	L
YNL102W	S	S	S	S	S	S	S	S	S	S	S	S	P	P	P	P	P	P	P	P
YBR182C	P	S	P	P	P	P	P	P	P	P	P	P	P	P	P	P	P	P	P	P
YDR362C	S	S	S	S	S	S	S	S	S	S	S	S	P	P	P	P	P	P	P	P
YJL110C	S	S	P	P	P	P	P	P	P	P	P	P	P	P	P	P	P	P	P	P
YOR144C	S	S	S	S	S	S	S	S	S	S	S	S	P	P	P	P	P	P	P	P
YBL022C	S	S	S	S	S	S	S	S	S	S	S	S	P	P	P	P	P	P	P	P
YJR046W	S	S	S	S	S	S	S	S	S	S	S	S	P	P	P	P	P	P	P	P
YOR258W	S	D	S	S	S	S	S	S	S	S	S	S	P	P	P	P	L	P	P	L
YHR206W	S	S	P	S	S	S	S	S	P	P	P	P	P	P	P	P	P	P	P	P
YOL095C	S	S	S	S	S	S	S	S	S	S	S	S	P	P	P	P	P	P	P	P
YGR186W	S	S	S	S	S	S	S	S	S	S	S	S	P	P	P	P	P	P	P	P
YIL126W	S	S	S	D	S	S	S	S	S	S	S	S	P	P	P	P	P	P	P	P
YKL062W	P	P	P	P	P	P	P	P	P	P	P	P	P	P	P	P	P	P	P	P
YDR451C	P	P	P	S	S	P	S	S	P	P	P	P	P	P	P	P	P	P	P	P
YIR018W	P	P	P	P	P	S	P	P	P	P	P	P	P	P	P	L	P	P	P	P
YAL019W	S	S	S	S	S	S	S	S	S	S	S	S	P	P	P	P	P	P	P	P
YKL032C	P	P	S	P	P	P	P	P	P	P	P	P	P	P	P	L	P	P	P	P
YER064C	S	S	S	P	P	P	P	P	P	P	P	P	P	P	P	P	P	P	P	P
YBR083W	P	P	P	P	P	P	P	P	S	S	S	S	P	P	P	P	P	P	P	P
YEL032W	S	S	S	S	S	S	S	S	S	S	S	S	P	P	P	P	P	P	P	P
YKR099W	S	S	P	S	S	S	S	S	S	S	S	S	P	P	P	P	P	P	P	P
YNL039W	S	S	S	S	S	S	S	S	S	S	S	S	P	P	P	P	P	P	P	P
YIL119C	D	S	P	S	S	S	S	S	S	S	S	S	L	P	L	L	L	P	L	L
YBL079W	S	S	S	S	S	S	S	S	P	P	P	P	P	P	P	P	P	P	P	P
YDR206W	S	S	S	P	P	P	P	P	P	P	P	P	P	P	P	P	P	P	P	P
YGL096W	S	S	S	P	P	P	P	P	P	P	P	P	P	P	P	P	P	P	P	P
YDR097C	S	S	S	S	S	S	S	S	S	S	S	S	P	P	P	P	P	P	P	P
YKR062W	S	S	S	S	S	S	S	S	S	S	S	S	P	P	P	P	P	P	P	P
YBR150C	S	S	P	P	P	P	P	P	P	P	P	P	L	P	P	L	L	P	P	P
YLR403W	P	P	S	P	P	S	S	P	S	S	S	S	P	P	P	P	P	P	P	P
YOR207C	S	S	S	S	S	S	S	S	S	S	S	S	P	P	P	P	P	P	P	P
YMR048W	S	S	S	S	S	S	S	S	S	S	S	S	P	P	P	P	P	P	P	L
YOL005C	S	S	S	S	S	S	S	S	S	S	S	S	P	P	P	P	L	P	P	P
YKR048C	S	S	S	S	S	S	S	S	S	S	S	S	P	P	P	P	P	P	P	P
YBR066C	P	P	S	P	P	P	P	P	P	P	P	P	P	P	P	P	P	P	P	P
YDR213W	P	P	P	P	P	P	P	P	P	P	P	P	P	P	P	P	P	P	P	P
YJL103C	S	S	S	S	S	S	D	S	S	S	S	S	P	P	P	P	P	P	L	L
YOR038C	S	S	S	S	S	S	S	S	S	S	S	S	P	P	P	P	P	P	P	P
YHR031C	S	S	S	S	S	S	S	S	S	S	S	S	P	P	P	P	P	P	P	P
YPR013C	S	D	S	P	S	S	S	S	S	S	S	S	P	P	L	L	L	P	L	L
YDR081C	P	P	S	S	S	S	S	S	S	S	S	S	P	P	P	P	P	P	P	P
YBR087W	S	S	S	S	S	S	S	S	S	S	S	S	P	P	P	P	P	P	P	P
YOL090W	S	S	S	S	S	S	S	S	S	S	S	S	P	P	P	P	P	P	P	P
YGR159C	S	S	S	S	S	S	S	S	S	S	S	S	P	P	P	P	P	P	P	P
YDR520C	S	S	S	S	S	S	S	S	S	S	S	S	P	L	P	P	P	P	P	P
YPL248C	S	S	S	P	P	S	S	D	S	D	S	S	P	L	P	P	L	P	P	L
YBR026C	S	S	S	S	S	S	S	S	S	S	S	S	P	P	P	P	P	P	P	P
YER161C	S	S	S	S	S	S	S	S	S	S	S	S	P	P	P	P	P	P	P	P
YML113W	S	S	S	S	S	S	S	S	S	S	S	S	P	P	P	L	P	P	P	P
YKL112W	S	S	S	P	P	S	S	S	S	S	S	S	P	P	P	P	L	P	P	P
YNL248C	S	S	S	S	S	S	S	S	S	S	S	S	P	P	P	P	P	P	P	P
YPR110C	P	S	S	S	S	S	S	S	S	S	S	S	P	P	P	P	P	P	P	P
YMR136W	P	P	P	S	S	P	P	P	S	S	S	S	P	P	P	P	P	P	P	P
YCR092C	S	S	S	S	S	S	S	S	S	S	S	S	P	P	P	P	P	P	P	P
YGL166W	P	P	S	P	P	P	P	P	P	P	P	P	P	P	P	P	P	P	P	P
YML127W	S	S	S	S	S	S	S	S	S	S	S	S	P	P	P	P	P	P	P	P
YIR002C	S	S	S	S	S	S	S	S	S	S	S	S	P	P	P	P	P	P	P	P
YJL173C	S	S	S	S	S	S	S	S	S	S	S	S	P	P	P	P	P	P	P	P
YPR019W	S	S	S	S	S	S	S	S	S	S	S	S	P	P	P	P	P	P	P	P
YJL176C	S	S	S	S	S	S	S	S	S	S	S	S	P	P	P	P	P	P	P	P
YBR245C	S	S	S	P	P	P	P	S	S	S	S	S	P	P	P	P	P	P	P	P
YER176W	S	S	S	S	S	D	S	S	S	S	S	S	P	P	L	P	L	P	P	P
YBL002W	D	D	S	S	S	S	P	S	S	S	S	S	P	P	P	P	P	P	P	P
YNL206C	S	S	S	S	S	S	S	S	S	S	S	S	P	P	P	P	P	P	P	P
YMR080C	S	S	S	S	S	S	S	S	S	S	S	S	P	P	P	P	P	P	P	P
YPL133C	S	S	S	S	S	S	S	S	S	S	S	S	P	P	P	P	P	P	P	P
YNL273W	S	S	S	S	S	S	S	S	S	S	S	S	P	P	P	P	P	P	P	P
YFR013W	P	P	P	P	P	P	P	P	P	P	P	P	P	P	P	P	P	P	P	P
YDR448W	S	S	S	S	S	S	S	S	S	S	S	S	P	P	P	P	P	P	P	P
YIL131C	P	P	P	P	P	P	P	P	P	P	P	P	P	P	P	P	P	P	P	P
YDR303C	P	P	P	P	P	P	P	P	P	P	P	P	P	P	L	P	P	P	L	L
YOR140W	D	D	D	S	S	S	D	S	S	S	S	S	P	P	P	P	P	P	P	P
YJR060W	S	S	S	S	S	S	S	S	S	S	S	S	P	P	P	P	P	P	P	P
YOR032C	S	S	S	S	S	S	S	S	S	S	S	S	P	P	P	P	P	P	P	P
YDR253C	S	P	P	P	P	P	P	P	P	P	P	P	P	P	P	P	P	P	P	P
YLR150W	P	P	S	S	S	S	S	S	S	S	S	S	P	P	P	P	P	P	P	P
YBR193C	S	S	S	S	S	S	S	S	S	S	S	S	P	P	P	P	P	P	P	P
YHR146W	P	P	P	P	P	P	P	P	P	S	P	P	P	P	P	P	P	P	P	P
YLR014C	D	D	D	S	S	S	S	S	S	S	S	S	P	P	P	L	L	P	P	P
YOR330C	S	S	S	S	S	S	S	S	S	S	S	S	P	P	P	P	P	P	P	P
YGL169W	S	S	S	S	S	S	S	S	S	S	S	S	P	P	P	P	P	P	P	P
YJR140C	S	S	S	S	S	S	S	S	S	S	S	S	P	P	P	P	P	P	P	P
YLR234W	S	S	S	S	S	S	S	S	S	S	S	S	P	P	P	P	P	P	P	P
YPL127C	S	S	S	P	S	S	S	S	S	S	S	S	P	P	L	P	P	P	P	P
YEL007W	S	P	P	P	P	S	P	P	S	S	S	S	P	P	P	P	P	P	P	P
YMR111C	D	D	P	S	S	D	S	D	S	S	S	S	P	L	P	P	P	P	P	P
YLR278C	P	P	P	P	P	P	P	S	S	S	S	S	P	P	P	P	P	P	P	P
YKL214C	S	S	S	S	S	S	S	S	S	S	S	S	P	P	P	P	P	P	P	P
YAR007C	S	S	S	S	S	S	S	S	S	S	S	S	P	P	P	P	P	P	P	P
YLR266C	S	S	P	S	P	P	S	S	P	P	P	P	P	P	L	L	L	L	P	L
YNL007C	S	S	S	P	P	S	S	S	S	S	S	S	P	P	P	P	P	P	P	P
YOR298C-A	S	S	S	S	S	S	P	S	S	S	S	S	P	P	P	P	P	P	P	P
YLR323C	S	S	S	S	S	S	S	S	S	S	S	S	P	P	P	P	P	P	P	P
YOR014W	S	S	P	S	S	S	S	S	S	S	S	S	P	P	P	P	P	P	P	P
YBR010W	S	S	S	S	S	S	P	P	S	S	S	S	P	P	P	P	P	P	P	P
YOR346W	S	S	S	S	S	S	S	S	S	S	S	S	P	P	P	P	P	P	P	P
YBL054W	S	S	P	P	P	P	P	P	P	P	P	P	P	P	P	P	P	P	P	P
YER040W	S	S	P	S	S	S	S	S	S	S	S	S	P	P	P	P	P	P	P	P
YGR288W	D	D	D	D	D	D	D	D	D	S	S	S	L	L	L	L	L	L	L	L
YKL043W	P	P	D	P	P	P	P	P	P	P	P	P	P	P	P	P	P	P	P	P
YOL094C	S	S	S	S	S	S	S	S	S	S	S	S	P	P	P	P	P	P	P	P
YMR201C	S	S	S	S	S	S	S	S	S	S	S	S	P	P	P	P	P	P	P	P
YCR066W	S	S	S	S	S	S	S	S	S	S	S	S	P	P	P	P	P	P	P	P
YOR380W	D	D	D	D	D	D	D	D	S	S	S	S	L	L	L	L	L	L	P	P
YFR034C	S	S	S	S	S	S	D	S	S	S	S	S	P	P	P	P	P	P	P	P
YPR199C	D	D	D	D	D	D	D	D	D	D	D	S	L	L	P	L	L	L	L	L
YML069W	S	S	S	S	S	S	S	S	S	S	S	S	P	P	P	P	P	P	P	P
YER111C	P	P	S	S	S	S	P	S	S	S	S	S	P	P	P	P	P	P	P	P
YBR049C	S	S	S	P	P	P	P	P	P	P	P	P	P	P	P	P	P	P	P	P
YLR288C	S	S	S	S	S	S	S	S	S	S	S	S	P	P	P	P	P	P	P	P
YDR146C	P	P	P	P	P	P	P	P	P	P	P	P	P	P	P	P	L	P	P	P
YLR256W	P	P	P	S	S	S	S	P	S	S	S	S	P	P	P	P	P	P	P	P
YLL054C	D	D	D	D	D	D	D	D	S	S	S	S	L	L	L	L	L	L	L	L
YMR284W	S	S	S	S	S	D	S	S	S	S	S	S	P	P	P	P	P	P	P	P
YDR096W	S	S	P	S	S	P	P	P	P	P	P	P	P	P	P	P	P	P	P	P
YBR033W	S	S	S	P	P	P	S	S	P	P	P	P	P	P	P	P	P	P	P	P
YLR176C	S	S	S	S	S	S	P	P	S	S	S	S	P	P	P	P	L	P	P	P
YPR135W	S	S	S	S	S	S	S	S	S	S	S	S	P	P	P	P	P	P	P	P
YDL140C	S	S	S	S	S	S	S	S	S	S	S	S	P	P	P	P	P	P	P	P
YBL010C	S	S	S	S	S	S	S	S	S	S	S	S	P	P	P	L	L	P	P	P
YFL003C	S	S	S	S	S	S	S	S	S	S	S	S	P	P	P	L	P	P	L	L
YHR164C	S	S	S	S	S	S	S	S	S	S	S	S	P	P	P	P	P	P	P	P
YBL003C	D	D	S	S	S	S	P	S	S	S	S	S	P	P	P	P	P	P	P	P
YOR113W	P	P	S	S	S	P	S	P	S	S	S	S	P	P	P	P	P	P	P	P
YDR291W	S	S	S	S	S	S	S	S	S	S	S	S	P	P	P	P	P	P	P	P
YMR044W	S	S	S	S	S	S	S	S	S	S	S	S	P	P	P	P	P	P	P	P
YBR009C	S	S	S	S	S	S	P	P	S	S	S	S	P	P	P	P	P	P	P	P
YAL034C	P	P	P	P	P	S	P	P	P	P	P	P	P	P	P	P	P	P	P	P
YJR144W	S	S	S	S	S	S	S	S	S	S	S	S	P	P	P	P	P	P	P	P
YNL167C	D	S	S	S	S	S	S	S	S	S	S	S	P	P	P	P	P	P	P	P
YDR310C	S	S	P	P	P	P	S	S	S	S	S	S	P	P	P	P	P	P	P	P
YEL055C	S	S	S	S	S	S	S	S	S	S	S	S	P	P	P	P	P	P	P	P
YDL160C-A	S	S	S	S	S	S	S	S	S	S	S	S	P	P	P	P	P	P	P	P
YAL051W	S	S	S	P	P	P	P	P	P	P	P	P	P	P	P	P	P	P	L	P
YHL009C	S	S	S	P	P	P	P	P	S	S	S	S	P	P	P	P	P	P	P	P
YER179W	S	S	S	S	S	S	S	S	S	S	S	S	P	P	P	P	P	P	P	P
YJL089W	S	S	S	S	S	S	S	S	S	S	S	S	P	P	P	P	P	P	P	P
YML099C	P	S	S	S	S	S	S	S	S	S	S	S	P	P	P	P	P	P	P	P
YDR123C	S	S	S	S	S	S	S	S	S	S	S	S	P	P	P	P	P	P	P	P
YCR097W	S	D	S	S	S	S	D	S	S	D	D	S	P	L	P	P	L	L	P	P
YKL113C	S	S	S	S	S	S	S	S	S	S	S	S	P	P	P	P	P	P	P	P
YHR124W	S	S	S	S	S	S	S	S	S	S	S	S	P	P	P	P	P	P	P	P
YAL015C	S	S	S	S	S	S	S	P	P	P	P	P	P	P	P	P	P	P	P	P
YBL103C	S	S	P	S	S	S	S	S	S	S	S	S	P	P	P	P	P	P	P	P
YBR182C	P	S	P	P	P	P	P	P	P	P	P	P	P	P	P	P	P	P	P	P
YBL005W	S	S	P	P	P	P	P	S	P	P	P	P	P	P	P	L	P	P	P	P
YDR296W	S	S	S	S	S	S	S	S	S	S	S	S	P	P	P	P	P	P	P	P
YGR067C	S	S	S	S	S	S	S	S	S	S	S	S	P	P	P	P	P	P	L	L
YBR163W	S	S	S	S	S	S	S	S	S	S	S	S	P	P	P	P	P	P	P	P
YMR106C	S	S	S	S	S	S	S	S	S	S	S	S	P	P	P	P	P	P	P	P
YBL066C	S	S	S	S	S	S	S	S	S	S	S	S	P	P	P	P	P	P	P	P
YOR386W	D	D	D	D	D	D	D	D	D	S	D	S	L	L	P	L	L	P	P	P
YDL227C	S	S	S	S	S	S	D	S	S	D	S	S	P	P	L	L	L	L	L	L
YMR168C	S	S	S	S	S	S	S	S	S	S	S	S	P	P	P	P	P	P	P	P
YGL073W	S	S	S	S	S	S	S	S	S	S	S	S	P	P	P	P	P	P	P	P
YDL170W	D	D	D	D	D	D	D	D	S	S	S	S	P	P	P	L	L	P	P	P
YIL143C	S	S	S	S	S	S	S	S	S	S	S	S	P	P	P	P	P	P	P	P
YDR386W	S	S	S	S	S	S	S	S	S	S	S	S	P	P	P	P	P	P	P	P
YDR463W	S	S	S	P	P	P	P	P	P	P	P	P	P	P	P	P	P	P	P	P
YJR006W	S	S	S	S	S	S	S	S	S	S	S	S	P	P	P	P	P	P	P	P
YFL021W	P	D	D	S	S	S	S	S	S	S	S	S	P	P	P	P	P	P	P	P
YPL022W	S	S	S	S	S	S	S	S	S	S	S	S	P	P	P	P	L	P	P	P
YOL012C	S	S	S	S	S	S	S	S	S	S	S	S	P	P	P	P	P	P	P	P
YNL312W	S	S	S	S	S	S	S	S	S	S	S	S	P	P	P	P	P	P	P	P
YFL008W	S	S	S	S	S	S	S	S	S	S	S	S	P	P	P	P	P	P	P	P
YDL220C	P	P	P	S	S	S	S	S	S	S	S	S	P	P	P	P	P	P	P	P
YMR213W	S	S	S	S	S	S	S	S	S	S	S	S	P	P	P	P	P	P	P	P
YBR098W	S	S	S	S	S	S	S	S	S	S	S	S	P	P	P	P	P	P	P	P
YGR285C	S	S	S	S	S	S	S	S	S	S	S	S	P	P	P	P	L	P	P	P
YML098W	S	S	S	S	S	S	S	S	S	S	S	S	P	P	P	P	P	P	P	P
YBR239C	S	S	S	S	S	S	S	S	S	S	S	S	P	P	P	P	P	P	P	P
YMR094W	S	S	S	S	S	S	S	S	S	S	S	S	P	P	P	P	P	P	P	P
YBR215W	S	S	S	S	S	S	S	S	S	S	S	S	P	P	P	P	P	P	P	P
YKL049C	S	S	S	S	S	S	S	S	S	S	S	S	P	P	P	P	P	P	P	P
YHL027W	S	S	S	S	S	S	S	S	S	S	S	S	P	P	P	P	P	P	P	P
YCR014C	S	S	S	S	S	S	S	S	S	S	S	S	P	P	P	P	P	L	P	P
YHR206W	S	S	P	S	S	S	S	S	P	P	P	P	P	P	P	P	P	P	P	P
YNL290W	S	S	S	S	S	S	S	S	S	S	S	S	P	P	P	P	P	P	P	P
YAL001C	S	S	S	S	S	S	S	S	S	S	S	S	P	P	P	P	P	P	P	P
YDL154W	S	S	S	S	S	S	S	S	S	S	S	S	P	P	P	L	P	P	L	L
YNL218W	S	S	S	S	S	S	S	S	S	S	S	S	P	P	P	P	P	P	P	P
YGL254W	S	D	D	S	S	D	D	S	S	S	S	S	L	L	L	L	L	L	L	L
YGL035C	S	S	S	S	S	S	S	S	S	S	S	S	P	P	P	P	P	P	P	P
YBR240C	S	S	D	S	S	S	S	D	S	S	S	S	P	P	P	P	P	P	P	P
YHL020C	S	S	S	S	S	S	S	S	S	S	S	S	P	P	P	P	P	P	P	P
YDL002C	S	S	S	S	S	S	S	S	S	S	S	S	P	P	P	P	P	P	P	P
YDR225W	P	P	S	S	S	S	D	S	S	S	S	S	P	P	P	P	P	P	P	P
YER164W	S	S	S	P	S	S	S	S	S	S	S	S	P	P	P	P	L	P	P	P
YDR224C	P	P	S	S	S	S	D	S	S	S	S	S	P	P	P	P	P	P	P	P
YDR259C	S	P	P	S	P	P	P	S	P	P	P	P	L	L	P	P	P	P	P	P
YML095C	S	S	S	S	S	S	S	S	S	S	S	S	P	P	P	P	P	P	P	P
YHR120W	S	S	S	S	S	S	S	S	S	S	S	S	P	P	P	P	P	P	P	P
YDR451C	P	P	P	S	S	P	S	S	P	P	P	P	P	P	P	P	P	P	P	P
YNL031C	P	P	S	P	P	P	S	S	S	D	S	S	P	P	P	P	P	P	P	P
YGL131C	P	P	S	S	S	S	S	D	S	S	S	S	P	P	P	P	P	P	P	P
YMR241W	S	S	S	S	S	S	S	S	S	S	S	S	P	P	P	P	P	P	P	P
YFL052W	D	D	D	D	D	D	D	D	D	D	D	S	L	L	L	L	L	L	L	L
YDL056W	S	S	P	S	S	S	P	S	S	S	S	S	P	P	P	P	P	P	P	P
YLR098C	S	S	S	S	S	S	S	S	S	S	S	S	P	L	P	P	P	P	P	L
YER028C	P	P	P	P	P	P	P	P	P	P	P	P	P	P	P	L	L	P	P	P
YBR033W	S	S	S	P	P	P	S	S	P	P	P	P	P	P	P	P	P	P	P	P
YNL151C	S	S	S	S	S	S	S	S	S	S	S	S	P	P	P	P	P	P	P	P
YDR334W	S	S	S	S	S	S	S	S	S	S	S	S	P	P	P	P	L	P	P	P
YKL015W	D	S	S	S	S	S	S	S	S	S	S	S	P	P	P	P	P	P	P	P
YDL164C	S	S	S	S	S	S	S	S	S	S	S	S	P	P	P	P	L	P	P	P
YML010W	S	S	S	S	S	S	S	S	S	S	S	S	P	P	P	P	P	P	P	P
YGR071C	D	D	D	P	P	P	P	D	P	P	P	P	L	L	L	P	P	P	L	L
YDR263C	S	S	S	P	P	S	S	S	P	P	P	P	P	P	P	P	P	P	P	P
YOR116C	S	S	S	S	S	S	S	S	S	S	S	S	P	P	P	P	P	P	P	P
YGL244W	S	S	S	S	S	S	S	S	S	S	S	S	P	P	P	P	P	P	P	P
YOL067C	S	S	S	S	S	S	S	S	S	S	S	S	P	P	P	P	P	P	P	P
YBR297W	D	D	D	D	D	D	D	D	D	S	S	S	L	L	L	L	L	L	L	L
YDR004W	S	S	S	S	S	S	S	S	S	S	S	S	P	P	P	P	P	P	P	P
YJR127C	P	S	P	P	P	P	P	P	P	P	P	P	P	P	P	P	L	P	P	P
YGR116W	S	S	S	S	S	S	S	S	S	S	S	S	P	P	P	P	L	P	P	P
YLR175W	S	S	S	S	S	S	S	S	S	S	S	S	P	P	P	P	P	P	P	P
YGL150C	S	S	S	S	S	S	S	S	S	S	S	S	P	P	P	P	P	P	P	P
YOR368W	S	S	S	S	S	S	S	S	S	S	S	S	P	P	P	P	P	P	P	P
YCR039C	D	S	S	D	D	D	S	S	S	S	S	S	P	L	L	L	P	L	L	P
YPL167C	S	S	S	S	S	S	S	S	S	S	S	S	P	P	P	P	P	P	P	P
YDR253C	S	P	P	P	P	P	P	P	P	P	P	P	P	P	P	P	P	P	P	P
YOR358W	S	S	S	S	S	S	S	S	S	S	S	S	P	P	P	P	P	P	P	P
YBR089C-A	P	P	S	S	P	P	S	S	P	P	P	P	P	P	P	P	P	P	P	P
YKL109W	S	S	D	S	S	S	S	S	S	S	S	S	P	P	P	P	P	P	P	P
YER171W	S	S	S	S	S	S	S	S	S	S	S	S	P	P	P	P	P	P	P	P
YDR207C	S	S	S	S	S	S	S	S	S	S	S	S	P	P	P	P	P	P	P	P
YDR295C	S	S	S	S	S	S	S	S	S	S	S	S	P	P	P	P	P	P	P	P
YLR398C	S	S	S	S	S	S	S	S	S	S	S	S	P	P	P	P	P	P	P	P
YMR182C	P	P	S	P	P	P	P	P	P	P	P	P	L	L	P	P	P	P	L	L
YOL145C	S	S	S	S	S	S	S	S	S	S	S	S	P	P	P	P	P	P	P	P
YDR096W	S	S	P	S	S	P	P	P	P	P	P	P	P	P	P	P	P	P	P	P
YPL075W	P	P	P	S	S	S	S	S	S	S	S	S	P	P	P	P	P	P	P	P
YLR274W	S	S	S	S	S	S	S	S	S	S	S	S	P	P	P	P	P	P	P	P
YPR196W	D	D	D	D	D	D	D	D	D	D	D	S	L	L	L	L	L	L	L	L
YMR114C	S	S	S	S	S	S	S	S	S	S	S	S	P	P	P	P	P	P	P	P
YHR177W	D	D	D	D	D	D	D	D	S	S	S	S	L	L	L	L	L	L	L	L
YPL024W	S	S	S	S	S	S	S	S	S	S	S	S	P	P	P	P	P	P	P	P
YGL166W	P	P	S	P	P	P	P	P	P	P	P	P	P	P	P	P	P	P	P	P
YDL106C	S	S	S	S	S	S	S	S	S	S	S	S	P	P	P	P	P	P	P	P
YLR318W	S	S	S	S	S	S	S	S	S	S	S	S	P	P	P	P	P	P	P	P
YGR246C	S	S	S	S	S	S	S	S	S	S	S	S	P	P	P	P	P	P	P	P
YDR289C	S	S	S	S	S	S	S	S	S	S	S	S	P	P	P	P	P	P	P	P
YGL183C	S	S	S	S	S	S	S	S	S	S	S	S	P	P	P	P	P	P	P	P
YNL262W	S	S	S	S	S	S	S	S	S	S	S	S	P	P	P	P	P	P	P	P
YOR210W	S	S	S	S	S	S	S	S	S	S	S	S	P	P	P	P	P	P	P	P
YDR332W	S	S	S	S	S	S	S	S	S	S	S	S	P	P	P	P	P	P	P	P
YOR217W	S	S	S	S	S	S	S	S	S	S	S	S	P	P	P	P	P	P	P	P
YOL006C	S	S	S	S	S	S	S	P	S	S	S	S	P	P	P	P	P	P	P	P
YAL015C	S	S	S	S	S	S	S	P	P	P	P	P	P	P	P	P	P	P	P	P
YPR104C	S	S	S	S	S	S	S	S	S	S	S	S	P	P	P	P	P	P	P	P
YPR186C	S	S	S	S	S	S	S	S	S	S	S	S	P	P	P	P	P	P	P	P
YIR023W	S	S	S	S	S	S	S	S	S	S	S	S	P	P	P	P	P	P	P	P
YDL020C	S	S	S	P	P	P	P	S	S	S	S	S	P	P	P	P	L	P	P	P
YKL082C	S	S	S	S	S	S	S	S	S	S	S	S	P	P	P	P	P	P	P	P
YBR150C	S	S	P	P	P	P	P	P	P	P	P	P	L	P	P	L	L	P	P	P
YOR224C	S	S	S	S	S	S	S	S	S	S	S	S	P	P	P	P	P	P	P	P
YPR190C	S	S	S	S	S	S	S	S	S	S	S	S	P	P	P	P	P	P	P	P
YGR099W	S	S	S	S	S	S	S	S	S	S	S	S	P	P	P	P	P	P	P	P
YDR359C	S	S	S	S	S	S	S	S	S	S	S	S	P	P	P	P	P	P	P	P
YNL088W	S	S	S	S	S	S	S	S	S	S	S	S	P	P	P	P	L	P	P	P
YBR202W	S	S	S	S	S	S	S	S	S	S	S	S	P	P	P	P	P	P	P	P
YGR047C	S	S	S	S	S	S	S	S	S	S	S	S	P	P	P	P	L	P	P	P
YNL216W	S	S	S	S	S	S	S	S	S	S	S	S	P	P	P	P	P	P	P	P
YIL101C	P	P	S	P	P	P	P	S	S	S	S	S	P	P	P	P	P	P	P	P
YDL150W	S	S	S	S	S	S	S	S	S	S	S	S	P	P	P	P	L	P	P	P
YCR018C	D	D	D	D	D	D	D	D	S	S	S	S	L	L	L	L	L	L	L	L
YCR087C-A	S	S	S	S	S	S	S	S	S	S	S	S	P	P	P	P	P	P	P	P
YOR172W	S	S	S	S	D	D	S	S	S	S	S	S	P	P	L	L	L	L	L	L
YDL156W	S	S	S	S	S	S	S	S	S	S	S	S	P	P	P	P	P	P	P	P
YJL025W	S	S	S	S	S	S	S	S	S	S	S	S	P	P	P	P	P	P	P	P
YKL144C	S	S	S	S	S	S	S	S	S	S	S	S	P	P	P	P	P	P	P	P
YER028C	P	P	P	P	P	P	P	P	P	P	P	P	P	P	P	L	L	P	P	P
YPL194W	S	S	S	S	S	S	S	S	S	S	S	S	P	P	P	P	P	P	P	P
YJR035W	S	S	S	S	S	S	S	S	S	S	S	S	P	P	P	P	P	P	P	P
YGL163C	S	S	S	S	S	S	S	S	S	S	S	S	P	P	P	P	P	P	P	P
YFL036W	S	S	S	S	S	S	S	S	S	S	S	S	P	P	P	P	P	P	P	P
YDR034C	S	S	S	S	S	S	S	S	S	S	S	S	P	P	P	P	P	P	P	P
YGL096W	S	S	S	P	P	P	P	P	P	P	P	P	P	P	P	P	P	P	P	P
YKL032C	P	P	S	P	P	P	P	P	P	P	P	P	P	P	P	L	P	P	P	P
YMR176W	D	S	S	S	S	S	S	D	S	S	S	S	P	L	P	P	L	P	P	P
YDR145W	S	S	P	S	S	S	S	S	S	S	S	S	P	P	P	P	P	P	P	P
YDR463W	S	S	S	P	P	P	P	P	P	P	P	P	P	P	P	P	P	P	P	P
YAL034C	P	P	P	P	P	S	P	P	P	P	P	P	P	P	P	P	P	P	P	P
YLR266C	S	S	P	S	P	P	S	S	P	P	P	P	P	P	L	L	L	L	P	L
YMR280C	D	D	D	S	S	S	S	S	S	S	S	S	P	P	P	P	P	P	P	P
YBL023C	S	S	S	S	S	S	S	S	S	S	S	S	P	P	P	P	P	P	P	P
YKL222C	D	D	D	D	D	D	D	D	D	D	D	S	L	L	L	L	L	L	L	L
YJL206C	D	D	S	D	D	S	S	S	S	S	S	S	P	P	P	L	L	P	L	L
YIL131C	P	P	P	P	P	P	P	P	P	P	P	P	P	P	P	P	P	P	P	P
YMR019W	D	D	D	S	S	S	S	D	S	S	S	S	P	L	L	L	L	P	P	P
YGL237C	S	S	S	S	S	S	S	S	S	S	S	S	P	P	P	P	P	P	P	P
YCR033W	S	S	S	P	P	P	S	S	S	S	S	S	P	P	P	P	P	P	P	P
YPL128C	P	P	P	S	S	S	S	S	S	S	S	S	P	P	P	P	P	P	P	P
YNL108C	S	S	S	P	P	P	P	P	P	P	P	P	P	P	P	P	P	P	P	P
YMR043W	P	P	P	P	P	P	P	P	S	S	S	S	P	P	P	P	P	P	P	P
YER064C	S	S	S	P	P	P	P	P	P	P	P	P	P	P	P	P	P	P	P	P
YCR106W	S	D	D	D	D	D	D	D	S	D	D	S	L	L	L	L	L	L	L	L
YHL022C	S	S	S	S	S	S	S	S	S	S	S	S	P	P	P	P	P	P	P	P
YBR089C-A	P	P	S	S	P	P	S	S	P	P	P	P	P	P	P	P	P	P	P	P
YCR040W	D	S	S	D	D	D	S	S	S	S	S	S	P	L	L	L	P	L	L	P
YER130C	S	S	S	P	P	P	P	P	S	S	S	S	P	P	P	P	P	P	P	P
YKL185W	S	S	S	S	S	S	S	S	S	S	S	S	P	P	P	P	P	P	P	P
YBR123C	S	S	S	S	S	S	S	S	S	S	S	S	P	P	P	P	P	P	P	P
YGR071C	D	D	D	P	P	P	P	D	P	P	P	P	L	L	L	P	P	P	L	L
YFR038W	S	S	S	S	S	S	S	S	S	S	S	S	P	P	P	P	L	P	P	P
YNL215W	S	S	S	S	S	S	S	S	S	S	S	S	P	P	P	P	P	P	P	P
YPR162C	S	S	S	S	P	P	P	P	P	P	P	P	P	P	P	P	P	P	P	P
YHR081W	S	S	S	S	S	S	S	S	S	S	S	S	P	P	P	P	P	P	P	P
YIR017C	S	S	S	S	S	D	S	S	S	S	S	S	P	P	P	P	P	P	P	P
YBR154C	S	S	S	S	S	S	S	S	S	S	S	S	P	P	P	P	P	P	P	P
YDR213W	P	P	P	P	P	P	P	P	P	P	P	P	P	P	P	P	P	P	P	P
YMR078C	S	S	S	S	S	S	S	S	S	S	S	S	P	P	P	P	P	P	P	P
YDR146C	P	P	P	P	P	P	P	P	P	P	P	P	P	P	P	P	L	P	P	P
YFL031W	P	S	P	S	S	S	S	S	S	S	S	S	P	P	P	P	P	P	P	P
YDL185W	S	S	S	S	S	S	S	S	S	S	S	S	P	P	P	P	P	P	P	P
YMR042W	S	S	D	S	S	D	S	S	S	S	S	S	P	P	L	L	L	L	L	L
YHR178W	S	S	S	S	S	S	S	S	S	S	S	S	P	P	P	P	L	P	P	P
YIL130W	S	S	S	S	S	S	S	S	S	S	S	S	L	P	P	P	P	P	P	P
YIR013C	D	D	D	D	D	D	D	D	S	S	S	S	L	L	L	L	L	L	L	L
YJR068W	S	S	S	S	S	S	S	S	S	S	S	S	P	P	P	P	P	P	P	P
YKR064W	S	S	S	S	S	S	S	S	S	S	S	S	P	P	P	P	P	P	P	P
YKL017C	S	S	S	S	S	S	S	S	S	S	S	S	P	P	P	P	P	P	P	P
YGL201C	S	S	S	S	S	S	S	S	S	S	S	S	P	P	P	P	P	P	P	P
YPR187W	S	S	S	S	S	S	S	S	S	S	S	S	P	P	P	P	P	P	P	P
YPL007C	S	S	S	S	S	S	S	S	S	S	S	S	P	P	P	P	P	P	P	P
YHR191C	S	S	S	S	S	S	S	S	S	S	S	S	P	P	P	P	P	P	P	P
YCR065W	S	S	P	P	S	P	P	S	S	S	S	S	P	P	P	P	P	P	P	P
YBL054W	S	S	P	P	P	P	P	P	P	P	P	P	P	P	P	P	P	P	P	P
YML007W	P	P	P	P	P	P	P	P	S	P	P	P	P	P	P	P	P	P	P	P
YDR174W	S	S	S	S	S	S	S	S	S	S	S	S	P	P	P	P	P	P	P	P
YMR190C	P	P	S	P	P	P	P	P	S	S	S	S	P	P	P	P	P	P	P	P
YBL008W	S	S	S	S	S	S	S	S	S	S	S	S	P	P	P	P	P	P	P	P
YKL062W	P	P	P	P	P	P	P	P	P	P	P	P	P	P	P	P	P	P	P	P
YDR227W	S	S	S	P	P	S	S	S	S	S	S	S	P	P	P	P	P	P	P	P
YIL021W	S	S	S	S	S	S	S	S	S	S	S	S	P	P	P	P	P	P	P	P
YML061C	P	P	S	S	S	S	S	S	S	S	S	S	P	P	P	P	P	P	P	P
YMR005W	S	S	S	S	S	S	S	S	S	S	S	S	P	P	P	P	P	P	P	P
YCR028C-A	S	S	S	S	S	S	S	S	S	S	S	S	P	P	P	P	P	P	P	P
YDR076W	S	S	S	S	S	S	S	S	S	S	S	S	P	P	P	P	P	P	P	P
YBR049C	S	S	S	P	P	P	P	P	P	P	P	P	P	P	P	P	P	P	P	P
YJL056C	S	S	S	S	S	S	S	S	S	S	S	S	P	P	P	P	P	P	P	P
YMR074C	S	S	S	S	S	S	S	S	S	S	S	S	P	P	P	P	P	P	P	P
YLR442C	P	P	P	P	P	P	P	P	P	P	P	P	P	P	P	P	P	P	P	P
YOR344C	P	P	S	P	P	P	P	P	S	S	S	S	P	P	P	P	P	P	P	P
YER095W	S	S	S	S	S	S	S	S	S	S	S	S	P	P	P	P	P	P	P	P
YGR258C	S	S	S	S	S	S	S	S	S	S	S	S	P	P	P	P	P	P	P	P
YBL005W	S	S	P	P	P	P	P	S	P	P	P	P	P	P	P	L	P	P	P	P
YER045C	P	S	P	P	P	P	P	S	P	P	P	P	P	P	P	P	P	P	P	P
YGL043W	S	S	S	S	S	S	S	S	S	S	S	S	P	P	P	P	P	P	P	P
YDR314C	S	S	S	D	D	S	S	S	S	S	S	S	P	L	L	L	L	P	L	L
YDR440W	S	S	P	S	S	S	S	S	S	S	S	S	P	P	P	P	P	P	P	P
YDR303C	P	P	P	P	P	P	P	P	P	P	P	P	P	P	L	P	P	P	L	L
YER148W	S	S	S	S	S	S	S	S	S	S	S	S	P	P	P	P	P	P	P	P
YKL054C	S	S	S	P	P	S	P	S	S	S	S	S	P	P	P	P	L	P	P	P
YNR063W	D	D	D	D	D	D	D	D	S	S	D	S	L	L	L	L	L	L	L	L
YLR095C	S	S	S	S	S	S	S	S	S	S	S	S	P	P	P	P	P	P	P	P
YBR066C	P	P	S	P	P	P	P	P	P	P	P	P	P	P	P	P	P	P	P	P
YPL016W	S	S	S	S	S	S	S	S	S	S	S	S	P	P	P	P	P	P	P	P
YMR039C	S	S	S	S	S	S	S	S	S	S	S	S	P	P	P	P	P	P	P	P
YPR010C	S	S	S	S	S	S	S	S	S	S	S	S	P	P	P	P	P	P	P	P
YKL089W	S	S	S	S	P	S	S	S	S	S	S	S	P	P	P	P	P	P	P	P
YIR018W	P	P	P	P	P	S	P	P	P	P	P	P	P	P	P	L	P	P	P	P
YOL108C	S	S	S	S	S	S	S	S	S	S	S	S	P	P	P	P	P	P	P	P
YMR228W	S	S	S	S	S	S	S	S	S	S	S	S	P	P	P	P	P	P	P	P
YLR442C	P	P	P	P	P	P	P	P	P	P	P	P	P	P	P	P	P	P	P	P
YDR259C	S	P	P	S	P	P	P	S	P	P	P	P	L	L	P	P	P	P	P	P
YNL113W	S	S	S	S	S	S	S	S	S	S	S	S	P	P	P	P	P	P	P	P
YEL009C	S	S	S	S	S	S	S	S	S	S	S	S	P	P	P	P	P	P	P	P
YFR037C	P	P	S	S	S	S	S	P	S	S	S	S	P	P	P	P	P	P	P	P
YDR328C	S	S	S	S	S	S	S	S	S	S	S	S	P	P	P	P	P	P	P	P
YML007W	P	P	P	P	P	P	P	P	S	P	P	P	P	P	P	P	P	P	P	P
YER045C	P	S	P	P	P	P	P	S	P	P	P	P	P	P	P	P	P	P	P	P
YCL066W	S	S	S	S	S	S	D	S	S	D	D	S	P	P	P	L	P	L	P	P
YDR419W	S	S	S	S	S	S	S	S	S	S	S	S	P	P	P	P	L	P	P	P
YGL251C	S	S	S	S	S	S	S	S	S	S	S	S	P	P	P	L	P	P	L	P
YER162C	S	S	S	S	S	S	S	S	S	S	S	S	P	L	P	P	P	P	P	P
YGL249W	S	S	S	S	S	S	S	S	S	S	S	S	P	P	P	L	P	P	L	L
YDR216W	S	S	S	S	S	S	S	S	S	S	S	S	P	P	P	P	L	P	P	P
YGR229C	S	S	S	S	S	S	S	S	S	S	S	S	P	P	P	P	P	P	P	P
YLR451W	S	S	S	P	P	P	S	S	S	S	S	S	P	P	P	P	P	P	P	P
YDL102W	S	S	S	S	S	S	S	S	S	S	S	S	P	P	P	P	P	P	P	P
YBR088C	S	S	S	S	S	S	S	S	S	S	S	S	P	P	P	P	P	P	P	P
YKL043W	P	P	D	P	P	P	P	P	P	P	P	P	P	P	P	P	P	P	P	P
YBL019W	S	S	S	S	S	S	S	S	S	S	S	S	P	P	P	P	P	P	P	P
YKL045W	S	S	S	S	S	S	S	S	S	S	S	S	P	P	P	P	P	P	P	P
YGR140W	S	S	S	S	S	S	S	S	S	S	S	S	P	P	P	P	P	P	P	P
YLR182W	S	S	S	S	S	S	S	S	S	S	S	S	P	P	P	P	P	P	P	P
YPR022C	D	D	S	D	S	S	S	S	S	S	S	S	L	P	P	L	L	P	L	P
YPR175W	S	S	S	S	S	S	S	S	S	S	S	S	P	P	P	P	P	P	P	P
YML051W	S	S	P	P	P	P	S	D	P	D	S	S	P	L	P	L	L	P	P	L
YOL086W-A	S	S	S	S	S	D	S	S	S	S	S	S	P	P	P	P	P	P	P	P
YDR392W	S	S	S	S	S	S	S	S	S	S	S	S	P	P	P	P	P	P	P	P
YAL051W	S	S	S	P	P	P	P	P	P	P	P	P	P	P	P	P	P	P	L	P
YOR337W	S	S	S	S	S	S	S	S	S	S	S	S	P	P	P	P	L	P	P	P
YCL067C	S	S	S	S	S	S	D	S	S	D	D	S	P	P	P	L	P	L	P	P
YOR304W	S	S	S	S	S	S	S	S	S	S	S	S	P	P	P	P	P	P	P	P
YGR044C	S	S	S	S	S	S	S	S	S	S	S	S	P	P	P	L	L	P	P	P
YOR077W	S	S	S	S	S	S	S	S	S	S	S	S	P	P	P	P	P	P	P	P
YDR110W	P	P	P	S	S	S	S	S	S	S	S	S	P	P	P	P	P	P	P	P
YGL033W	S	S	S	S	S	S	S	S	S	S	S	S	P	P	P	P	P	P	P	P
YGL175C	S	S	S	S	S	S	S	S	S	S	S	S	P	P	P	P	P	P	P	P
YOR151C	S	S	S	S	S	S	S	S	S	S	S	S	P	P	P	P	P	P	P	P
YBR114W	S	S	S	S	S	S	S	S	S	S	S	S	P	P	P	P	P	P	P	P
YER184C	D	D	D	D	D	D	D	S	D	S	D	S	L	L	L	L	L	P	P	L
YHR143W-A	S	S	S	S	S	S	S	S	S	S	S	S	P	P	P	P	P	P	P	P
YOR005C	S	S	S	S	S	S	S	S	S	S	S	S	P	P	P	P	L	L	P	P
YJL110C	S	S	P	P	P	P	P	P	P	P	P	P	P	P	P	P	P	P	P	P
YPL082C	S	S	S	S	S	S	S	S	S	S	S	S	P	P	P	P	P	P	P	P
YOR290C	S	S	S	S	S	S	S	S	S	S	S	S	P	P	P	P	P	P	P	P
YLR013W	D	D	D	D	D	D	D	D	S	S	S	S	L	L	L	L	L	L	L	L
YMR182C	P	P	S	P	P	P	P	P	P	P	P	P	L	L	P	P	P	P	L	L
YDR263C	S	S	S	P	P	S	S	S	P	P	P	P	P	P	P	P	P	P	P	P
YBL021C	P	S	S	S	S	S	S	S	S	S	S	S	P	P	P	P	P	P	P	P
YDR421W	S	S	S	S	S	S	S	S	S	S	S	S	P	P	P	P	L	P	P	L
YHR118C	S	S	S	S	S	S	S	S	S	S	S	S	P	P	P	P	P	P	P	P
YMR137C	S	S	S	S	S	S	S	S	S	S	S	S	P	P	P	P	P	P	P	P
YOL116W	P	P	S	S	S	S	S	S	S	S	S	S	P	P	P	P	P	P	P	P
YBL035C	S	S	S	S	S	S	S	S	S	S	D	S	P	P	P	P	P	P	P	P
YJL092W	S	S	S	S	S	S	S	S	S	S	S	S	P	P	P	P	P	P	P	P
YML076C	S	P	P	S	S	S	S	S	S	S	S	S	P	P	P	P	P	P	P	P
YNL027W	S	S	S	S	S	S	S	S	S	S	S	S	P	P	P	P	P	P	P	P
YDR369C	S	S	S	S	S	S	S	S	S	S	S	S	P	P	P	P	P	P	P	P
YPL008W	S	S	S	S	S	S	S	S	S	S	S	S	P	P	P	P	L	P	P	P
YBR073W	S	S	S	S	S	S	S	S	S	S	S	S	P	P	P	P	P	P	P	P
YGR002C	S	S	S	S	S	S	S	S	S	S	S	S	P	P	P	P	P	P	P	P
YDR052C	S	S	P	P	P	P	P	S	S	S	S	S	P	P	P	P	P	P	P	P
YGR249W	P	P	D	S	S	S	S	S	S	S	S	S	P	P	P	P	P	P	P	P
YIL072W	S	S	S	S	S	S	S	S	S	S	S	S	P	P	P	P	P	P	P	P
YKL114C	S	S	S	S	S	S	S	S	S	S	S	S	P	P	P	P	P	P	P	P
YLL004W	S	S	S	S	S	S	S	S	S	S	S	S	P	P	P	P	P	P	P	P
YPR179C	S	S	S	S	S	S	S	S	S	S	S	S	P	P	P	P	P	P	P	P
YJR127C	P	S	P	P	P	P	P	P	P	P	P	P	P	P	P	P	L	P	P	P
YMR021C	S	S	D	S	S	S	S	S	S	S	S	S	P	P	P	P	P	P	P	P
YDL200C	S	S	D	S	S	S	S	S	S	S	S	S	P	P	P	L	L	L	L	L
