Gene ID	V.polysp	T.phaffi	T.blatta	N.dairen	N.castel	K.nagani	K.africa	C.glabra	S.uvarum	S.kudria	S.mikata	S.cerevi	Z.rouxii	T.delbru	K.lactis	E.gossyp	E.cymbal	L.kluyve	L.thermo	L.waltii
YHL002W	S	S	S	S	S	S	S	S	S	S	S	S	P	P	P	P	P	P	P	P
YJL020C	P	S	P	S	S	S	S	S	S	S	S	S	P	P	P	P	P	P	P	P
YDR358W	S	S	P	S	S	S	S	S	P	P	P	P	P	P	P	P	P	P	P	P
YKL091C	S	S	S	S	S	S	S	P	P	P	P	P	P	P	P	P	P	P	P	P
YDR425W	S	S	S	S	S	S	S	S	S	S	S	S	P	P	P	P	P	P	P	P
YOR132W	S	S	S	S	S	S	S	S	S	S	S	S	P	P	P	P	P	P	P	P
YFR024C-A	S	P	P	P	P	P	P	P	P	P	P	P	P	P	P	P	P	P	P	P
YKR078W	P	P	P	P	P	S	S	P	P	P	P	P	P	P	P	P	P	P	P	P
YPL045W	S	S	S	S	S	S	S	S	S	S	S	S	P	P	P	P	P	P	P	P
YHR105W	S	S	S	S	S	S	S	S	S	S	S	S	P	P	L	P	P	P	P	P
YDL077C	S	S	S	S	S	S	S	S	S	S	S	S	P	P	P	P	P	P	P	P
YKR078W	P	P	P	P	P	S	S	P	P	P	P	P	P	P	P	P	P	P	P	P
YNR006W	S	S	S	S	S	S	S	S	S	S	S	S	P	P	P	P	P	P	P	P
YMR004W	P	P	P	S	S	S	S	S	S	S	S	S	P	P	P	P	P	P	P	P
YER125W	S	S	S	S	S	S	S	S	S	S	S	S	P	P	P	P	P	P	P	P
YFR024C-A	S	P	P	P	P	P	P	P	P	P	P	P	P	P	P	P	P	P	P	P
YML104C	S	S	S	S	S	S	S	S	S	S	S	S	P	P	P	P	P	P	P	P
YDR358W	S	S	P	S	S	S	S	S	P	P	P	P	P	P	P	P	P	P	P	P
YDL113C	S	S	S	S	S	S	S	S	S	S	S	S	P	P	P	P	L	P	P	P
YBR200W	S	P	P	S	S	S	S	S	S	S	S	S	P	P	P	P	P	P	P	P
YBL091C-A	P	P	P	S	S	P	P	P	P	P	P	P	P	P	P	P	P	P	P	P
YGR136W	S	S	P	S	S	P	S	S	P	P	P	P	P	P	P	P	P	P	P	P
YDR080W	S	S	S	S	S	S	S	S	S	S	S	S	P	P	P	P	P	P	P	P
YJL036W	S	S	S	S	S	S	S	S	S	S	S	S	P	P	P	P	P	P	P	P
YKR031C	S	S	S	S	S	S	S	S	S	S	S	S	P	P	P	P	P	P	P	P
YGL212W	S	S	S	S	S	S	S	S	S	S	S	S	P	P	P	P	P	P	P	P
YOR357C	S	S	S	S	S	S	S	S	S	S	S	S	P	P	P	P	P	P	P	P
YLR148W	S	S	S	S	S	S	S	S	S	S	S	S	P	P	P	P	P	P	P	P
YIL105C	S	P	P	S	S	P	P	P	P	P	P	P	P	P	P	P	P	P	P	P
YLR396C	S	S	S	S	S	S	S	S	S	S	S	S	P	P	P	P	P	P	P	P
YPR097W	P	P	P	S	S	S	S	S	S	S	S	S	P	P	P	P	P	P	P	P
YMR231W	S	S	S	S	S	S	S	S	S	S	S	S	P	P	P	P	P	P	P	P
YPL115C	P	P	P	S	S	S	S	S	S	S	S	S	P	P	P	P	P	P	P	P
