Gene ID	V.polysp	T.phaffi	T.blatta	N.dairen	N.castel	K.nagani	K.africa	C.glabra	S.uvarum	S.kudria	S.mikata	S.cerevi	Z.rouxii	T.delbru	K.lactis	E.gossyp	E.cymbal	L.kluyve	L.thermo	L.waltii
YIL016W	S	S	S	S	S	S	S	S	S	S	S	S	P	P	P	P	P	P	P	P
YDR266C	S	S	S	P	P	S	S	S	S	S	S	S	P	P	P	P	P	P	P	P
YEL034W	S	P	S	P	P	P	P	P	P	P	P	P	P	P	P	P	P	P	P	P
YLR378C	S	S	S	S	S	S	S	S	S	S	S	S	P	P	P	P	P	P	P	P
YJR014W	S	S	S	S	S	S	S	S	S	S	S	S	P	P	P	P	P	P	P	P
YBR155W	S	S	S	S	S	S	S	S	S	S	S	S	P	P	P	P	P	P	P	P
YBR118W	P	P	P	P	P	P	P	P	P	P	P	P	P	P	P	P	P	P	P	P
YLR150W	P	P	S	S	S	S	S	S	S	S	S	S	P	P	P	P	P	P	P	P
YPL210C	S	S	S	S	S	S	S	S	S	S	S	S	P	P	P	P	P	P	P	P
YNL001W	S	S	S	P	P	S	P	P	P	P	S	P	P	P	P	P	P	P	P	P
YFR009W	S	S	S	S	S	S	S	S	S	S	S	S	P	P	P	P	P	P	P	P
YBR025C	S	S	S	S	S	S	S	S	S	S	S	S	P	P	P	P	P	P	P	P
YNL001W	S	S	S	P	P	S	P	P	P	P	S	P	P	P	P	P	P	P	P	P
YLR289W	S	S	S	S	S	S	S	S	S	S	S	S	P	P	P	P	P	P	P	P
YDR385W	P	P	P	P	P	S	P	S	S	P	P	P	P	P	P	P	P	P	P	P
YJR007W	S	P	S	S	P	S	S	S	S	S	S	S	P	P	P	P	P	P	P	P
YBR118W	P	P	P	P	P	P	P	P	P	P	P	P	P	P	P	P	P	P	P	P
YOL027C	S	S	P	S	S	S	S	S	S	S	S	S	P	P	P	P	P	P	P	P
YGR285C	S	S	S	S	S	S	S	S	S	S	S	S	P	P	P	P	L	P	P	P
YDR453C	P	S	S	P	P	S	P	P	P	P	P	P	P	P	P	P	P	P	P	P
YNL163C	S	S	S	S	S	S	S	S	S	S	S	S	P	P	P	P	P	P	P	P
YPL215W	S	S	S	S	S	S	S	S	S	S	S	S	P	P	P	P	P	P	P	P
YHR168W	S	S	S	S	S	S	S	S	S	S	S	S	P	P	P	P	P	P	P	P
YKR084C	S	S	P	P	P	P	P	P	P	P	P	P	P	P	P	P	L	P	P	P
YPR125W	S	S	S	S	S	S	S	S	S	S	S	S	L	P	P	P	P	P	P	P
YAL035W	D	S	S	S	S	S	S	S	S	S	S	S	P	P	P	P	L	P	P	P
YBR120C	S	S	S	S	S	S	S	S	S	S	S	S	P	P	P	P	P	P	P	P
YDL040C	S	S	S	S	S	S	S	S	S	S	S	S	P	P	P	P	P	P	P	P
YMR116C	S	P	S	S	P	S	S	S	S	S	S	S	P	P	P	P	P	P	P	P
YDR283C	S	S	S	S	S	S	S	S	S	S	S	S	P	P	P	P	L	P	P	P
YGL195W	P	S	S	S	S	S	S	S	S	S	S	S	P	P	P	P	P	P	P	P
YJL131C	S	S	S	S	S	S	S	S	S	S	S	S	P	P	P	P	P	P	P	P
YBR283C	S	S	S	S	S	S	S	S	S	S	S	S	P	P	P	P	P	P	P	P
YDR385W	P	P	P	P	P	S	P	S	S	P	P	P	P	P	P	P	P	P	P	P
YCR059C	S	S	S	S	S	S	S	S	S	S	S	S	P	P	P	P	P	P	P	P
YEL034W	S	P	S	P	P	P	P	P	P	P	P	P	P	P	P	P	P	P	P	P
YGR169C-A	S	S	S	P	S	P	P	P	P	P	P	P	L	P	P	P	P	P	P	P
YBR185C	S	S	S	S	S	S	S	S	S	S	S	S	P	P	P	P	P	P	P	P
YPL226W	S	S	S	S	S	S	S	S	S	S	S	S	P	P	P	P	P	P	P	P
YPR016C	S	S	S	S	S	S	S	S	S	S	S	S	P	P	P	P	P	P	P	P
YGR054W	S	S	S	S	S	S	S	S	S	S	S	S	P	P	P	P	P	P	P	P
YLR216C	S	S	S	S	S	S	S	S	S	S	S	S	P	P	P	P	P	P	P	P
