Gene ID	V.polysp	T.phaffi	T.blatta	N.dairen	N.castel	K.nagani	K.africa	C.glabra	S.uvarum	S.kudria	S.mikata	S.cerevi	Z.rouxii	T.delbru	K.lactis	E.gossyp	E.cymbal	L.kluyve	L.thermo	L.waltii
YMR304W	S	S	S	S	S	S	S	S	S	S	S	S	P	P	P	P	P	P	P	P
YGR098C	S	S	S	S	S	S	S	S	S	S	S	S	P	P	P	P	L	P	P	P
YDR069C	S	S	S	P	P	P	S	P	P	P	P	P	P	P	P	P	P	P	P	P
YBL067C	P	P	S	P	P	P	P	P	P	P	P	P	P	P	P	P	P	P	P	P
YPL020C	P	P	S	S	S	S	S	S	S	S	S	S	P	P	P	P	P	P	P	P
YNL239W	S	S	S	S	S	S	S	S	S	S	S	S	P	P	L	P	P	P	L	L
YPL280W	D	D	D	D	D	D	D	D	D	D	D	S	L	L	L	L	L	L	L	L
YFL044C	S	S	S	S	S	S	S	S	S	S	S	S	P	P	P	P	P	P	P	P
YOR124C	P	P	S	S	S	S	S	S	S	S	S	S	P	P	P	P	P	P	P	P
YDR331W	S	S	S	S	S	S	S	S	S	S	S	S	P	P	P	P	P	P	P	P
YIL031W	P	P	S	S	S	S	S	S	S	S	S	S	P	P	P	P	P	P	P	P
YNL223W	S	S	S	S	S	S	S	S	S	S	S	S	P	P	P	P	P	P	P	P
YBR058C	S	S	S	S	S	S	S	S	S	S	S	S	P	P	P	P	L	P	P	P
YJR099W	S	S	S	S	S	S	S	S	S	S	S	S	P	P	P	P	P	P	P	P
YJL197W	S	S	S	S	S	S	S	S	S	S	S	S	P	P	P	P	P	P	P	P
YIL156W	P	S	S	S	S	S	P	S	P	P	P	P	P	P	P	P	P	P	P	P
YDR069C	S	S	S	P	P	P	S	P	P	P	P	P	P	P	P	P	P	P	P	P
YOR197W	P	S	S	P	P	S	S	S	S	S	S	S	P	P	P	P	P	P	P	P
YMR154C	S	S	S	S	S	S	S	S	S	S	S	S	P	P	P	P	P	P	P	P
YBL067C	P	P	S	P	P	P	P	P	P	P	P	P	P	P	P	P	P	P	P	P
YNL186W	S	S	S	S	S	S	S	S	S	S	S	S	P	P	P	P	L	P	P	P
YMR322C	D	D	D	D	D	D	D	D	D	D	D	S	L	L	L	L	L	L	L	L
YIL156W	P	S	S	S	S	S	P	S	P	P	P	P	P	P	P	P	P	P	P	P
YER151C	S	S	S	S	S	S	S	S	S	S	S	S	P	P	P	P	P	P	P	P
YDL122W	S	S	P	P	P	S	S	S	S	S	S	S	P	P	P	P	L	P	P	P
YFR010W	S	S	S	S	S	S	P	S	S	S	S	S	P	P	P	P	P	P	P	P
YMR223W	S	S	S	S	S	S	S	S	S	S	S	S	P	P	P	P	P	P	P	P
YOR391C	D	D	D	D	D	D	D	D	D	D	D	S	L	L	L	L	L	L	L	L
YGL082W	S	S	S	P	P	P	P	P	P	P	P	P	P	P	P	P	P	P	P	P
YPL072W	S	S	S	S	S	S	S	S	S	S	S	S	P	P	P	P	P	P	P	P
YFR004W	P	P	S	S	S	S	S	S	S	S	S	S	P	P	P	P	P	P	P	P
