Gene ID	V.polysp	T.phaffi	T.blatta	N.dairen	N.castel	K.nagani	K.africa	C.glabra	S.uvarum	S.kudria	S.mikata	S.cerevi	Z.rouxii	T.delbru	K.lactis	E.gossyp	E.cymbal	L.kluyve	L.thermo	L.waltii
YDL079C	S	S	P	P	P	S	S	S	P	P	P	P	P	P	P	P	P	P	P	P
YDR523C	S	S	S	S	S	S	S	S	S	S	S	S	P	P	P	P	P	P	P	P
YCL024W	S	S	S	S	S	S	S	S	P	P	P	P	P	P	P	P	P	P	P	P
YJL187C	S	S	S	S	S	S	S	S	S	S	S	S	P	P	P	P	P	P	P	P
YOR231W	S	S	S	S	P	S	S	S	P	P	P	P	P	P	P	P	P	P	P	P
YBL009W	S	S	D	S	S	S	S	S	P	P	P	P	P	P	P	P	P	P	P	P
YBR160W	S	S	S	S	S	S	S	S	S	S	S	S	P	P	P	P	P	P	P	P
YPR161C	S	S	S	S	S	S	S	S	S	S	S	S	P	P	P	P	P	P	P	P
YDL028C	S	S	S	S	P	S	S	S	S	S	S	S	P	P	P	P	P	P	P	P
YBR097W	S	S	S	S	S	S	S	S	S	S	S	S	P	P	P	P	P	P	P	P
YBR136W	S	S	S	S	S	S	S	S	S	S	S	S	P	P	P	P	L	P	P	P
YPR106W	D	S	S	S	D	S	S	S	S	S	S	S	L	L	L	P	P	P	P	P
YKL126W	P	P	S	P	P	S	S	P	P	P	P	P	P	P	P	P	L	P	P	P
YPL042C	S	S	S	S	S	S	S	S	S	S	S	S	P	P	P	P	P	P	P	P
YJR059W	P	P	P	P	P	P	P	P	P	P	P	P	P	P	P	P	P	P	P	P
YHR079C	S	S	S	S	S	S	S	S	S	S	S	S	P	P	P	P	P	P	P	P
YDR466W	S	S	S	S	S	S	S	S	S	S	S	S	P	P	P	P	P	P	P	P
YDL079C	S	S	P	P	P	S	S	S	P	P	P	P	P	P	P	P	P	P	P	P
YOR231W	S	S	S	S	P	S	S	S	P	P	P	P	P	P	P	P	P	P	P	P
YBR059C	P	P	P	S	S	P	P	P	S	S	S	S	P	P	P	P	P	P	P	P
YFR014C	S	S	S	P	P	P	P	P	P	P	P	P	P	P	P	P	P	P	P	P
YGR188C	S	S	S	P	P	P	P	P	P	P	P	P	P	P	P	P	P	P	P	P
YER123W	S	S	S	S	S	S	S	S	S	S	S	S	P	P	P	P	P	P	P	P
YOR119C	S	S	S	S	S	S	S	S	S	S	S	S	P	P	P	P	P	P	P	P
YDL214C	P	S	P	P	P	S	P	P	P	P	P	P	P	P	P	P	P	P	P	P
YHR135C	S	S	S	P	P	P	P	P	P	P	P	P	P	P	P	P	L	P	P	P
YDR122W	S	S	S	P	P	P	P	P	P	P	P	P	P	P	P	P	P	P	P	P
YBL088C	S	S	S	S	S	S	S	S	S	S	S	S	P	P	P	P	L	P	P	P
YKL116C	S	S	S	S	S	S	S	S	S	S	S	S	P	P	P	P	P	P	P	P
YJL164C	S	S	S	P	P	P	P	S	P	P	P	P	P	P	P	P	P	P	P	P
YLR362W	S	S	S	S	S	S	S	S	S	S	S	S	P	P	P	P	P	P	P	P
YJL106W	S	S	S	S	S	S	S	S	S	S	S	S	P	P	P	P	P	P	P	P
YAL017W	P	P	P	P	P	P	P	P	P	P	P	P	P	P	P	P	P	P	P	P
YGR092W	S	S	S	P	P	S	S	P	P	P	P	P	P	P	P	P	P	P	P	P
YAR018C	S	S	S	S	S	S	S	S	S	S	S	S	P	P	P	P	P	P	P	P
YKL048C	S	S	S	S	S	S	S	S	S	S	S	S	P	P	P	P	P	P	P	P
YNL298W	S	S	S	S	P	S	S	P	P	P	P	P	P	P	P	P	P	P	P	P
YJR066W	S	S	S	P	P	P	P	P	P	P	P	P	P	P	P	P	P	P	P	P
YGL158W	S	S	P	P	P	P	P	P	P	P	P	P	P	P	P	P	P	P	P	P
YGR262C	S	S	S	S	S	S	S	S	S	S	S	S	P	P	P	P	P	P	P	P
YAR019C	S	S	S	S	S	S	S	S	S	S	S	S	P	P	P	P	P	P	P	P
YDR477W	P	P	S	S	S	S	S	S	S	S	S	S	P	P	P	P	P	P	P	P
YMR216C	P	P	S	S	S	S	S	S	S	S	S	S	P	P	P	P	P	P	P	P
YLR113W	S	S	S	S	S	S	S	S	S	S	S	S	P	P	P	P	P	P	P	P
YDR247W	S	P	P	P	P	P	P	P	P	P	P	P	P	P	P	P	P	P	P	P
YFL033C	S	S	S	S	S	S	S	S	S	S	S	S	P	P	P	P	P	P	P	P
YFR014C	S	S	S	P	P	P	P	P	P	P	P	P	P	P	P	P	P	P	P	P
YJL095W	S	S	S	S	S	S	S	S	S	S	S	S	P	P	P	P	P	P	P	P
YIL035C	S	S	S	S	S	S	S	S	S	S	S	S	P	P	P	P	P	P	P	P
YAL017W	P	P	P	P	P	P	P	P	P	P	P	P	P	P	P	P	P	P	P	P
YPL236C	S	S	S	S	S	S	S	S	S	S	S	S	P	P	L	P	P	P	P	P
YNL307C	S	S	P	S	S	S	S	S	P	P	P	P	P	P	P	P	P	P	P	P
YJL164C	S	S	S	P	P	P	P	S	P	P	P	P	P	P	P	P	P	P	P	P
YIL095W	P	P	P	P	P	P	P	P	P	P	P	P	P	P	P	P	P	P	P	P
YOR233W	P	P	P	P	P	P	P	P	P	P	P	P	P	P	P	P	P	P	P	P
YJL165C	S	S	P	P	P	P	P	P	P	P	P	P	P	P	P	P	P	P	P	P
YNL307C	S	S	P	S	S	S	S	S	P	P	P	P	P	P	P	P	P	P	P	P
YCR091W	S	P	S	P	P	P	P	S	P	P	P	P	P	P	P	P	P	P	P	P
YER129W	S	S	S	P	P	P	P	S	P	P	P	P	P	P	P	P	P	P	P	P
YDL214C	P	S	P	P	P	S	P	P	P	P	P	P	P	P	P	P	P	P	P	P
YHR135C	S	S	S	P	P	P	P	P	P	P	P	P	P	P	P	P	L	P	P	P
YOR267C	P	P	P	P	P	P	P	P	S	S	S	S	P	P	P	P	P	P	P	P
YJL165C	S	S	P	P	P	P	P	P	P	P	P	P	P	P	P	P	P	P	P	P
YGL180W	S	S	S	S	S	S	S	S	S	S	S	S	P	P	P	P	P	P	P	P
YDR247W	S	P	P	P	P	P	P	P	P	P	P	P	P	P	P	P	P	P	P	P
YBL016W	S	S	S	S	S	S	S	S	S	S	S	S	P	P	P	P	P	P	P	P
YCR008W	P	P	S	S	S	S	S	S	S	S	S	S	P	P	P	P	P	P	P	P
YGR052W	D	D	S	S	S	S	S	S	S	S	S	S	L	P	P	P	P	P	P	P
YKL126W	P	P	S	P	P	S	S	P	P	P	P	P	P	P	P	P	L	P	P	P
YCR091W	S	P	S	P	P	P	P	S	P	P	P	P	P	P	P	P	P	P	P	P
YDL159W	S	S	S	S	S	S	S	S	S	S	S	S	P	P	P	P	P	P	P	P
YCR073C	S	S	S	S	P	P	P	S	P	P	P	P	P	P	P	P	P	P	P	P
YJR066W	S	S	S	P	P	P	P	P	P	P	P	P	P	P	P	P	P	P	P	P
YPL031C	S	S	S	S	S	S	S	S	S	S	S	S	P	P	P	P	P	P	P	P
YHR102W	S	S	P	S	S	S	S	S	S	S	S	S	P	P	P	P	P	P	P	P
YDL025C	S	S	S	S	S	S	S	S	S	S	S	S	P	P	P	P	P	P	P	P
YHL007C	S	S	S	P	P	P	P	P	S	S	S	S	P	P	P	P	P	P	P	P
YMR001C	P	P	S	S	S	P	P	S	S	S	S	S	P	P	P	P	P	P	P	P
YFL029C	S	S	S	S	S	S	S	S	S	S	S	S	P	P	P	P	P	P	P	P
YCL024W	S	S	S	S	S	S	S	S	P	P	P	P	P	P	P	P	P	P	P	P
YDL101C	S	S	S	S	S	S	S	S	S	S	S	S	P	P	P	P	P	P	P	P
YPL153C	S	S	S	S	S	S	S	S	S	S	S	S	P	P	P	P	P	P	P	P
YCR073C	S	S	S	S	P	P	P	S	P	P	P	P	P	P	P	P	P	P	P	P
YDR283C	S	S	S	S	S	S	S	S	S	S	S	S	P	P	P	P	L	P	P	P
YJR059W	P	P	P	P	P	P	P	P	P	P	P	P	P	P	P	P	P	P	P	P
YMR291W	P	P	S	S	S	S	S	S	S	S	S	S	P	P	P	P	P	P	P	P
YKL101W	S	S	S	S	S	S	S	S	S	S	S	S	P	P	P	P	P	P	P	P
YLL019C	S	S	S	S	S	S	S	S	S	S	S	S	P	P	P	P	P	P	P	P
YGL158W	S	S	P	P	P	P	P	P	P	P	P	P	P	P	P	P	P	P	P	P
YBL009W	S	S	D	S	S	S	S	S	P	P	P	P	P	P	P	P	P	P	P	P
YPL209C	S	S	S	S	S	S	S	S	S	S	S	S	P	P	P	P	P	P	P	P
YNL207W	S	S	S	S	S	S	S	S	S	S	S	S	P	P	P	P	P	P	P	P
YHR082C	S	S	S	S	S	S	S	S	S	S	S	S	P	P	P	P	P	P	P	P
YGR092W	S	S	S	P	P	S	S	P	P	P	P	P	P	P	P	P	P	P	P	P
YGR040W	S	S	S	S	S	S	S	S	S	S	S	S	P	P	P	P	P	P	P	P
YOR233W	P	P	P	P	P	P	P	P	P	P	P	P	P	P	P	P	P	P	P	P
YPR054W	S	S	S	S	S	S	S	S	S	S	S	S	P	P	P	P	P	P	P	P
YOR351C	S	S	S	S	S	S	S	S	S	S	S	S	P	P	P	P	L	P	P	P
YJL057C	S	S	S	S	S	S	S	S	S	S	S	S	P	P	P	P	P	P	P	P
YBL105C	S	S	S	S	S	S	S	S	S	S	S	S	P	P	P	P	P	P	P	P
YDR490C	S	S	P	S	S	S	S	P	P	P	P	P	P	P	P	P	P	P	P	P
YDR122W	S	S	S	P	P	P	P	P	P	P	P	P	P	P	P	P	P	P	P	P
YBR274W	S	S	D	S	S	S	S	S	S	S	S	S	P	P	P	P	P	P	P	P
YNL298W	S	S	S	S	P	S	S	P	P	P	P	P	P	P	P	P	P	P	P	P
YHR030C	S	P	P	P	P	S	P	S	P	P	S	P	P	P	P	P	P	P	P	P
YPL203W	S	S	S	S	S	S	S	S	S	S	S	S	P	P	P	P	P	P	P	P
YHR030C	S	P	P	P	P	S	P	S	P	P	S	P	P	P	P	P	P	P	P	P
YHR205W	P	P	P	S	S	S	S	S	S	S	S	S	P	P	P	P	P	P	P	P
YDL017W	S	S	S	S	S	S	S	S	S	S	S	S	P	P	P	P	P	P	P	P
YDR490C	S	S	P	S	S	S	S	P	P	P	P	P	P	P	P	P	P	P	P	P
YPL150W	S	S	S	S	S	S	S	S	S	S	S	S	P	P	P	P	P	P	P	P
YJL141C	P	S	P	S	S	S	S	S	S	S	S	S	P	P	P	P	L	P	P	P
YNL161W	S	S	S	S	S	S	S	S	S	S	S	S	P	P	P	P	P	P	P	P
YIL095W	P	P	P	P	P	P	P	P	P	P	P	P	P	P	P	P	P	P	P	P
YPL204W	P	P	P	P	P	P	P	S	S	S	S	S	P	P	P	P	P	P	P	P
YKL171W	S	S	S	S	S	S	S	S	S	S	S	S	P	P	P	P	P	P	P	P
YER129W	S	S	S	P	P	P	P	S	P	P	P	P	P	P	P	P	P	P	P	P
YBR028C	S	S	S	S	S	S	S	S	S	S	S	S	P	P	P	P	P	P	P	P
YJL128C	P	P	S	S	S	S	S	S	S	S	S	S	P	P	P	P	P	P	P	P
YOR061W	S	S	S	P	P	S	S	S	S	S	S	S	P	P	P	P	P	P	P	P
