Gene ID	V.polysp	T.phaffi	T.blatta	N.dairen	N.castel	K.nagani	K.africa	C.glabra	S.uvarum	S.kudria	S.mikata	S.cerevi	Z.rouxii	T.delbru	K.lactis	E.gossyp	E.cymbal	L.kluyve	L.thermo	L.waltii
YMR027W	S	S	S	S	S	S	S	S	S	S	S	S	P	P	P	P	P	P	P	P
YPL208W	S	S	S	S	S	S	S	S	S	S	S	S	P	P	P	P	P	P	P	P
YJR129C	S	S	S	S	S	S	S	S	S	S	S	S	P	P	P	P	P	P	P	P
YNL061W	S	S	S	S	S	S	S	S	S	S	S	S	P	P	P	P	P	P	P	P
YOR021C	S	S	S	S	S	S	S	S	S	S	S	S	P	P	P	P	P	P	P	P
YOL124C	S	S	S	S	S	S	S	S	S	S	S	S	P	P	P	P	P	P	P	P
YGL050W	S	S	S	S	S	S	S	S	S	S	S	S	P	P	L	P	P	P	P	P
YLL062C	D	D	D	D	D	D	D	D	D	S	S	S	L	L	L	L	L	L	L	L
YBR271W	S	S	S	S	S	S	S	S	S	S	S	S	P	P	P	P	P	P	P	P
YLR285W	S	S	S	S	S	S	S	S	S	S	S	S	P	P	P	P	P	P	P	P
YDR198C	S	S	S	S	S	S	S	S	S	S	S	S	P	P	P	P	P	P	P	P
YIL110W	S	S	S	S	S	S	S	S	S	S	S	S	P	P	P	P	P	P	P	P
YIL064W	S	S	S	S	S	S	S	S	S	S	S	S	P	P	P	P	P	P	P	P
YDR316W	S	S	S	S	S	S	S	S	S	S	S	S	P	P	P	P	P	P	P	P
YGR157W	P	P	P	S	S	S	S	S	S	S	S	S	P	P	P	P	P	P	P	P
YDL112W	S	S	D	S	S	S	S	S	S	S	S	S	P	P	P	P	P	P	P	P
YHR119W	S	S	S	S	S	S	S	S	S	S	S	S	P	P	P	P	P	P	P	P
YPL266W	S	S	S	S	S	S	S	S	S	S	S	S	P	P	P	P	P	P	P	P
YHL039W	S	S	S	S	S	S	S	S	S	S	S	S	P	P	P	P	L	P	P	P
YDR083W	S	S	S	S	S	S	S	S	S	S	S	S	P	P	P	P	P	P	P	P
YKL155C	S	S	S	S	S	S	S	S	S	S	S	S	P	P	P	P	P	P	P	P
YDR410C	S	S	S	S	S	S	S	S	S	S	S	S	P	P	P	P	P	P	P	P
YBR261C	S	S	S	S	S	S	S	S	S	S	S	S	P	P	P	P	P	P	P	P
YBR034C	S	S	S	P	P	S	S	S	S	S	S	S	P	P	P	P	P	P	P	P
YLR186W	S	S	S	S	S	S	S	S	S	S	S	S	P	P	P	P	P	P	P	P
YDR120C	S	S	S	S	S	S	S	S	S	S	S	S	P	P	P	P	P	P	P	P
YGL136C	S	S	S	S	S	S	S	S	S	S	S	S	P	P	P	P	P	P	P	P
YNL063W	S	S	S	S	S	S	S	S	S	S	S	S	P	P	P	P	P	P	P	P
YMR321C	D	D	D	D	D	D	D	D	S	D	D	S	L	L	L	L	L	L	L	L
YKR056W	S	S	S	S	S	S	S	S	S	S	S	S	P	P	P	P	P	P	P	P
YOR239W	P	P	P	P	P	S	S	S	S	S	S	S	P	P	P	P	L	P	P	P
YML008C	S	S	S	S	S	S	S	S	S	S	S	S	P	P	P	P	P	P	P	P
YHR109W	S	S	D	S	S	S	S	S	S	S	S	S	P	P	P	P	L	P	P	P
YHR207C	S	S	S	S	S	S	S	S	S	S	S	S	P	P	P	P	P	P	P	P
YGR001C	S	S	S	S	S	S	S	S	S	S	S	S	P	P	P	P	P	P	P	P
YDL201W	S	S	S	S	S	S	S	S	S	S	S	S	P	P	P	P	P	P	P	P
YHR070W	S	S	S	S	S	S	S	S	S	S	S	S	P	P	P	P	P	P	P	P
YNL092W	D	S	D	D	D	S	D	S	S	S	S	S	P	L	P	P	L	P	L	L
YBR030W	S	S	S	S	S	D	S	S	S	S	S	S	P	P	P	P	P	P	P	P
YOL125W	S	S	S	S	S	S	S	S	S	S	S	S	P	P	P	P	P	P	P	P
YNL022C	S	S	S	S	S	S	S	S	S	S	S	S	P	P	P	P	P	P	P	P
YPL165C	D	D	D	S	S	S	S	S	S	S	S	S	P	P	P	P	P	P	P	P
YBR061C	S	S	S	S	S	S	S	S	S	S	S	S	P	P	P	P	P	P	P	P
YJL168C	S	S	S	S	S	S	S	S	S	S	S	S	P	P	P	P	P	P	P	P
YDL014W	S	S	S	S	S	S	P	S	S	S	S	S	P	P	P	P	P	P	P	P
YML014W	S	S	S	S	S	S	S	S	S	S	S	S	P	P	P	P	L	P	P	P
YKR069W	S	S	S	S	S	S	S	S	S	S	S	S	P	P	P	P	P	P	P	P
YBL024W	S	P	S	P	P	P	S	S	S	S	S	S	P	P	P	P	P	P	P	P
YOL141W	S	S	S	S	S	S	S	S	S	S	S	S	P	P	L	P	L	P	P	P
YPL157W	S	S	S	S	S	S	S	S	S	S	S	S	P	P	P	P	P	P	P	P
YIL096C	S	S	S	S	S	S	S	S	S	S	S	S	P	P	P	P	P	P	P	P
YBR236C	S	S	S	S	S	S	S	S	S	S	S	S	P	P	P	P	P	P	P	P
YDR257C	S	S	S	S	S	S	S	S	S	S	S	S	P	P	P	P	P	P	P	P
YLR172C	S	S	S	S	S	S	S	S	S	S	S	S	P	P	P	P	P	P	P	P
YJL125C	S	S	S	S	S	S	S	S	S	S	S	S	P	P	P	P	P	P	P	P
YLR137W	S	S	S	S	S	S	S	S	S	S	S	S	P	P	P	P	P	P	P	P
YJR073C	S	S	S	S	S	S	S	S	S	S	S	S	P	P	P	P	P	P	P	P
YGL192W	S	S	S	S	S	S	S	S	S	S	S	S	P	P	P	P	L	P	P	P
YPL030W	S	S	S	S	S	S	S	S	S	S	S	S	P	P	P	P	P	P	P	P
YKL162C	D	S	S	S	S	S	S	S	S	S	S	S	P	P	P	P	P	P	L	L
YBR133C	S	S	S	S	S	S	S	S	S	S	S	S	P	P	P	P	P	P	P	P
YML110C	S	S	S	S	S	S	S	S	S	S	S	S	P	P	P	P	P	P	P	P
YER175C	S	S	S	S	S	S	S	S	S	S	S	S	P	L	P	P	L	P	P	P
YOL096C	S	S	S	S	S	S	S	S	S	S	S	S	P	P	P	P	P	P	P	P
YLR063W	S	S	S	S	S	S	S	S	S	S	S	S	P	P	P	P	P	P	P	P
YDR465C	S	S	S	S	S	S	S	S	S	S	S	S	P	P	P	P	P	P	P	P
YDR140W	S	S	S	S	S	S	S	S	S	S	S	S	P	P	P	P	P	P	P	P
YBR141C	S	S	S	S	S	S	S	S	S	S	S	S	P	P	P	P	P	P	P	P
YDR440W	S	S	P	S	S	S	S	S	S	S	S	S	P	P	P	P	P	P	P	P
YOR201C	S	S	S	S	S	S	S	S	S	S	S	S	P	P	P	P	P	P	P	P
YMR228W	S	S	S	S	S	S	S	S	S	S	S	S	P	P	P	P	P	P	P	P
YOL093W	S	S	S	S	S	S	S	S	S	S	S	S	P	P	P	P	P	P	P	P
YPL273W	S	S	S	D	S	D	D	D	S	D	S	S	P	L	P	P	P	P	P	P
YCR047C	S	S	S	S	S	S	S	S	S	S	S	S	P	P	P	P	P	P	P	P
YNL024C	D	D	D	S	S	S	S	S	S	S	S	S	L	L	P	P	P	P	P	P
YDR435C	S	S	S	S	S	S	S	S	S	S	S	S	P	P	P	P	P	P	P	P
YGR283C	S	S	S	S	S	S	S	S	P	P	P	P	P	P	P	P	L	P	P	P
YOR074C	S	S	S	S	S	S	S	S	S	S	S	S	P	P	P	P	P	P	P	P
YHR209W	D	D	D	D	D	D	D	D	S	S	S	S	L	L	L	L	L	L	L	L
YGR283C	S	S	S	S	S	S	S	S	P	P	P	P	P	P	P	P	L	P	P	P
YCL054W	S	S	S	S	S	S	S	S	S	S	S	S	P	P	P	P	P	P	P	P
YDL200C	S	S	D	S	S	S	S	S	S	S	S	S	P	P	P	L	L	L	L	L
YER091C	S	S	S	S	S	S	S	S	S	S	S	S	P	P	P	P	P	P	P	P
