Gene ID	V.polysp	T.phaffi	T.blatta	N.dairen	N.castel	K.nagani	K.africa	C.glabra	S.uvarum	S.kudria	S.mikata	S.cerevi	Z.rouxii	T.delbru	K.lactis	E.gossyp	E.cymbal	L.kluyve	L.thermo	L.waltii
YLL032C	S	S	S	S	S	S	S	S	S	S	S	S	P	P	P	P	P	P	P	P
YOL144W	S	S	S	S	S	S	S	S	S	S	S	S	P	P	P	P	P	P	P	P
YMR290C	S	S	S	S	S	S	S	S	S	S	S	S	P	P	P	P	P	P	P	P
YOL072W	S	S	S	S	S	S	S	S	S	S	S	S	P	P	P	P	P	P	P	P
YCL011C	S	S	S	P	P	P	P	P	P	P	P	P	P	P	P	P	P	P	L	P
YDL189W	S	S	S	S	S	D	D	S	S	S	S	S	P	P	P	P	P	P	P	P
YER056C-A	P	S	S	P	P	P	S	S	P	P	P	P	P	P	P	P	P	P	P	P
YBR031W	S	S	S	S	S	S	S	S	P	P	P	P	P	P	P	P	P	P	P	P
YLR075W	S	S	S	S	S	S	S	S	S	S	S	S	P	P	P	P	P	P	P	P
YNL137C	S	S	S	S	S	S	S	S	S	S	S	S	P	P	P	P	P	P	P	P
YGL049C	P	S	P	P	P	P	P	P	P	P	P	P	P	P	P	P	L	P	P	P
YDR418W	P	P	S	P	P	P	P	S	P	P	P	P	P	P	P	P	P	P	P	P
YDR243C	S	S	S	S	S	S	S	S	S	S	S	S	P	P	P	P	P	P	P	P
YER146W	S	S	S	S	S	S	S	S	S	S	S	S	P	P	P	P	P	P	P	P
YMR268C	S	S	P	S	S	S	S	S	S	S	S	S	P	P	P	P	P	P	P	P
YBR119W	S	S	S	S	S	S	S	S	S	S	S	S	P	P	P	P	P	P	P	P
YGL211W	S	S	S	S	S	S	S	S	S	S	S	S	P	P	P	P	P	P	P	P
YGR030C	S	S	S	S	S	S	S	S	S	S	S	S	P	P	P	P	P	P	P	P
YNL221C	S	S	S	S	S	S	S	S	S	S	S	S	P	P	P	P	P	P	P	P
YNR052C	S	S	S	S	S	S	S	S	S	S	S	S	P	P	P	P	P	P	P	P
YNL061W	S	S	S	S	S	S	S	S	S	S	S	S	P	P	P	P	P	P	P	P
YMR012W	S	S	S	S	S	S	S	S	S	S	S	S	P	P	P	P	L	P	P	P
YOL124C	S	S	S	S	S	S	S	S	S	S	S	S	P	P	P	P	P	P	P	P
YGR156W	S	S	S	S	S	S	S	S	S	S	S	S	P	P	P	P	P	P	P	P
YNL301C	S	S	S	P	P	S	P	S	P	P	P	P	P	P	P	P	P	P	P	P
YBR238C	P	P	P	P	P	P	P	P	P	P	P	P	P	P	P	P	P	P	P	P
YGL076C	S	S	S	S	S	S	S	S	P	P	P	P	P	P	P	P	P	P	P	P
YMR240C	S	S	S	S	S	S	S	S	S	S	S	S	P	P	P	P	P	P	P	P
YGR074W	S	S	S	S	S	S	S	P	S	S	S	S	P	P	P	P	P	P	P	P
YBL079W	S	S	S	S	S	S	S	S	P	P	P	P	P	P	P	P	P	P	P	P
YDR206W	S	S	S	P	P	P	P	P	P	P	P	P	P	P	P	P	P	P	P	P
YER013W	S	S	S	S	S	S	S	S	S	S	S	S	P	P	P	P	P	P	P	P
YJL189W	S	S	S	P	P	S	S	S	S	S	S	S	P	P	P	P	P	P	P	P
YNL210W	S	D	S	S	S	S	S	D	S	S	S	S	P	P	P	P	P	P	P	P
YNL301C	S	S	S	P	P	S	P	S	P	P	P	P	P	P	P	P	P	P	P	P
YDL160C	S	S	S	S	S	S	S	S	S	S	S	S	P	P	P	P	P	P	P	P
YLR448W	P	P	S	P	P	P	S	S	P	P	P	P	P	P	P	P	P	P	P	P
YDR228C	S	S	S	S	S	S	S	S	S	S	S	S	P	P	P	P	P	P	P	P
YLR264W	P	P	S	P	P	S	P	P	P	P	P	P	P	P	P	P	P	P	P	P
YNL067W	S	S	S	S	S	S	S	S	S	S	S	S	P	P	P	L	P	P	P	P
YBR212W	S	S	S	D	D	D	S	S	S	S	S	S	P	P	P	P	P	P	P	P
YMR260C	S	S	S	S	S	S	S	S	S	S	S	S	P	P	P	P	P	P	P	P
YEL034W	S	P	S	P	P	P	P	P	P	P	P	P	P	P	P	P	P	P	P	P
YCR020C-A	S	S	S	S	S	S	S	S	S	S	S	S	P	P	P	P	P	P	P	P
YKL074C	S	S	S	S	S	S	S	S	S	S	S	S	P	P	P	P	P	P	P	P
YGR159C	S	S	S	S	S	S	S	S	S	S	S	S	P	P	P	P	P	P	P	P
YOL149W	S	S	S	S	S	S	S	S	S	S	S	S	P	P	P	P	P	P	P	P
YNR051C	S	S	S	S	S	S	S	S	S	S	S	S	P	P	P	P	P	P	P	P
YIL133C	P	P	S	P	P	P	S	S	P	P	P	P	P	P	P	P	P	P	P	P
YHR203C	S	P	S	P	P	P	P	S	P	P	P	P	P	P	P	P	P	P	P	P
YIR001C	S	D	S	S	S	S	S	S	S	S	S	S	P	P	P	P	P	P	P	P
YDL083C	P	S	S	P	P	P	P	S	P	P	P	P	P	P	P	P	P	P	P	P
YOR001W	S	S	S	S	S	S	S	S	S	S	S	S	P	P	P	P	P	P	P	P
YGR195W	S	S	S	S	S	S	S	S	S	S	S	S	P	P	P	P	P	P	P	P
YGR250C	S	S	S	S	S	S	S	S	S	S	S	S	L	P	P	P	P	P	P	P
YJR014W	S	S	S	S	S	S	S	S	S	S	S	S	P	P	P	P	P	P	P	P
YOR204W	S	S	P	P	P	P	P	P	P	P	P	P	P	P	P	P	P	P	P	P
YHR165C	S	S	S	S	S	S	S	S	S	S	S	S	P	P	P	P	L	P	P	P
YER035W	P	P	S	P	P	S	S	S	P	P	P	P	P	P	P	P	P	P	P	P
YHR169W	S	S	S	S	S	S	S	S	S	S	S	S	P	P	P	P	P	P	P	P
YNL072W	S	S	S	S	S	S	S	S	S	S	S	S	P	P	P	P	P	P	P	P
YPL123C	S	S	S	S	S	S	S	S	S	S	S	S	P	P	P	P	P	P	P	P
YLL008W	S	S	S	S	S	S	S	S	S	S	S	S	P	P	P	P	L	P	P	P
YBR065C	S	S	S	S	S	S	S	S	S	S	S	S	P	P	P	P	P	P	P	P
YOR048C	S	S	S	S	S	S	S	S	S	S	S	S	P	P	P	P	P	P	P	P
YHL034C	P	S	P	S	S	S	S	S	P	P	P	P	P	P	P	P	P	P	P	P
YDL044C	S	S	S	S	S	S	S	S	S	S	S	S	P	P	P	P	P	P	P	P
YER176W	S	S	S	S	S	D	S	S	S	S	S	S	P	P	L	P	L	P	P	P
YOR159C	S	S	S	S	S	S	S	S	S	S	S	S	P	P	P	P	P	P	P	P
YHR065C	S	S	S	S	S	S	S	S	S	S	S	S	P	P	P	P	P	P	P	P
YMR302C	S	S	S	S	S	S	S	S	S	S	S	S	P	P	P	P	L	P	P	P
YHR088W	S	S	S	S	S	S	S	S	S	S	S	S	P	P	P	P	P	P	P	P
YLR276C	S	S	S	S	S	S	S	S	S	S	S	S	P	P	P	P	L	P	P	P
YDR365C	S	S	S	S	S	S	S	S	S	S	S	S	P	P	P	P	P	P	P	P
YMR080C	S	S	S	S	S	S	S	S	S	S	S	S	P	P	P	P	P	P	P	P
YPL097W	S	S	S	S	S	S	S	S	S	S	S	S	P	P	P	P	P	P	P	P
YCL037C	P	P	S	P	S	S	S	P	P	P	P	P	P	P	P	P	P	P	P	L
YER035W	P	P	S	P	P	S	S	S	P	P	P	P	P	P	P	P	P	P	P	P
YOR004W	S	S	S	S	S	S	S	S	S	S	S	S	P	P	P	P	P	P	P	P
YPR057W	S	S	S	S	S	S	S	S	S	S	S	S	P	P	P	P	P	P	P	P
YGR085C	S	S	S	S	S	S	S	S	P	P	P	P	P	P	P	P	P	P	P	P
YDL112W	S	S	D	S	S	S	S	S	S	S	S	S	P	P	P	P	P	P	P	P
YHR086W	S	S	P	S	S	S	S	S	S	S	S	S	P	P	P	P	P	P	P	P
YJL010C	S	S	S	S	S	P	S	S	S	S	S	S	P	P	P	P	P	P	P	P
YDL098C	S	S	S	S	S	S	S	S	S	S	S	S	P	P	P	P	P	P	P	P
YHR119W	S	S	S	S	S	S	S	S	S	S	S	S	P	P	P	P	P	P	P	P
YDR300C	S	S	S	P	P	P	P	P	P	P	P	P	P	P	P	P	P	P	P	P
YBR189W	P	P	S	P	P	P	P	P	P	P	P	P	P	P	P	P	P	P	P	P
YPL266W	S	S	S	S	S	S	S	S	S	S	S	S	P	P	P	P	P	P	P	P
YDR478W	S	S	S	S	S	S	S	S	S	S	S	S	P	P	P	P	P	P	P	P
YKL214C	S	S	S	S	S	S	S	S	S	S	S	S	P	P	P	P	P	P	P	P
YNL317W	S	S	S	S	S	S	S	S	S	S	S	S	P	P	P	P	P	P	P	P
YBR142W	S	S	S	S	S	S	S	S	S	S	S	S	P	P	P	P	P	P	P	P
YDR432W	S	S	S	S	S	S	S	S	S	S	S	S	P	P	P	P	P	P	P	P
YEL026W	S	S	S	S	S	S	S	S	S	S	S	S	P	P	P	P	P	P	P	P
YPR088C	S	S	S	S	S	S	S	S	S	S	S	S	P	P	P	P	P	P	P	P
YGL014W	S	S	S	S	S	S	P	S	S	S	S	S	P	P	P	P	P	P	P	P
YNL002C	S	S	S	S	S	S	S	S	S	S	S	S	P	P	P	P	P	P	P	P
YDL033C	S	S	S	S	S	S	S	S	S	S	S	S	P	P	P	P	P	P	P	P
YDL031W	S	S	S	S	S	S	S	S	S	S	S	S	P	P	P	P	L	P	P	P
YLR325C	S	S	S	S	S	S	S	S	S	S	S	S	P	P	P	P	P	P	P	P
YCR035C	P	P	P	S	S	S	S	S	S	S	S	S	P	P	P	P	P	P	P	P
YDR450W	S	P	S	P	P	P	P	S	P	P	P	P	P	P	P	P	P	P	P	P
YPR129W	S	S	S	S	S	S	S	S	S	S	S	S	P	P	P	P	P	P	P	P
YHR148W	S	S	S	S	S	S	S	S	S	S	S	S	P	P	P	P	P	P	P	P
YDL083C	P	S	S	P	P	P	P	S	P	P	P	P	P	P	P	P	P	P	P	P
YBL027W	P	P	S	P	P	P	P	S	P	P	P	P	P	P	P	P	P	P	P	P
YGL120C	S	S	S	S	S	S	S	S	S	S	S	S	P	P	P	P	P	P	P	P
YPL169C	S	S	S	S	S	P	P	S	S	S	S	S	P	P	P	P	P	P	P	P
YPL184C	S	S	S	S	S	S	S	S	S	S	S	S	P	P	P	P	P	P	P	P
YDL082W	S	P	S	P	P	P	P	S	P	P	P	P	P	P	P	P	P	P	P	P
YDL213C	S	S	S	S	S	S	S	S	S	S	S	S	P	P	P	P	P	P	P	P
YCL059C	S	S	S	S	S	S	S	S	S	S	S	S	P	P	P	P	P	P	P	P
YLR186W	S	S	S	S	S	S	S	S	S	S	S	S	P	P	P	P	P	P	P	P
YOR243C	S	S	S	S	S	S	S	S	S	S	S	S	P	P	P	P	P	P	P	P
YJL050W	S	S	S	S	S	S	S	S	S	S	S	S	P	P	P	P	P	P	P	P
YDR240C	S	S	S	S	S	S	S	S	S	S	S	S	P	P	P	P	P	P	P	P
YGR091W	S	S	S	S	S	S	S	S	S	S	S	S	P	P	P	P	P	P	P	P
YJR084W	S	S	S	S	S	S	S	S	S	S	S	S	P	P	P	P	P	P	P	P
YDR120C	S	S	S	S	S	S	S	S	S	S	S	S	P	P	P	P	P	P	P	P
YHR164C	S	S	S	S	S	S	S	S	S	S	S	S	P	P	P	P	P	P	P	P
YPR112C	S	S	S	S	S	S	S	S	S	S	S	S	P	P	P	P	P	P	P	P
YJR093C	S	S	S	S	S	S	S	S	S	S	S	S	P	P	P	P	P	P	P	P
YGL243W	S	S	S	S	S	S	S	S	S	S	S	S	P	P	P	P	P	P	P	P
YGL031C	S	S	S	P	P	P	P	S	P	P	P	P	P	P	P	P	P	P	P	P
YDL092W	S	S	S	S	S	S	S	S	S	S	S	S	P	P	P	P	P	P	P	P
YGR276C	S	S	S	S	S	S	S	S	S	S	S	S	P	P	P	P	P	P	P	P
YDL082W	S	P	S	P	P	P	P	S	P	P	P	P	P	P	P	P	P	P	P	P
YLR419W	S	S	S	S	S	S	S	S	S	S	S	S	P	P	P	P	P	P	P	P
YPL131W	S	S	S	S	S	S	S	S	S	S	S	S	P	P	P	P	P	P	P	P
YKR024C	S	S	S	S	S	S	S	S	S	S	S	S	P	P	P	P	P	P	P	P
YPL012W	S	S	S	S	S	S	S	S	S	S	S	S	P	P	P	P	P	P	P	P
YDR405W	S	S	S	S	S	D	S	S	S	S	S	S	P	P	P	P	P	P	P	P
YGL105W	S	S	S	S	S	S	S	S	S	S	S	S	P	P	P	P	P	P	P	P
YER029C	S	S	S	S	S	S	S	S	S	S	S	S	P	P	P	P	P	P	P	P
YGR278W	S	S	S	S	S	S	S	S	S	S	S	S	P	P	P	P	P	P	P	P
YKL122C	S	S	S	S	S	S	S	S	S	S	S	S	P	P	P	P	P	P	P	P
YBR146W	S	S	S	S	S	S	S	S	S	S	S	S	P	P	P	P	P	P	P	P
YOL127W	S	S	S	P	P	S	S	S	S	S	S	S	P	P	P	P	P	P	P	P
YDR163W	S	S	S	S	S	S	S	S	S	S	S	S	P	P	P	P	P	P	P	P
YOL142W	S	S	S	S	S	S	S	S	S	S	S	S	P	P	P	P	P	P	P	P
YDR385W	P	P	P	P	P	S	P	S	S	P	P	P	P	P	P	P	P	P	P	P
YDR116C	S	S	S	S	S	S	S	S	S	S	S	S	P	P	P	P	P	P	P	P
YBR048W	S	S	S	S	P	P	S	S	P	P	P	P	P	P	P	P	P	P	P	P
YJR007W	S	P	S	S	P	S	S	S	S	S	S	S	P	P	P	P	P	P	P	P
YHR021C	S	S	S	P	P	S	S	S	P	P	P	P	P	P	P	P	P	P	P	P
YGR103W	S	S	S	S	S	S	S	S	S	S	S	S	P	P	P	P	P	P	P	P
YHL034C	P	S	P	S	S	S	S	S	P	P	P	P	P	P	P	P	P	P	P	P
YER107C	P	P	S	S	S	S	S	S	S	S	S	S	P	P	P	P	P	P	P	P
YOR043W	P	P	P	P	P	S	S	S	S	S	S	S	P	P	P	P	L	P	P	P
YGL076C	S	S	S	S	S	S	S	S	P	P	P	P	P	P	P	P	P	P	P	P
YLR336C	S	S	S	S	S	S	S	S	S	S	S	S	P	P	P	P	L	P	P	P
YLR430W	S	S	S	S	S	S	S	S	S	S	S	S	P	P	P	P	P	P	P	P
YFR023W	P	P	P	P	P	P	P	S	P	P	P	P	P	P	P	P	P	P	P	P
YHL015W	S	S	S	S	S	S	S	S	S	S	S	S	P	P	P	P	P	P	P	P
YHL001W	S	S	S	P	P	S	S	S	P	P	P	P	P	P	P	P	P	P	P	P
YDL111C	S	S	S	S	S	S	S	S	S	S	S	S	P	P	P	P	P	P	P	P
YER006W	P	P	S	S	S	S	S	S	S	S	S	S	P	P	P	P	P	P	P	P
YNL178W	S	S	S	S	S	S	S	S	S	S	S	S	P	P	P	P	P	P	P	P
YHR147C	S	S	S	S	S	S	S	S	S	S	S	S	P	P	P	P	P	P	P	P
YNL124W	S	S	S	S	S	S	S	S	S	S	S	S	P	P	P	P	P	P	P	P
YOR359W	S	S	S	S	S	S	S	S	S	S	S	S	P	P	P	P	P	P	P	P
YOR250C	S	S	S	S	S	S	S	S	S	S	S	S	P	P	P	P	P	P	P	P
YDL201W	S	S	S	S	S	S	S	S	S	S	S	S	P	P	P	P	P	P	P	P
YNL251C	S	S	S	S	S	S	S	S	S	S	S	S	P	P	P	P	P	P	P	P
YGL173C	P	P	S	S	S	S	S	S	S	S	S	S	P	P	P	P	P	P	P	P
YCL037C	P	P	S	P	S	S	S	P	P	P	P	P	P	P	P	P	P	P	P	L
YDR378C	S	S	S	S	S	S	S	S	S	S	S	S	P	P	P	P	P	P	P	P
YML118W	S	S	P	P	P	P	P	P	P	P	P	P	P	P	P	P	P	P	P	P
YPL211W	S	S	S	S	S	S	S	S	S	S	S	S	P	P	P	P	P	P	P	P
YER007C-A	S	S	S	S	S	S	S	S	S	S	S	S	P	P	P	P	P	P	P	P
YGL078C	S	S	S	S	S	S	S	S	S	S	S	S	P	P	P	P	P	P	P	P
YDR500C	S	S	S	P	P	P	S	S	P	P	P	P	P	P	P	P	P	P	P	P
YNL118C	S	S	S	S	S	S	S	S	S	S	S	S	P	P	P	P	P	P	P	P
YLR060W	S	S	S	S	S	S	S	S	S	S	S	S	P	P	P	P	P	P	P	P
YOR361C	S	S	S	S	S	S	S	S	S	S	S	S	P	P	P	P	P	P	P	P
YMR024W	S	S	S	S	S	S	S	S	S	S	S	S	P	P	P	P	P	P	P	P
YCL011C	S	S	S	P	P	P	P	P	P	P	P	P	P	P	P	P	P	P	L	P
YGL063W	S	S	S	P	P	P	P	P	P	P	P	P	P	P	P	P	P	P	P	P
YGR034W	S	S	S	P	P	S	S	S	P	P	P	P	P	P	P	P	P	P	P	P
YDR418W	P	P	S	P	P	P	P	S	P	P	P	P	P	P	P	P	P	P	P	P
YBR251W	S	S	S	S	S	S	S	S	S	S	S	S	P	P	P	P	P	P	P	P
YGL064C	S	S	S	S	S	S	S	S	S	S	S	S	P	P	P	P	P	P	P	P
YKR086W	S	S	S	S	S	S	S	S	S	S	S	S	P	P	P	P	P	P	P	P
YDR370C	S	S	S	S	S	S	S	S	S	S	S	S	P	P	P	P	L	P	P	P
YCR077C	S	S	S	S	S	S	S	S	S	S	S	S	P	P	P	P	P	P	P	P
YGR222W	S	S	D	S	S	S	S	S	S	S	S	S	P	P	P	P	P	P	P	P
YGL049C	P	S	P	P	P	P	P	P	P	P	P	P	P	P	P	P	L	P	P	P
YDL051W	S	S	P	S	S	S	S	S	S	S	S	S	P	P	P	P	P	P	P	P
YKL068W	P	P	P	P	P	P	P	P	P	P	P	P	P	P	P	P	P	P	P	P
YLR448W	P	P	S	P	P	P	S	S	P	P	P	P	P	P	P	P	P	P	P	P
YHR203C	S	P	S	P	P	P	P	S	P	P	P	P	P	P	P	P	P	P	P	P
YDL036C	S	S	S	P	P	P	P	P	P	P	P	P	P	P	P	P	P	P	P	P
YKR002W	S	S	S	S	S	S	S	S	S	S	S	S	P	P	P	P	L	P	P	P
YNR038W	S	S	S	S	S	S	S	S	S	S	S	S	P	P	P	P	P	P	P	P
YLR029C	S	S	S	S	S	S	S	S	P	P	P	P	P	P	P	P	P	P	P	P
YOL033W	S	S	S	S	S	S	S	S	S	S	S	S	P	P	P	P	P	P	P	P
YGL244W	S	S	S	S	S	S	S	S	S	S	S	S	P	P	P	P	P	P	P	P
YNL175C	S	S	S	S	S	S	S	S	S	S	S	S	P	P	P	P	P	P	P	P
YOR145C	S	S	S	S	S	S	S	S	S	S	S	S	P	P	P	P	P	P	P	P
YNL022C	S	S	S	S	S	S	S	S	S	S	S	S	P	P	P	P	P	P	P	P
YDR151C	S	S	S	P	P	S	S	S	P	P	P	P	P	P	P	P	P	P	P	P
YLR175W	S	S	S	S	S	S	S	S	S	S	S	S	P	P	P	P	P	P	P	P
YIL079C	P	P	P	P	P	S	P	P	P	P	P	P	P	P	P	P	P	P	P	P
YGL135W	S	S	P	S	S	S	S	S	P	P	P	P	P	P	P	P	P	P	P	P
YKL130C	P	P	P	S	S	S	S	S	S	S	S	S	P	P	P	P	P	P	P	P
YBR189W	P	P	S	P	P	P	P	P	P	P	P	P	P	P	P	P	P	P	P	P
YLR438C-A	S	S	S	S	S	S	S	S	S	S	S	S	P	P	P	P	P	P	P	P
YGR095C	S	S	S	S	S	S	S	S	S	S	S	S	P	P	P	P	P	P	P	P
YFL002C	S	S	S	S	S	S	S	S	S	S	S	S	P	P	P	P	P	P	P	P
YDL209C	S	S	S	S	S	S	S	S	S	S	S	S	P	P	P	L	P	P	P	P
YPL178W	S	S	S	S	S	S	S	S	S	S	S	S	P	P	P	P	P	P	P	P
YFR023W	P	P	P	P	P	P	P	S	P	P	P	P	P	P	P	P	P	P	P	P
YLR398C	S	S	S	S	S	S	S	S	S	S	S	S	P	P	P	P	P	P	P	P
YLR249W	P	S	S	P	S	S	P	S	P	P	P	P	P	P	P	P	P	P	P	P
YJR091C	P	P	S	P	P	P	P	P	P	P	P	P	P	P	P	P	P	P	P	P
YDL208W	P	S	S	S	S	S	S	S	S	S	S	S	P	P	P	P	P	P	P	P
YBL026W	S	S	S	S	S	S	S	S	S	S	S	S	P	P	P	P	P	P	P	L
YMR239C	S	S	S	S	S	S	S	P	S	S	S	S	P	P	P	P	P	P	P	P
YMR230W	S	P	S	P	P	P	P	S	P	P	P	P	P	P	P	P	P	P	P	P
YGR158C	S	S	S	S	S	S	S	S	S	S	S	S	P	P	P	P	P	P	P	L
YML017W	S	S	P	P	S	S	S	S	S	S	S	S	P	P	P	P	P	P	P	P
YMR309C	S	S	S	S	S	S	S	S	S	S	S	S	P	P	P	P	P	P	P	P
YNR054C	S	P	S	S	S	S	S	S	S	S	S	S	P	P	P	P	P	P	P	P
YFR031C-A	P	P	S	P	P	P	P	S	P	P	P	P	P	P	P	P	P	P	P	P
YBR167C	S	S	S	S	S	S	S	S	S	S	S	S	P	P	P	P	P	P	P	P
YDL014W	S	S	S	S	S	S	P	S	S	S	S	S	P	P	P	P	P	P	P	P
YLR264W	P	P	S	P	P	S	P	P	P	P	P	P	P	P	P	P	P	P	P	P
YHR121W	S	S	S	S	S	S	S	S	S	S	S	S	P	P	P	P	P	P	P	P
YNL110C	S	S	S	S	S	S	S	S	S	S	S	S	P	P	P	P	P	P	P	P
YNL232W	S	S	S	S	S	S	S	S	S	S	S	S	P	P	P	P	P	P	P	P
YDL219W	S	S	S	S	S	S	S	S	S	S	S	S	P	P	P	P	P	P	P	P
YFR031C-A	P	P	S	P	P	P	P	S	P	P	P	P	P	P	P	P	P	P	P	P
YHR087W	S	S	D	S	S	S	S	S	S	S	S	S	P	P	P	L	L	P	P	P
YGL123W	S	S	S	S	S	S	S	S	S	S	S	S	P	P	P	P	P	P	P	P
YBL027W	P	P	S	P	P	P	P	S	P	P	P	P	P	P	P	P	P	P	P	P
YDR332W	S	S	S	S	S	S	S	S	S	S	S	S	P	P	P	P	P	P	P	P
YML025C	S	S	S	S	S	S	S	S	S	S	S	S	P	P	P	P	P	P	P	P
YER063W	S	S	S	S	S	S	S	S	S	S	S	S	P	L	P	P	P	L	P	P
YBR031W	S	S	S	S	S	S	S	S	P	P	P	P	P	P	P	P	P	P	P	P
YPR186C	S	S	S	S	S	S	S	S	S	S	S	S	P	P	P	P	P	P	P	P
YDR374C	S	S	S	S	S	S	S	S	S	S	S	S	P	P	P	P	P	P	P	P
YKL082C	S	S	S	S	S	S	S	S	S	S	S	S	P	P	P	P	P	P	P	P
YGL122C	S	S	S	S	S	S	S	S	S	S	S	S	P	P	P	P	P	P	P	P
YBR130C	S	S	S	P	P	P	P	P	S	S	S	S	P	P	P	P	P	P	P	P
YPL043W	S	S	S	S	S	S	S	S	S	S	S	S	P	P	P	P	P	P	P	P
YLR249W	P	S	S	P	S	S	P	S	P	P	P	P	P	P	P	P	P	P	P	P
YMR287C	S	S	S	S	S	S	S	S	S	S	S	S	P	P	P	P	L	P	P	P
YJL138C	S	S	S	S	S	S	S	S	P	P	P	P	P	P	P	P	P	P	P	P
YOR046C	S	S	S	S	S	S	S	S	S	S	S	S	P	P	P	P	P	P	P	P
YDR335W	S	S	S	S	S	S	S	S	S	S	S	S	P	P	P	P	P	P	P	P
YBL024W	S	P	S	P	P	P	S	S	S	S	S	S	P	P	P	P	P	P	P	P
YPL029W	S	S	S	S	S	S	S	S	S	S	S	S	P	P	P	P	P	P	P	P
YGR169C	S	S	S	S	S	S	S	S	S	S	S	S	P	P	P	P	P	P	P	P
YDR300C	S	S	S	P	P	P	P	P	P	P	P	P	P	P	P	P	P	P	P	P
YPL190C	S	S	S	S	S	S	S	S	S	S	S	S	P	P	P	P	P	P	P	P
YGR192C	S	S	P	P	P	S	P	S	P	P	P	P	P	P	P	L	L	P	P	P
YDR195W	S	S	S	S	S	S	S	S	S	S	S	S	P	P	P	P	P	P	P	P
YGR013W	S	S	S	S	S	S	S	S	S	S	S	S	P	P	P	P	P	P	P	P
YDL224C	P	P	P	P	P	P	P	P	P	P	P	P	P	P	P	P	P	P	P	P
YDR237W	S	S	S	S	S	S	S	S	S	S	S	S	P	P	P	P	P	P	P	P
YHR077C	S	S	S	S	S	S	S	S	S	S	S	S	P	P	P	P	P	P	P	P
YGR034W	S	S	S	P	P	S	S	S	P	P	P	P	P	P	P	P	P	P	P	P
YDL030W	S	S	S	S	S	S	S	S	S	S	S	S	P	P	P	P	P	P	P	P
YBL051C	P	P	S	S	S	S	S	P	S	S	S	S	P	P	P	P	P	P	P	P
YDL084W	P	P	P	S	S	S	S	S	S	S	S	S	P	P	P	P	P	P	P	P
YAL021C	S	S	S	S	S	S	S	S	S	S	S	S	P	P	P	P	P	P	P	P
YJL203W	S	S	S	S	S	S	S	S	S	S	S	S	P	P	P	P	P	P	P	P
YNL147W	S	S	S	S	S	S	S	S	S	S	S	S	P	P	P	P	P	P	P	P
YMR229C	S	S	S	S	S	S	S	S	S	S	S	S	P	P	P	P	P	P	P	P
YGL178W	P	P	P	S	S	S	S	S	S	S	S	S	P	P	P	P	P	P	P	P
YGL092W	S	S	S	S	S	S	S	S	S	S	S	S	P	P	P	P	P	P	P	P
YNL286W	S	D	D	S	S	S	S	D	S	S	S	S	P	P	L	L	L	P	P	P
YEL050C	S	S	S	S	S	S	S	S	S	S	S	S	P	P	P	P	P	P	P	P
YOR063W	S	S	S	S	S	S	S	S	S	S	S	S	P	P	P	P	P	P	P	P
YLR275W	S	S	S	S	S	S	S	S	S	S	S	S	P	P	P	P	P	P	P	P
YHR052W	S	S	S	S	S	S	S	S	S	S	S	S	P	P	P	P	P	P	P	P
YGL246C	S	S	S	S	S	P	P	S	S	S	S	S	P	P	P	P	P	P	P	P
YBR236C	S	S	S	S	S	S	S	S	S	S	S	S	P	P	P	P	P	P	P	P
YLR277C	S	S	S	S	S	P	P	P	P	P	P	P	P	P	P	P	P	P	P	P
YPL093W	S	S	S	S	S	S	S	S	S	S	S	S	P	P	P	P	P	P	P	P
YGL103W	S	S	S	S	S	S	S	S	S	S	S	S	P	P	P	P	P	P	P	P
YBR079C	S	S	S	S	S	S	S	S	S	S	S	S	P	P	P	P	P	P	P	P
YDR450W	S	P	S	P	P	P	P	S	P	P	P	P	P	P	P	P	P	P	P	P
YHR072W-A	S	S	S	D	S	S	S	S	S	S	S	S	P	P	P	P	P	P	P	P
YBR152W	S	S	S	S	S	S	S	S	S	S	S	S	P	P	P	P	P	P	P	P
YLR298C	S	S	S	S	S	S	S	S	S	S	S	S	P	P	P	P	P	P	P	P
YNL037C	S	S	S	S	S	S	S	S	S	S	S	S	P	P	P	P	P	P	P	P
YDR496C	S	S	S	S	S	S	S	S	S	S	S	S	P	P	P	P	P	P	P	P
YKL068W	P	P	P	P	P	P	P	P	P	P	P	P	P	P	P	P	P	P	P	P
YGL044C	S	S	S	S	S	S	S	S	S	S	S	S	P	P	P	P	P	P	P	P
YDR283C	S	S	S	S	S	S	S	S	S	S	S	S	P	P	P	P	L	P	P	P
YOL021C	S	S	S	S	S	S	S	S	S	S	S	S	P	P	P	P	P	P	P	P
YOR319W	S	S	S	S	S	S	S	S	S	S	S	S	P	P	P	P	P	P	P	P
YLR022C	S	S	S	S	S	S	S	S	S	S	S	S	P	P	P	P	P	P	P	P
YGR090W	S	S	S	S	S	S	S	S	S	S	S	S	P	P	P	P	P	P	P	P
YBR233W	S	S	S	P	P	S	S	S	S	S	S	S	P	P	P	P	P	P	P	P
YER068W	S	S	S	S	S	S	S	S	S	S	S	S	P	P	P	P	P	P	P	P
YOL077C	S	S	S	S	S	S	S	S	S	S	S	S	P	P	P	P	L	P	P	P
YFL034C-A	S	S	P	P	P	S	S	S	P	P	P	P	P	P	P	P	P	P	P	P
YOR123C	S	S	S	S	S	S	S	S	S	S	S	S	P	P	P	P	P	P	P	P
YER056C-A	P	S	S	P	P	P	S	S	P	P	P	P	P	P	P	P	P	P	P	P
YHL038C	D	S	S	S	S	S	S	S	S	S	S	S	P	P	L	L	P	P	P	P
YGL192W	S	S	S	S	S	S	S	S	S	S	S	S	P	P	P	P	L	P	P	P
YHR081W	S	S	S	S	S	S	S	S	S	S	S	S	P	P	P	P	P	P	P	P
YDR151C	S	S	S	P	P	S	S	S	P	P	P	P	P	P	P	P	P	P	P	P
YBR048W	S	S	S	S	P	P	S	S	P	P	P	P	P	P	P	P	P	P	P	P
YHL033C	P	S	S	P	P	P	P	S	P	P	P	P	P	P	P	P	P	P	P	L
YHR021C	S	S	S	P	P	S	S	S	P	P	P	P	P	P	P	P	P	P	P	P
YFL017W-A	S	S	S	S	S	S	S	S	S	S	S	S	P	P	P	P	P	P	P	P
YNL292W	S	S	S	S	S	S	S	S	S	S	S	S	P	P	P	P	P	P	P	P
YOL139C	P	S	P	S	S	S	S	S	S	S	S	S	P	P	P	P	P	P	P	P
YIL133C	P	P	S	P	P	P	S	S	P	P	P	P	P	P	P	P	P	P	P	P
YOR198C	P	P	P	P	S	S	S	S	S	S	S	S	P	P	P	P	P	P	P	P
YPL126W	S	S	S	S	S	S	S	S	S	S	S	S	P	P	P	P	P	P	P	P
YML117W	S	S	S	S	S	S	S	S	S	S	S	S	P	P	P	P	P	P	P	P
YPR182W	S	S	S	S	S	S	S	S	S	S	S	S	P	P	P	P	P	P	P	P
YNL302C	S	P	S	P	P	P	S	S	P	P	P	P	P	P	P	P	P	P	P	P
YNR011C	S	S	S	S	S	S	S	S	S	S	S	S	P	P	P	P	P	P	P	P
YNL112W	S	S	S	S	S	S	S	S	S	S	S	S	P	P	P	P	P	P	P	P
YPL086C	S	S	S	S	S	S	S	S	S	S	S	S	P	P	P	P	P	P	P	P
YBR257W	S	S	S	S	S	S	S	S	S	S	S	S	P	P	P	P	P	P	P	P
YDR500C	S	S	S	P	P	P	S	S	P	P	P	P	P	P	P	P	P	P	P	P
YDR538W	D	D	D	D	D	D	D	D	S	S	S	S	L	L	L	L	L	L	L	L
YDR385W	P	P	P	P	P	S	P	S	S	P	P	P	P	P	P	P	P	P	P	P
YLL018C	S	S	S	S	S	S	S	S	S	S	S	S	P	P	P	P	P	P	P	P
YHL024W	S	S	S	S	S	S	S	S	S	S	S	S	P	P	P	P	P	P	P	P
YDR301W	S	S	S	S	S	S	S	S	S	S	S	S	P	P	P	P	P	P	P	P
YDR412W	S	S	S	S	S	S	S	S	S	S	S	S	P	P	P	P	L	P	P	P
YGR092W	S	S	S	P	P	S	S	P	P	P	P	P	P	P	P	P	P	P	P	P
YKL205W	S	S	S	S	S	S	S	S	S	S	S	S	P	P	P	P	P	P	P	P
YPR163C	S	S	P	S	S	S	S	S	S	S	S	S	P	P	P	P	P	P	P	P
YGL171W	S	S	S	D	S	S	S	S	S	S	S	S	P	P	P	P	P	P	P	P
YMR194W	P	P	S	S	P	S	S	S	P	P	P	P	P	P	P	P	P	P	P	P
YER168C	S	S	S	S	S	S	P	S	S	S	S	S	P	P	P	P	P	P	P	P
YGL147C	D	S	S	S	S	S	S	S	S	S	S	S	P	P	P	P	P	P	P	P
YGR178C	S	S	S	S	S	S	S	S	S	S	S	S	P	P	P	P	P	P	P	P
YDR381W	S	P	P	S	S	S	S	S	S	S	S	S	P	P	P	P	L	P	P	P
YJL080C	P	P	P	S	S	S	S	S	S	S	S	S	P	P	P	P	P	P	P	P
YJR091C	P	P	S	P	P	P	P	P	P	P	P	P	P	P	P	P	P	P	P	P
YDL167C	S	S	S	S	S	S	S	S	S	S	S	S	P	P	P	P	L	P	P	P
YMR194W	P	P	S	S	P	S	S	S	P	P	P	P	P	P	P	P	P	P	P	P
YMR125W	S	P	S	P	P	S	P	S	S	S	S	S	P	P	P	P	P	P	P	P
YDR117C	S	S	S	S	S	S	S	S	S	S	S	S	P	P	P	P	P	P	P	P
YOL040C	S	S	S	S	S	S	S	S	S	S	S	S	P	P	P	P	P	P	P	P
YJL138C	S	S	S	S	S	S	S	S	P	P	P	P	P	P	P	P	P	P	P	P
YEL034W	S	P	S	P	P	P	P	P	P	P	P	P	P	P	P	P	P	P	P	P
YAL033W	S	S	S	S	S	S	S	S	S	S	S	S	P	P	P	P	P	P	P	P
YGL031C	S	S	S	P	P	P	P	S	P	P	P	P	P	P	P	P	P	P	P	P
YNL081C	S	S	S	S	S	S	S	S	S	S	S	S	P	P	P	P	P	P	P	P
YFR032C	S	S	S	S	S	S	S	S	S	S	S	S	P	P	P	P	L	P	P	P
YNR037C	S	S	S	S	S	S	S	S	S	S	S	S	P	P	P	P	P	P	P	P
YOR201C	S	S	S	S	S	S	S	S	S	S	S	S	P	P	P	P	P	P	P	P
YDR235W	S	S	S	S	S	S	S	S	S	S	S	S	P	P	P	P	L	P	P	P
YHR069C	S	S	S	S	S	S	S	S	S	S	S	S	P	P	P	P	P	P	P	P
YMR188C	S	S	S	S	S	S	S	S	S	S	S	S	P	P	P	P	P	P	P	P
YJL033W	S	S	S	S	S	S	S	S	S	S	S	S	P	P	P	P	P	P	P	P
YMR128W	S	S	S	S	S	S	S	S	S	S	S	S	P	P	P	P	P	P	P	P
YDR021W	S	S	S	S	S	S	S	S	S	S	S	S	P	P	P	P	P	P	P	P
YMR230W	S	P	S	P	P	P	P	S	P	P	P	P	P	P	P	P	P	P	P	P
YFL001W	S	P	S	S	S	S	S	S	S	S	S	S	P	P	P	P	P	P	P	P
YDR194C	S	S	S	S	S	S	S	S	S	S	S	S	P	P	P	P	P	P	P	P
YMR146C	S	P	S	S	S	S	S	S	S	S	S	S	P	P	P	P	P	P	P	P
YJR123W	P	P	S	P	P	S	S	S	S	S	S	S	P	P	P	P	P	P	P	P
YMR228W	S	S	S	S	S	S	S	S	S	S	S	S	P	P	P	P	P	P	P	P
YNL302C	S	P	S	P	P	P	S	S	P	P	P	P	P	P	P	P	P	P	P	P
YNL016W	S	S	S	S	S	S	S	S	S	S	S	S	P	P	P	P	P	P	P	P
YPL243W	S	S	S	S	S	S	S	S	S	S	S	S	P	P	P	P	P	P	P	P
YFL034C-A	S	S	P	P	P	S	S	S	P	P	P	P	P	P	P	P	P	P	P	P
YGL135W	S	S	P	S	S	S	S	S	P	P	P	P	P	P	P	P	P	P	P	P
YDR280W	S	S	S	S	S	S	S	S	S	S	S	S	P	P	P	P	P	P	P	P
YIR009W	S	S	S	S	S	D	S	S	S	S	S	S	P	P	P	P	P	P	P	P
YKL012W	S	S	S	S	S	S	S	S	S	S	S	S	P	P	P	P	P	P	P	P
YMR282C	S	S	S	S	S	S	S	S	S	S	S	S	P	P	P	P	P	P	P	P
YLR115W	S	S	S	S	S	S	S	S	S	S	S	S	P	P	P	P	L	P	P	P
YJL124C	S	S	S	S	S	S	S	S	S	S	S	S	P	P	P	P	P	P	P	P
YDL224C	P	P	P	P	P	P	P	P	P	P	P	P	P	P	P	P	P	P	P	P
YLR147C	S	S	S	S	S	S	S	S	S	S	S	S	P	P	P	P	P	P	P	P
YOR136W	P	P	S	S	S	S	S	S	S	S	S	S	P	P	P	P	P	P	P	P
YHR089C	S	S	S	S	S	S	S	S	S	S	S	S	P	P	P	P	P	P	P	P
YER112W	S	S	S	S	S	S	S	S	S	S	S	S	P	P	P	P	P	P	P	P
YKR060W	S	S	S	S	S	S	S	S	S	S	S	S	P	P	P	P	P	P	P	P
YDL043C	S	S	S	S	S	S	S	S	S	S	S	S	P	P	P	P	P	P	P	P
YCR031C	P	P	P	P	P	S	S	P	P	P	P	P	P	P	P	P	P	P	P	P
YOL123W	S	S	P	P	P	S	S	P	S	S	S	S	P	P	P	P	P	P	P	P
YNR024W	S	S	S	S	S	S	S	S	S	S	S	S	P	P	P	P	P	P	P	P
YLR009W	P	S	S	S	S	S	S	S	S	S	S	S	P	P	P	P	P	P	P	P
YJR022W	S	S	S	S	S	S	S	S	S	S	S	S	P	P	P	P	P	P	P	P
YAL043C	S	S	S	S	S	S	S	S	S	S	S	S	P	P	P	P	P	P	P	P
YKL078W	S	S	S	S	S	S	S	S	S	S	S	S	P	P	P	P	P	P	P	P
YGL030W	S	S	S	S	S	S	S	S	S	S	S	S	P	P	P	P	P	P	P	L
YGR085C	S	S	S	S	S	S	S	S	P	P	P	P	P	P	P	P	P	P	P	P
YDL036C	S	S	S	P	P	P	P	P	P	P	P	P	P	P	P	P	P	P	P	P
YER165W	P	S	S	S	S	S	S	S	S	S	S	S	P	P	P	P	P	P	P	P
YNL062C	S	S	S	S	S	S	S	S	S	S	S	S	P	P	P	P	P	P	P	P
YPL146C	S	S	S	S	S	S	S	S	S	S	S	S	P	P	P	P	P	P	P	P
YPR107C	S	S	S	S	S	S	S	S	S	S	S	S	P	P	P	P	P	P	P	P
YBL032W	S	S	S	P	P	P	P	P	P	P	P	S	P	P	P	P	P	P	P	P
YIL061C	S	S	S	S	S	S	S	S	S	S	S	S	P	P	P	P	P	P	P	P
YLR116W	S	S	S	S	S	S	S	S	S	S	S	S	P	P	P	P	P	P	P	P
YJR113C	S	S	S	S	S	S	S	S	S	S	S	S	P	P	P	P	P	P	P	P
YER077C	S	S	S	S	S	S	S	S	S	S	S	S	P	P	P	P	P	P	P	P
YMR061W	S	S	S	S	S	S	S	S	S	S	S	S	P	P	P	P	P	P	P	P
YMR265C	S	S	S	S	S	S	S	S	S	S	S	S	P	P	P	P	L	P	P	P
YLR165C	S	S	S	S	S	D	D	S	S	S	S	S	P	P	P	P	P	P	P	P
YDR429C	P	P	S	P	S	S	S	S	S	S	S	S	P	P	P	P	P	P	P	P
YOL041C	S	S	S	S	S	S	S	S	S	S	S	S	P	P	P	P	P	P	P	P
YKL025C	S	S	S	S	S	S	S	S	S	S	S	S	P	P	P	P	P	P	P	P
YIR021W	S	S	S	P	S	S	P	S	P	P	P	P	P	P	P	P	P	P	P	P
YPR152C	S	S	S	S	S	S	S	S	S	S	S	S	P	P	P	P	P	P	P	P
YGL063W	S	S	S	P	P	P	P	P	P	P	P	P	P	P	P	P	P	P	P	P
YOR204W	S	S	P	P	P	P	P	P	P	P	P	P	P	P	P	P	P	P	P	P
YDR293C	P	P	P	S	S	S	S	S	S	S	S	S	P	P	P	P	P	P	P	P
YHR062C	S	S	S	S	S	S	S	S	S	S	S	S	P	P	P	P	P	P	P	P
YLL013C	S	S	S	S	S	S	S	S	S	S	S	S	P	P	P	P	P	P	P	P
YHL033C	P	S	S	P	P	P	P	S	P	P	P	P	P	P	P	P	P	P	P	L
YHL001W	S	S	S	P	P	S	S	S	P	P	P	P	P	P	P	P	P	P	P	P
YIR005W	S	S	S	S	S	S	S	S	S	S	S	S	P	P	P	P	P	P	P	P
YGL232W	S	S	S	S	S	S	S	S	S	S	S	S	P	P	P	P	P	P	P	P
YNL244C	S	S	S	S	S	S	S	S	S	S	S	S	P	P	P	P	P	P	P	P
YDR337W	S	S	S	S	S	S	S	S	S	S	S	S	P	P	P	P	P	P	P	P
YLR029C	S	S	S	S	S	S	S	S	P	P	P	P	P	P	P	P	P	P	P	P
