Gene ID	V.polysp	T.phaffi	T.blatta	N.dairen	N.castel	K.nagani	K.africa	C.glabra	S.uvarum	S.kudria	S.mikata	S.cerevi	Z.rouxii	T.delbru	K.lactis	E.gossyp	E.cymbal	L.kluyve	L.thermo	L.waltii
YGL028C	S	P	S	S	S	S	S	P	S	S	S	S	P	P	P	L	L	P	P	P
YEL040W	S	S	S	S	S	S	S	S	S	S	S	S	P	P	P	L	L	P	P	P
YBR229C	S	S	S	S	S	S	S	S	S	S	S	S	P	P	P	P	P	P	P	P
YLR300W	P	P	P	P	P	P	P	P	P	P	P	P	P	P	P	P	P	P	P	P
YGR279C	P	P	S	P	P	P	P	P	P	P	P	P	P	P	P	P	P	P	P	P
YEL011W	S	S	D	S	S	S	S	S	S	S	S	S	P	P	P	P	P	P	P	P
YLR213C	S	S	S	S	S	S	S	S	S	S	S	S	P	P	P	P	P	P	P	P
YGR143W	S	P	P	P	P	P	P	P	P	P	P	P	P	P	P	P	P	P	P	P
YGR279C	P	P	S	P	P	P	P	P	P	P	P	P	P	P	P	P	P	P	P	P
YPR184W	S	S	S	S	S	S	S	S	S	S	S	S	P	P	P	P	P	P	P	P
YLR300W	P	P	P	P	P	P	P	P	P	P	P	P	P	P	P	P	P	P	P	P
YDR371W	S	S	S	S	S	S	S	S	S	S	S	S	P	P	P	P	P	P	P	P
YGR282C	S	S	S	S	S	S	S	S	S	S	S	S	P	P	P	P	P	P	P	P
YMR196W	S	S	S	S	P	S	P	P	S	S	S	S	P	P	P	P	P	P	P	P
YIL099W	D	S	S	S	S	S	S	S	S	S	S	S	P	P	P	P	P	P	P	P
YDR261C	S	S	S	S	S	S	S	S	S	S	S	S	P	P	L	P	P	P	L	P
YGR143W	S	P	P	P	P	P	P	P	P	P	P	P	P	P	P	P	P	P	P	P
YIL162W	S	D	D	D	D	D	D	D	S	S	S	S	P	P	P	P	P	P	P	P
YGR189C	P	S	D	P	P	S	S	S	S	S	S	S	P	P	P	P	P	P	P	P
YIR007W	S	S	S	S	S	S	P	S	S	S	S	S	P	P	P	P	P	P	P	P
YGL027C	S	S	S	S	S	S	S	S	S	S	S	S	P	P	P	P	P	P	P	P
YPR026W	S	S	P	S	S	S	S	S	S	S	S	S	P	P	P	P	P	P	P	P
YLR286C	S	P	S	S	S	S	S	S	S	S	S	S	P	P	P	L	P	P	P	P
