Gene ID	V.polysp	T.phaffi	T.blatta	N.dairen	N.castel	K.nagani	K.africa	C.glabra	S.uvarum	S.kudria	S.mikata	S.cerevi	Z.rouxii	T.delbru	K.lactis	E.gossyp	E.cymbal	L.kluyve	L.thermo	L.waltii
YBL055C	S	S	S	S	S	S	S	S	S	S	S	S	P	P	P	P	P	P	P	P
YNR052C	S	S	S	S	S	S	S	S	S	S	S	S	P	P	P	P	P	P	P	P
YMR224C	S	S	S	S	S	S	S	S	S	S	S	S	P	P	P	P	P	P	P	P
YML091C	S	S	P	S	S	S	S	S	S	S	S	S	P	P	P	P	P	P	P	P
YOR001W	S	S	S	S	S	S	S	S	S	S	S	S	P	P	P	P	P	P	P	P
YGL094C	S	S	S	S	S	S	S	S	S	S	S	S	P	P	P	P	P	P	P	P
YNL072W	S	S	S	S	S	S	S	S	S	S	S	S	P	P	P	P	P	P	P	P
YPL123C	S	S	S	S	S	S	S	S	S	S	S	S	P	P	P	P	P	P	P	P
YOR048C	S	S	S	S	S	S	S	S	S	S	S	S	P	P	P	P	P	P	P	P
YDR478W	S	S	S	S	S	S	S	S	S	S	S	S	P	P	P	P	P	P	P	P
YNL001W	S	S	S	P	P	S	P	P	P	P	S	P	P	P	P	P	P	P	P	P
YKR079C	S	S	P	S	S	S	S	S	S	S	S	S	P	P	P	P	P	P	P	P
YMR262W	S	S	S	S	S	S	S	S	S	S	S	S	P	P	P	P	P	P	P	P
YOL042W	S	S	S	S	S	S	S	S	S	S	S	S	P	P	P	P	P	P	P	P
YHR164C	S	S	S	S	S	S	S	S	S	S	S	S	P	P	P	P	P	P	P	P
YGR276C	S	S	S	S	S	S	S	S	S	S	S	S	P	P	P	P	P	P	P	P
YKL113C	S	S	S	S	S	S	S	S	S	S	S	S	P	P	P	P	P	P	P	P
YBR163W	S	S	S	S	S	S	S	S	S	S	S	S	P	P	P	P	P	P	P	P
YDL227C	S	S	S	S	S	S	D	S	S	D	S	S	P	P	L	L	L	L	L	L
YDR386W	S	S	S	S	S	S	S	S	S	S	S	S	P	P	P	P	P	P	P	P
YPL022W	S	S	S	S	S	S	S	S	S	S	S	S	P	P	P	P	L	P	P	P
YGL173C	P	P	S	S	S	S	S	S	S	S	S	S	P	P	P	P	P	P	P	P
YBR098W	S	S	S	S	S	S	S	S	S	S	S	S	P	P	P	P	P	P	P	P
YML118W	S	S	P	P	P	P	P	P	P	P	P	P	P	P	P	P	P	P	P	P
YML095C	S	S	S	S	S	S	S	S	S	S	S	S	P	P	P	P	P	P	P	P
YDR370C	S	S	S	S	S	S	S	S	S	S	S	S	P	P	P	P	L	P	P	P
YJL208C	S	S	S	S	S	S	S	S	S	S	S	S	P	P	P	P	P	P	P	P
YDR263C	S	S	S	P	P	S	S	S	P	P	P	P	P	P	P	P	P	P	P	P
YOR368W	S	S	S	S	S	S	S	S	S	S	S	S	P	P	P	P	P	P	P	P
YMR239C	S	S	S	S	S	S	S	P	S	S	S	S	P	P	P	P	P	P	P	P
YBR228W	S	S	S	S	S	S	S	S	S	S	S	S	P	P	P	P	P	P	P	P
YMR287C	S	S	S	S	S	S	S	S	S	S	S	S	P	P	P	P	L	P	P	P
YIR021W	S	S	S	P	S	S	P	S	P	P	P	P	P	P	P	P	P	P	P	P
YOR056C	S	S	S	S	S	S	S	S	S	S	S	S	P	P	P	P	P	P	P	P
YAL021C	S	S	S	S	S	S	S	S	S	S	S	S	P	P	P	P	P	P	P	P
YGL246C	S	S	S	S	S	P	P	S	S	S	S	S	P	P	P	P	P	P	P	P
YLR277C	S	S	S	S	S	P	P	P	P	P	P	P	P	P	P	P	P	P	P	P
YNL085W	S	S	S	S	S	S	S	S	S	S	S	S	P	P	P	P	P	P	P	P
YOL021C	S	S	S	S	S	S	S	S	S	S	S	S	P	P	P	P	P	P	P	P
YML118W	S	S	P	P	P	P	P	P	P	P	P	P	P	P	P	P	P	P	P	P
YDL185W	S	S	S	S	S	S	S	S	S	S	S	S	P	P	P	P	P	P	P	P
YGR258C	S	S	S	S	S	S	S	S	S	S	S	S	P	P	P	P	P	P	P	P
YGL085W	S	S	S	S	S	S	S	S	S	S	S	S	P	P	P	P	P	P	P	P
YOL080C	S	S	S	S	S	S	S	S	S	S	S	S	P	P	P	P	P	P	P	P
YER041W	P	S	S	S	S	S	S	S	S	S	S	S	P	P	P	P	P	P	P	P
YMR234W	S	S	S	S	P	S	S	S	S	S	S	S	P	P	P	P	P	P	P	P
YDL102W	S	S	S	S	S	S	S	S	S	S	S	S	P	P	P	P	P	P	P	P
YBL019W	S	S	S	S	S	S	S	S	S	S	S	S	P	P	P	P	P	P	P	P
YLR132C	S	S	S	S	S	S	S	S	S	S	S	S	P	P	P	P	P	P	P	P
YLR107W	S	S	S	S	S	S	S	S	S	S	S	S	P	P	P	P	P	P	P	P
YGL175C	S	S	S	S	S	S	S	S	S	S	S	S	P	P	P	P	P	P	P	P
YBR223C	S	S	S	S	S	S	S	S	S	S	S	S	P	P	P	P	P	P	P	P
YLR059C	S	S	S	S	S	S	S	S	S	S	S	S	P	P	P	P	P	P	P	P
YDR263C	S	S	S	P	P	S	S	S	P	P	P	P	P	P	P	P	P	P	P	P
YMR137C	S	S	S	S	S	S	S	S	S	S	S	S	P	P	P	P	P	P	P	P
YJL087C	S	S	S	S	S	S	S	S	S	S	S	S	P	P	P	P	P	P	P	P
