Gene ID	V.polysp	T.phaffi	T.blatta	N.dairen	N.castel	K.nagani	K.africa	C.glabra	S.uvarum	S.kudria	S.mikata	S.cerevi	Z.rouxii	T.delbru	K.lactis	E.gossyp	E.cymbal	L.kluyve	L.thermo	L.waltii
YNL099C	S	S	S	S	S	S	S	S	S	S	S	S	P	P	P	P	P	P	P	P
YPR200C	D	D	D	D	S	D	D	D	D	D	D	S	L	L	P	L	L	L	L	L
YMR036C	S	S	S	S	S	S	S	S	S	S	S	S	P	P	P	P	P	P	P	P
YDL230W	S	S	S	S	S	S	S	S	S	S	S	S	P	P	P	P	P	P	P	P
YNL056W	S	S	S	S	S	S	S	S	S	S	S	S	P	P	P	P	P	P	P	P
YGR203W	S	S	S	S	S	S	S	S	S	S	S	S	P	P	P	P	P	P	P	P
YJR110W	S	S	S	S	S	S	D	S	S	S	S	S	P	P	P	P	P	P	P	P
YIR026C	S	S	S	S	S	S	S	S	S	S	S	S	P	P	P	P	P	P	P	P
YPR073C	S	S	S	S	S	S	S	S	S	S	S	S	P	P	P	P	P	P	P	P
YBR276C	S	S	S	S	S	S	S	S	S	S	S	S	P	P	P	P	P	P	P	P
YIL113W	S	S	S	S	S	S	S	S	P	P	P	P	P	P	P	P	P	P	P	P
YNL222W	S	S	S	S	S	S	S	S	S	S	S	S	P	P	P	P	P	P	P	P
YER075C	S	D	S	S	P	S	S	S	S	S	S	S	P	P	P	P	P	P	P	P
YDR067C	S	S	S	S	S	S	S	S	S	S	S	S	P	P	P	P	P	P	P	P
YNL128W	S	S	S	S	S	S	S	S	S	S	S	S	P	P	P	P	P	P	P	P
YER134C	S	S	S	S	S	S	S	S	S	S	S	S	P	P	P	P	P	P	P	P
YOR208W	S	S	S	S	S	P	S	S	S	S	S	S	P	P	P	P	P	P	P	P
YFR028C	S	S	S	P	P	S	S	S	S	S	S	S	P	P	P	P	P	P	P	P
YIL113W	S	S	S	S	S	S	S	S	P	P	P	P	P	P	P	P	P	P	P	P
YCR095C	S	S	S	S	S	S	S	S	S	S	S	S	P	P	P	P	P	P	P	P
YNL032W	S	S	S	S	S	S	S	S	S	D	S	S	P	P	P	P	P	P	P	P
