Gene ID	V.polysp	T.phaffi	T.blatta	N.dairen	N.castel	K.nagani	K.africa	C.glabra	S.uvarum	S.kudria	S.mikata	S.cerevi	Z.rouxii	T.delbru	K.lactis	E.gossyp	E.cymbal	L.kluyve	L.thermo	L.waltii
YAL016W	P	P	S	S	S	S	S	P	S	S	S	S	P	P	P	P	P	P	P	P
YER054C	P	P	P	P	P	P	P	P	P	P	P	P	P	P	P	P	P	P	P	P
YOR227W	S	S	S	P	P	P	P	P	P	P	P	P	P	P	P	P	P	P	P	P
YAL031C	S	S	P	S	S	S	S	S	S	S	S	S	P	P	P	P	P	P	P	P
YIL153W	S	S	S	S	S	S	S	S	S	S	S	S	P	P	P	P	P	P	P	P
YOR014W	S	S	P	S	S	S	S	S	S	S	S	S	P	P	P	P	P	P	P	P
YDR028C	S	S	P	P	P	P	P	S	P	P	P	P	P	P	P	P	P	P	P	P
YLR273C	S	S	P	P	P	P	P	P	P	P	P	P	P	P	P	P	L	P	P	P
YNL201C	S	S	S	S	S	S	S	S	S	S	S	S	P	P	P	P	P	P	P	P
YHR075C	S	S	S	S	S	S	S	S	S	S	S	S	P	P	P	P	P	P	P	P
YBL046W	S	S	S	S	S	S	S	S	S	S	S	S	P	P	P	P	P	P	P	P
YER054C	P	P	P	P	P	P	P	P	P	P	P	P	P	P	P	P	P	P	P	P
YKR075C	S	P	S	P	P	P	S	P	P	P	P	P	P	P	P	P	L	P	P	P
YMR028W	S	S	S	S	S	S	S	S	S	S	S	S	P	P	P	P	P	P	P	P
YAL009W	S	S	S	S	S	S	S	S	S	S	S	S	P	P	P	P	P	P	P	P
YAR014C	S	S	P	S	S	S	S	S	S	S	S	S	P	P	P	P	P	P	P	P
YFR040W	P	P	P	P	P	P	P	S	P	P	P	P	P	P	P	P	P	P	P	P
YGL190C	S	S	S	P	P	S	S	S	S	S	S	S	P	P	P	P	P	P	P	P
YBR045C	P	P	P	S	S	P	S	S	S	S	S	S	P	P	P	P	P	P	P	P
YFR040W	P	P	P	P	P	P	P	S	P	P	P	P	P	P	P	P	P	P	P	P
YJL098W	S	S	P	P	P	P	P	S	P	P	P	P	P	P	P	P	P	P	P	P
YLR273C	S	S	P	P	P	P	P	P	P	P	P	P	P	P	P	P	L	P	P	P
YDL126C	P	S	P	P	P	S	S	S	S	S	S	S	P	P	P	P	P	P	P	P
YKR075C	S	P	S	P	P	P	S	P	P	P	P	P	P	P	P	P	L	P	P	P
YDR028C	S	S	P	P	P	P	P	S	P	P	P	P	P	P	P	P	P	P	P	P
YJL098W	S	S	P	P	P	P	P	S	P	P	P	P	P	P	P	P	P	P	P	P
YPL152W	S	S	S	S	S	S	S	S	S	S	S	S	P	P	P	P	P	P	P	P
YBL058W	S	S	S	S	S	S	S	S	S	S	S	S	P	P	P	P	P	P	P	P
