Gene ID	V.polysp	T.phaffi	T.blatta	N.dairen	N.castel	K.nagani	K.africa	C.glabra	S.uvarum	S.kudria	S.mikata	S.cerevi	Z.rouxii	T.delbru	K.lactis	E.gossyp	E.cymbal	L.kluyve	L.thermo	L.waltii
YHR007C	P	S	S	S	S	S	S	S	S	S	S	S	P	P	P	P	P	P	P	P
YDR178W	S	S	S	S	S	P	P	S	P	P	P	P	P	P	P	P	P	P	P	P
YEL039C	S	S	S	P	P	P	S	S	P	P	P	P	P	P	P	P	P	P	P	P
YNL234W	S	S	P	S	S	S	S	S	S	S	S	S	P	P	P	P	P	P	P	P
YMR073C	S	S	S	S	S	S	S	S	S	S	S	S	P	P	P	L	P	P	P	P
YKR066C	S	S	S	S	S	S	S	S	S	S	S	S	P	P	P	L	L	P	P	P
YGL055W	S	S	D	S	S	S	S	S	S	S	S	S	P	P	P	P	P	P	P	P
YMR272C	P	S	S	S	S	S	S	S	S	S	S	S	P	P	P	P	P	P	P	P
YML054C	S	S	D	S	S	S	S	S	S	S	S	S	P	P	P	L	L	P	L	L
YEL039C	S	S	S	P	P	P	S	S	P	P	P	P	P	P	P	P	P	P	P	P
YJR137C	S	S	S	S	S	S	S	S	S	S	S	S	P	P	P	P	P	P	P	P
YDR256C	S	S	S	S	S	S	S	S	S	S	S	S	P	P	P	P	P	P	P	P
YLR205C	S	S	D	S	S	S	S	S	S	S	S	S	P	P	P	P	P	P	P	P
YDR402C	S	S	S	S	S	S	S	S	S	S	S	S	P	P	P	P	L	P	P	P
YJR078W	S	S	D	D	D	D	D	D	S	S	S	S	P	P	L	P	P	P	P	P
YNL111C	S	S	S	S	S	S	S	S	S	S	S	S	P	P	P	P	P	P	P	P
YMR015C	S	S	S	S	S	S	S	S	S	S	S	S	P	P	P	P	L	P	P	P
YOR065W	S	S	S	S	S	S	S	S	S	S	S	S	P	P	P	P	P	P	P	P
YGR234W	S	S	P	S	S	S	S	S	S	D	S	S	P	P	P	L	L	P	P	P
YGR088W	S	S	D	S	S	D	D	D	S	S	S	S	P	P	P	L	L	P	P	P
YDR178W	S	S	S	S	S	P	P	S	P	P	P	P	P	P	P	P	P	P	P	P
YPL170W	S	S	S	S	S	S	S	S	S	S	S	S	P	P	P	P	P	P	P	P
