Gene ID	V.polysp	T.phaffi	T.blatta	N.dairen	N.castel	K.nagani	K.africa	C.glabra	S.uvarum	S.kudria	S.mikata	S.cerevi	Z.rouxii	T.delbru	K.lactis	E.gossyp	E.cymbal	L.kluyve	L.thermo	L.waltii
YOR341W	S	S	S	S	S	S	S	S	S	S	S	S	P	P	P	P	L	P	P	P
YNL102W	S	S	S	S	S	S	S	S	S	S	S	S	P	P	P	P	P	P	P	P
YGL211W	S	S	S	S	S	S	S	S	S	S	S	S	P	P	P	P	P	P	P	P
YDL045C	P	P	S	S	S	S	S	S	S	S	S	S	P	P	P	P	P	P	P	P
YNL119W	S	S	S	S	S	S	S	S	S	S	S	S	P	P	P	P	P	P	P	P
YOR207C	S	S	S	S	S	S	S	S	S	S	S	S	P	P	P	P	P	P	P	P
YNL248C	S	S	S	S	S	S	S	S	S	S	S	S	P	P	P	P	P	P	P	P
YOR330C	S	S	S	S	S	S	S	S	S	S	S	S	P	P	P	P	P	P	P	P
YGL169W	S	S	S	S	S	S	S	S	S	S	S	S	P	P	P	P	P	P	P	P
YOR346W	S	S	S	S	S	S	S	S	S	S	S	S	P	P	P	P	P	P	P	P
YHL012W	S	S	P	S	S	S	S	S	P	P	S	P	P	P	P	P	P	P	P	P
YDL140C	S	S	S	S	S	S	S	S	S	S	S	S	P	P	P	P	P	P	P	P
YJR010W	S	S	S	S	S	S	S	S	S	S	S	S	P	P	P	P	P	P	P	P
YGR010W	S	S	S	S	S	S	S	S	P	P	P	P	P	P	P	P	P	P	P	P
YIR008C	S	S	S	S	S	S	S	S	S	S	S	S	P	P	P	P	P	P	P	P
YJR006W	S	S	S	S	S	S	S	S	S	S	S	S	P	P	P	P	P	P	P	P
YNL299W	P	P	P	P	P	P	P	P	P	P	P	P	P	P	P	P	P	P	P	P
YCR014C	S	S	S	S	S	S	S	S	S	S	S	S	P	P	P	P	P	L	P	P
YGR277C	S	S	S	S	S	S	S	S	S	S	S	S	P	P	P	P	P	P	P	P
YNL151C	S	S	S	S	S	S	S	S	S	S	S	S	P	P	P	P	P	P	P	P
YKR002W	S	S	S	S	S	S	S	S	S	S	S	S	P	P	P	P	L	P	P	P
YOR116C	S	S	S	S	S	S	S	S	S	S	S	S	P	P	P	P	P	P	P	P
YGR202C	S	P	S	S	S	S	S	S	S	S	S	S	P	P	P	P	P	P	P	P
YPL167C	S	S	S	S	S	S	S	S	S	S	S	S	P	P	P	P	P	P	P	P
YGR007W	S	S	S	S	S	S	S	S	S	S	S	S	P	P	P	P	P	P	P	P
YBR029C	S	S	S	S	S	S	S	S	S	S	S	S	P	P	P	P	P	P	P	P
YLR318W	S	S	S	S	S	S	S	S	S	S	S	S	P	P	P	P	P	P	P	P
YJR043C	S	S	S	S	S	S	S	S	S	S	S	S	P	P	P	P	P	P	P	P
YNL262W	S	S	S	S	S	S	S	S	S	S	S	S	P	P	P	P	P	P	P	P
YDL055C	S	P	S	P	P	S	S	P	S	S	S	S	P	P	P	P	P	P	P	P
YDL103C	S	S	S	S	S	S	S	S	S	S	S	S	P	P	P	P	P	P	P	P
YGR010W	S	S	S	S	S	S	S	S	P	P	P	P	P	P	P	P	P	P	P	P
YGR046W	S	S	S	S	S	S	S	S	S	S	S	S	P	P	P	P	P	P	P	P
YFL036W	S	S	S	S	S	S	S	S	S	S	S	S	P	P	P	P	P	P	P	P
YPL222W	S	S	S	S	S	S	S	S	S	S	S	S	P	P	P	P	P	P	P	P
YHL012W	S	S	P	S	S	S	S	S	P	P	S	P	P	P	P	P	P	P	P	P
YGR024C	S	S	S	S	S	S	S	S	S	S	S	S	P	P	P	P	P	P	P	P
YGL130W	S	S	S	S	S	S	S	S	S	S	S	S	P	P	P	P	P	P	P	P
YCL047C	S	S	S	S	S	S	S	S	S	S	S	S	P	P	L	P	P	P	P	P
YNL299W	P	P	P	P	P	P	P	P	P	P	P	P	P	P	P	P	P	P	P	P
YCL050C	P	P	S	P	P	P	P	S	P	S	P	P	P	P	P	P	P	P	P	P
YER168C	S	S	S	S	S	S	P	S	S	S	S	S	P	P	P	P	P	P	P	P
YPR010C	S	S	S	S	S	S	S	S	S	S	S	S	P	P	P	P	P	P	P	P
YBR018C	S	S	S	S	P	S	S	D	S	S	S	S	P	P	P	L	L	P	P	L
YDR419W	S	S	S	S	S	S	S	S	S	S	S	S	P	P	P	P	L	P	P	P
YDL102W	S	S	S	S	S	S	S	S	S	S	S	S	P	P	P	P	P	P	P	P
YCL050C	P	P	S	P	P	P	P	S	P	S	P	P	P	P	P	P	P	P	P	P
YHR111W	S	S	S	S	S	S	S	S	S	S	S	S	P	P	P	P	P	P	P	P
YDR211W	S	S	S	S	S	S	S	S	S	S	S	S	P	P	P	P	P	P	P	P
YOR151C	S	S	S	S	S	S	S	S	S	S	S	S	P	P	P	P	P	P	P	P
