Gene ID	V.polysp	T.phaffi	T.blatta	N.dairen	N.castel	K.nagani	K.africa	C.glabra	S.uvarum	S.kudria	S.mikata	S.cerevi	Z.rouxii	T.delbru	K.lactis	E.gossyp	E.cymbal	L.kluyve	L.thermo	L.waltii
YHL002W	S	S	S	S	S	S	S	S	S	S	S	S	P	P	P	P	P	P	P	P
YNL030W	P	P	S	P	P	P	S	S	S	D	S	S	P	P	P	P	P	P	P	P
YER159C	S	S	S	S	S	S	S	S	S	S	S	S	P	P	P	P	P	P	P	P
YPR141C	P	P	P	S	S	S	S	S	S	S	S	S	P	P	P	P	P	P	P	P
YDL139C	S	S	S	S	S	S	S	S	S	S	S	S	P	P	P	P	P	P	P	P
YGR274C	S	S	S	S	S	S	S	S	S	S	S	S	P	P	P	P	P	P	P	P
YLR270W	P	P	P	P	P	P	P	P	P	P	P	P	P	P	P	P	P	P	P	P
YBL002W	D	D	S	S	S	S	P	S	S	S	S	S	P	P	P	P	P	P	P	P
YBR010W	S	S	S	S	S	S	P	P	S	S	S	S	P	P	P	P	P	P	P	P
YDR397C	S	S	S	S	S	S	S	S	S	S	S	S	P	P	P	P	P	P	P	P
YBL003C	D	D	S	S	S	S	P	S	S	S	S	S	P	P	P	P	P	P	P	P
YBR009C	S	S	S	S	S	S	P	P	S	S	S	S	P	P	P	P	P	P	P	P
YNR046W	S	S	S	S	S	S	S	S	S	S	S	S	P	P	P	P	P	P	P	P
YBR081C	S	S	S	S	S	S	S	S	S	S	S	S	P	P	P	P	L	P	P	P
YDL160C-A	S	S	S	S	S	S	S	S	S	S	S	S	P	P	P	P	P	P	P	P
YNR006W	S	S	S	S	S	S	S	S	S	S	S	S	P	P	P	P	P	P	P	P
YMR236W	S	S	S	S	S	S	S	S	S	S	S	S	P	P	P	P	P	P	P	P
YOL012C	S	S	S	S	S	S	S	S	S	S	S	S	P	P	P	P	P	P	P	P
YFL008W	S	S	S	S	S	S	S	S	S	S	S	S	P	P	P	P	P	P	P	P
YML098W	S	S	S	S	S	S	S	S	S	S	S	S	P	P	P	P	P	P	P	P
YKL049C	S	S	S	S	S	S	S	S	S	S	S	S	P	P	P	P	P	P	P	P
YMR227C	S	S	S	S	S	S	S	S	S	S	S	S	P	P	P	P	P	P	P	P
YDR225W	P	P	S	S	S	S	D	S	S	S	S	S	P	P	P	P	P	P	P	P
YDR224C	P	P	S	S	S	S	D	S	S	S	S	S	P	P	P	P	P	P	P	P
YNL031C	P	P	S	P	P	P	S	S	S	D	S	S	P	P	P	P	P	P	P	P
YDR004W	S	S	S	S	S	S	S	S	S	S	S	S	P	P	P	P	P	P	P	P
YGR180C	P	P	P	P	P	P	P	P	P	P	P	P	P	P	P	P	P	P	P	P
YNL329C	S	S	S	S	S	S	S	S	S	S	S	S	P	P	P	P	L	P	P	P
YLR270W	P	P	P	P	P	P	P	P	P	P	P	P	P	P	P	P	P	P	P	P
YOR358W	S	S	S	S	S	S	S	S	S	S	S	S	P	P	P	P	P	P	P	P
YML015C	S	S	S	S	S	S	S	S	S	S	S	S	P	P	P	P	P	P	P	P
YDR145W	S	S	P	S	S	S	S	S	S	S	S	S	P	P	P	P	P	P	P	P
YMR198W	S	S	S	P	P	P	P	P	P	P	P	P	P	P	P	P	P	P	P	P
YGL112C	S	S	S	S	S	S	S	S	S	S	S	S	P	P	P	P	P	P	P	P
YGL044C	S	S	S	S	S	S	S	S	S	S	S	S	P	P	P	P	P	P	P	P
YKL197C	S	S	S	S	S	S	S	S	S	S	S	S	P	P	P	P	P	P	P	P
YBR278W	S	S	S	P	P	P	P	P	P	P	P	P	P	P	P	P	P	P	P	P
YGR180C	P	P	P	P	P	P	P	P	P	P	P	P	P	P	P	P	P	P	P	P
YDR076W	S	S	S	S	S	S	S	S	S	S	S	S	P	P	P	P	P	P	P	P
YBR278W	S	S	S	P	P	P	P	P	P	P	P	P	P	P	P	P	P	P	P	P
YPL011C	S	S	S	S	S	S	S	S	S	S	S	S	P	P	P	P	P	P	P	P
YDR121W	S	S	S	S	S	S	S	S	S	S	S	S	P	P	P	P	P	P	P	P
YOL086W-A	S	S	S	S	S	D	S	S	S	S	S	S	P	P	P	P	P	P	P	P
YDR392W	S	S	S	S	S	S	S	S	S	S	S	S	P	P	P	P	P	P	P	P
YMR061W	S	S	S	S	S	S	S	S	S	S	S	S	P	P	P	P	P	P	P	P
YBL021C	P	S	S	S	S	S	S	S	S	S	S	S	P	P	P	P	P	P	P	P
YBL035C	S	S	S	S	S	S	S	S	S	S	D	S	P	P	P	P	P	P	P	P
