Gene ID	V.polysp	T.phaffi	T.blatta	N.dairen	N.castel	K.nagani	K.africa	C.glabra	S.uvarum	S.kudria	S.mikata	S.cerevi	Z.rouxii	T.delbru	K.lactis	E.gossyp	E.cymbal	L.kluyve	L.thermo	L.waltii
YDL246C	D	D	D	D	D	D	D	D	D	D	D	S	L	L	L	L	L	L	L	L
YDL243C	D	D	D	D	D	D	D	D	D	D	D	S	L	L	L	L	L	L	L	L
YNL331C	D	D	D	D	D	D	D	D	S	D	S	S	L	L	L	L	L	L	L	L
YCR107W	D	D	D	D	D	D	D	D	D	D	D	S	L	L	L	L	L	L	L	L
YMR318C	S	D	D	D	D	D	D	S	S	S	S	S	L	L	L	L	L	L	L	L
YDR368W	S	S	S	P	P	S	S	P	P	P	P	P	P	P	L	P	L	P	P	P
YLR450W	P	P	S	S	S	P	P	S	P	P	P	P	P	P	P	P	P	P	P	P
YGL256W	D	D	D	D	D	D	D	D	S	S	S	S	L	L	L	L	L	L	L	L
YPL088W	D	D	D	D	S	D	D	D	S	S	S	S	L	L	L	L	L	P	L	L
YDL066W	S	S	S	S	S	S	S	S	S	S	S	S	P	P	P	P	P	P	P	P
YBR149W	D	D	D	S	S	S	S	D	S	S	S	S	P	P	P	L	L	P	P	P
YOL151W	S	D	D	D	D	D	S	D	S	S	S	S	L	L	L	L	L	L	L	L
YER081W	P	S	S	P	P	P	P	S	P	P	P	P	P	P	P	P	P	P	P	P
YLR174W	S	S	S	P	P	P	P	P	P	P	P	P	P	P	P	P	P	P	P	P
YDL022W	P	P	P	P	P	P	P	P	P	P	P	P	P	P	P	P	P	P	P	P
YJR096W	S	D	D	D	S	S	S	S	S	S	S	S	P	P	P	L	L	P	P	P
YER081W	P	S	S	P	P	P	P	S	P	P	P	P	P	P	P	P	P	P	P	P
YDL022W	P	P	P	P	P	P	P	P	P	P	P	P	P	P	P	P	P	P	P	P
YDL124W	S	D	S	S	S	S	S	S	S	S	S	S	P	L	P	L	P	P	L	L
YNR073C	D	D	D	D	D	D	D	D	D	D	D	S	L	L	L	L	L	L	L	L
YIL094C	S	S	S	S	S	S	S	S	S	S	S	S	P	P	P	P	P	P	P	P
YDL114W	S	S	S	S	S	S	S	S	S	S	S	S	P	P	P	P	P	P	L	L
YCL030C	S	S	D	S	S	S	S	S	S	S	S	S	P	P	P	P	P	P	P	P
YBR153W	S	S	S	S	S	S	S	S	S	S	S	S	P	P	P	P	P	P	P	P
YOL165C	D	D	D	D	D	D	D	D	D	D	D	S	L	L	L	L	L	L	L	L
YGL185C	S	D	D	S	S	S	D	S	S	S	S	S	P	P	P	L	L	P	P	L
YOR388C	D	D	D	D	D	D	D	D	D	S	D	S	L	L	L	L	L	L	L	L
YLR450W	P	P	S	S	S	P	P	S	P	P	P	P	P	P	P	P	P	P	P	P
YPL113C	S	S	S	S	S	S	S	S	S	S	S	S	P	L	P	P	P	P	P	P
YKL055C	S	S	S	S	S	S	S	S	S	S	S	S	P	P	P	P	P	P	P	P
YNL181W	S	S	S	S	S	S	S	S	S	S	S	S	P	P	P	P	P	P	P	P
YAL061W	S	D	D	S	S	S	S	D	S	S	S	S	L	L	P	L	L	P	L	L
YGL001C	S	S	S	S	S	S	S	S	S	S	S	S	P	P	P	P	P	P	P	P
YCL018W	S	S	S	S	S	S	S	S	S	S	S	S	P	P	P	P	P	P	P	P
YNL037C	S	S	S	S	S	S	S	S	S	S	S	S	P	P	P	P	P	P	P	P
YLR174W	S	S	S	P	P	P	P	P	P	P	P	P	P	P	P	P	P	P	P	P
YHR104W	D	S	D	S	S	D	D	S	S	S	S	S	P	P	P	P	P	P	P	P
YLR426W	S	S	S	S	S	S	S	S	S	S	S	S	P	P	P	P	P	P	P	P
YMR041C	S	S	D	S	S	S	S	S	S	S	S	S	P	P	P	P	P	P	P	P
YDR368W	S	S	S	P	P	S	S	P	P	P	P	P	P	P	L	P	L	P	P	P
YJR159W	D	D	D	D	D	D	D	D	S	S	S	S	L	L	L	L	L	L	L	L
YDL078C	S	S	S	S	S	S	S	S	S	S	S	S	P	P	P	P	L	P	P	P
YOL126C	P	P	P	S	S	S	S	S	S	S	S	S	P	P	P	P	P	P	P	P
YDR541C	D	D	D	D	D	D	D	D	D	D	S	S	L	L	L	L	L	L	L	L
YPR127W	S	S	S	S	S	S	S	S	S	S	S	S	P	P	P	P	L	P	P	P
YOR136W	P	P	S	S	S	S	S	S	S	S	S	S	P	P	P	P	P	P	P	P
YNL274C	S	S	S	S	S	S	S	S	S	S	S	S	P	P	P	P	L	P	P	P
YKL085W	S	S	S	S	S	S	S	S	S	S	S	S	P	P	P	P	P	P	P	P
YLR070C	S	D	D	D	S	D	D	D	S	D	S	S	P	P	P	P	L	P	P	L
YJR155W	D	D	D	D	D	D	D	D	D	S	D	S	L	L	L	L	L	L	L	L
YGL039W	D	D	D	D	D	D	D	D	S	S	S	S	L	L	L	L	L	L	L	L
YEL070W	D	D	D	D	D	D	D	D	D	D	S	S	L	L	L	L	L	L	L	L
YCR105W	S	D	D	D	D	D	D	D	D	D	D	S	L	L	L	L	L	L	L	L
YGL157W	D	D	D	D	D	D	D	S	S	S	S	S	L	L	L	L	L	L	L	L
