Gene ID	V.polysp	T.phaffi	T.blatta	N.dairen	N.castel	K.nagani	K.africa	C.glabra	S.uvarum	S.kudria	S.mikata	S.cerevi	Z.rouxii	T.delbru	K.lactis	E.gossyp	E.cymbal	L.kluyve	L.thermo	L.waltii
YOR270C	S	S	S	S	S	S	S	S	S	S	S	S	P	P	P	P	P	P	P	P
YBR039W	S	S	S	S	S	S	S	S	S	S	S	S	P	P	P	P	P	P	P	P
YHR039C-A	S	S	S	S	S	S	S	S	S	S	S	S	P	P	P	P	P	P	P	P
YHR026W	S	S	S	S	S	S	S	S	S	S	S	S	P	P	P	P	P	P	P	P
YOR332W	S	S	S	S	S	S	S	S	S	S	S	S	P	P	P	P	P	P	P	P
YJR121W	P	S	S	S	S	S	S	S	S	S	S	S	P	P	P	P	P	P	P	P
YPL234C	S	S	S	S	S	S	S	S	S	S	S	S	P	P	P	P	P	P	P	P
YMR205C	P	S	S	S	S	P	P	P	S	S	S	S	P	P	P	P	P	P	P	P
YGR106C	S	S	S	S	S	S	S	S	S	S	S	S	P	P	P	P	P	P	P	P
YPR036W	S	S	S	S	S	S	S	S	S	S	S	S	P	P	P	P	P	P	P	P
YGR240C	S	S	S	S	S	S	S	S	S	S	S	S	P	P	P	P	P	P	P	P
YGR020C	S	S	S	S	S	S	S	S	S	S	S	S	P	P	P	P	P	P	P	P
YLR447C	S	S	S	S	S	S	S	S	S	S	S	S	P	P	P	P	P	P	P	P
YBR127C	S	S	S	S	S	S	S	S	S	S	S	S	P	P	P	P	P	P	P	P
YCL005W-A	S	S	S	S	S	S	S	S	S	S	S	S	P	P	P	P	P	P	P	P
YKL080W	S	S	S	S	S	S	S	S	S	S	S	S	P	P	P	P	P	P	P	P
YDL185W	S	S	S	S	S	S	S	S	S	S	S	S	P	P	P	P	P	P	P	P
YEL027W	P	P	S	S	S	P	P	S	S	S	S	S	P	P	P	P	P	P	P	P
YMR054W	S	S	S	S	S	S	S	S	S	S	S	S	P	P	P	P	P	P	P	P
YEL051W	S	S	S	S	S	S	S	S	S	S	S	S	P	P	P	P	P	P	P	P
YPR170W-B	S	S	S	S	S	S	S	S	S	S	S	S	P	P	P	P	L	P	P	P
YPL078C	S	S	S	S	S	S	S	S	S	S	S	S	P	P	P	P	P	P	P	P
