Gene ID	V.polysp	T.phaffi	T.blatta	N.dairen	N.castel	K.nagani	K.africa	C.glabra	S.uvarum	S.kudria	S.mikata	S.cerevi	Z.rouxii	T.delbru	K.lactis	E.gossyp	E.cymbal	L.kluyve	L.thermo	L.waltii
YHL002W	S	S	S	S	S	S	S	S	S	S	S	S	P	P	P	P	P	P	P	P
YMR264W	S	S	P	P	P	P	P	P	P	P	P	P	P	P	P	P	P	P	P	P
YBR234C	S	S	S	S	S	S	S	S	S	S	S	S	P	P	P	P	P	P	P	P
YGL110C	S	S	S	S	S	S	S	S	S	S	S	S	P	P	P	P	P	P	P	P
YML013W	S	S	S	S	S	S	S	S	S	S	S	S	P	P	P	P	P	P	P	P
YDR358W	S	S	P	S	S	S	S	S	P	P	P	P	P	P	P	P	P	P	P	P
YBR097W	S	S	S	S	S	S	S	S	S	S	S	S	P	P	P	P	P	P	P	P
YFR021W	S	S	S	P	P	P	P	S	S	S	S	S	P	P	P	P	P	P	P	P
YHR186C	S	S	S	S	S	S	S	S	S	S	S	S	P	P	P	P	L	P	P	P
YBL007C	S	S	S	S	S	S	S	S	S	S	S	S	P	P	P	P	P	P	P	P
YDL145C	S	S	S	S	S	S	S	S	S	S	S	S	P	P	P	P	P	P	P	P
YNR006W	S	S	S	S	S	S	S	S	S	S	S	S	P	P	P	P	P	P	P	P
YBR135W	S	S	S	S	S	S	S	S	S	S	S	S	P	P	P	P	P	P	P	P
YER107C	P	P	S	S	S	S	S	S	S	S	S	S	P	P	P	P	P	P	P	P
YKL213C	S	S	S	S	S	S	S	S	S	S	S	S	P	P	P	P	P	P	P	P
YER125W	S	S	S	S	S	S	S	S	S	S	S	S	P	P	P	P	P	P	P	P
YDR358W	S	S	P	S	S	S	S	S	P	P	P	P	P	P	P	P	P	P	P	P
YGL137W	S	S	S	S	S	S	S	S	S	S	S	S	P	P	P	P	L	P	P	P
YOR026W	S	S	S	S	S	S	S	S	S	S	S	S	P	P	P	P	P	P	P	P
YBL047C	P	P	S	S	S	P	P	S	S	S	S	S	P	P	P	P	P	P	P	P
YDR273W	S	S	S	P	P	S	P	P	P	P	P	P	P	P	P	P	P	P	P	P
YDL161W	S	S	P	S	S	P	P	S	P	P	P	P	P	P	P	P	P	P	P	P
YER143W	S	S	S	S	S	S	S	S	S	S	S	S	P	P	P	P	P	P	P	P
YDR320C	S	S	S	S	S	S	S	S	S	S	S	S	P	P	P	P	P	P	P	P
YML097C	S	S	S	S	S	S	S	S	S	S	S	S	P	P	P	P	L	P	P	P
YCL008C	S	S	S	S	S	S	S	S	S	S	S	S	P	P	P	P	P	P	P	P
YBR082C	S	S	S	S	S	S	P	S	P	P	P	P	P	P	P	P	P	P	P	P
YOL087C	S	S	P	S	S	S	S	S	S	S	S	S	P	P	P	P	P	P	P	P
YHL010C	S	S	S	S	S	S	S	S	S	S	S	S	P	P	P	P	P	P	P	P
YJL112W	P	S	P	P	P	P	P	P	P	P	P	P	P	P	P	P	P	P	P	P
YDR273W	S	S	S	P	P	S	P	P	P	P	P	P	P	P	P	P	P	P	P	P
YKL090W	S	S	S	S	S	S	S	S	S	S	S	S	P	P	P	P	P	P	P	P
YDL091C	S	S	S	S	S	S	S	S	S	S	S	S	P	P	P	P	P	P	P	P
YGR206W	S	S	S	S	S	S	S	S	S	S	S	S	P	P	P	P	P	P	P	P
YDR330W	S	S	S	S	S	S	S	S	S	S	S	S	P	P	P	P	P	P	P	P
YBR170C	S	S	S	S	S	S	S	S	S	S	S	S	P	P	P	P	P	P	P	P
YDL126C	P	S	P	P	P	S	S	S	S	S	S	S	P	P	P	P	P	P	P	P
YEL037C	S	S	S	S	S	S	P	S	S	S	S	S	P	P	P	P	P	P	P	P
YBR198C	P	P	S	S	S	S	S	S	S	S	S	S	P	P	P	P	P	P	P	P
YMR264W	S	S	P	P	P	P	P	P	P	P	P	P	P	P	P	P	P	P	P	P
YIL046W	S	S	S	S	S	S	S	S	S	S	S	S	P	P	P	P	P	P	P	P
YKL054C	S	S	S	P	P	S	P	S	S	S	S	S	P	P	P	P	L	P	P	P
YLR417W	S	S	S	S	S	S	S	S	S	S	S	S	P	P	P	P	P	P	P	P
YGR048W	S	S	S	S	S	P	S	S	S	S	S	S	P	P	P	P	P	P	P	P
YLR421C	S	S	S	S	S	S	S	S	S	S	S	S	P	P	P	P	P	P	P	P
YFL009W	P	P	S	S	S	D	S	S	S	S	S	S	P	P	P	P	P	P	P	P
YBL058W	S	S	S	S	S	S	S	S	S	S	S	S	P	P	P	P	P	P	P	P
