Gene ID	V.polysp	T.phaffi	T.blatta	N.dairen	N.castel	K.nagani	K.africa	C.glabra	S.uvarum	S.kudria	S.mikata	S.cerevi	Z.rouxii	T.delbru	K.lactis	E.gossyp	E.cymbal	L.kluyve	L.thermo	L.waltii
YNL097C	S	S	S	S	S	S	S	S	S	S	S	S	P	P	P	P	P	P	P	P
YOR023C	S	S	S	S	S	S	S	S	S	S	S	S	P	P	P	P	P	P	P	P
YGR274C	S	S	S	S	S	S	S	S	S	S	S	S	P	P	P	P	P	P	P	P
YFL024C	S	S	S	S	S	S	S	S	S	S	S	S	P	P	P	P	P	P	P	P
YGR252W	S	S	S	D	S	S	S	S	S	S	S	S	P	P	P	P	P	P	P	P
YOR213C	S	S	S	S	S	S	P	S	S	S	S	S	P	P	P	P	P	P	P	P
YJR082C	S	S	S	S	S	S	S	S	S	S	S	S	P	P	P	P	P	P	P	P
YHR090C	S	S	P	S	S	S	S	S	S	S	S	S	P	P	P	P	P	P	P	L
YDR176W	S	S	S	S	S	S	S	S	S	S	S	S	P	P	P	P	L	P	P	P
YPR193C	D	D	D	S	S	D	D	D	S	S	S	S	L	L	L	L	L	L	L	L
YPL001W	S	S	S	S	S	S	S	S	S	S	S	S	P	P	P	P	P	P	P	P
YJL081C	S	S	S	S	S	S	S	S	S	S	S	S	P	P	P	P	P	P	P	P
YHR099W	S	S	S	S	S	S	S	S	S	S	S	S	P	P	P	P	P	P	P	P
YJL127C	S	S	S	S	S	S	S	S	S	S	S	S	P	P	P	P	P	P	P	P
YFL039C	P	S	S	S	S	S	S	S	S	S	S	S	P	P	P	P	P	P	P	P
YGL066W	S	S	S	S	S	S	S	S	S	S	S	S	P	P	P	P	P	P	P	P
YBL052C	S	S	S	S	S	S	S	S	S	S	S	S	P	P	P	P	P	P	P	P
YPL086C	S	S	S	S	S	S	S	S	S	S	S	S	P	P	P	P	P	P	P	P
YMR069W	S	S	S	S	S	S	S	S	S	S	S	S	P	P	P	P	P	P	P	P
YOR064C	S	S	S	S	S	S	S	S	S	S	S	S	P	P	P	P	P	P	P	P
YEL056W	S	S	S	S	S	S	S	S	S	S	S	S	P	P	P	P	P	P	P	P
YLL002W	S	S	S	S	S	S	S	S	S	S	S	S	P	P	P	P	P	P	P	P
YMR127C	S	S	S	S	S	S	S	S	S	S	S	S	P	P	P	P	P	P	P	P
YOR244W	S	S	S	S	S	S	S	S	S	S	S	S	P	P	P	P	P	P	P	P
YDR181C	S	S	S	S	S	S	S	S	S	S	S	S	P	P	P	P	P	P	P	P
