Gene ID	V.polysp	T.phaffi	T.blatta	N.dairen	N.castel	K.nagani	K.africa	C.glabra	S.uvarum	S.kudria	S.mikata	S.cerevi	Z.rouxii	T.delbru	K.lactis	E.gossyp	E.cymbal	L.kluyve	L.thermo	L.waltii
YJL110C	S	S	P	P	P	P	P	P	P	P	P	P	P	P	P	P	P	P	P	P
YHR206W	S	S	P	S	S	S	S	S	P	P	P	P	P	P	P	P	P	P	P	P
YBR083W	P	P	P	P	P	P	P	P	S	S	S	S	P	P	P	P	P	P	P	P
YDR213W	P	P	P	P	P	P	P	P	P	P	P	P	P	P	P	P	P	P	P	P
YPL248C	S	S	S	P	P	S	S	D	S	D	S	S	P	L	P	P	L	P	P	L
YKL112W	S	S	S	P	P	S	S	S	S	S	S	S	P	P	P	P	L	P	P	P
YMR136W	P	P	P	S	S	P	P	P	S	S	S	S	P	P	P	P	P	P	P	P
YGL071W	S	S	S	P	P	P	P	P	P	P	P	P	P	P	P	P	P	P	P	P
YPL133C	S	S	S	S	S	S	S	S	S	S	S	S	P	P	P	P	P	P	P	P
YIL131C	P	P	P	P	P	P	P	P	P	P	P	P	P	P	P	P	P	P	P	P
YJR060W	S	S	S	S	S	S	S	S	S	S	S	S	P	P	P	P	P	P	P	P
YDR169C	P	P	P	P	P	P	P	S	S	S	S	S	P	P	P	P	P	P	P	P
YER040W	S	S	P	S	S	S	S	S	S	S	S	S	P	P	P	P	P	P	P	P
YPR199C	D	D	D	D	D	D	D	D	D	D	D	S	L	L	P	L	L	L	L	L
YER111C	P	P	S	S	S	S	P	S	S	S	S	S	P	P	P	P	P	P	P	P
YLR256W	P	P	P	S	S	S	S	P	S	S	S	S	P	P	P	P	P	P	P	P
YDR096W	S	S	P	S	S	P	P	P	P	P	P	P	P	P	P	P	P	P	P	P
YBR033W	S	S	S	P	P	P	S	S	P	P	P	P	P	P	P	P	P	P	P	P
YOR113W	P	P	S	S	S	P	S	P	S	S	S	S	P	P	P	P	P	P	P	P
YNL167C	D	S	S	S	S	S	S	S	S	S	S	S	P	P	P	P	P	P	P	P
YAL051W	S	S	S	P	P	P	P	P	P	P	P	P	P	P	P	P	P	P	L	P
YHL009C	S	S	S	P	P	P	P	P	S	S	S	S	P	P	P	P	P	P	P	P
YJL089W	S	S	S	S	S	S	S	S	S	S	S	S	P	P	P	P	P	P	P	P
YDR123C	S	S	S	S	S	S	S	S	S	S	S	S	P	P	P	P	P	P	P	P
YBL005W	S	S	P	P	P	P	P	S	P	P	P	P	P	P	P	L	P	P	P	P
YDL170W	D	D	D	D	D	D	D	D	S	S	S	S	P	P	P	L	L	P	P	P
YDR463W	S	S	S	P	P	P	P	P	P	P	P	P	P	P	P	P	P	P	P	P
YFL021W	P	D	D	S	S	S	S	S	S	S	S	S	P	P	P	P	P	P	P	P
YGL254W	S	D	D	S	S	D	D	S	S	S	S	S	L	L	L	L	L	L	L	L
YFL052W	D	D	D	D	D	D	D	D	D	D	D	S	L	L	L	L	L	L	L	L
YDL056W	S	S	P	S	S	S	P	S	S	S	S	S	P	P	P	P	P	P	P	P
YKL015W	D	S	S	S	S	S	S	S	S	S	S	S	P	P	P	P	P	P	P	P
YOR358W	S	S	S	S	S	S	S	S	S	S	S	S	P	P	P	P	P	P	P	P
YPL075W	P	P	P	S	S	S	S	S	S	S	S	S	P	P	P	P	P	P	P	P
YDL106C	S	S	S	S	S	S	S	S	S	S	S	S	P	P	P	P	P	P	P	P
YDL020C	S	S	S	P	P	P	P	S	S	S	S	S	P	P	P	P	L	P	P	P
YCR018C	D	D	D	D	D	D	D	D	S	S	S	S	L	L	L	L	L	L	L	L
YDR034C	S	S	S	S	S	S	S	S	S	S	S	S	P	P	P	P	P	P	P	P
YDR463W	S	S	S	P	P	P	P	P	P	P	P	P	P	P	P	P	P	P	P	P
YMR280C	D	D	D	S	S	S	S	S	S	S	S	S	P	P	P	P	P	P	P	P
YGL237C	S	S	S	S	S	S	S	S	S	S	S	S	P	P	P	P	P	P	P	P
YMR043W	P	P	P	P	P	P	P	P	S	S	S	S	P	P	P	P	P	P	P	P
YKL185W	S	S	S	S	S	S	S	S	S	S	S	S	P	P	P	P	P	P	P	P
YIR017C	S	S	S	S	S	D	S	S	S	S	S	S	P	P	P	P	P	P	P	P
YDR213W	P	P	P	P	P	P	P	P	P	P	P	P	P	P	P	P	P	P	P	P
YML007W	P	P	P	P	P	P	P	P	S	P	P	P	P	P	P	P	P	P	P	P
YBR049C	S	S	S	P	P	P	P	P	P	P	P	P	P	P	P	P	P	P	P	P
YBL005W	S	S	P	P	P	P	P	S	P	P	P	P	P	P	P	L	P	P	P	P
YER045C	P	S	P	P	P	P	P	S	P	P	P	P	P	P	P	P	P	P	P	P
YOL108C	S	S	S	S	S	S	S	S	S	S	S	S	P	P	P	P	P	P	P	P
YPL021W	D	D	D	D	D	D	D	D	S	S	S	S	L	L	L	L	L	L	L	L
YEL009C	S	S	S	S	S	S	S	S	S	S	S	S	P	P	P	P	P	P	P	P
YML007W	P	P	P	P	P	P	P	P	S	P	P	P	P	P	P	P	P	P	P	P
YER045C	P	S	P	P	P	P	P	S	P	P	P	P	P	P	P	P	P	P	P	P
YDR216W	S	S	S	S	S	S	S	S	S	S	S	S	P	P	P	P	L	P	P	P
YLR451W	S	S	S	P	P	P	S	S	S	S	S	S	P	P	P	P	P	P	P	P
YAL051W	S	S	S	P	P	P	P	P	P	P	P	P	P	P	P	P	P	P	L	P
YJL110C	S	S	P	P	P	P	P	P	P	P	P	P	P	P	P	P	P	P	P	P
YBL021C	P	S	S	S	S	S	S	S	S	S	S	S	P	P	P	P	P	P	P	P
YNL027W	S	S	S	S	S	S	S	S	S	S	S	S	P	P	P	P	P	P	P	P
YMR021C	S	S	D	S	S	S	S	S	S	S	S	S	P	P	P	P	P	P	P	P
