Gene ID	V.polysp	T.phaffi	T.blatta	N.dairen	N.castel	K.nagani	K.africa	C.glabra	S.uvarum	S.kudria	S.mikata	S.cerevi	Z.rouxii	T.delbru	K.lactis	E.gossyp	E.cymbal	L.kluyve	L.thermo	L.waltii
YLL050C	S	S	S	S	S	S	S	S	S	S	S	S	P	P	P	P	P	P	P	P
YOR281C	S	S	S	S	S	S	S	S	S	S	S	S	P	P	P	P	P	P	P	P
YDR085C	S	P	S	P	P	P	P	S	P	P	P	P	P	P	P	P	P	P	P	P
YBR234C	S	S	S	S	S	S	S	S	S	S	S	S	P	P	P	P	P	P	P	P
YOR181W	S	S	S	S	S	S	S	S	S	S	S	S	P	P	P	P	P	P	P	P
YDR129C	S	S	S	S	S	S	S	S	S	S	S	S	P	P	P	P	P	P	P	P
YLR429W	S	S	P	P	P	S	P	S	S	S	S	S	P	P	P	P	P	P	P	P
YPL045W	S	S	S	S	S	S	S	S	S	S	S	S	P	P	P	P	P	P	P	P
YIL159W	S	S	S	S	S	S	S	S	S	S	S	S	P	P	P	P	P	P	P	P
YKL129C	S	P	P	S	S	S	S	P	P	P	P	P	P	P	P	P	P	P	P	P
YBR118W	P	P	P	P	P	P	P	P	P	P	P	P	P	P	P	P	P	P	P	P
YBL007C	S	S	S	S	S	S	S	S	S	S	S	S	P	P	P	P	P	P	P	P
YOR122C	S	S	S	S	S	S	S	S	S	S	S	S	P	P	P	P	P	P	P	P
YKL007W	S	S	S	S	S	S	S	S	S	S	S	S	P	P	P	P	P	P	P	P
YAL029C	S	S	S	P	P	P	P	P	P	P	P	P	P	P	P	P	P	P	P	P
YLR370C	S	S	S	S	S	S	S	S	S	S	S	S	P	P	P	P	P	P	P	P
YOR239W	P	P	P	P	P	S	S	S	S	S	S	S	P	P	P	P	L	P	P	P
YJR065C	S	S	S	S	S	S	S	S	S	S	S	S	P	P	P	P	P	P	P	P
YKL129C	S	P	P	S	S	S	S	P	P	P	P	P	P	P	P	P	P	P	P	P
YLR337C	S	S	S	S	S	S	S	S	S	S	S	S	P	P	P	P	P	P	P	P
YLR319C	S	S	S	S	S	S	S	S	S	S	S	S	P	P	P	P	P	P	P	P
YBR118W	P	P	P	P	P	P	P	P	P	P	P	P	P	P	P	P	P	P	P	P
YNL233W	S	S	P	S	S	S	S	S	S	S	S	S	P	P	P	P	L	P	P	P
YCR088W	S	S	S	S	S	S	S	S	S	S	S	S	P	P	P	P	P	P	P	P
YKL013C	S	S	S	S	S	S	S	S	S	S	S	S	P	P	P	P	P	P	P	P
YDR063W	S	S	S	S	S	S	S	S	S	S	S	S	P	P	P	P	P	P	P	P
YCR073C	S	S	S	S	P	P	P	S	P	P	P	P	P	P	P	P	P	P	P	P
YNL271C	S	S	S	S	S	S	S	S	S	S	S	S	P	P	P	P	P	P	P	P
YDR085C	S	P	S	P	P	P	P	S	P	P	P	P	P	P	P	P	P	P	P	P
YIL034C	S	S	S	D	S	S	S	S	S	S	S	S	P	P	P	P	P	P	P	P
YMR092C	S	S	S	S	S	S	S	S	S	S	S	S	P	P	P	P	P	P	P	P
YDL178W	S	S	S	S	S	S	S	S	S	S	S	S	P	P	P	P	P	P	P	P
YGR080W	S	S	S	S	S	S	S	S	S	S	S	S	P	P	P	P	P	P	P	P
YPL242C	S	S	S	S	S	S	S	S	S	S	S	S	P	P	P	P	P	P	P	P
YNL138W	S	S	S	S	S	S	S	S	S	S	S	S	P	P	P	P	P	P	P	P
YAL029C	S	S	S	P	P	P	P	P	P	P	P	P	P	P	P	P	P	P	P	P
YCR059C	S	S	S	S	S	S	S	S	S	S	S	S	P	P	P	P	P	P	P	P
YNL084C	S	S	P	S	S	S	S	S	S	S	S	S	P	P	P	P	P	P	P	P
YDL226C	S	S	P	S	S	S	S	S	P	P	P	P	P	P	P	P	P	P	P	P
YDR388W	S	S	S	S	S	S	S	S	S	S	S	S	P	P	P	P	P	P	P	P
YIR006C	S	S	S	P	P	S	S	S	S	S	S	S	P	P	P	P	P	P	P	P
YNR035C	S	S	S	S	S	S	S	S	S	S	S	S	P	P	P	P	P	P	P	P
YNL243W	S	S	S	S	S	S	S	S	S	S	S	S	P	P	P	L	L	P	P	P
YDL029W	S	S	S	S	S	D	D	S	S	S	S	S	P	P	P	P	P	P	P	P
YHR023W	S	S	S	S	S	S	S	S	S	S	S	S	P	P	P	P	P	P	P	P
