Gene ID	V.polysp	T.phaffi	T.blatta	N.dairen	N.castel	K.nagani	K.africa	C.glabra	S.uvarum	S.kudria	S.mikata	S.cerevi	Z.rouxii	T.delbru	K.lactis	E.gossyp	E.cymbal	L.kluyve	L.thermo	L.waltii
YBL106C	S	S	P	S	S	P	S	S	P	P	P	P	P	P	P	P	P	P	P	P
YCR067C	S	S	S	P	P	P	P	P	P	P	P	P	P	P	P	P	P	P	P	P
YBR140C	P	P	S	P	P	P	P	P	P	P	P	P	P	P	P	P	P	P	P	P
YJR053W	P	P	D	P	S	S	S	S	S	S	S	S	P	P	P	P	P	P	P	P
YDR002W	S	S	S	S	S	S	S	S	S	S	S	S	P	P	P	P	P	P	P	P
YPR181C	P	P	P	P	S	S	S	P	S	S	S	S	P	P	P	P	P	P	P	P
YIL044C	S	S	S	S	S	P	P	S	S	S	S	S	P	P	P	P	P	P	P	P
YJR138W	S	S	S	S	S	S	S	S	S	S	S	S	P	P	P	P	P	P	P	P
YOR349W	S	S	S	S	S	S	S	S	S	S	S	S	P	P	P	P	L	P	P	P
YHR035W	S	D	S	S	S	D	D	S	S	S	S	S	P	L	P	P	L	P	P	P
YEL062W	S	S	S	S	S	S	S	S	S	S	S	S	P	P	P	P	P	P	P	P
YBL106C	S	S	P	S	S	P	S	S	P	P	P	P	P	P	P	P	P	P	P	P
YDL234C	S	S	S	S	S	S	S	S	S	S	S	S	P	P	P	P	P	P	P	P
YPR088C	S	S	S	S	S	S	S	S	S	S	S	S	P	P	P	P	P	P	P	P
YDL135C	S	S	S	S	S	S	S	S	S	S	S	S	P	P	P	P	P	P	P	P
YOR070C	S	S	S	S	S	S	S	S	S	S	S	S	P	P	P	P	P	P	P	P
YJL201W	S	S	S	S	S	S	S	S	S	S	S	S	P	P	P	P	L	P	P	P
YFL047W	S	S	S	S	S	S	S	S	S	S	S	S	P	P	P	P	P	P	P	P
YOR107W	S	S	D	S	S	S	S	S	S	S	S	S	P	P	P	P	P	P	P	P
YOR370C	S	S	S	S	S	S	S	S	S	S	S	S	P	P	P	P	P	P	P	P
YER122C	S	S	P	S	S	S	P	S	S	S	S	S	P	P	P	P	P	P	P	P
YMR192W	S	S	S	P	P	P	P	P	P	P	P	P	P	P	P	P	P	P	P	P
YDR389W	P	P	P	P	P	S	P	P	P	P	P	P	P	P	P	P	P	P	P	P
YPL070W	S	S	S	S	S	S	S	S	S	S	S	S	P	P	P	P	P	P	P	P
YHR182W	D	D	S	S	S	D	S	D	S	S	S	S	L	P	P	P	P	P	P	P
YNL293W	P	P	P	P	P	P	P	S	P	P	P	P	P	P	P	P	L	P	P	P
YMR235C	S	S	S	S	S	S	S	S	S	S	S	S	P	P	P	P	P	P	P	P
YER155C	S	S	S	S	S	S	S	S	S	S	S	S	P	P	P	P	P	P	P	P
YGL181W	S	S	S	S	P	P	P	S	S	S	S	S	P	P	P	P	P	P	P	P
YDR389W	P	P	P	P	P	S	P	P	P	P	P	P	P	P	P	P	P	P	P	P
YGR057C	S	S	S	S	S	S	S	S	S	S	S	S	P	P	P	P	P	P	P	P
YIL063C	S	S	S	S	S	S	S	S	S	S	S	S	P	P	P	P	P	P	P	P
YDR379W	P	P	P	P	S	P	P	P	P	P	P	P	P	P	P	P	P	P	P	P
YLR452C	S	S	S	S	S	S	S	S	S	S	S	S	P	P	P	P	P	P	P	P
YGR100W	S	S	S	S	S	S	S	S	S	S	S	S	P	P	P	P	L	P	P	P
YJL044C	S	S	S	S	S	S	S	S	S	S	S	S	P	P	P	P	P	P	P	P
YLR335W	S	S	S	S	S	S	S	S	S	S	S	S	P	P	P	P	P	P	P	P
YDR309C	S	P	S	P	P	P	P	P	P	P	P	P	P	P	P	P	P	P	P	P
YNL293W	P	P	P	P	P	P	P	S	P	P	P	P	P	P	P	P	L	P	P	P
YDR309C	S	P	S	P	P	P	P	P	P	P	P	P	P	P	P	P	P	P	P	P
YPL241C	S	S	S	S	S	S	S	S	S	S	S	S	P	P	P	P	P	P	P	P
YKL176C	S	S	S	S	S	S	S	S	S	S	S	S	P	P	P	P	P	P	P	P
YKL092C	S	S	S	S	S	S	S	S	S	S	S	S	P	P	P	P	L	P	P	P
YDR524C	D	D	S	S	S	S	S	S	S	S	S	S	P	P	L	P	P	P	P	P
YER136W	P	P	S	S	S	S	S	S	S	S	S	S	P	P	P	P	P	P	P	P
YMR055C	S	S	S	S	S	S	S	S	S	S	S	S	P	P	P	P	P	P	P	P
YPL242C	S	S	S	S	S	S	S	S	S	S	S	S	P	P	P	P	P	P	P	P
YDL226C	S	S	P	S	S	S	S	S	P	P	P	P	P	P	P	P	P	P	P	P
YGL164C	S	S	S	S	S	S	S	S	S	S	S	S	P	P	L	P	P	P	P	P
YDL240W	S	S	S	S	S	S	S	S	S	S	S	S	P	P	P	P	P	P	P	P
YPR041W	S	S	S	S	S	S	S	S	S	S	S	S	P	P	P	P	P	P	P	P
YCR067C	S	S	S	P	P	P	P	P	P	P	P	P	P	P	P	P	P	P	P	P
YPL161C	S	P	S	S	S	S	S	S	S	S	S	S	P	P	P	P	P	P	P	P
YPL115C	P	P	P	S	S	S	S	S	S	S	S	S	P	P	P	P	P	P	P	P
YDL226C	S	S	P	S	S	S	S	S	P	P	P	P	P	P	P	P	P	P	P	P
YFL027C	S	S	S	S	S	S	S	S	S	S	S	S	P	P	P	P	P	P	P	P
YMR192W	S	S	S	P	P	P	P	P	P	P	P	P	P	P	P	P	P	P	P	P
YDR379W	P	P	P	P	S	P	P	P	P	P	P	P	P	P	P	P	P	P	P	P
YBR260C	P	P	P	S	S	S	S	S	S	S	S	S	P	P	P	P	P	P	P	P
YBR140C	P	P	S	P	P	P	P	P	P	P	P	P	P	P	P	P	P	P	P	P
