Gene ID	V.polysp	T.phaffi	T.blatta	N.dairen	N.castel	K.nagani	K.africa	C.glabra	S.uvarum	S.kudria	S.mikata	S.cerevi	Z.rouxii	T.delbru	K.lactis	E.gossyp	E.cymbal	L.kluyve	L.thermo	L.waltii
YDR232W	S	S	S	S	S	S	S	S	S	S	S	S	P	P	P	P	P	P	P	P
YJR130C	S	S	S	S	S	S	S	P	P	P	P	P	P	P	P	P	P	P	P	P
YLR231C	S	S	D	D	D	D	D	D	S	S	S	S	P	P	L	P	P	P	P	P
YLR027C	S	S	S	S	S	S	S	S	S	S	S	S	P	P	P	P	P	P	P	P
YDR111C	P	P	P	P	P	P	P	S	P	P	P	P	P	P	P	P	P	P	P	P
YFR055W	D	S	D	D	D	D	D	D	D	D	S	S	L	L	L	L	L	L	L	L
YDR294C	S	S	S	S	S	S	S	S	S	S	S	S	P	P	P	L	L	P	P	P
YDR111C	P	P	P	P	P	P	P	S	P	P	P	P	P	P	P	P	P	P	P	P
YJL060W	S	S	D	S	S	S	S	S	S	S	S	S	P	P	P	P	P	P	P	P
YJR130C	S	S	S	S	S	S	S	P	P	P	P	P	P	P	P	P	P	P	P	P
YLR058C	P	P	P	S	S	S	P	S	S	S	S	S	P	P	P	P	P	P	P	P
YNR058W	D	D	D	D	D	D	D	D	S	S	S	S	L	L	P	L	L	P	P	P
YGL184C	D	D	D	D	D	D	D	S	S	S	S	S	P	P	P	P	P	P	P	P
YER152C	S	S	S	S	S	S	S	S	S	S	S	S	P	P	P	P	P	P	P	P
YLL058W	D	D	D	D	D	D	D	D	S	S	S	S	L	L	L	L	L	L	L	P
YMR189W	S	S	S	S	S	S	S	S	S	S	S	S	P	P	P	L	L	P	P	P
YLR303W	S	S	S	S	S	S	S	S	S	S	S	S	P	P	P	P	P	P	P	P
YGR257C	S	S	S	S	S	S	S	S	S	S	S	S	P	P	P	P	P	P	P	P
YBL036C	S	S	S	S	S	S	S	S	S	S	S	S	P	P	P	P	P	P	P	P
YGL202W	S	S	D	S	S	S	S	S	S	S	S	S	P	P	P	P	L	P	P	P
YHR112C	S	D	S	S	S	S	S	S	S	S	S	S	P	L	P	P	P	P	P	P
YLR438W	S	S	S	S	S	S	S	S	S	S	S	S	P	P	P	P	P	P	P	P
YCR053W	S	S	S	S	S	S	S	S	S	S	S	S	P	P	P	P	P	P	P	P
YBR263W	S	S	S	S	S	S	S	S	S	S	S	S	P	P	P	P	P	P	P	P
YOR184W	S	S	S	S	S	S	S	S	S	S	S	S	P	P	P	P	P	P	P	P
YKL218C	D	D	D	D	D	D	D	D	D	S	S	S	L	L	L	L	L	L	L	L
YMR250W	D	D	D	S	S	S	S	S	S	S	S	S	P	P	P	L	L	P	P	P
YGR155W	S	S	S	D	S	S	S	S	S	S	S	S	P	P	P	P	P	P	P	P
YPR160W	S	S	P	S	S	S	S	S	S	S	S	S	P	P	P	P	P	P	P	P
YDR062W	S	S	S	S	S	S	S	S	S	S	S	S	P	P	P	P	P	P	P	P
YHR137W	S	S	S	S	S	S	D	S	S	S	S	S	P	P	P	L	L	P	P	P
YCL064C	S	S	S	S	S	S	S	S	S	S	S	S	P	L	P	P	P	P	P	L
YER086W	S	S	S	S	S	S	S	S	S	S	S	S	P	P	P	P	P	P	P	P
YKL106W	S	S	S	S	S	S	P	S	S	S	S	S	P	P	P	P	P	P	P	P
YCL017C	S	S	S	S	S	S	S	S	S	S	S	S	P	P	P	P	P	P	P	P
YMR296C	S	S	S	S	S	S	S	S	S	S	S	S	P	P	P	P	P	P	P	P
YAL012W	S	S	S	S	S	S	S	S	S	S	S	S	P	P	P	P	P	P	P	P
YGR019W	S	S	D	S	S	S	S	S	S	S	S	S	P	P	P	P	L	P	P	P
YIL116W	S	S	D	S	S	S	S	S	S	S	S	S	P	P	P	P	P	P	P	P
YOL140W	S	S	S	S	S	S	S	S	S	S	S	S	P	P	P	P	P	P	P	P
YGR012W	S	S	S	S	S	S	S	S	S	S	S	S	P	P	P	P	P	P	P	P
