Gene ID	V.polysp	T.phaffi	T.blatta	N.dairen	N.castel	K.nagani	K.africa	C.glabra	S.uvarum	S.kudria	S.mikata	S.cerevi	Z.rouxii	T.delbru	K.lactis	E.gossyp	E.cymbal	L.kluyve	L.thermo	L.waltii
YAL016W	P	P	S	S	S	S	S	P	S	S	S	S	P	P	P	P	P	P	P	P
YLR433C	S	S	P	S	P	S	S	S	P	P	P	P	P	P	P	P	P	P	P	P
YPL179W	S	S	S	S	S	S	S	S	S	S	S	S	P	P	P	P	P	P	P	P
YDL006W	S	S	S	S	S	S	S	S	S	S	S	S	P	P	P	P	P	P	P	P
YDR066C	S	S	S	P	P	P	P	P	P	S	P	P	P	P	P	P	P	P	P	P
YNR032W	S	S	S	S	S	S	S	S	S	S	S	S	P	P	P	P	P	P	P	P
YCR079W	S	S	S	S	S	S	S	S	S	S	S	S	P	P	P	P	P	P	P	P
YDL188C	S	P	P	P	P	S	S	S	P	P	P	P	P	P	P	P	P	P	P	P
YLR433C	S	S	P	S	P	S	S	S	P	P	P	P	P	P	P	P	P	P	P	P
YBL056W	P	P	S	P	P	P	P	P	P	P	P	P	P	P	P	P	P	P	P	P
YDR436W	P	P	P	S	S	P	S	P	P	P	P	P	P	P	P	P	P	P	P	P
YMR277W	S	S	S	S	S	S	S	S	S	S	S	S	P	P	P	P	P	P	P	P
YDR066C	S	S	S	P	P	P	P	P	P	S	P	P	P	P	P	P	P	P	P	P
YER133W	S	S	S	S	S	S	S	S	S	S	S	S	P	P	P	P	P	P	P	P
YDR436W	P	P	P	S	S	P	S	P	P	P	P	P	P	P	P	P	P	P	P	P
YDL047W	S	S	S	S	S	S	S	S	S	S	S	S	P	P	P	P	P	P	P	P
YHR076W	S	S	P	S	S	S	S	S	S	S	S	S	P	P	P	P	P	P	P	P
YGR123C	S	S	S	S	S	S	S	S	S	S	S	S	P	P	P	P	P	P	P	P
YBR276C	S	S	S	S	S	S	S	S	S	S	S	S	P	P	P	P	P	P	P	P
YOR090C	S	S	S	S	S	S	S	S	S	S	S	S	P	P	P	P	P	P	P	P
YJL005W	S	S	P	S	S	S	S	S	S	S	S	S	P	P	P	P	P	P	P	P
YFR040W	P	P	P	P	P	P	P	S	P	P	P	P	P	P	P	P	P	P	P	P
YNL222W	S	S	S	S	S	S	S	S	S	S	S	S	P	P	P	P	P	P	P	P
YHR004C	S	S	S	S	S	S	S	S	S	S	S	S	P	P	P	P	P	P	P	P
YBL056W	P	P	S	P	P	P	P	P	P	P	P	P	P	P	P	P	P	P	P	P
YFR028C	S	S	S	P	P	S	S	S	S	S	S	S	P	P	P	P	P	P	P	P
YDL188C	S	P	P	P	P	S	S	S	P	P	P	P	P	P	P	P	P	P	P	P
YDR075W	S	S	S	S	S	S	S	S	S	S	S	S	P	P	P	P	P	P	P	P
YBR125C	S	S	S	S	S	S	S	S	S	S	S	S	P	P	P	P	P	P	P	P
