YNR017W	TIM23
YDR438W	THI74
YMR244C-A	COA6
YNL306W	MRPS18
YIL146C	ATG32
YCL040W	GLK1
YOR206W	NOC2
YPL217C	BMS1
YDR508C	GNP1
YDR462W	MRPL28
YDR175C	RSM24
YNL137C	NAM9
YEL067C	
YGR162W	TIF4631
YDR150W	NUM1
YEL047C	
YNL102W	POL1
YPR099C	
YMR115W	MGR3
YDL182W	LYS20
YLR251W	SYM1
YDR232W	HEM1
YJL062W-A	COA3
YOR144C	ELG1
YNL180C	RHO5
YPL224C	MMT2
YOL081W	IRA2
YNR001C	CIT1
YOR285W	RDL1
YLR327C	TMA10
YDR125C	ECM18
YGL211W	NCS6
YBL022C	PIM1
YPR155C	NCA2
YLR247C	IRC20
YER183C	FAU1
YDR197W	CBS2
YNL315C	ATP11
YEL059C-A	SOM1
YOR215C	AIM41
YDL015C	TSC13
YOL095C	HMI1
YDL181W	INH1
YHR005C-A	TIM10
YCR071C	IMG2
Q0065	AI4
YGR181W	TIM13
YNL284C	MRPL10
YGR082W	TOM20
YMR083W	ADH3
YNR040W	
YJL133W	MRS3
YFL011W	HXT10
YDR191W	HST4
YBR179C	FZO1
YOL038W	PRE6
YJR100C	AIM25
YDR470C	UGO1
YPL059W	GRX5
YPL218W	SAR1
YBR227C	MCX1
YMR224C	MRE11
YAL019W	FUN30
YNL121C	TOM70
YBR244W	GPX2
YFL018C	LPD1
Q0080	ATP8
YGL107C	RMD9
YMR059W	SEN15
YDR505C	PSP1
YDL045W-A	MRP10
YMR072W	ABF2
YBL080C	PET112
YNR055C	HOL1
YKL094W	YJU3
YKR094C	RPL40B
YLR424W	SPP382
YGL228W	SHE10
YGR183C	QCR9
YBR091C	TIM12
YIL016W	SNL1
YML001W	YPT7
YGR086C	PIL1
YLR253W	MCP2
YNR036C	MRPS12
Q0160	SCEI
YGR098C	ESP1
YLR390W-A	CCW14
YNL304W	YPT11
Q0070	AI5_ALPHA
YNL310C	ZIM17
YDR061W	
YJR085C	
YBR229C	ROT2
YKR052C	MRS4
YPL091W	GLR1
YKL157W	APE2
YPL137C	GIP3
YOR274W	MOD5
YJR039W	
Q0142	
YKR087C	OMA1
YBR150C	TBS1
YNR041C	COQ2
YML129C	COX14
Q0275	COX3
YGL256W	ADH4
YIL139C	REV7
YLR072W	LAM6
YLR069C	MEF1
YKL070W	
YLR008C	PAM18
YML030W	RCF1
YMR118C	SHH3
YIL065C	FIS1
YOL053W	AIM39
YPR067W	ISA2
YIL098C	FMC1
YLR164W	SHH4
YHR003C	TCD1
YNL026W	SAM50
YLL036C	PRP19
YJR098C	
YHL032C	GUT1
YNL104C	LEU4
YDL066W	IDP1
YBL107C	MIX23
YBR097W	VPS15
YDR493W	MZM1
YNL169C	PSD1
YBR136W	MEC1
YNL268W	LYP1
Q0010	
YEL034W	HYP2
YHR031C	RRM3
YLL060C	GTT2
YBR039W	ATP3
YDL131W	LYS21
YER069W	ARG5,6
YAL048C	GEM1
YKL087C	CYT2
YOR271C	FSF1
YGR260W	TNA1
YPL270W	MDL2
YIR004W	DJP1
YLR342W	FKS1
YGR159C	NSR1
YBR026C	ETR1
YOR108W	LEU9
YIL136W	OM45
YBR177C	EHT1
Q0255	
YPR058W	YMC1
YBR176W	ECM31
YPL004C	LSP1
YGR021W	
YKR085C	MRPL20
YLR304C	ACO1
YKL217W	JEN1
YNR045W	PET494
YML091C	RPM2
YNR051C	BRE5
YDL086W	
YHR106W	TRR2
YHR186C	KOG1
YMR286W	MRPL33
YGL104C	VPS73
YDR077W	SED1
YDR381C-A	
YPR149W	NCE102
YJR048W	CYC1
YPL172C	COX10
YDR036C	EHD3
YCR005C	CIT2
YBR044C	TCM62
YDR513W	GRX2
YAL062W	GDH3
YDR487C	RIB3
YPR134W	MSS18
YKR027W	BCH2
YJR009C	TDH2
YKL081W	TEF4
YGR029W	ERV1
YGL125W	MET13
YJR135W-A	TIM8
YGR008C	STF2
YNL003C	PET8
YJR045C	SSC1
YDR204W	COQ4
YHR002W	LEU5
YBR084W	MIS1
YFL046W	FMP32
YOR048C	RAT1
YML133C	
YDL044C	MTF2
YLR089C	ALT1
YBR085W	AAC3
YOR227W	HER1
YPL202C	AFT2
YLR190W	MMR1
YIL134W	FLX1
YDR377W	ATP17
YKR001C	VPS1
YAR035W	YAT1
YMR065W	KAR5
YMR098C	ATP25
YMR302C	YME2
YDR219C	MFB1
YGR031W	IMO32
YLR346C	CIS1
YML060W	OGG1
YBL098W	BNA4
YCR083W	TRX3
YGL084C	GUP1
YLR077W	FMP25
YOR251C	TUM1
YPL097W	MSY1
YOR130C	ORT1
YMR167W	MLH1
YNL213C	RRG9
YNL055C	POR1
YGR084C	MRP13
YAL010C	MDM10
YHR100C	GEP4
YDL119C	HEM25
YFR049W	YMR31
YER141W	COX15
YHR135C	YCK1
YKL138C	MRPL31
YOR266W	PNT1
YDR343C	HXT6
YJR060W	CBF1
YPR004C	AIM45
YPR080W	TEF1
YOR004W	UTP23
YPR100W	MRPL51
YCL004W	PGS1
YDR316W	OMS1
YPR033C	HTS1
YDL142C	CRD1
YGL240W	DOC1
YPR151C	SUE1
YHR086W	NAM8
YFR044C	DUG1
YER170W	ADK2
YKL073W	LHS1
YKR006C	MRPL13
YDR050C	TPI1
YNL122C	
YML021C	UNG1
Q0140	VAR1
YER132C	PMD1
YCL057W	PRD1
YER080W	AIM9
YIL149C	MLP2
YOR330C	MIP1
YPL155C	KIP2
YGL169W	SUA5
YBR147W	RTC2
YMR157C	AIM36
YMR110C	HFD1
YDR065W	RRG1
YHR024C	MAS2
YKR042W	UTH1
YOR142W	LSC1
Q0075	AI5_BETA
YGR296W	YRF1-3
YPR002W	PDH1
YDL004W	ATP16
YBL088C	TEL1
YBL064C	PRX1
YDL171C	GLT1
YOR017W	PET127
YMR097C	MTG1
YHR059W	FYV4
YER115C	SPR6
YGL068W	MNP1
YKL155C	RSM22
YMR064W	AEP1
YDR115W	MRX14
YDL232W	OST4
YOR298C-A	MBF1
YJL060W	BNA3
YBR047W	FMP23
YER076C	
YBR238C	
YOR346W	REV1
YGL018C	JAC1
YKR079C	TRZ1
YNL052W	COX5A
YKL027W	TCD2
YMR031C	EIS1
YMR066W	SOV1
YDL033C	SLM3
YBR230C	OM14
YOR350C	MNE1
YLL006W	MMM1
YOR196C	LIP5
YDR326C	YSP2
YPR006C	ICL2
YKL084W	HOT13
YMR232W	FUS2
YEL052W	AFG1
YKL207W	
YML026C	RPS18B
Q0250	COX2
YPR113W	PIS1
YGR266W	
YPR020W	ATP20
YNL195C	
YDR236C	FMN1
YDR011W	SNQ2
YDR155C	CPR1
YGL225W	VRG4
YGL120C	PRP43
YLL001W	DNM1
YKR066C	CCP1
YHR208W	BAT1
YLR099C	ICT1
YPL107W	
YIL105C	SLM1
YJL171C	TOH1
YMR211W	DML1
YLR256W	HAP1
YDL104C	QRI7
YNL009W	IDP3
YDL149W	ATG9
YDR231C	COX20
YOL042W	NGL1
YML078W	CPR3
YOR316C	COT1
YCR032W	BPH1
YIL070C	MAM33
YMR203W	TOM40
YNL295W	MRX6
YKL148C	SDH1
YMR089C	YTA12
YDR096W	GIS1
YNL071W	LAT1
YLR368W	MDM30
YGR255C	COQ6
YLR393W	ATP10
YDL022W	GPD1
YHL021C	AIM17
YCR079W	PTC6
YJR080C	AIM24
YOR070C	GYP1
YJL104W	PAM16
Q0017	
YER178W	PDA1
YLR099W-A	MIM2
YPL196W	OXR1
YGR091W	PRP31
YPL061W	ALD6
YDL140C	RPO21
YDR120C	TRM1
YJR034W	PET191
YJR019C	TES1
YBL059C-A	CMC2
YPL186C	UIP4
YJL161W	FMP33
YGL136C	MRM2
YJL070C	
YIL051C	MMF1
YGL129C	RSM23
YLR419W	
YNR070W	PDR18
YGL020C	GET1
Q0144	
YNL305C	BXI1
YAL046C	BOL3
YJR010W	MET3
YDR405W	MRP20
YDL157C	
YJR144W	MGM101
YPL017C	IRC15
YHL004W	MRP4
YNL063W	MTQ1
YBL038W	MRPL16
YOR188W	MSB1
YBR081C	SPT7
YKL203C	TOR2
YNR002C	ATO2
YNL036W	NCE103
YOL071W	
YNR058W	BIO3
YCR046C	IMG1
YKL133C	
YGR110W	CLD1
YPR024W	YME1
YFR011C	
YLR370C	ARC18
YOL025W	LAG2
YJL052W	TDH1
YBR146W	MRPS9
YGL226W	MTC3
YLR289W	GUF1
YPR191W	QCR2
YGL151W	NUT1
YOR317W	FAA1
YGR101W	PCP1
YDR196C	CAB5
YBL059W	
YDR116C	MRPL1
YDL230W	PTP1
YER166W	DNF1
YOR211C	MGM1
YHL014C	YLF2
YDR322W	MRPL35
YER061C	CEM1
YDR046C	BAP3
YDL248W	COS7
YPL063W	TIM50
YHR198C	AIM18
YOR191W	ULS1
YNL211C	MRX7
YGL230C	
YGR096W	TPC1
YIL022W	TIM44
YKL113C	RAD27
YGR112W	SHY1
YOL043C	NTG2
YDR019C	GCV1
YHR011W	DIA4
YML008C	ERG6
YNR074C	AIF1
YLR193C	UPS1
YKL213C	DOA1
YDR477W	SNF1
YER020W	GPA2
YER125W	RSP5
YDR514C	
YOL114C	PTH4
YPR166C	MRP2
YHR190W	ERG9
YKR063C	LAS1
YJR095W	SFC1
YPL231W	FAS2
YDR296W	MHR1
YPR025C	CCL1
YPL098C	MGR2
YBR118W	TEF2
YFR024C-A	LSB3
YOL059W	GPD2
YBR163W	EXO5
YGR094W	VAS1
YBL013W	FMT1
YNR016C	ACC1
YFR045W	
YER038W-A	FMP49
YGL008C	PMA1
YKL134C	OCT1
YHR117W	TOM71
YER057C	HMF1
YPR001W	CIT3
YOR386W	PHR1
YBL015W	ACH1
Q0105	COB
YOL027C	MDM38
YPR061C	JID1
YIR037W	HYR1
YKL187C	FAT3
YGL073W	HSF1
YLR163C	MAS1
YHR189W	PTH1
YHR001W-A	QCR10
YKL182W	FAS1
YAL039C	CYC3
Q0143	
YIL129C	TAO3
YHR147C	MRPL6
YOR100C	CRC1
YOL026C	MIM1
YIL124W	AYR1
YLR090W	XDJ1
YMR177W	MMT1
YIL042C	PKP1
YMR192W	GYL1
YDR258C	HSP78
Q0055	AI2
YDR148C	KGD2
YDL107W	MSS2
YPR083W	MDM36
YAL011W	SWC3
YCL009C	ILV6
YLR259C	HSP60
YGR285C	ZUO1
YHR080C	LAM4
YGL080W	MPC1
YDR268W	MSW1
YMR189W	GCV2
YBR003W	COQ1
YLR415C	
YML128C	MSC1
YGR150C	CCM1
YPL041C	MRX11
YBR200W	BEM1
YER093C-A	AIM11
YHR070W	TRM5
YPL040C	ISM1
YGL197W	MDS3
YJL043W	
YER033C	ZRG8
YKR019C	IRS4
YGR286C	BIO2
YAL001C	TFC3
YNL250W	RAD50
YNL227C	JJJ1
YMR024W	MRPL3
YML054C	CYB2
YAL056W	GPB2
YOR384W	FRE5
YGL063W	PUS2
YJR121W	ATP2
YLR001C	
YOR020W-A	
YER164W	CHD1
YJL088W	ARG3
YOL045W	PSK2
YBR251W	MRPS5
YGL064C	MRH4
YCL005W	LDB16
YIL006W	YIA6
YKL016C	ATP7
YNL200C	NNR1
YNL177C	MRPL22
YNL077W	APJ1
YPR037C	ERV2
YPR184W	GDB1
YPL135W	ISU1
YPL215W	CBP3
YKL141W	SDH3
YNL098C	RAS2
YIL066C	RNR3
YBR054W	YRO2
YDR298C	ATP5
YHR120W	MSH1
YBR072W	HSP26
YKL040C	NFU1
YBR111C	YSA1
YIL094C	LYS12
YJR016C	ILV3
YGL143C	MRF1
YLR383W	SMC6
YPR146C	
YGR222W	PET54
YOR086C	TCB1
YGL253W	HXK2
YGR257C	MTM1
YPL154C	PEP4
