YGR060W	ERG25
YHL050W-A	
YOR015W	
YHL028W	WSC4
YGL257C	MNT2
YNL326C	PFA3
YML031W	NDC1
YNL100W	
YER005W	YND1
YBR104W	YMC2
YDR241W	BUD26
YER046W	SPO73
YGR138C	TPO2
YNR066C	
YLR138W	NHA1
YNL339W-A	
YIL071W-A	
YBR265W	TSC10
YIL043C	CBR1
YNL266W	
YHR063W-A	
YCR024C-B	
YFL042C	
YEL031W	SPF1
YMR256C	COX7
YFR042W	KEG1
YPR021C	AGC1
YNL111C	CYB5
YOR053W	
YPL132W	COX11
YHR192W	LNP1
YLL006W-A	
YDR048C	
YEL027W	VMA3
YBL113W-A	
YEL024W	RIP1
YIL049W	DFG10
YDR126W	SWF1
YOR034C	AKR2
YPR063C	
YBR283C	SSH1
YHR004C	NEM1
YDR345C	HXT3
YDR079W	PET100
YOL084W	PHM7
YHL040C	ARN1
YGR199W	PMT6
YNL179C	
YLR342W-A	
Q0085	ATP6
YPL205C	
YNR048W	
YOR327C	SNC2
YKL107W	
YOR348C	PUT4
YBR201W	DER1
YPR117W	
YPL096C-A	ERI1
YML047W-A	
YNL125C	ESBP6
YDL009C	
YDR290W	
YBR070C	ALG14
YDR282C	MRX10
YKL165C-A	
YIL077C	
YHR069C-A	
YDL218W	
YNL270C	ALP1
YBR126W-A	MEO1
YNL115C	
YCR034W	
YDR112W	IRC2
YEL017W	GTT3
YCL052C	PBN1
YMR264W	CUE1
YGR073C	
YDL011C	
YDR355C	
YAR031W	PRM9
YMR182W-A	
YLR350W	ORM2
YLR312C	
YNL109W	
YNL101W	AVT4
YGL114W	
YGL255W	ZRT1
YNL114C	
YNL237W	YTP1
YPL094C	SEC62
YMR187C	
YHL026C	
YJL028W	
YDR250C	
YHR028C	DAP2
YPR204C-A	
YER076W-A	
YMR054W	STV1
YMR209C	
YDL095W	PMT1
YOR277C	
YCL021W-A	
YDR100W	TVP15
YDR479C	PEX29
YBL030C	PET9
YKL146W	AVT3
YIL157C	COA1
YIL171W-A	
YGL203C	KEX1
YOL047C	LDS2
YIL121W	QDR2
YLR237W	THI7
YDR062W	LCB2
YFR052C-A	
YOR152C	ATG40
YDL172C	
YMR243C	ZRC1
YOR103C	OST2
YNL339W-B	
YJR013W	GPI14
YJL222W	VTH2
YIL088C	AVT7
YMR015C	ERG5
YGR213C	RTA1
YDR467C	
YFR010W-A	
YGR121C	MEP1
YPR128C	ANT1
YMR141W-A	
YIR028W	DAL4
YML072C	TCB3
YJL151C	SNA3
YMR119W-A	
YKL212W	SAC1
YCR028C	FEN2
YGL085W	LCL3
YDR437W	GPI19
YDL196W	
YDR452W	PPN1
YDR445C	
YGR235C	
YPL156C	PRM4
YHR042W	NCP1
YJL130C	URA2
YGR236C	SPG1
YML029W	USA1
YMR171C	EAR1
YIL173W	VTH1
YKL006C-A	SFT1
YPR098C	
YOR065W	CYT1
YEL001C	IRC22
YDR509W	
YBL102W	SFT2
YOR186W	
YDL193W	NUS1
YGR293C	
YBL011W	SCT1
YER056C	FCY2
YER087C-B	SBH1
YOR045W	TOM6
YJL091C	GWT1
YEL013W	VAC8
YOL018C	TLG2
YBL048W	RRT1
YDR233C	RTN1
YKL145W-A	
YOR087W	YVC1
YDR209C	
YDL194W	SNF3
YPR079W	MRL1
YBR292C	
YGL041C-B	
YEL063C	CAN1
YKL044W	MMO1
YNR060W	FRE4
YIL054W	
YCL073C	GEX1
YNL095C	
YHR021W-A	ECM12
YER190C-B	
YLR461W	PAU4
YBR076C-A	
YOR165W	SEY1
YLR265C	NEJ1
YIR017W-A	
YLR242C	ARV1
YBR235W	VHC1
YHL019W-A	
YOR016C	ERP4
YLR130C	ZRT2
YJR118C	ILM1
YLL028W	TPO1
YGR290W	
YPL206C	PGC1
YER140W	EMP65
YER084W-A	
YLR122C	
YJR015W	
YIL013C	PDR11
YLR326W	
YOR235W	IRC13
YDR183C-A	
YOR225W	
YPR138C	MEP3
YDR056C	EMC10
YMR013C-A	
YIL114C	POR2
YER079C-A	
YPR027C	
YJL004C	SYS1
YPL232W	SSO1
YKR030W	GMH1
YEL053W-A	
YKL037W	AIM26
YGL053W	PRM8
YOR147W	MDM32
YOR218C	
YOR254C	SEC63
YPR126C	
YFL013W-A	
YPR091C	NVJ2
YBR037C	SCO1
YBR015C	MNN2
YDL210W	UGA4
YMR056C	AAC1
YFL025C	BST1
YDL222C	FMP45
YIL087C	AIM19
YHL050C	
YCR068W	ATG15
YHR162W	MPC2
YDR498C	SEC20
YER074W-A	YOS1
YLR162W	
YDR182W	CDC1
YNL013C	
YCL058C	FYV5
YER165C-A	
YJL214W	HXT8
YJL166W	QCR8
YJL094C	KHA1
YDL067C	COX9
YPL274W	SAM3
YHL005C	
YML067C	ERV41
YGL139W	FLC3
YPL050C	MNN9
YJR054W	KCH1
YKR065C	PAM17
YPR114W	
YNL176C	TDA7
YCR067C	SED4
YGL126W	SCS3
YNR061C	
YER067C-A	
YBL020W	RFT1
YGL027C	CWH41
YDL093W	PMT5
YGL231C	EMC4
YER107W-A	
YLR064W	PER33
YCR044C	PER1
YCR026C	NPP1
YFL021C-A	
YLR139C	SLS1
YLR339C	
YDR210W	
YOR097C	
YKL165C	MCD4
YLR334C	
YIL090W	ICE2
YER026C	CHO1
YBR183W	YPC1
YNL033W	
Q0060	AI3
YDR178W	SDH4
YCR075C	ERS1
YDR034C-A	
YCL025C	AGP1
YBR113W	
YLL048C	YBT1
YML034W	SRC1
YBL091C-A	SCS22
YGL002W	ERP6
YBR196C-A	
YDL050C	
YPR192W	AQY1
YLR057W	MNL2
YCR023C	
YJL133C-A	
YOL163W	
YJL178C	ATG27
YMR034C	RCH1
YNL320W	
YLR348C	DIC1
YPL283W-A	
YBR058C-A	TSC3
YJL062W	LAS21
YJL082W	IML2
Q0045	COX1
YMR306W	FKS3
YCR010C	ADY2
YLR050C	
YBR287W	
YLR332W	MID2
YJL120W	
YCL056C	PEX34
YJL152W	
YKR005C	
YER182W	FMP10
YIL089W	
YML059C	NTE1
YPL036W	PMA2
YOR161C-C	
YIL166C	
YMR013C	SEC59
YJL196C	ELO1
YJL003W	COX16
YNL046W	
YPR133W-A	TOM5
YIL060W	
YGR281W	YOR1
YER060W-A	FCY22
YBR219C	
YJL075C	APQ13
YDR039C	ENA2
YMR296C	LCB1
YOR199W	
YPR064W	
YJL205C	NCE101
YDR297W	SUR2
YHR142W	CHS7
YMR166C	MME1
YGR295C	COS6
YER039C	HVG1
YOR396C-A	
YPR183W	DPM1
YML116W	ATR1
YER019W	ISC1
YCR018C-A	
YBR074W	
YBR187W	GDT1
YCL027W	FUS1
YHL008C	
YDR119W-A	COX26
YAL058W	CNE1
YHR054W-A	
YMR292W	GOT1
YPR026W	ATH1
YGR065C	VHT1
YER039C-A	
YGL051W	MST27
YNL243W	SLA2
YOL060C	MAM3
YDL198C	GGC1
YJL097W	PHS1
YPR170W-B	
YKL096C-B	
YLR034C	SMF3
YPL060W	MFM1
YCL038C	ATG22
YGL010W	MPO1
YDR205W	MSC2
YLR297W	
YFL004W	VTC2
YDR411C	DFM1
YLR047C	FRE8
YJL175W	
YLR395C	COX8
YJL225W-A	
YAR028W	
YHL048W	COS8
YDR442W	
YOR301W	RAX1
YFR048W	RMD8
YNL159C	ASI2
YHR110W	ERP5
YBR109W-A	
YDR366C	
YER001W	MNN1
YAL007C	ERP2
YDR459C	PFA5
YOR032W-A	
YOR223W	DSC3
YGL006W	PMC1
YNL336W	COS1
YFR035C	
YGR028W	MSP1
YDL027C	MRX9
YLR067C	PET309
YKR067W	GPT2
YBR063C	
YIL047C	SYG1
YBR051W	
YHR181W	SVP26
YPR150W	
YNL219C	ALG9
YOR292C	
YLR088W	GAA1
YCR024C-A	PMP1
YGR012W	MCY1
YKL008C	LAC1
YGR242W	
YMR129W	POM152
YML066C	SMA2
YKL119C	VPH2
YGR014W	MSB2
YBR021W	FUR4
YBR232C	
YDL245C	HXT15
YBR024W	SCO2
