YCL024W	KCC4
YPR188C	MLC2
YNL304W	YPT11
YER144C	UBP5
YLR425W	TUS1
YLR190W	MMR1
YGR152C	RSR1
YLL021W	SPA2
YBR023C	CHS3
YER149C	PEA2
YKL007W	CAP1
YOR326W	MYO2
YDR166C	SEC5
YKR100C	SKG1
YKL189W	HYM1
YIL140W	AXL2
YLR337C	VRP1
YLR319C	BUD6
YIL129C	TAO3
YMR192W	GYL1
YBR200W	BEM1
YNL233W	BNI4
YNL293W	MSB3
YER008C	SEC3
YHR149C	SKG6
YER155C	BEM2
YLR353W	BUD8
YER133W	GLC7
YKR090W	PXL1
YJL085W	EXO70
YKR055W	RHO4
YNR031C	SSK2
YGL233W	SEC15
YHR102W	KIC1
YBR109C	CMD1
YHL007C	STE20
YAR014C	BUD14
YHR061C	GIC1
YOL112W	MSB4
YDR309C	GIC2
YBR102C	EXO84
YDL127W	PCL2
YPR165W	RHO1
YLR229C	CDC42
YBR079C	RPG1
YKL092C	BUD2
YNL271C	BNI1
YGR221C	TOS2
YIL034C	CAP2
YFL005W	SEC4
YCR038C	BUD5
YNL289W	PCL1
YAL041W	CDC24
YGR189C	CRH1
YPR055W	SEC8
YNL298W	CLA4
YDL240W	LRG1
YKL079W	SMY1
YGR229C	SMI1
YDL179W	PCL9
YPL115C	BEM3
YNL161W	CBK1
YBL061C	SKT5
YLR371W	ROM2
YPL249C	GYP5
YMR273C	ZDS1
YNL243W	SLA2
YOR353C	SOG2
YHR023W	MYO1
