YDR130C	FIN1
YIL144W	
YDL028C	MPS1
YAL034W-A	MTW1
YBL034C	STU1
YJL030W	MAD2
YCL029C	BIK1
YLR045C	STU2
YGR188C	BUB1
YER116C	SLX8
YJR060W	CBF1
YLR271W	CMG1
YOL069W	NUF2
YOR014W	RTS1
YER018C	SPC25
YGR200C	ELP2
YPL233W	NSL1
YDR201W	SPC19
YHR166C	CDC23
YKR083C	DAD2
YBR233W-A	DAD3
YOR191W	ULS1
YDR254W	CHL4
YGR218W	CRM1
YMR168C	CEP3
YOR026W	BUB3
YGL086W	MAD1
YMR094W	CTF13
YKL049C	CSE4
YDR320C-A	DAD4
YCR077C	PAT1
YDR383C	NKP1
YLR381W	CTF3
YBR156C	SLI15
YMR117C	SPC24
YGL061C	DUO1
YER133W	GLC7
YDR532C	KRE28
YKL138C-A	HSK3
YGL060W	YBP2
YJR112W	NNF1
YBR107C	IML3
YGR063C	SPT4
YGL093W	SPC105
YFR046C	CNN1
YLR315W	NKP2
YDR318W	MCM21
YPL209C	IPL1
YGR179C	OKP1
YKL052C	ASK1
YPR046W	MCM16
YPL269W	KAR9
YER106W	MAM1
YKR037C	SPC34
YGR113W	DAM1
YOR269W	PAC1
YOR073W	SGO1
YKL089W	MIF2
YEL061C	CIN8
YPL268W	PLC1
YDR328C	SKP1
YJR089W	BIR1
YIR010W	DSN1
YGR140W	CBF2
YOR195W	SLK19
YJR135C	MCM22
YDL013W	SLX5
YDR016C	DAD1
YDR374W-A	WIP1
YBR211C	AME1
YPL018W	CTF19
