YML077W	BET5
YOR115C	TRS33
YFR021W	ATG18
YKR068C	BET3
YKR078W	
YDR246W	TRS23
YNR007C	ATG3
YPL166W	ATG29
YPR049C	ATG11
YDL149W	ATG9
YLR423C	ATG17
YBR217W	ATG12
YPL149W	ATG5
YMR159C	ATG16
YNL223W	ATG4
YOL082W	ATG19
YDL113C	ATG20
YKR019C	IRS4
YBR128C	ATG14
YPR185W	ATG13
YLR431C	ATG23
YGL180W	ATG1
YLR211C	ATG38
YBR254C	TRS20
YJL036W	SNX4
YHR171W	ATG7
YGL212W	VAM7
YLR240W	VPS34
YDR472W	TRS31
YPL100W	ATG21
YNL242W	ATG2
YFL038C	YPT1
YOR357C	SNX3
YEL013W	VAC8
YPL120W	VPS30
YBL078C	ATG8
YJL178C	ATG27
YPL204W	HRR25
YJL083W	TAX4
YDR022C	
YDR108W	TRS85
