YOR323C	PRO2
YDL161W	ENT1
YER143W	DDI1
YBL036C	
YCR009C	RVS161
YMR205C	PFK2
YMR235C	RNA1
YDR084C	TVP23
YDL056W	MBP1
YLR293C	GSP1
YLR192C	HCR1
YOL017W	ESC8
YPR074C	TKL1
YDR320C	SWA2
YLR448W	RPL6B
YGL202W	ARO8
YMR259C	TRM732
YMR281W	GPI12
YER028C	MIG3
YMR261C	TPS3
YHR203C	RPS4B
YDL036C	PUS9
YKL210W	UBA1
YNL254C	RTC4
YGR109C	CLB6
YLR367W	RPS22B
YOR083W	WHI5
YGR037C	ACB1
YNR008W	LRO1
YOR118W	RTC5
YGR111W	
YDL164C	CDC9
YIL002C	INP51
YNR038W	DBP6
YLR309C	IMH1
YBL076C	ILS1
YLR029C	RPL15A
YOR128C	ADE2
YOL125W	TRM13
YJL165C	HAL5
YDR071C	PAA1
YHR112C	
YOR177C	MPC54
YIL156W	UBP7
YOR166C	SWT1
YDL143W	CCT4
YOR006C	TSR3
YKL009W	MRT4
YIR012W	SQT1
YNL307C	MCK1
YLL018C-A	COX19
YDR032C	PST2
YKL108W	SLD2
YMR067C	UBX4
YNL265C	IST1
YOR033C	EXO1
YOL070C	NBA1
YNL042W	BOP3
YIL112W	HOS4
YDR063W	AIM7
YOL067C	RTG1
YOR145C	PNO1
YDL166C	FAP7
YBR156C	SLI15
YOR304C-A	BIL1
YER155C	BEM2
YHR027C	RPN1
YNL056W	OCA2
YGR180C	RNR4
YDR037W	KRS1
YLR175W	CBF5
YKL071W	
YJR057W	CDC8
YER037W	PHM8
YKL075C	
YGR203W	YCH1
YPL220W	RPL1A
YKL206C	ADD66
YDR172W	SUP35
YOR131C	
YML068W	ITT1
YNL329C	PEX6
YKL130C	SHE2
YNL074C	MLF3
YLR158C	ASP3-3
YBR189W	RPS9B
YCR073W-A	SOL2
YOL111C	MDY2
YOR168W	GLN4
YOR226C	ISU2
YPL065W	VPS28
YPL074W	YTA6
YJR137C	MET5
YDR069C	DOA4
YBR011C	IPP1
YGR134W	CAF130
YLR438C-A	LSM3
YLR209C	PNP1
YNR047W	FPK1
YER015W	FAA2
YDR047W	HEM12
YGR095C	RRP46
YER129W	SAK1
YGR214W	RPS0A
YMR060C	SAM37
YDR267C	CIA1
YDR142C	PEX7
YPL032C	SVL3
YNL183C	NPR1
YCL032W	STE50
YLR361C	DCR2
YBL041W	PRE7
YGR269W	
YPR185W	ATG13
YMR068W	AVO2
YFL002C	SPB4
YJR056C	
YOR241W	MET7
YLR438W	CAR2
YPL038W	MET31
YLR270W	DCS1
YOL009C	MDM12
YGR057C	LST7
YPR145W	ASN1
YNL154C	YCK2
YDR044W	HEM13
YNL267W	PIK1
YLR006C	SSK1
YGR007W	ECT1
YGR241C	YAP1802
YPL003W	ULA1
YDR222W	
YLR195C	NMT1
YJR110W	YMR1
YFL034C-B	MOB2
YML097C	VPS9
YOR267C	HRK1
YPL178W	CBC2
YJL190C	RPS22A
YPL013C	MRPS16
YAL054C	ACS1
YLR398C	SKI2
YNL014W	HEF3
YPR042C	PUF2
YGL219C	MDM34
YKR071C	DRE2
YOR322C	LDB19
YGL061C	DUO1
YMR140W	SIP5
YPL103C	FMP30
YBL026W	LSM2
YFR001W	LOC1
YLR431C	ATG23
YAL059W	ECM1
YLR109W	AHP1
YIR026C	YVH1
YKL168C	KKQ8
YFL023W	BUD27
YGL047W	ALG13
YFL020C	PAU5
YGR244C	LSC2
YLR364W	GRX8
YEL003W	GIM4
YCR053W	THR4
YCL008C	STP22
YLR274W	MCM5
YMR114C	
YMR009W	ADI1
YNL078W	NIS1
YBR082C	UBC4
YLR340W	RPP0
YGL180W	ATG1
YBR061C	TRM7
YLR254C	NDL1
YDR247W	VHS1
YBL016W	FUS3
YNL209W	SSB2
YMR253C	
YCR057C	PWP2
YAL005C	SSA1
YER133W	GLC7
YOR293W	RPS10A
YKR090W	PXL1
YJL055W	
YJL085W	EXO70
YOR062C	
YOR339C	UBC11
YNL173C	MDG1
YBL057C	PTH2
YCL030C	HIS4
YPL024W	RMI1
YJR109C	CPA2
YMR303C	ADH2
YCL035C	GRX1
YKR084C	HBS1
YGR209C	TRX2
YHR174W	ENO2
YCR008W	SAT4
YKL216W	URA1
YPR008W	HAA1
YJL167W	ERG20
YMR316W	DIA1
YGR052W	FMP48
YGR158C	MTR3
YGR003W	CUL3
YML017W	PSP2
YHR199C-A	NBL1
YPR062W	FCY1
YLR211C	ATG38
YBR254C	TRS20
YHR034C	PIH1
YGR219W	
YHR179W	OYE2
YDR404C	RPB7
YMR104C	YPK2
YJL036W	SNX4
YOR197W	MCA1
YDR256C	CTA1
YMR309C	NIP1
YBR222C	PCS60
YNR054C	ESF2
YOR262W	GPN2
YCR091W	KIN82
YBR290W	BSD2
YLR376C	PSY3
YFR031C-A	RPL2A
YFL010C	WWM1
YPR131C	NAT3
YOR167C	RPS28A
YDL159W	STE7
YBL033C	RIB1
YDR532C	KRE28
YJR036C	HUL4
YNR031C	SSK2
YHR171W	ATG7
YBR263W	SHM1
YJL162C	JJJ2
YEL038W	UTR4
YKL067W	YNK1
YHR121W	LSM12
YPR073C	LTP1
YNL110C	NOP15
YNL232W	CSL4
YDL219W	DTD1
YDL090C	RAM1
YMR154C	RIM13
YPL262W	FUM1
YHR116W	COX23
YIL063C	YRB2
YKR031C	SPO14
YLR262C-A	TMA7
YIL018W	RPL2B
YHR087W	RTC3
YKR088C	TVP38
YBR272C	HSM3
YOL087C	DUF1
YGL123W	RPS2
YML096W	
YML016C	PPZ1
YGL099W	LSG1
YML006C	GIS4
YMR178W	
YOR127W	RGA1
YAL035W	FUN12
YDR035W	ARO3
YML109W	ZDS2
YBR084C-A	RPL19A
YOR184W	SER1
YKL151C	NNR2
YLR452C	SST2
YJR066W	TOR1
YNL129W	NRK1
YMR197C	VTI1
YDR332W	IRC3
YML014W	TRM9
YNR014W	
YPL031C	PHO85
YER098W	UBP9
YGL233W	SEC15
YDL055C	PSA1
YJL001W	PRE3
YHL010C	ETP1
YML106W	URA5
YOR259C	RPT4
YHR102W	KIC1
YGL056C	SDS23
YDL103C	QRI1
YLR363C	NMD4
YDL085C-A	
YML025C	YML6
YGR240C	PFK1
YFR030W	MET10
YAL020C	ATS1
YJR125C	ENT3
YGR100W	MDR1
YHR063C	PAN5
YLR011W	LOT6
YCL055W	KAR4
YML079W	
YLR328W	NMA1
YFL039C	ACT1
YGL212W	VAM7
YOR091W	TMA46
YJR050W	ISY1
YBR166C	TYR1
YNL240C	NAR1
YLR245C	CDD1
YOL022C	TSR4
YDL236W	PHO13
YJR136C	TTI2
YDR012W	RPL4B
YKL138C-A	HSK3
YNL256W	FOL1
YDR525W-A	SNA2
YIL008W	URM1
YDL190C	UFD2
YDL047W	SIT4
YDR099W	BMH2
YMR174C	PAI3
YHR043C	DOG2
YDR092W	UBC13
YBR109C	CMD1
YIL076W	SEC28
YGL060W	YBP2
YGL185C	
YPR030W	CSR2
YOL078W	AVO1
YEL071W	DLD3
YJR103W	URA8
YHR115C	DMA1
YBR255W	MTC4
YJL044C	GYP6
YDL020C	RPN4
YBR205W	KTR3
YLR287C	
YDL025C	RTK1
YNR029C	
YDR374C	PHO92
YHL007C	STE20
YJL157C	FAR1
YDL207W	GLE1
YMR315W	
YMR001C	CDC5
YDR152W	GIR2
YOL098C	SDD3
YLR410W	VIP1
YOR171C	LCB4
YJL034W	KAR2
YOL089C	HAL9
YAR014C	BUD14
YNL107W	YAF9
YLR397C	AFG2
YLR335W	NUP2
YGL011C	SCL1
YGR147C	NAT2
YNL023C	FAP1
YOR095C	RKI1
YJR031C	GEA1
YML121W	GTR1
YGL122C	NAB2
YBR130C	SHE3
YKR021W	ALY1
YFL029C	CAK1
YDR507C	GIN4
YLL057C	JLP1
YMR217W	GUA1
YLR388W	RPS29A
YPR190C	RPC82
YDR371W	CTS2
YLR249W	YEF3
YER096W	SHC1
YEL019C	MMS21
YFL016C	MDJ1
YNL153C	GIM3
YPL108W	
YIL053W	
YLR260W	LCB5
YHR061C	GIC1
YBR202W	MCM7
YER009W	NTF2
YAL036C	RBG1
YMR289W	ABZ2
YKR059W	TIF1
YGR047C	TFC4
YOR046C	DBP5
YPL105C	SYH1
YDR335W	MSN5
YLR133W	CKI1
YIL101C	XBP1
YBR001C	NTH2
YFR040W	SAP155
YOR388C	FDH1
YML048W	GSF2
YOL112W	MSB4
YER104W	RTT105
YOR141C	ARP8
YPR132W	RPS23B
YNL108C	
YLR384C	IKI3
YMR250W	GAD1
YPL219W	PCL8
YBL113C	
YDR171W	HSP42
YCR018C	SRD1
YJR033C	RAV1
YER067W	RGI1
YDR309C	GIC2
YBL072C	RPS8A
YOL143C	RIB4
YOR172W	YRM1
YDL239C	ADY3
YJL068C	
YDL156W	CMR1
YMR124W	EPO1
YBL024W	NCL1
YMR311C	GLC8
YKL142W	MRP8
YLR021W	IRC25
YGR169C	PUS6
YMR322C	SNO4
YDR300C	PRO1
YDL168W	SFA1
YPL190C	NAB3
YPL241C	CIN2
YHR068W	DYS1
YPR043W	RPL43A
YML119W	
YGL036W	
YBL075C	SSA3
YGR192C	TDH3
YDR321W	ASP1
YLR240W	VPS34
YKR043C	SHB17
YOR022C	DDL1
YGR013W	SNU71
YNL197C	WHI3
YHR144C	DCD1
YER101C	AST2
YDL127W	PCL2
YOL141W	PPM2
YNL064C	YDJ1
YGR123C	PPT1
YHR077C	NMD2
YOR101W	RAS1
YLR344W	RPL26A
YPR047W	MSF1
YGL209W	MIG2
YOR056C	NOB1
YJR090C	GRR1
YKL019W	RAM2
YBR006W	UGA2
YNL283C	WSC2
YKL184W	SPE1
YLR412W	BER1
YML004C	GLO1
YDR468C	TLG1
YBL051C	PIN4
YOR042W	CUE5
YDL084W	SUB2
YOR236W	DFR1
YBR196C	PGI1
YPL194W	DDC1
YJR035W	RAD26
YGL163C	RAD54
YAL021C	CCR4
YDL229W	SSB1
YFL036W	RPO41
YNL147W	LSM7
YLR435W	TSR2
YKL176C	LST4
YOR238W	
YOR367W	SCP1
YDR009W	GAL3
YJL014W	CCT3
YKL033W-A	
YGL178W	MPT5
YBL031W	SHE1
YPL037C	EGD1
YPR093C	ASR1
YFR053C	HXK1
YDR488C	PAC11
YPR066W	UBA3
YGL208W	SIP2
YDR103W	STE5
YPL247C	
YPL101W	ELP4
YPL064C	CWC27
YOR063W	RPL3
YJR149W	
YER062C	
YIL096C	BMT5
YMR002W	MIX17
YLR275W	SMD2
YHR091C	MSR1
YKR041W	
YAL061W	BDH2
YDL101C	DUN1
YDR162C	NBP2
YKL010C	UFD4
YLR102C	APC9
YDL061C	RPS29B
YPL256C	CLN2
YMR176W	ECM5
YDL040C	NAT1
YML108W	
YMR198W	CIK1
YHR009C	TDA3
YGL190C	CDC55
YML094W	GIM5
YOR280C	FSH3
YDL064W	UBC9
YIL062C	ARC15
YJR154W	
YLR316C	TAD3
YDR463W	STP1
YGL093W	SPC105
YMR116C	ASC1
YMR196W	
YPL093W	NOG1
YGR027C	RPS25A
YML053C	
YLR229C	CDC42
YER016W	BIM1
YDR074W	TPS2
YOL032W	OPI10
YGR124W	ASN2
YGL103W	RPL28
YGL062W	PYC1
YHL012W	
YOR162C	YRR1
YNL259C	ATX1
YPR075C	OPY2
YBR137W	
YBR079C	RPG1
YDR450W	RPS18A
YBR017C	KAP104
YEL025C	
YMR280C	CAT8
YLR048W	RPS0B
YDR161W	ACL4
YBL023C	MCM2
YCL018W	LEU2
YOL092W	YPQ1
YMR170C	ALD2
YPL239W	YAR1
YJL005W	CYR1
YOL061W	PRS5
YJL100W	LSB6
YNL068C	FKH2
YBR127C	VMA2
