YLR439W	MRPL4
YGR193C	PDX1
YGR165W	MRPS35
YJL082W	IML2
Q0045	COX1
YKL208W	CBT1
YPR140W	TAZ1
YPR048W	TAH18
YMR306W	FKS3
YCR010C	ADY2
YNL247W	
YMR186W	HSC82
YKR005C	
YER182W	FMP10
YML086C	ALO1
YPL036W	PMA2
YLR369W	SSQ1
YEL058W	PCM1
YJL003W	COX16
YOR151C	RPB2
YAL044C	GCV3
YPR133W-A	TOM5
YIL060W	
YOR187W	TUF1
YNL135C	FPR1
YDR039C	ENA2
YMR212C	EFR3
YPL082C	MOT1
YOR355W	GDS1
YDL215C	GDH2
YKL060C	FBA1
YEL020W-A	TIM9
YJR113C	RSM7
YJR111C	PXP2
YMR166C	MME1
YER077C	MRX1
YMR061W	RNA14
YPL159C	PET20
YPR183W	DPM1
YPL109C	
YIL069C	RPS24B
YER019W	ISC1
YBR223C	TDP1
YLR059C	REX2
YDR263C	DIN7
YLR165C	PUS5
YDR119W-A	COX26
YER058W	PET117
YLL027W	ISA1
YDL198C	GGC1
YDL120W	YFH1
YGR019W	UGA1
YPL060W	MFM1
YML076C	WAR1
YDL029W	ARP2
YIR021W	MRS1
YLR395C	COX8
YBL095W	MRX3
YNL144C	
YFR048W	RMD8
YPL078C	ATP4
YDR430C	CYM1
YKL033W	TTI1
YJL102W	MEF2
YGR028W	MSP1
YKR023W	
YDL027C	MRX9
YLR067C	PET309
YBR078W	ECM33
YLL013C	PUF3
YKL114C	APN1
YIL047C	SYG1
YBR129C	OPY1
YNL185C	MRPL19
YJL209W	CBP1
YMR307W	GAS1
YPL072W	UBP16
YOL140W	ARG8
YER087W	AIM10
YLL040C	VPS13
YGR012W	MCY1
YFR004W	RPN11
YDR337W	MRPS28
YPL028W	ERG10
YKL029C	MAE1
YBR140C	IRA1
YMR129W	POM152
YBR024W	SCO2
