YHL031C	GOS1
YJL204C	RCY1
YCR100C	
YML077W	BET5
YJL139C	YUR1
YNL297C	MON2
YNR026C	SEC12
YOR115C	TRS33
YOL003C	PFA4
YLR220W	CCC1
YKL004W	AUR1
YDR367W	KEI1
YCR007C	
YDR483W	KRE2
YPL218W	SAR1
YPL145C	KES1
YPR181C	SEC23
YDR358W	GGA1
YJL186W	MNN5
YGR172C	YIP1
YJR040W	GEF1
YOL107W	
YEL036C	ANP1
YNL263C	YIF1
YNL044W	YIP3
YBR014C	GRX7
YDR089W	VTC5
YLR170C	APS1
YBR097W	VPS15
YIL044C	AGE2
YPL051W	ARL3
YDR238C	SEC26
YFL034W	MIL1
YOR216C	RUD3
YOR099W	KTR1
YKR068C	BET3
YKR027W	BCH2
YNL323W	LEM3
YCR094W	CDC50
YJL193W	
YOR036W	PEP12
YAL026C	DRS2
YAL042W	ERV46
YMR079W	SEC14
YGR166W	TRS65
YKL063C	
YDR264C	AKR1
YNL041C	COG6
YGL210W	YPT32
YDR246W	TRS23
YDL010W	GRX6
YKL034W	TUL1
YLR078C	BOS1
YCL057W	PRD1
YLR262C	YPT6
YGL167C	PMR1
YKL039W	PTM1
YLR080W	EMP46
YAR027W	UIP3
YOL137W	BSC6
YIL004C	BET1
YPR113W	PIS1
YGL225W	VRG4
YDR414C	ERD1
YNL029C	KTR5
YDL145C	COP1
YNL024C-A	KSH1
YDL149W	ATG9
YPL246C	RBD2
YOR070C	GYP1
YHL044W	
YML115C	VAN1
YKL077W	
YGL020C	GET1
YDR407C	TRS120
YJL029C	VPS53
YCL001W	RER1
YIL109C	SEC24
YDL058W	USO1
YLR026C	SED5
YPL010W	RET3
YLR246W	ERF2
YML038C	YMD8
YOR069W	VPS5
YGL200C	EMP24
YML012W	ERV25
YER166W	DNF1
YAR029W	
YCR043C	
YLR039C	RIC1
YER125W	RSP5
YER122C	GLO3
YKL174C	TPO5
YDL100C	GET3
YIL014W	MNT3
YHR108W	GGA2
YPL019C	VTC3
YGL137W	SEC27
YDL099W	BUG1
YKL179C	COY1
YPL057C	SUR1
YGR261C	APL6
YKL209C	STE6
YDR245W	MNN10
YPR159W	KRE6
YPL236C	ENV7
YEL042W	GDA1
YHR098C	SFB3
YBR199W	KTR4
YIL048W	NEO1
YMR237W	BCH1
YNL049C	SFB2
YKR061W	KTR2
YMR162C	DNF3
YDR084C	TVP23
YLR309C	IMH1
YER031C	YPT31
YAR033W	MST28
YGR202C	PCT1
YDR503C	LPP1
YNL183C	NPR1
YKL196C	YKT6
YNL238W	KEX2
YGR127W	
YOR322C	LDB19
YPR028W	YOP1
YGL038C	OCH1
YPR089W	
YJL099W	CHS6
YGR209C	TRX2
YOR094W	ARF3
YBR254C	TRS20
YDR027C	VPS54
YGR170W	PSD2
YBR290W	BSD2
YER157W	COG3
YDR137W	RGP1
YKR088C	TVP38
YMR197C	VTI1
YIL085C	KTR7
YOR320C	GNT1
YJL024C	APS3
YPL053C	KTR6
YPR109W	
YJR125C	ENT3
YGR020C	VMA7
YOR307C	SLY41
YHL017W	
YOR079C	ATX2
YDL121C	
YLR360W	VPS38
YBR161W	CSH1
YIL076W	SEC28
YBR205W	KTR3
YDR270W	CCC2
YMR218C	TRS130
YOR171C	LCB4
YNR065C	
YJL183W	MNN11
YJR031C	GEA1
YDL018C	ERP3
YHL019C	APM2
YNL130C	CPT1
YLR260W	LCB5
YDR351W	SBE2
YBR288C	APM3
YLR240W	VPS34
YDR472W	TRS31
YAL002W	VPS8
YDR468C	TLG1
YMR071C	TVP18
YPR165W	RHO1
YFL048C	EMP47
YHR123W	EPT1
YAR023C	
YJR075W	HOC1
YGR120C	COG2
YBR036C	CSG2
YGL161C	YIP5
YMR010W	ANY1
YAR002C-A	ERP1
YBL017C	PEP1
YLR330W	CHS5
YNL051W	COG5
YGL054C	ERV14
YDR072C	IPT1
YJL207C	LAA1
YFL017C	GNA1
YLR268W	SEC22
YGL198W	YIP4
YKL080W	VMA5
YNR059W	MNT4
YER113C	TMN3
YER083C	GET2
YGL257C	MNT2
YNL326C	PFA3
YDR484W	VPS52
YDL192W	ARF1
YER005W	YND1
YNR066C	
YDR126W	SWF1
YOR034C	AKR2
YGR247W	CPD1
YNR048W	
YHR103W	SBE22
YDR170C	SEC7
YFL038C	YPT1
YPR105C	COG4
YAR031W	PRM9
YGR233C	PHO81
YMR054W	STV1
YOR357C	SNX3
YDR100W	TVP15
YGL203C	KEX1
YDR517W	GRH1
YJL222W	VTH2
YML071C	COG8
YDL226C	GCS1
YLR043C	TRX1
YFR051C	RET2
YKL212W	SAC1
YEL022W	GEA2
YIL173W	VTH1
YKL006C-A	SFT1
YBL102W	SFT2
YDL137W	ARF2
YOL018C	TLG2
YDR233C	RTN1
YPR079W	MRL1
YJL123C	MTC1
YNL287W	SEC21
YEL051W	VMA8
YDR141C	DOP1
YLR242C	ARV1
YOR016C	ERP4
YJL004C	SYS1
YKR030W	GMH1
YGL053W	PRM8
YKR020W	VPS51
YBR015C	MNN2
YGL005C	COG7
YIL041W	GVP36
YAR042W	SWH1
YDR372C	VPS74
YER074W-A	YOS1
YJL094C	KHA1
YML067C	ERV41
YPL050C	MNN9
YCR067C	SED4
YBR164C	ARL1
YKL165C	MCD4
YGL002W	ERP6
YEL048C	TCA17
YJL178C	ATG27
YGL223C	COG1
YER039C	HVG1
YPL204W	HRR25
YBL069W	AST1
YBR187W	GDT1
YMR292W	GOT1
YGL051W	MST27
YDR205W	MSC2
YFL004W	VTC2
YPR029C	APL4
YOR299W	BUD7
YAR028W	
YHR110W	ERP5
YER001W	MNN1
YAL007C	ERP2
YPL195W	APL5
YDR459C	PFA5
YIL047C	SYG1
YHR181W	SVP26
YBR080C	SEC18
YLL040C	VPS13
YJR134C	SGM1
YDR108W	TRS85
