YLL050C	COF1
YJL020C	BBC1
YBR234C	ARC40
YOR181W	LAS17
YPR171W	BSP1
YDR129C	SAC6
YLR429W	CRN1
YLR342W	FKS1
YCL034W	LSB5
YHR016C	YSC84
YER071C	TDA2
YKR001C	VPS1
YKL129C	MYO3
YBL007C	SLA1
YNL094W	APP1
YKL007W	CAP1
YHR161C	YAP1801
YGR198W	YPP1
YDL146W	LDB17
YIR003W	AIM21
YOR239W	ABP140
YJR065C	ARP3
YMR109W	MYO5
YLR337C	VRP1
YER125W	RSP5
YFR024C-A	LSB3
YGR136W	LSB1
YBL047C	EDE1
YNL020C	ARK1
YCR088W	ABP1
YKL013C	ARC19
YCR009C	RVS161
YIL002C	INP51
YDR063W	AIM7
YGL181W	GTS1
YGR241C	YAP1802
YJR125C	ENT3
YFL039C	ACT1
YBR109C	CMD1
YOR367W	SCP1
YIL062C	ARC15
YIL034C	CAP2
YMR092C	AIP1
YGL206C	CHC1
YGR080W	TWF1
YDR126W	SWF1
YNL138W	SRV2
YLL038C	ENT4
YNL084C	END3
YOR329C	SCD5
YDR388W	RVS167
YBR108W	AIM3
YHR114W	BZZ1
YIR006C	PAN1
YOR109W	INP53
YNR035C	ARC35
YNL106C	INP52
YIL095W	PRK1
YPR154W	PIN3
YNL243W	SLA2
YDL029W	ARP2
YBR260C	RGD1
