YFR052W	RPN12
YPR103W	PRE2
YDL097C	RPN6
YOL038W	PRE6
YOR157C	PUP1
YER094C	PUP3
YDR427W	RPN9
YPR108W	RPN7
YER012W	PRE1
YDL007W	RPT2
YDR059C	UBC5
YDR363W-A	SEM1
YML092C	PRE8
YDR394W	RPT3
YHL030W	ECM29
YHR027C	RPN1
YKL206C	ADD66
YDR069C	DOA4
YBL041W	PRE7
YOR261C	RPN8
YBR082C	UBC4
YIL075C	RPN2
YDR177W	UBC1
YJL001W	PRE3
YOR259C	RPT4
YGL011C	SCL1
YLR450W	HMG2
YHR052W	CIC1
YDL147W	RPN5
YFR010W	UBP6
YOR362C	PRE10
YFR050C	PRE4
YEL037C	RAD23
YER021W	RPN3
YGL048C	RPT6
YHR200W	RPN10
YGR253C	PUP2
YGL141W	HUL5
YGR135W	PRE9
YMR314W	PRE5
YOR117W	RPT5
YGL004C	RPN14
YLR421C	RPN13
YKL145W	RPT1
YFR004W	RPN11
