YOL048C	RRT8
YNR017W	TIM23
YDR387C	CIN10
YOR082C	
YBR293W	VBA2
YNL105W	RRT16
YDL094C	
YDR438W	THI74
YIL156W-A	
YDR492W	IZH1
YHR094C	HXT1
YHL031C	GOS1
YOL119C	MCH4
YIL146C	ATG32
YDR018C	
YER158W-A	
YMR173W-A	
YCR100C	
YOR345C	
YLR279W	
YHR219C-A	
YDR508C	GNP1
YHR045W	
YPR139C	
YPL257W	
YFL026W	STE2
YBR116C	
YJL139C	YUR1
YOR392W	
YBR241C	
YML125C	PGA3
YMR115W	MGR3
YMR266W	RSN1
YLR251W	SYM1
YNR026C	SEC12
YPR194C	OPT2
YGL160W	AIM14
YCL002C	
YIL117C	PRM5
YJL062W-A	COA3
YML055W	SPC2
YPL224C	MMT2
YDL206W	
YML133W-B	
YGR141W	VPS62
YDR338C	
YPR155C	NCA2
YDR526C	
YOR270C	VPH1
YGL239C	
YOL003C	PFA4
YOL103W	ITR2
YLR220W	CCC1
YKL004W	AUR1
YDL015C	TSC13
YML090W	
YPL244C	HUT1
YAL053W	FLC2
YGR224W	AZR1
YOL079W	
YDR367W	KEI1
Q0065	AI4
YCR007C	
YJR131W	MNS1
YHR007C	ERG11
YHR214C-D	
YMR202W	ERG2
YGR082W	TOM20
YPR156C	TPO3
YAL031W-A	
YFL015C	
YJL133W	MRS3
YFL011W	HXT10
YLR338W	OPI9
YJL086C	
YBR243C	ALG7
YDR200C	VPS64
YJR044C	VPS55
YBR179C	FZO1
YDR470C	UGO1
YIL158W	AIM20
YBR124W	
YLR458W	
YPL192C	PRM3
YDR105C	TMS1
YDR483W	KRE2
YML013W	UBX2
YDL123W	SNA4
YGR197C	SNG1
YJR012C	
YDL199C	
YGR041W	BUD9
YNL121C	TOM70
YCR081C-A	
Q0080	ATP8
YGL168W	HUR1
YPL264C	
YML087C	AIM33
YBR294W	SUL1
YFL032W	
YNR055C	HOL1
YPL006W	NCR1
YDR406W-A	
YGR183C	QCR9
YDR199W	
YIL016W	SNL1
YPL092W	SSU1
YGR228W	
YKL183C-A	
YLR253W	MCP2
YBR284W	
YEL059W	HHY1
YGL098W	USE1
YOL161C	PAU20
YBL071C	
Q0070	AI5_ALPHA
YDR034W-B	
YMR319C	FET4
YOL122C	SMF1
YJR085C	
YGR172C	YIP1
YJR040W	GEF1
YKR052C	MRS4
YOL107W	
YDR119W	VBA4
YAL064W-B	
YAL018C	LDS1
YBR042C	CST26
YOL013W-B	
YML075C	HMG1
YKR087C	OMA1
YBR150C	TBS1
YER147C-A	
YNR041C	COQ2
YML129C	COX14
YOR093C	CMR2
Q0275	COX3
YGL075C	MPS2
YBR298C	MAL31
YEL036C	ANP1
YMR149W	SWP1
YNL263C	YIF1
YLR072W	LAM6
YOR092W	ECM3
YGL012W	ERG4
YHR052W-A	
YJL202C	
YDR319C	
YLR008C	PAM18
YNL044W	YIP3
YBR014C	GRX7
YOR365C	
YML030W	RCF1
YMR118C	SHH3
YOL020W	TAT2
YCR097W-A	
YIL065C	FIS1
YOL053W	AIM39
YDR275W	BSC2
YPL175W	SPT14
YLR164W	SHH4
YHL047C	ARN2
YHR175W-A	
YCR069W	CPR4
YHR003C	TCD1
YCR041W	
YNL026W	SAM50
YFR006W	
YLR467C-A	
YBR180W	DTR1
YDR136C	VPS61
YDR302W	GPI11
YIR021W-A	
YLR198C	
YLR411W	CTR3
YPR198W	SGE1
YLR056W	ERG3
YGR031C-A	NAG1
YNL169C	PSD1
YNL268W	LYP1
YDR182W-A	
YBL089W	AVT5
YAL048C	GEM1
YDR458C	HEH2
YJL108C	PRM10
YKR075W-A	
YNL257C	SIP3
YLR310C	CDC25
YOR271C	FSF1
YGR260W	TNA1
YPL270W	MDL2
YLR342W	FKS1
YIL092W	
YOR106W	VAM3
YAR064W	
YML132W	COS3
YDR307W	PMT7
YBR027C	
YOR059C	
YIL136W	OM45
YIR022W	SEC11
YPR058W	YMC1
YKL217W	JEN1
YJR023C	
YIL066W-A	
YLL052C	AQY2
YFL034W	MIL1
YKR044W	UIP5
YGL104C	VPS73
YDR381C-A	
YHR048W	YHK8
YGR149W	GPC1
YBR090C	
YNL194C	
YKL065W-A	
YPR149W	NCE102
YBR064W	
YOR099W	KTR1
YPL172C	COX10
YBR044C	TCM62
YLR214W	FRE1
YAL023C	PMT2
YNL080C	EOS1
YNR005C	
YLR378C	SEC61
YFL012W-A	
YLR023C	IZH3
YDR352W	YPQ2
YDR278C	
YMR046W-A	
YIR023C-A	
YGR038W	ORM1
YNL323W	LEM3
YNL003C	PET8
YCR094W	CDC50
YNL048W	ALG11
YHR002W	LEU5
YJL193W	
YIL067C	
YGR131W	FHN1
YOR036W	PEP12
YHR079C	IRE1
YAL026C	DRS2
YAL014C	SYN8
YOR154W	SLP1
YFL046W	FMP32
YGR125W	
YOL073C	DSC2
YOL152W	FRE7
YMR052C-A	
YER145C	FTR1
YOL101C	IZH4
YOR085W	OST3
YBR085W	AAC3
YGL022W	STT3
YPL114W	
YLR020C	YEH2
YDR193W	
YOR146W	
YJL195C	
YIL134W	FLX1
YBR068C	BAP2
YMR065W	KAR5
YMR302C	YME2
YLR322W	VPS65
YBR041W	FAT1
YBL082C	ALG3
YNR062C	
YNL203C	
YKL124W	SSH4
YGL084C	GUP1
YLR077W	FMP25
YOL035C	
YPR130C	
YOR130C	ORT1
YDR294C	DPL1
YNL055C	POR1
YKL100C	YPF1
YAL010C	MDM10
YHL036W	MUP3
YNR013C	PHO91
YLR414C	PUN1
YOL166C	
YOR008C	SLG1
YDL119C	HEM25
YAL042W	ERV46
YKL221W	MCH2
YBR207W	FTH1
YKL031W	
YFL050C	ALR2
YEL004W	YEA4
YER141W	COX15
YOR266W	PNT1
YPR124W	CTR1
YDR264C	AKR1
YDR343C	HXT6
YPR157W	TDA6
YPL162C	
YPL200W	CSM4
YJL051W	IRC8
YHR180W	
YGR265W	
YDR316W	OMS1
YGR157W	CHO2
YDL142C	CRD1
YNL008C	ASI3
YNR075W	COS10
YCR011C	ADP1
YGL146C	RRT6
YDL138W	RGT2
YHR195W	NVJ1
YCL065W	
YMR030W-A	
YOR311C	DGK1
YDR284C	DPP1
YNL058C	
YDL010W	GRX6
YDR349C	YPS7
YKL034W	TUL1
YLR078C	BOS1
YFR032C-B	
YMR183C	SSO2
YOL019W	
YLR404W	
YLL005C	SPO75
YCL069W	VBA3
YIL147C	SLN1
YBR147W	RTC2
YGL167C	PMR1
YJR161C	COS5
YLR296W	
YMR157C	AIM36
YMR110C	HFD1
YGR217W	CCH1
YHL043W	ECM34
YOR268C	
YBR023C	CHS3
YER068C-A	
YOL134C	
YOR002W	ALG6
YKL039W	PTM1
YLL055W	YCT1
YLL030C	RRT7
YHR026W	VMA16
YDL232W	OST4
YDL152W	
YKR089C	TGL4
YLL015W	BPT1
YPL058C	PDR12
YOR044W	IRC23
YKR018C	
YNR039C	ZRG17
YDR410C	STE14
YIL005W	EPS1
YJL117W	PHO86
YDL072C	YET3
YDR053W	
YLR269C	
YDL012C	
YNL052W	COX5A
YBR209W	
YGL065C	ALG2
YKL027W	TCD2
YBR089W	
YEL016C	NPP2
YLR145W	RMP1
YFL068W	
YLR080W	EMP46
YLR443W	ECM7
YOR256C	TRE2
YAL030W	SNC1
YPR010C-A	
YBR040W	FIG1
YHR175W	CTR2
YBR230C	OM14
YAR027W	UIP3
YOL137W	BSC6
YLL006W	MMM1
YDR326C	YSP2
YGL204C	
YDL052C	SLC1
YER185W	PUG1
YMR200W	ROT1
YDR536W	STL1
YLR311C	
YLR191W	PEX13
YKL207W	
YAL055W	PEX22
YJL067W	
YIL004C	BET1
YOR376W	
Q0250	COX2
YPR113W	PIS1
YNL291C	MID1
YDR011W	SNQ2
YNL087W	TCB2
YGL225W	VRG4
YDR414C	ERD1
YBL100C	
YIR014W	
YPL147W	PXA1
YIR033W	MGA2
YNL029C	KTR5
YJL156W-A	
YML099W-A	
YPR169W-A	
YPR170W-A	
YHR049C-A	
YPL087W	YDC1
YJL132W	
YKL140W	TGL1
YNL024C-A	KSH1
YDL149W	ATG9
YLR101C	
YDR231C	COX20
YKL051W	SFK1
YGR284C	ERV29
YOR316C	COT1
YGR032W	GSC2
YPL189W	GUP2
YJL172W	CPS1
YMR203W	TOM40
YOL002C	IZH2
YEL018C-A	
YPL246C	RBD2
YNL192W	CHS1
YJL093C	TOK1
YJL163C	
YMR089C	YTA12
YER072W	VTC1
YNL149C	PGA2
YDR413C	
YMR134W	ERG29
YOR328W	PDR10
YGR146C-A	
YJL037W	IRC18
YHR078W	
YMR290W-A	
YHR007C-A	
YLR099W-A	MIM2
YHL044W	
YJL002C	OST1
YNL275W	BOR1
YDR003W	RCR2
YGR191W	HIP1
YJL220W	
YGR270C-A	
YOR008C-A	
YPL238C	
YKR093W	PTR2
YKL201C	MNN4
YCR021C	HSP30
YBR255C-A	RCF3
YJL161W	FMP33
YGL194C-A	
YFR041C	ERJ5
YDL041W	
YBL042C	FUI1
YFL062W	COS4
YML115C	VAN1
YKL077W	
YOR381W	FRE3
YLL023C	POM33
YKR103W	NFT1
YLR065C	ENV10
YLL031C	GPI13
YGR069W	
YHL002C-A	
YNR070W	PDR18
YOR273C	TPO4
YGL020C	GET1
YLR294C	
YNL305C	BXI1
YBR069C	TAT1
YCR104W	PAU3
YCL001W	RER1
YDR443C	SSN2
YHR056W-A	
YNL294C	RIM21
YFR056C	
YNL280C	ERG24
YJL073W	JEM1
YDL128W	VCX1
YIL102C-A	
YLR026C	SED5
YNR002C	ATO2
YEL065W	SIT1
YLR093C	NYV1
YGR026W	
YJR038C	
YML131W	
YLR246W	ERF2
YML038C	YMD8
YDR497C	ITR1
YKL133C	
YGL165C	
YOR075W	UFE1
YGR089W	NNF2
YGL200C	EMP24
YGL186C	TPN1
YLR111W	
YLR152C	
YML012W	ERV25
YNL054W	VAC7
YGR137W	
YGL055W	OLE1
YIL039W	TED1
YBR171W	SEC66
YGL024W	
YKR100C	SKG1
YCR017C	CWH43
YDL089W	NUR1
YHR151C	MTC6
YJR158W	HXT16
YBR043C	QDR3
YDR331W	GPI8
YGR101W	PCP1
YBL059W	
YDR160W	SSY1
YER166W	DNF1
YML123C	PHO84
YMR324C	
YNL146W	
YOR211C	MGM1
YPR170C	
YDR040C	ENA1
YDR046C	BAP3
YPR123C	
YPR142C	
YDL248W	COS7
YDR008C	
YFL051C	
YPL063W	TIM50
YER118C	SHO1
YDR029W	
YNL228W	
YGL230C	
YLR169W	
YGR096W	TPC1
YBR086C	IST2
YNR021W	
YFL054C	AQY3
YAR029W	
YLL053C	
YGR112W	SHY1
YIL030C	SSM4
YMR011W	HXT2
YDR038C	ENA5
YDL204W	RTN2
YHR096C	HXT5
YOR331C	
YNR074C	AIF1
YIL140W	AXL2
YLL043W	FPS1
YJL019W	MPS3
YOR104W	PIN2
YLL066W-A	
YHR190W	ERG9
YKL154W	SRP102
YJR095W	SFC1
YLR004C	THI73
YOR378W	AMF1
YPL098C	MGR2
YBR159W	IFA38
YFR036W-A	
YLR324W	PEX30
YKL174C	TPO5
YPR147C	
YMR272C	SCS7
YGL226C-A	OST5
YGR045C	
YGR175C	ERG1
YDL068W	
YFR045W	
YLR046C	
YGL008C	PMA1
YGR115C	
YIL014W	MNT3
YHR117W	TOM71
YDL026W	
YPR153W	MAY24
YBR008C	FLR1
YLL061W	MMP1
YJL077C	ICS3
YMR148W	OSW5
Q0105	COB
YOL027C	MDM38
YEL033W	MTC7
YBR038W	CHS2
YPR061C	JID1
YLL020C	
YNL065W	AQR1
YLL014W	EMC6
YHR001W-A	QCR10
YPL019C	VTC3
YDR504C	SPG3
YIL040W	APQ12
YIL100C-A	
YOR100C	CRC1
YGL214W	
YLR173W	
YOL026C	MIM1
YJL118W	
YPL279C	FEX2
YMR177W	MMT1
YGR105W	VMA21
YNL143C	
YDR396W	
YAR047C	
YAL022C	FUN26
YBR224W	
Q0055	AI2
YBR077C	SLM4
YOL013C	HRD1
YPL044C	
YEL002C	WBP1
YKL179C	COY1
YDR133C	
YHR180W-A	
YHR092C	HXT4
YPL057C	SUR1
YHR080C	LAM4
YEL064C	AVT2
YGL080W	MPC1
YMR040W	YET2
YBR168W	PEX32
YHL045W	
YDR187C	
YGR226C	
YDR417C	
YGL140C	
YKL220C	FRE2
YLR302C	
YDR521W	
YPL041C	MRX11
YDR086C	SSS1
YJR018W	
YPR003C	
YER093C-A	AIM11
YHL003C	LAG1
YPL185W	
YHR150W	PEX28
YOL158C	ENB1
YER120W	SCS2
YMR119W	ASI1
YKL209C	STE6
YDR245W	MNN10
YJL012C	VTC4
YNR025C	
YBR099C	
YDR431W	
YHR133C	NSG1
YPR159W	KRE6
YOR384W	FRE5
YGR023W	MTL1
YMR274C	RCE1
YDR434W	GPI17
YLL047W	
YLR001C	
YPL227C	ALG5
YNL324W	
YOR020W-A	
YHR101C	BIG1
YCL045C	EMC1
YCL005W	LDB16
YPL234C	VMA11
YIL006W	YIA6
YDL039C	PRM7
YEL042W	GDA1
YBR199W	KTR4
YIL048W	NEO1
YLR081W	GAL2
YHR145C	
YOR175C	ALE1
YPR037C	ERV2
YPL215W	CBP3
YKL141W	SDH3
YBL070C	
YKL065C	YET1
YBR054W	YRO2
YCR037C	PHO87
YGR227W	DIE2
YDR276C	PMP3
YPL112C	PEX25
YER190C-A	
YMR163C	INP2
YGL142C	GPI10
YDR545C-A	
YDL247W	MPH2
YOR086C	TCB1
YPR087W	VPS69
YKR061W	KTR2
YDR406W	PDR15
YAL047W-A	
YNR019W	ARE2
YGR257C	MTM1
YKR050W	TRK2
YDR269C	
YBR110W	ALG1
YMR162C	DNF3
YDR375C	BCS1
YNL019C	
YGR263C	SAY1
YMR241W	YHM2
YDR084C	TVP23
YHR130C	
YGR296C-B	
YHR149C	SKG6
YJL127C-B	
YBL094C	
YER053C-A	
YHR194W	MDM31
YAL016C-A	
YNR030W	ALG12
YHR213W-A	
YNL038W	GPI15
YMR281W	GPI12
YCR098C	GIT1
YOL037C	
YIL046W-A	
YDR456W	NHX1
YDL217C	TIM22
YER044C	ERG28
YBL053W	
YGL077C	HNM1
YNR008W	LRO1
YHR050W	SMF2
YMR026C	PEX12
YLR299W	ECM38
YGR016W	
YER053C	PIC2
YDR384C	ATO3
YDR149C	
YLR373C	VID22
YDR093W	DNF2
YMR150C	IMP1
YOR324C	FRT1
YLR092W	SUL2
YNL131W	TOM22
YMR126C	DLT1
YPR050C	
YGL057C	GEP7
YBR162W-A	YSY6
YLR066W	SPC3
YOR192C	THI72
YEL034C-A	
YJR117W	STE24
YML018C	
YMR003W	AIM34
YAR033W	MST28
YMR221C	FMP42
YPL176C	TRE1
YJR160C	MPH3
YAR069C	
YEL049W	PAU2
YLR402W	
YKL195W	MIA40
YLL051C	FRE6
YEL006W	YEA6
YKL064W	MNR2
YJL134W	LCB3
YER100W	UBC6
YJL219W	HXT9
YJL054W	TIM54
YER181C	
YDR503C	LPP1
YOL162W	
YDR215C	
YMR060C	SAM37
YLR123C	
YKL188C	PXA2
YLR353W	BUD8
YDL212W	SHR3
YKL196C	YKT6
YOR334W	MRS2
YJL038C	LOH1
YNL238W	KEX2
YGL263W	COS12
YJR152W	DAL5
YOR245C	DGA1
YOR153W	PDR5
YGL074C	
YFL055W	AGP3
YBR296C	PHO89
YHR188C	GPI16
YJL142C	IRC9
YJL192C	SOP4
YKR105C	VBA5
YDL159C-B	
YJR001W	AVT1
YDR510C-A	
YDR401W	
YLL067W-A	
YOR081C	TGL5
YPR012W	
YOL156W	HXT11
YAL067C	SEO1
YGL219C	MDM34
YBL040C	ERD2
YOL044W	PEX15
YPL103C	FMP30
YMR058W	FET3
YPR028W	YOP1
YLR356W	ATG33
YPR039W	
YDR135C	YCF1
YGL038C	OCH1
YCL057C-A	
YOR034C-A	
YOR306C	MCH5
YJL182C	
YFL020C	PAU5
YMR306C-A	
YMR193C-A	
YGR289C	MAL11
YLR083C	EMP70
YLR413W	INA1
YEL017C-A	PMP2
Q0115	BI3
YMR088C	VBA1
YMR253C	
YPR077C	
YCL044C	MGR1
YMR254C	
YGL149W	
YBR029C	CDS1
YER060W	FCY21
YBR192W	RIM2
YGR106C	VOA1
YGR004W	PEX31
YPR071W	
YOR067C	ALG8
YEL045C	
YPL182C	
YBR302C	COS2
YNL321W	VNX1
YOL105C	WSC3
YOR329W-A	
YGL247W	BRR6
YBR220C	
YER148W-A	
YFL067W	
YML133W-A	
YKL219W	COS9
YLR400W	
YBR290W	BSD2
YMR155W	
YMR313C	TGL3
YPR125W	YLH47
YNR072W	HXT17
YJR106W	ECM27
YKL178C	STE3
YPL221W	FLC1
YGR160W	
Q0130	OLI1
YDR393W	SHE9
YOR161C	PNS1
YNL142W	MEP2
YDR033W	MRH1
YIL027C	
YKR088C	TVP38
YLL037W	
YAL008W	FUN14
YLR372W	
YMR197C	VTI1
YBL062W	
YOR298W	MUM3
YIL085C	KTR7
YBR210W	ERV15
YNL174W	
YGL072C	
YOR320C	GNT1
YJL212C	OPT1
YBR106W	PHO88
YGR243W	MPC3
YBR005W	RCR1
YMR172C-A	
YKL150W	MCR1
YLR207W	HRD3
YPL053C	KTR6
YPR109W	
YPR159C-A	
YOR222W	ODC2
YGL088W	
YLR188W	MDL1
YBR132C	AGP2
YML052W	SUR7
YER154W	OXA1
YOR307C	SLY41
YGR231C	PHB2
YDR342C	HXT7
YAL028W	FRT2
YML101C-A	
YML047C	PRM6
YKL023C-A	
YHL017W	
YGL152C	
YGL212W	VAM7
YAL042C-A	
YLR171W	
YJR112W-A	
YAL065C	
YLR241W	CSC1
YOR079C	ATX2
YAL009W	SPO7
YNL318C	HXT14
YHL035C	VMR1
YDL121C	
YDR525W-A	SNA2
YIL030W-A	
YLR205C	HMX1
YJL170C	ASG7
YPR201W	ARR3
YBR161W	CSH1
YJL129C	TRK1
YIR036W-A	
YIL029C	
YNL012W	SPO1
YBR255W	MTC4
YBR205W	KTR3
YDR270W	CCC2
YLR230W	
YEL069C	HXT13
YNR065C	
YGR036C	CAX4
YJL183W	MNN11
YDL018C	ERP3
YAR053W	
YJR077C	MIR1
YNR056C	BIO5
YGL041C	
YKR016W	
YMR298W	LIP1
YBR295W	PCA1
YER017C	AFG3
YDL180W	
YNL130C	CPT1
YBR004C	GPI18
YGR216C	GPI1
YDL133W	SRF1
YKR053C	YSR3
YIL120W	QDR1
YPL168W	MRX4
YML048W	GSF2
YOR228C	MCP1
YJR010C-A	SPC1
YOR049C	RSB1
YAL059C-A	
YFL041W	FET5
YOR149C	SMP3
YLR450W	HMG2
YLR140W	
YJR116W	TDA4
YLR390W	ECM19
YOR011W	AUS1
YOR071C	NRT1
YNL181W	PBR1
YGL191W	COX13
YKR039W	GAP1
YDR107C	TMN2
YLR018C	POM34
YOL075C	
YNL283C	WSC2
YOR246C	ENV9
YDR468C	TLG1
YER019C-A	SBH2
YPL119C-A	
YMR071C	TVP18
YOR183W	FYV12
YDR329C	PEX3
YLR084C	RAX2
YHR036W	BRL1
YOR297C	TIM18
YGR296C-A	
YMR063W	RIM9
YFL048C	EMP47
YMR301C	ATM1
YML081C-A	ATP18
YNL158W	PGA1
YML019W	OST6
YPL099C	
YGR114C	
YLR379W	
YMR158W-B	
YHR123W	EPT1
YDL231C	BRE4
YGR033C	TIM21
YKR051W	
YIL134C-A	
YAR023C	
YOL129W	VPS68
YML057C-A	
YFL015W-A	
YLR459W	GAB1
YML009C-A	
YGR168C	
YJR075W	HOC1
YDR491C	
YMR151W	YIM2
YBR036C	CSG2
YDL035C	GPR1
YPL134C	ODC1
YKL175W	ZRT3
YBR291C	CTP1
YGR294W	PAU12
YAL026C-A	
YPR075C	OPY2
YGR049W	SCM4
YHR155W	LAM1
YKL120W	OAC1
YJR126C	VPS70
YEL025C	
YOL092W	YPQ1
YDR090C	
YLL059C	
YMR123W	PKR1
YGL161C	YIP5
YGR062C	COX18
YCR048W	ARE1
YMR010W	ANY1
YLR238W	FAR10
YPR038W	IRC16
YHR140W	
YOR219C	STE13
YLR283W	
YOL099C	
YPR011C	
YHL016C	DUR3
YDL054C	MCH1
YCL005W-A	VMA9
YMR244W	
YPL076W	GPI2
YAR002C-A	ERP1
YMR279C	
YBL017C	PEP1
YDR340W	
YIL020C-A	
YMR316C-B	
YGR055W	MUP1
YDL211C	
YGL054C	ERV14
YIR024C	
YJR124C	
YJL143W	TIM17
YEL050W-A	
YJL059W	YHC3
Q0110	BI2
YNL070W	TOM7
YLR444C	
YOL130W	ALR1
YLR374C	
YDR072C	IPT1
YIL023C	YKE4
YNR018W	RCF2
YOR282W	
YOL077W-A	ATP19
YER119C	AVT6
YML009W-B	
YLL012W	YEH1
YPL265W	DIP5
YBR300C	
YGL042C	
YIL177W-A	
YMR035W	IMP2
YOR030W	DFG16
YGR221C	TOS2
YBR262C	
YKR106W	GEX2
YDR420W	HKR1
YLR466C-A	
YGR143W	SKN1
YLR268W	SEC22
YCR061W	
YGL198W	YIP4
YNL279W	PRM1
YMR304C-A	
YOR291W	YPK9
YFR012W	DCV1
YJL198W	PHO90
YOR390W	FEX1
YNL156C	NSG2
YIL037C	PRM2
YDR481C	PHO8
YHR032W	ERC1
YJL007C	
YOR013W	IRC11
YLR087C	CSF1
YFL040W	
YJR073C	OPI3
YJR143C	PMT4
YNL235C	
YNR059W	MNT4
YLR426W	TDA5
YLR036C	
YER113C	TMN3
YMR122W-A	
YPL283W-B	
YER083C	GET2
YDR281C	PHM6
YOR321W	PMT3
YGR060W	ERG25
YHL050W-A	
YOR015W	
YHL028W	WSC4
YGL257C	MNT2
YNL326C	PFA3
YML031W	NDC1
YNL100W	
YER005W	YND1
YBR104W	YMC2
YDR241W	BUD26
YER046W	SPO73
YGR138C	TPO2
YNR066C	
YLR138W	NHA1
YNL339W-A	
YIL071W-A	
YBR265W	TSC10
YIL043C	CBR1
YNL266W	
YHR063W-A	
YCR024C-B	
YFL042C	
YEL031W	SPF1
YMR256C	COX7
YFR042W	KEG1
YPR021C	AGC1
YNL111C	CYB5
YOR053W	
YPL132W	COX11
YHR192W	LNP1
YLL006W-A	
YDR048C	
YEL027W	VMA3
YBL113W-A	
YEL024W	RIP1
YIL049W	DFG10
YDR126W	SWF1
YOR034C	AKR2
YPR063C	
YBR283C	SSH1
YHR004C	NEM1
YDR345C	HXT3
YDR079W	PET100
YOL084W	PHM7
YHL040C	ARN1
YGR199W	PMT6
YNL179C	
YLR342W-A	
Q0085	ATP6
YPL205C	
YNR048W	
YOR327C	SNC2
YKL107W	
YOR348C	PUT4
YBR201W	DER1
YPR117W	
YPL096C-A	ERI1
YML047W-A	
YNL125C	ESBP6
YDL009C	
YDR290W	
YBR070C	ALG14
YDR282C	MRX10
YKL165C-A	
YIL077C	
YHR069C-A	
YDL218W	
YNL270C	ALP1
YBR126W-A	MEO1
YNL115C	
YCR034W	
YDR112W	IRC2
YEL017W	GTT3
YCL052C	PBN1
YMR264W	CUE1
YGR073C	
YDL011C	
YDR355C	
YAR031W	PRM9
YMR182W-A	
YLR350W	ORM2
YLR312C	
YNL109W	
YNL101W	AVT4
YGL114W	
YGL255W	ZRT1
YNL114C	
YNL237W	YTP1
YPL094C	SEC62
YMR187C	
YHL026C	
YJL028W	
YDR250C	
YHR028C	DAP2
YPR204C-A	
YER076W-A	
YMR054W	STV1
YMR209C	
YDL095W	PMT1
YOR277C	
YCL021W-A	
YDR100W	TVP15
YDR479C	PEX29
YBL030C	PET9
YKL146W	AVT3
YIL157C	COA1
YIL171W-A	
YGL203C	KEX1
YOL047C	LDS2
YIL121W	QDR2
YLR237W	THI7
YDR062W	LCB2
YFR052C-A	
YOR152C	ATG40
YDL172C	
YMR243C	ZRC1
YOR103C	OST2
YNL339W-B	
YJR013W	GPI14
YJL222W	VTH2
YIL088C	AVT7
YMR015C	ERG5
YGR213C	RTA1
YDR467C	
YFR010W-A	
YGR121C	MEP1
YPR128C	ANT1
YMR141W-A	
YIR028W	DAL4
YML072C	TCB3
YJL151C	SNA3
YMR119W-A	
YKL212W	SAC1
YCR028C	FEN2
YGL085W	LCL3
YDR437W	GPI19
YDL196W	
YDR452W	PPN1
YDR445C	
YGR235C	
YPL156C	PRM4
YHR042W	NCP1
YJL130C	URA2
YGR236C	SPG1
YML029W	USA1
YMR171C	EAR1
YIL173W	VTH1
YKL006C-A	SFT1
YPR098C	
YOR065W	CYT1
YEL001C	IRC22
YDR509W	
YBL102W	SFT2
YOR186W	
YDL193W	NUS1
YGR293C	
YBL011W	SCT1
YER056C	FCY2
YER087C-B	SBH1
YOR045W	TOM6
YJL091C	GWT1
YEL013W	VAC8
YOL018C	TLG2
YBL048W	RRT1
YDR233C	RTN1
YKL145W-A	
YOR087W	YVC1
YDR209C	
YDL194W	SNF3
YPR079W	MRL1
YBR292C	
YGL041C-B	
YEL063C	CAN1
YKL044W	MMO1
YNR060W	FRE4
YIL054W	
YCL073C	GEX1
YNL095C	
YHR021W-A	ECM12
YER190C-B	
YLR461W	PAU4
YBR076C-A	
YOR165W	SEY1
YLR265C	NEJ1
YIR017W-A	
YLR242C	ARV1
YBR235W	VHC1
YHL019W-A	
YOR016C	ERP4
YLR130C	ZRT2
YJR118C	ILM1
YLL028W	TPO1
YGR290W	
YPL206C	PGC1
YER140W	EMP65
YER084W-A	
YLR122C	
YJR015W	
YIL013C	PDR11
YLR326W	
YOR235W	IRC13
YDR183C-A	
YOR225W	
YPR138C	MEP3
YDR056C	EMC10
YMR013C-A	
YIL114C	POR2
YER079C-A	
YPR027C	
YJL004C	SYS1
YPL232W	SSO1
YKR030W	GMH1
YEL053W-A	
YKL037W	AIM26
YGL053W	PRM8
YOR147W	MDM32
YOR218C	
YOR254C	SEC63
YPR126C	
YFL013W-A	
YPR091C	NVJ2
YBR037C	SCO1
YBR015C	MNN2
YDL210W	UGA4
YMR056C	AAC1
YFL025C	BST1
YDL222C	FMP45
YIL087C	AIM19
YHL050C	
YCR068W	ATG15
YHR162W	MPC2
YDR498C	SEC20
YER074W-A	YOS1
YLR162W	
YDR182W	CDC1
YNL013C	
YCL058C	FYV5
YER165C-A	
YJL214W	HXT8
YJL166W	QCR8
YJL094C	KHA1
YDL067C	COX9
YPL274W	SAM3
YHL005C	
YML067C	ERV41
YGL139W	FLC3
YPL050C	MNN9
YJR054W	KCH1
YKR065C	PAM17
YPR114W	
YNL176C	TDA7
YCR067C	SED4
YGL126W	SCS3
YNR061C	
YER067C-A	
YBL020W	RFT1
YGL027C	CWH41
YDL093W	PMT5
YGL231C	EMC4
YER107W-A	
YLR064W	PER33
YCR044C	PER1
YCR026C	NPP1
YFL021C-A	
YLR139C	SLS1
YLR339C	
YDR210W	
YOR097C	
YKL165C	MCD4
YLR334C	
YIL090W	ICE2
YER026C	CHO1
YBR183W	YPC1
YNL033W	
Q0060	AI3
YDR178W	SDH4
YCR075C	ERS1
YDR034C-A	
YCL025C	AGP1
YBR113W	
YLL048C	YBT1
YML034W	SRC1
YBL091C-A	SCS22
YGL002W	ERP6
YBR196C-A	
YDL050C	
YPR192W	AQY1
YLR057W	MNL2
YCR023C	
YJL133C-A	
YOL163W	
YJL178C	ATG27
YMR034C	RCH1
YNL320W	
YLR348C	DIC1
YPL283W-A	
YBR058C-A	TSC3
YJL062W	LAS21
YJL082W	IML2
Q0045	COX1
YMR306W	FKS3
YCR010C	ADY2
YLR050C	
YBR287W	
YLR332W	MID2
YJL120W	
YCL056C	PEX34
YJL152W	
YKR005C	
YER182W	FMP10
YIL089W	
YML059C	NTE1
YPL036W	PMA2
YOR161C-C	
YIL166C	
YMR013C	SEC59
YJL196C	ELO1
YJL003W	COX16
YNL046W	
YPR133W-A	TOM5
YIL060W	
YGR281W	YOR1
YER060W-A	FCY22
YBR219C	
YJL075C	APQ13
YDR039C	ENA2
YMR296C	LCB1
YOR199W	
YPR064W	
YJL205C	NCE101
YDR297W	SUR2
YHR142W	CHS7
YMR166C	MME1
YGR295C	COS6
YER039C	HVG1
YOR396C-A	
YPR183W	DPM1
YML116W	ATR1
YER019W	ISC1
YCR018C-A	
YBR074W	
YBR187W	GDT1
YCL027W	FUS1
YHL008C	
YDR119W-A	COX26
YAL058W	CNE1
YHR054W-A	
YMR292W	GOT1
YPR026W	ATH1
YGR065C	VHT1
YER039C-A	
YGL051W	MST27
YNL243W	SLA2
YOL060C	MAM3
YDL198C	GGC1
YJL097W	PHS1
YPR170W-B	
YKL096C-B	
YLR034C	SMF3
YPL060W	MFM1
YCL038C	ATG22
YGL010W	MPO1
YDR205W	MSC2
YLR297W	
YFL004W	VTC2
YDR411C	DFM1
YLR047C	FRE8
YJL175W	
YLR395C	COX8
YJL225W-A	
YAR028W	
YHL048W	COS8
YDR442W	
YOR301W	RAX1
YFR048W	RMD8
YNL159C	ASI2
YHR110W	ERP5
YBR109W-A	
YDR366C	
YER001W	MNN1
YAL007C	ERP2
YDR459C	PFA5
YOR032W-A	
YOR223W	DSC3
YGL006W	PMC1
YNL336W	COS1
YFR035C	
YGR028W	MSP1
YDL027C	MRX9
YLR067C	PET309
YKR067W	GPT2
YBR063C	
YIL047C	SYG1
YBR051W	
YHR181W	SVP26
YPR150W	
YNL219C	ALG9
YOR292C	
YLR088W	GAA1
YCR024C-A	PMP1
YGR012W	MCY1
YKL008C	LAC1
YGR242W	
YMR129W	POM152
YML066C	SMA2
YKL119C	VPH2
YGR014W	MSB2
YBR021W	FUR4
YBR232C	
YDL245C	HXT15
YBR024W	SCO2
