YPL071C	
YLL050C	COF1
YOR185C	GSP2
YLL032C	
YMR027W	
YKL103C	
YBL055C	
YMR290C	HAS1
YCR031C	RPS14A
YMR139W	RIM11
YDR523C	SPS1
YLR466W	YRF1-4
YPL208W	RKM1
YLR054C	OSW2
YLR437C	DIF1
YOR385W	
YGL087C	MMS2
YMR244C-A	COA6
YLL056C	
YJL204C	RCY1
YAL016W	TPD3
YCL011C	GBP2
YNL288W	CAF40
YNL191W	DUG3
YBR115C	LYS2
YJR105W	ADO1
YPL217C	BMS1
YDL189W	RBS1
YER056C-A	RPL34A
YMR180C	CTL1
YBR031W	RPL4A
YPR139C	
YLR075W	RPL10
YML088W	UFO1
YIL010W	DOT5
YKR004C	ECM9
YJR129C	EFM3
YDR186C	SND1
YKL002W	DID4
YGR162W	TIF4631
YEL054C	RPL12A
YPL009C	RQC2
YLR025W	SNF7
YDR243C	PRP28
YOR160W	MTR10
YLR032W	RAD5
YOR039W	CKB2
YEL047C	
YOR264W	DSE3
YPL183C	RTT10
YPR032W	SRO7
YOR281C	PLP2
YFR027W	ECO1
YDL182W	LYS20
YLR251W	SYM1
YBR182C	SMP1
YAL003W	EFB1
YPL084W	BRO1
YNL152W	INN1
YDR158W	HOM2
YOR230W	WTM1
YNL099C	OCA1
YKL173W	SNU114
YML057W	CMP2
YMR105C	PGM2
YOR144C	ELG1
YPL179W	PPQ1
YNL180C	RHO5
YOL081W	IRA2
YOL052C	SPE2
YIL050W	PCL7
YGL211W	NCS6
YIL107C	PFK26
YPR204W	
YPR103W	PRE2
YOR058C	ASE1
YJR046W	TAH11
YER084W	
YDR533C	HSP31
YDR272W	GLO2
YKL139W	CTK1
YNL091W	NST1
YGL097W	SRM1
YNL157W	IGO1
YDR197W	CBS2
YOR258W	HNT3
YLR167W	RPS31
YJL020C	BBC1
YKL180W	RPL17A
YDR304C	CPR5
YNL221C	POP1
YAL053W	FLC2
YHR097C	
YLR094C	GIS3
YPR141C	KAR3
YGR142W	BTN2
YML101C	CUE4
YNR052C	POP2
YCR060W	TAH1
YDR367W	KEI1
YKL143W	LTV1
YIL045W	PIG2
YMR012W	CLU1
YOR231W	MKK1
YOR021C	SFM1
YMR083W	ADH3
YPL240C	HSP82
YPR188C	MLC2
YDL139C	SCM3
YKL062W	MSN4
YPL111W	CAR1
YOR120W	GCY1
YPR119W	CLB2
YFR017C	IGD1
YGL021W	ALK1
YDR200C	VPS64
YBR234C	ARC40
YJR053W	BFA1
YDR191W	HST4
YGL110C	CUE3
YGL017W	ATE1
YLR181C	VTA1
YBR247C	ENP1
YOL038W	PRE6
YOR023C	AHC1
YOL124C	TRM11
YOR212W	STE4
YMR017W	SPO20
YIL158W	AIM20
YML085C	TUB1
YPL192C	PRM3
YOL120C	RPL18A
YOR181W	LAS17
YIR018W	YAP5
YLR180W	SAM1
YBR218C	PYC2
YLR250W	SSP120
YKL149C	DBR1
YBR244W	GPX2
YAL024C	LTE1
YDR505C	PSP1
YDL045C	FAD1
YBR160W	CDC28
YMR304W	UBP15
YIL082W	
YOR335C	ALA1
YDR361C	BCP1
YIL056W	VHR1
YIL161W	
YJR067C	YAE1
YEL032W	MCM3
YKL110C	KTI12
YPL198W	RPL7B
YJR146W	
YKL094W	YJU3
YPL145C	KES1
YKR094C	RPL40B
YLR424W	SPP382
YMR308C	PSE1
YGL050W	TYW3
YDR266C	HEL2
YGR086C	PIL1
YJR130C	STR2
YKR058W	GLG1
YDR002W	YRB1
YDR214W	AHA1
YDR130C	FIN1
YGR098C	ESP1
YPR181C	SEC23
YGR074W	SMD1
YBR158W	AMN1
YBR111W-A	SUS1
YJR069C	HAM1
YIL026C	IRR1
YJL008C	CCT8
YNL119W	NCS2
YDR034W-B	
YCR036W	RBK1
YLR233C	EST1
YEL053C	MAK10
YAL034W-A	MTW1
YOR157C	PUP1
YCL042W	
YPR171W	BSP1
YHR073W	OSH3
YDR363W	ESC2
YPL091W	GLR1
YKL157W	APE2
YPL137C	GIP3
YDR422C	SIP1
YER013W	PRP22
YJL189W	RPL39
YOR274W	MOD5
YNL277W	MET2
YDR097C	MSH6
YNL126W	SPC98
YGR194C	XKS1
YHR064C	SSZ1
YBR150C	TBS1
YGL026C	TRP5
YNL210W	MER1
YGL213C	SKI8
YNL301C	RPL18B
YDL160C	DHH1
YGL075C	MPS2
YPL014W	CIP1
YBR143C	SUP45
YML073C	RPL6A
YLR072W	LAM6
YNL059C	ARP5
YOR092W	ECM3
YMR233W	TRI1
YDR228C	PCF11
YLR069C	MEF1
YLR403W	SFP1
YPR069C	SPE3
YDR471W	RPL27B
YER094C	PUP3
YBR014C	GRX7
YMR048W	CSM3
YGL082W	
YLR231C	BNA5
YER038C	KRE29
YKR038C	KAE1
YKR048C	NAP1
YLR264W	RPS28B
YIL068C	SEC6
YPR072W	NOT5
YGR161C	RTS3
YLR079W	SIC1
YCR069W	CPR4
YOL117W	RRI2
YLR170C	APS1
YLR228C	ECM22
YNL067W	RPL9B
YFR006W	
YLL036C	PRP19
YJR098C	
YDR129C	SAC6
YBL034C	STU1
YHL032C	GUT1
YNL104C	LEU4
YBR212W	NGR1
YOR303W	CPA1
YOR052C	
YDR239C	
YDR539W	FDC1
YBR071W	
YDL125C	HNT1
YPL125W	KAP120
YPL090C	RPS6A
YPR120C	CLB5
YMR260C	TIF11
YBL074C	AAR2
YBL107C	MIX23
YLR429W	CRN1
YKR045C	
YDR101C	ARX1
YKL018C-A	
YEL034W	HYP2
YKL126W	YPK1
YLL060C	GTT2
YDR212W	TCP1
YNL162W	RPL42A
YGL037C	PNC1
YIL044C	AGE2
YKR072C	SIS2
YER069W	ARG5,6
YJR138W	IML1
YOL039W	RPP2A
YNL257C	SIP3
YLR310C	CDC25
YNL229C	URE2
YGL252C	RTG2
YML056C	IMD4
YOR173W	DCS2
YGL250W	RMR1
YIR004W	DJP1
YDR113C	PDS1
YBR121C	GRS1
YDR168W	CDC37
YIL092W	
YOR106W	VAM3
YDR520C	URC2
YGL121C	GPG1
YLR017W	MEU1
YBR197C	
YGL040C	HEM2
YJR049C	UTR1
YAL031C	GIP4
YER131W	RPS26B
YGR130C	
YER027C	GAL83
YML058W-A	HUG1
YOL149W	DCP1
YDL006W	PTC1
YPL004C	LSP1
YLR304C	ACO1
YJR008W	MHO1
YNR051C	BRE5
YGR097W	ASK10
YMR199W	CLN1
YIL133C	RPL16A
YDL086W	
YGL170C	SPO74
YHR106W	TRR2
YCR092C	MSH3
YHR186C	KOG1
YDR238C	SEC26
YHL029C	OCA5
YJR145C	RPS4A
YBR090C	
YKR080W	MTD1
YNL194C	
YPR149W	NCE102
YIR001C	SGN1
YDL083C	RPS16B
YHR035W	NEL1
YLR027C	AAT2
YCR005C	CIT2
YBR044C	TCM62
YMR025W	CSI1
YGR195W	SKI6
YDR513W	GRX2
YIL153W	RRD1
YPR051W	MAK3
YCL034W	LSB5
YDR487C	RIB3
YCL026C-B	HBN1
YDR066C	RTR2
YBL068W	PRS4
YLL062C	MHT1
YML005W	TRM12
YGR250C	RIE1
YJR009C	TDH2
YGL155W	CDC43
YGL216W	KIP3
YKL081W	TEF4
YPR118W	MRI1
YBR216C	YBP1
YKR022C	NTR2
YJR014W	TMA22
YOR204W	DED1
YOR209C	NPT1
YIL108W	
YHR165C	PRP8
YGR008C	STF2
YPR019W	MCM4
YNL323W	LEM3
YJR045C	SSC1
YPL213W	LEA1
YBR271W	EFM2
YHR172W	SPC97
YOR284W	HUA2
YHR016C	YSC84
YGR248W	SOL4
YGL094C	PAN2
YKL198C	PTK1
YCL028W	RNQ1
YOR036W	PEP12
YER035W	EDC2
YHR169W	DBP8
YNL072W	RNH201
YAL014C	SYN8
YGR163W	GTR2
YPL123C	RNY1
YOR154W	SLP1
YLL008W	DRS1
YNL224C	SQS1
YPL144W	POC4
YML133C	
YLL046C	RNP1
YMR246W	FAA4
YJL030W	MAD2
YJL047C	RTT101
YOL101C	IZH4
YDL079C	MRK1
YER176W	ECM32
YJL194W	CDC6
YPL140C	MKK2
YOR227W	HER1
YER071C	TDA2
YCL029C	BIK1
YOR159C	SME1
YBR059C	AKL1
YKR078W	
YOR372C	NDD1
YGR271W	SLH1
YNR032W	PPG1
YLR045C	STU2
YLR285W	NNT1
YKR001C	VPS1
YHR065C	RRP3
YOR112W	CEX1
YFR014C	CMK1
YLR276C	DBP9
YBR252W	DUT1
YOR387C	
YER177W	BMH1
YOR229W	WTM2
YPL045W	VPS16
YMR080C	NAM7
YDL233W	MFG1
YPL267W	ACM1
YLR135W	SLX4
YGL162W	SUT1
YPL133C	RDS2
YKL124W	SSH4
YMR294W	JNM1
YCL039W	GID7
YFR055W	IRC7
YOR342C	
YER123W	YCK3
YBR117C	TKL2
YOR251C	TUM1
YBR214W	SDS24
YPL263C	KEL3
YER116C	SLX8
YCL037C	SRO9
YMR167W	MLH1
YBR169C	SSE2
YNL055C	POR1
YKL129C	MYO3
YER043C	SAH1
YIL110W	HPM1
YOR119C	RIO1
YGL222C	EDC1
YKL041W	VPS24
YLR144C	ACF2
YIL131C	FKH1
YLR414C	PUN1
YMR079W	SEC14
YBR155W	CNS1
YGR166W	TRS65
YKR074W	AIM29
YDL214C	PRR2
YHR135C	YCK1
YAL038W	CDC19
YPR124W	CTR1
YIL128W	MET18
YJR119C	JHD2
YPR080W	TEF1
YBL106C	SRO77
YBR237W	PRP5
YIL064W	EFM4
YMR275C	BUL1
YDR354W	TRP4
YNL234W	
YMR100W	MUB1
YIL071C	PCI8
YLR301W	HRI1
YPR033C	HTS1
YNL116W	DMA2
YKL024C	URA6
YLR427W	MAG2
YGL240W	DOC1
YPR174C	
YGR085C	RPL11B
YLR200W	YKE2
YDR253C	MET32
YDL112W	TRM3
YGR237C	
YNL309W	STB1
YNR015W	SMM1
YKL086W	SRX1
YNR075W	COS10
YLR150W	STM1
YDR545W	YRF1-1
YHR086W	NAM8
YPR180W	AOS1
YCR011C	ADP1
YFR044C	DUG1
YBR149W	ARA1
YER170W	ADK2
YJL084C	ALY2
YDR528W	HLR1
YKL073W	LHS1
YHR146W	CRP1
YDR050C	TPI1
YER047C	SAP1
YDL010W	GRX6
YNL313C	EMW1
YDL065C	PEX19
YDR349C	YPS7
YLR078C	BOS1
YLR153C	ACS2
YMR183C	SSO2
YDL234C	GYP7
YPL210C	SRP72
YER132C	PMD1
YCL057W	PRD1
YDR118W	APC4
YBL063W	KIP1
YOL151W	GRE2
YDR159W	SAC3
YHR033W	
YER052C	HOM3
YDR111C	ALT2
YJL221C	IMA4
YIL149C	MLP2
YPL155C	KIP2
YGL169W	SUA5
YGR187C	HGH1
YER070W	RNR1
YPL225W	
YPL081W	RPS9A
YBR246W	RRT2
YPL266W	DIM1
YMR110C	HFD1
YKL191W	DPH2
YLR096W	KIN2
YGR068C	ART5
YGR296W	YRF1-3
YHL039W	EFM1
YGR177C	ATF2
YLR271W	CMG1
YBR023C	CHS3
YPR002W	PDH1
YDR024W	FYV1
YJL136C	RPS21B
YEL007W	MIT1
YBL007C	SLA1
YNL094W	APP1
YDR457W	TOM1
YMR111C	
YDR206W	EBS1
YJL146W	IDS2
YOR194C	TOA1
YNL001W	DOM34
YIL106W	MOB1
YPR172W	
YAR007C	RFA1
YLR266C	PDR8
YPR200C	ARR2
YBL091C	MAP2
YDR169C	STB3
YDR115W	MRX14
YBR142W	MAK5
YNL007C	SIS1
YOR298C-A	MBF1
YJL060W	BNA3
YNL162W-A	
YBR238C	
YOR014W	RTS1
YDR432W	NPL3
YFL045C	SEC53
YOR346W	REV1
YKL116C	PRR1
YML082W	
YMR300C	ADE4
