YKR018C	
YKR079C	TRZ1
YLR343W	GAS2
YBL054W	TOD6
YHR160C	PEX18
YPR088C	SRP54
YDR482C	CWC21
YDL070W	BDF2
YOR275C	RIM20
YGR126W	
YBL060W	YEL1
YDR064W	RPS13
YGL014W	PUF4
YDL135C	RDI1
YLR210W	CLB4
YDL077C	VAM6
YBR025C	OLA1
YMR031C	EIS1
YLR058C	SHM2
YIL169C	
YLR145W	RMP1
YHR113W	APE4
YGL174W	BUD13
YOR122C	PFY1
YDL031W	DBP10
YLR325C	RPL38
YKL035W	UGP1
YER012W	PRE1
YCR035C	RRP43
YPL223C	GRE1
YOR350C	MNE1
YDR326C	YSP2
YGR211W	ZPR1
YER190W	YRF1-2
YMR232W	FUS2
YLR074C	BUD20
YMR297W	PRC1
YEL052W	AFG1
YNL311C	SKP2
YAL055W	PEX22
YIL004C	BET1
YJL164C	TPK1
YML026C	RPS18B
YFR034C	PHO4
YPR129W	SCD6
YOR369C	RPS12
YNR007C	ATG3
YPR199C	ARR1
YDR028C	REG1
YGR204W	ADE3
YPL166W	ATG29
YDL007W	RPT2
YMR143W	RPS16A
YMR073C	IRC21
YBL027W	RPL19B
YDR155C	CPR1
YPL160W	CDC60
YOL132W	GAS4
YER111C	SWI4
YDR414C	ERD1
YAL060W	BDH1
YNL217W	
YLL001W	DNM1
YHR001W	OSH7
YLR131C	ACE2
YER081W	SER3
YDL115C	IWR1
YOR296W	
YLR362W	STE11
YJL106W	IME2
YBR261C	TAE1
YIL105C	SLM1
YPL169C	MEX67
YDL145C	COP1
YNR028W	CPR8
YMR211W	DML1
YAL017W	PSK1
YJL058C	BIT61
YOR373W	NUD1
YIL057C	RGI2
YHR131C	
YIL017C	VID28
YNL009W	IDP3
YIL132C	CSM2
YKL117W	SBA1
YPR115W	RGC1
YOR163W	DDP1
YMR283C	RIT1
YLR341W	SPO77
YPL184C	MRN1
YPR111W	DBF20
YOL042W	NGL1
YPR189W	SKI3
YGR284C	ERV29
YML078W	CPR3
YCR032W	BPH1
YAR018C	KIN3
YMR142C	RPL13B
YKL022C	CDC16
YDL075W	RPL31A
YMR077C	VPS20
YLR186W	EMG1
YBR101C	FES1
YMR089C	YTA12
YJL179W	PFD1
YGR208W	SER2
YHR141C	RPL42B
YHR170W	NMD3
YGL016W	KAP122
YLR143W	DPH6
YKL038W	RGT1
YLR368W	MDM30
YLR393W	ATP10
YDL022W	GPD1
YOR243C	PUS7
YDR391C	
YMR134W	ERG29
YLR176C	RFX1
YDR091C	RLI1
YGL194C	HOS2
YPL255W	BBP1
YLR126C	
YKL048C	ELM1
YOL056W	GPM3
YJL002C	OST1
YDR179C	CSN9
YPL061W	ALD6
YDL165W	CDC36
YGR200C	ELP2
YJR084W	
YMR095C	SNO1
YDR003W	RCR2
YOR253W	NAT5
YLR423C	ATG17
YHR161C	YAP1801
YBL059C-A	CMC2
YOL113W	SKM1
YPL052W	OAZ1
YHR074W	QNS1
YHR164C	DNA2
YPR112C	MRD1
YGL227W	VID30
YDR499W	LCD1
YOR060C	SLD7
YER128W	VFA1
YLR187W	SKG3
YOL076W	MDM20
YPR148C	
YJL201W	ECM25
YGL243W	TAD1
YGR148C	RPL24B
YDL092W	SRP14
YMR099C	
YMR132C	JLP2
YBL039C	URA7
YFL062W	COS4
YPL280W	HSP32
YJL070C	
YCL026C-A	FRM2
YBR217W	ATG12
YMR086W	SEG1
YNL040W	
YNL117W	MLS1
YDL082W	RPL13A
YFL014W	HSP12
YLR419W	
YDR291W	HRQ1
YER003C	PMI40
YIL097W	FYV10
YPL116W	HOS3
YPL131W	RPL5
YDR244W	PEX5
YDR382W	RPP2B
YER163C	GCG1
YGL189C	RPS26A
YMR222C	FSH2
YJL029C	VPS53
YDL188C	PPH22
YGR122W	
YNL015W	PBI2
YKR024C	DBP7
YGL003C	CDH1
YPL012W	RRP12
YJR010W	MET3
YCL001W	RER1
YHR163W	SOL3
YFL066C	
YIR034C	LYS1
YEL005C	VAB2
YIL109C	SEC24
YDL058W	USO1
YGR210C	
YPL017C	IRC15
YDL155W	CLB3
YOR188W	MSB1
YDR147W	EKI1
YDL191W	RPL35A
YNR046W	TRM112
YOL159C	CSS3
YFL047W	RGD2
YFR032C-A	RPL29
YLR026C	SED5
YNL036W	NCE103
YGL115W	SNF4
YKR054C	DYN1
YGL105W	ARC1
YML131W	
YPL010W	RET3
YGR087C	PDC6
YKR057W	RPS21A
YER029C	SMB1
YLR085C	ARP6
YGR278W	CWC22
YDR127W	ARO1
YGR042W	MTE1
YNR058W	BIO3
YCR054C	CTR86
YGR043C	NQM1
YOR069W	VPS5
YLR433C	CNA1
YOR075W	UFE1
YPR173C	VPS4
YFL044C	OTU1
YGL158W	RCK1
YFR011C	
YKL122C	SRP21
YOR124C	UBP2
YER089C	PTC2
YGR262C	BUD32
YLR227C	ADY4
YDR201W	SPC19
YJR094W-A	RPL43B
YCL001W-B	
YHL009C	YAP3
YLR370C	ARC18
YMR036C	MIH1
YOR265W	RBL2
YGR198W	YPP1
YJL052W	TDH1
YNL054W	VAC7
YNR006W	VPS27
YML100W	TSL1
YGL058W	RAD6
YOL127W	RPL25
YOR107W	RGS2
YLL026W	HSP104
YGL184C	STR3
YDL146W	LDB17
YFR022W	ROG3
YEL011W	GLC3
YBR135W	CKS1
YOL142W	RRP40
YJR139C	HOM6
YHR166C	CDC23
YBR264C	YPT10
YIR003W	AIM21
YOR239W	ABP140
YOL091W	SPO21
YDR385W	EFT2
YMR312W	ELP6
YFR047C	BNA6
YNL188W	KAR1
YKR083C	DAD2
YML112W	CTK3
YOR370C	MRS6
YDR001C	NTH1
YLR114C	AVL9
YDL230W	PTP1
YML099C	ARG81
YJL016W	
YOR211C	MGM1
YHL014C	YLF2
YDR025W	RPS11A
YIR031C	DAL7
YJR007W	SUI2
YER152C	
YBR233W-A	DAD3
YLR146C	SPE4
YAR019C	CDC15
YHR021C	RPS27B
YOR191W	ULS1
YBR126C	TPS1
YOL064C	MET22
YJR096W	
YBR057C	MUM2
YIL074C	SER33
YDR485C	VPS72
YHL034C	SBP1
YAR029W	
YKL113C	RAD27
YLR333C	RPS25B
YOL049W	GSH2
YER107C	GLE2
YPL149W	ATG5
YBR281C	DUG2
YJR065C	ARP3
YNR033W	ABZ1
YNR034W	SOL1
YDR408C	ADE8
YDL204W	RTN2
YHR011W	DIA4
YMR109W	MYO5
YLR082C	SRL2
YBL103C	RTG3
YKL213C	DOA1
YLL043W	FPS1
YDR477W	SNF1
YJL019W	MPS3
YMR004W	MVP1
YLR337C	VRP1
YHR185C	PFS1
YER125W	RSP5
YLR377C	FBP1
YLR319C	BUD6
YGL076C	RPL7A
YKR063C	LAS1
YPR167C	MET16
YLL003W	SFI1
YOR220W	RCN2
YLR407W	
YLR430W	SEN1
YBR118W	TEF2
YMR216C	SKY1
YLR436C	ECM30
YMR159C	ATG16
YJR086W	STE18
YDL216C	RRI1
YLR347C	KAP95
YBL004W	UTP20
YFR024C-A	LSB3
YOL059W	GPD2
YPR147C	
YGR094W	VAS1
YDL100C	GET3
YBL013W	FMT1
YLR113W	HOG1
YNR016C	ACC1
YLR196W	PWP1
YER057C	HMF1
YML092C	PRE8
YNL223W	ATG4
YHR109W	CTM1
YGR108W	CLB1
YNR032C-A	HUB1
YDL124W	
YGR218W	CRM1
YPL026C	SKS1
YKL069W	
YML104C	MDM1
YML058W	SML1
YGR205W	TDA10
YBR008C	FLR1
YIL137C	TMA108
YOR386W	PHR1
YBL015W	ACH1
YHR207C	SET5
YHR132W-A	IGO2
YHR015W	MIP6
YHL015W	RPS20
YKL006W	RPL14A
YDL111C	RRP42
YLR119W	SRN2
YIR037W	HYR1
YML063W	RPS1B
YNL178W	RPS3
YNL065W	AQR1
YDR436W	PPZ2
YIL079C	AIR1
YKR035W-A	DID2
YKL182W	FAS1
YFL033C	RIM15
YHR006W	STP2
YBR058C	UBP14
YNR043W	MVD1
YFL021W	GAT1
YGL095C	VPS45
YJR072C	NPA3
YOR375C	GDH1
YGL137W	SEC27
YIL124W	AYR1
YLR090W	XDJ1
YBL084C	CDC27
YGR001C	EFM5
YMR213W	CEF1
YMR192W	GYL1
YDR258C	HSP78
YOR359W	VTS1
YDL099W	BUG1
YDR380W	ARO10
YDL110C	TMA17
YER007W	PAC2
YBR077C	SLM4
YPR193C	HPA2
YGL173C	XRN1
YPL001W	HAT1
YPR083W	MDM36
YGR223C	HSV2
YMR020W	FMS1
YDR515W	SLF1
YMR208W	ERG12
YBL087C	RPL23A
YJR133W	XPT1
YCL009C	ILV6
YLR259C	HSP60
YOL082W	ATG19
YDR378C	LSM6
YLR401C	DUS3
YGR285C	ZUO1
YNR049C	MSO1
YOR035C	SHE4
YML028W	TSA1
YNL163C	RIA1
YLR177W	
YJR025C	BNA1
YBR239C	ERT1
YMR285C	NGL2
YER103W	SSA4
YPL211W	NIP7
YDR409W	SIZ1
YBL046W	PSY4
YOL016C	CMK2
YDR173C	ARG82
YOR007C	SGT2
YDR389W	SAC7
YKL047W	ANR2
YER007C-A	TMA20
YML022W	APT1
YKL183W	LOT5
YLR467W	YRF1-5
YGL078C	DBP3
YMR299C	DYN3
YKL181W	PRS1
YJL095W	BCK1
YKL088W	CAB3
YDL021W	GPM2
YDR023W	SES1
YHL027W	RIM101
YBR200W	BEM1
YLR185W	RPL37A
YNL118C	DCP2
YGR196C	FYV8
YLR060W	FRS1
YJR147W	HMS2
YDR394W	RPT3
YCR051W	
YOR361C	PRT1
YDR320C-A	DAD4
YBR248C	HIS7
YHR070W	TRM5
YPL040C	ISM1
YGL197W	MDS3
YJL043W	
YBR145W	ADH5
YGR136W	LSB1
YFL022C	FRS2
YDR183W	PLP1
YER033C	ZRG8
YNL189W	SRP1
YBL047C	EDE1
YMR255W	GFD1
YOR315W	SFG1
YJL107C	
YGL159W	
YBL014C	RRN6
YNL227C	JJJ1
YDL184C	RPL41A
YDR153C	ENT5
YNL218W	MGS1
YPL070W	MUK1
YBL092W	RPL32
YAL056W	GPB2
YPL002C	SNF8
YLR303W	MET17
YNL004W	HRB1
YLL029W	FRA1
YGL154C	LYS5
YGL035C	MIG1
YOR234C	RPL33B
YGR009C	SEC9
YOR283W	
YGR034W	RPL26B
YJL145W	SFH5
YJL153C	INO1
YJL088W	ARG3
YMR215W	GAS3
YDR418W	RPL12B
YOL045W	PSK2
YPL067C	
YHR046C	INM1
YPL236C	ENV7
YPL151C	PRP46
YJR064W	CCT5
YOL128C	YGK3
YNL155W	CUZ1
YOR360C	PDE2
YER139C	RTR1
YJL137C	GLG2
YOL097C	WRS1
YHR182W	
YDR447C	RPS17B
YJL074C	SMC3
YOR164C	GET4
YKL166C	TPK3
YGR118W	RPS23A
YNL020C	ARK1
YPL015C	HST2
YHR098C	SFB3
YNL076W	MKS1
YJL111W	CCT7
YKR086W	PRP16
YLR432W	IMD3
YPR035W	GLN1
YMR305C	SCW10
YNL200C	NNR1
YGR277C	CAB4
YNL077W	APJ1
YPR184W	GDB1
YPL135W	ISU1
YNL293W	MSB3
YDR495C	VPS3
YCR088W	ABP1
YDR357C	CNL1
YIL066C	RNR3
YLR166C	SEC10
YDR370C	DXO1
YMR018W	PEX9
YKL013C	ARC19
YBR072W	HSP26
YBR111C	YSA1
YAL013W	DEP1
YMR163C	INP2
YHL030W	ECM29
YML027W	YOX1
YNL049C	SFB2
YCR077C	PAT1
YGL045W	RIM8
YBL001C	ECM15
YIL103W	DPH1
YJR099W	YUH1
YDR273W	DON1
YER008C	SEC3
YDR453C	TSA2
YFL028C	CAF16
YGL131C	SNT2
YJL197W	UBP12
YER114C	BOI2
YER034W	
YOL030W	GAS5
YGL049C	TIF4632
YLR044C	PDC1
