YCL011C	GBP2
YIL010W	DOT5
YLR052W	IES3
YLR032W	RAD5
YOR144C	ELG1
YIL150C	MCM10
YDR191W	HST4
YDR469W	SDC1
YAL019W	FUN30
YEL032W	MCM3
YLR424W	SPP382
YLR233C	EST1
YER038C	KRE29
YBR060C	ORC2
YKR082W	NUP133
YOL034W	SMC5
YHR031C	RRM3
YGL037C	PNC1
YKL018W	SWD2
YIR002C	MPH1
YJL173C	RFA3
YOR209C	NPT1
YDR448W	ADA2
YAR003W	SWD1
YPL200W	CSM4
YHR119W	SET1
YGL169W	SUA5
YBL088C	TEL1
YDR083W	RRP8
YDR206W	EBS1
YAR007C	RFA1
YLR007W	NSE1
YDL116W	NUP84
YML023C	NSE5
YLR288C	MEC3
YMR284W	YKU70
YOR213C	SAS5
YHR164C	DNA2
YGR042W	MTE1
YGR262C	BUD32
YGL058W	RAD6
YJL019W	MPS3
YMR106C	YKU80
YNL133C	FYV6
YNL312W	RFA2
YDL220C	CDC13
YJL184W	GON7
YPL001W	HAT1
YER120W	SCS2
YLR015W	BRE2
YLR383W	SMC6
YMR235C	RNA1
YMR179W	SPT21
YGL150C	INO80
YLR223C	IFH1
YLR010C	TEN1
YLR274W	MCM5
YBR175W	SWD3
YDL197C	ASF2
YJL127C	SPT10
YOL104C	NDJ1
YLR318W	EST2
YPL138C	SPP1
YNL107W	YAF9
YLR335W	NUP2
YML121W	GTR1
YLR453C	RIF2
YGR099W	TEL2
YNL186W	UBP10
YEL019C	MMS21
YBR202W	MCM7
YNL216W	RAP1
YDL084W	SUB2
YGL092W	NUP145
YMR219W	ESC1
YPL128C	TBF1
YDL074C	BRE1
YDL105W	NSE4
YBR275C	RIF1
YDR138W	HPR1
YBL052C	SAS3
YER088C	DOT6
YDR227W	SIR4
YJL080C	SCP160
YDR440W	DOT1
YKL054C	DEF1
YCL061C	MRC1
YJL065C	DLS1
YMR247C	RKR1
YDR288W	NSE3
YNL139C	THO2
YEL056W	HAT2
YLR442C	SIR3
YOR080W	DIA2
YKR095W-A	PCC1
YDL042C	SIR2
YJL115W	ASF1
YDR082W	STN1
YBR088C	POL30
YML034W	SRC1
YOR304W	ISW2
YMR127C	SAS2
YIL009C-A	EST3
YBL032W	HEK2
YGL133W	ITC1
YPL216W	
YLL022C	HIF1
YML062C	MFT1
YML036W	CGI121
YOR025W	HST3
YKL057C	NUP120
YDR181C	SAS4
