YDR451C	YHP1
YBR247C	ENP1
YIL082W	
YGL096W	TOS8
YNL210W	MER1
YOL149W	DCP1
YOR159C	SME1
YMR167W	MLH1
YPR135W	CTF4
YOL142W	RRP40
YCR097W	HMRA1
YIL079C	AIR1
YGL086W	MAD1
YDR409W	SIZ1
YML027W	YOX1
YDL175C	AIR2
YCR039C	MATALPHA2
YPL013C	MRPS16
YDL106C	PHO2
YML025C	YML6
YLR335W	NUP2
YPL177C	CUP9
YNL255C	GIS2
YPL128C	TBF1
YBR233W	PBP2
YFL017W-A	SMX2
YJL096W	MRPL49
YKL059C	MPE1
YCR096C	HMRA2
YJL080C	SCP160
YOR156C	NFI1
YHR069C	RRP4
YJL013C	MAD3
YCL067C	HMLALPHA2
YBL032W	HEK2
YDR088C	SLU7
YGR002C	SWC4
YDR337W	MRPS28
