YDR243C	PRP28
YER146W	LSM5
YKL173W	SNU114
YPR101W	SNT309
YMR268C	PRP24
YBR119W	MUD1
YER172C	BRR2
YMR240C	CUS1
YLR424W	SPP382
YGR074W	SMD1
YCR063W	BUD31
YLR117C	CLF1
YLL036C	PRP19
YGR006W	PRP18
YKR022C	NTR2
YHR165C	PRP8
YPL213W	LEA1
YBR065C	ECM2
YOR159C	SME1
YML049C	RSE1
YDR416W	SYF1
YPR057W	BRR1
YOR308C	SNU66
YHR086W	NAM8
YGR075C	PRP38
YDL098C	SNU23
YLR323C	CWC24
YEL026W	SNU13
YDR482C	CWC21
YGL174W	BUD13
YGL120C	PRP43
YDR240C	SNU56
YGR091W	PRP31
YDR475C	JIP4
YER029C	SMB1
YGR278W	CWC22
YDR163W	CWC15
YNL245C	CWC25
YPR178W	PRP4
YMR213W	CEF1
YDR378C	LSM6
YFR005C	SAD1
YDR473C	PRP3
YKL183W	LOT5
YPL151C	PRP46
YKR086W	PRP16
YPR094W	RDS3
YPR082C	DIB1
YLR438C-A	LSM3
YDL209C	CWC2
YBL026W	LSM2
YDL087C	LUC7
YKL095W	YJU2
YAL032C	PRP45
YJR050W	ISY1
YDR364C	CDC40
YBR188C	NTC20
YGR013W	SNU71
YHR156C	LIN1
YDL030W	PRP9
YML046W	PRP39
YDL084W	SUB2
YJL203W	PRP21
YNL147W	LSM7
YNL286W	CUS2
YPL064C	CWC27
YLR275W	SMD2
YBR152W	SPP381
YLR298C	YHC1
YOR319W	HSH49
YFL017W-A	SMX2
YPR182W	SMX3
YNL138W-A	YSF3
YDR235W	PRP42
YIR009W	MSL1
YKL012W	PRP40
YLR147C	SMD3
YBR055C	PRP6
YER112W	LSM4
YGR129W	SYF2
YDL043C	PRP11
YJR022W	LSM8
YGL128C	CWC23
YIL061C	SNP1
YMR288W	HSH155
YLR016C	PML1
YDR088C	SLU7
YOR148C	SPP2
YPR152C	URN1
YIR005W	IST3
