YDR002W	YRB1
YBR111W-A	SUS1
YER105C	NUP157
YJL061W	NUP82
YKR082W	NUP133
YOR112W	CEX1
YKR095W	MLP1
YIL149C	MLP2
YGL100W	SEH1
YDL116W	NUP84
YPL169C	MEX67
YOR098C	NUP1
YLL023C	POM33
YGR026W	
YPR173C	VPS4
YER107C	GLE2
YAR002W	NUP60
YLR347C	KAP95
YFR002W	NIC96
YIL115C	NUP159
YNL189W	SRP1
YMR255W	GFD1
YMR047C	NUP116
YIL063C	YRB2
YDL207W	GLE1
YLR335W	NUP2
YOR046C	DBP5
YJL039C	NUP192
YLR018C	POM34
YGL092W	NUP145
YBR017C	KAP104
YKL068W	NUP100
YML031W	NDC1
YBL079W	NUP170
YDR192C	NUP42
YGL241W	KAP114
YKL205W	LOS1
YGR119C	NUP57
YJL041W	NSP1
YDR424C	DYN2
YMR153W	NUP53
YDR395W	SXM1
YLR208W	SEC13
YGL172W	NUP49
YLR064W	PER33
YML103C	NUP188
YDL088C	ASM4
YER110C	KAP123
YOR257W	CDC31
YJR042W	NUP85
YKL057C	NUP120
YMR129W	POM152
