YPL071C	
YLL050C	COF1
YOR185C	GSP2
YLL032C	
YMR027W	
YKL103C	
YBL055C	
YMR290C	HAS1
YCR031C	RPS14A
YMR139W	RIM11
YDR523C	SPS1
YLR466W	YRF1-4
YPL208W	RKM1
YLR054C	OSW2
YLR437C	DIF1
YOR385W	
YGL087C	MMS2
YMR244C-A	COA6
YLL056C	
YJL204C	RCY1
YAL016W	TPD3
YCL011C	GBP2
YNL288W	CAF40
YNL191W	DUG3
YBR115C	LYS2
YJR105W	ADO1
YPL217C	BMS1
YDL189W	RBS1
YER056C-A	RPL34A
YMR180C	CTL1
YBR031W	RPL4A
YPR139C	
YLR075W	RPL10
YML088W	UFO1
YIL010W	DOT5
YKR004C	ECM9
YJR129C	EFM3
YDR186C	SND1
YKL002W	DID4
YGR162W	TIF4631
YEL054C	RPL12A
YPL009C	RQC2
YLR025W	SNF7
YDR243C	PRP28
YOR160W	MTR10
YLR032W	RAD5
YOR039W	CKB2
YEL047C	
YOR264W	DSE3
YPL183C	RTT10
YPR032W	SRO7
YOR281C	PLP2
YFR027W	ECO1
YDL182W	LYS20
YLR251W	SYM1
YBR182C	SMP1
YAL003W	EFB1
YPL084W	BRO1
YNL152W	INN1
YDR158W	HOM2
YOR230W	WTM1
YNL099C	OCA1
YKL173W	SNU114
YML057W	CMP2
YMR105C	PGM2
YOR144C	ELG1
YPL179W	PPQ1
YNL180C	RHO5
YOL081W	IRA2
YOL052C	SPE2
YIL050W	PCL7
YGL211W	NCS6
YIL107C	PFK26
YPR204W	
YPR103W	PRE2
YOR058C	ASE1
YJR046W	TAH11
YER084W	
YDR533C	HSP31
YDR272W	GLO2
YKL139W	CTK1
YNL091W	NST1
YGL097W	SRM1
YNL157W	IGO1
YDR197W	CBS2
YOR258W	HNT3
YLR167W	RPS31
YJL020C	BBC1
YKL180W	RPL17A
YDR304C	CPR5
YNL221C	POP1
YAL053W	FLC2
YHR097C	
YLR094C	GIS3
YPR141C	KAR3
YGR142W	BTN2
YML101C	CUE4
YNR052C	POP2
YCR060W	TAH1
YDR367W	KEI1
YKL143W	LTV1
YIL045W	PIG2
YMR012W	CLU1
YOR231W	MKK1
YOR021C	SFM1
YMR083W	ADH3
YPL240C	HSP82
YPR188C	MLC2
YDL139C	SCM3
YKL062W	MSN4
YPL111W	CAR1
YOR120W	GCY1
YPR119W	CLB2
YFR017C	IGD1
YGL021W	ALK1
YDR200C	VPS64
YBR234C	ARC40
YJR053W	BFA1
YDR191W	HST4
YGL110C	CUE3
YGL017W	ATE1
YLR181C	VTA1
YBR247C	ENP1
YOL038W	PRE6
YOR023C	AHC1
YOL124C	TRM11
YOR212W	STE4
YMR017W	SPO20
YIL158W	AIM20
YML085C	TUB1
YPL192C	PRM3
YOL120C	RPL18A
YOR181W	LAS17
YIR018W	YAP5
YLR180W	SAM1
YBR218C	PYC2
YLR250W	SSP120
YKL149C	DBR1
YBR244W	GPX2
YAL024C	LTE1
YDR505C	PSP1
YDL045C	FAD1
YBR160W	CDC28
YMR304W	UBP15
YIL082W	
YOR335C	ALA1
YDR361C	BCP1
YIL056W	VHR1
YIL161W	
YJR067C	YAE1
YEL032W	MCM3
YKL110C	KTI12
YPL198W	RPL7B
YJR146W	
YKL094W	YJU3
YPL145C	KES1
YKR094C	RPL40B
YLR424W	SPP382
YMR308C	PSE1
YGL050W	TYW3
YDR266C	HEL2
YGR086C	PIL1
YJR130C	STR2
YKR058W	GLG1
YDR002W	YRB1
YDR214W	AHA1
YDR130C	FIN1
YGR098C	ESP1
YPR181C	SEC23
YGR074W	SMD1
YBR158W	AMN1
YBR111W-A	SUS1
YJR069C	HAM1
YIL026C	IRR1
YJL008C	CCT8
YNL119W	NCS2
YDR034W-B	
YCR036W	RBK1
YLR233C	EST1
YEL053C	MAK10
YAL034W-A	MTW1
YOR157C	PUP1
YCL042W	
YPR171W	BSP1
YHR073W	OSH3
YDR363W	ESC2
YPL091W	GLR1
YKL157W	APE2
YPL137C	GIP3
YDR422C	SIP1
YER013W	PRP22
YJL189W	RPL39
YOR274W	MOD5
YNL277W	MET2
YDR097C	MSH6
YNL126W	SPC98
YGR194C	XKS1
YHR064C	SSZ1
YBR150C	TBS1
YGL026C	TRP5
YNL210W	MER1
YGL213C	SKI8
YNL301C	RPL18B
YDL160C	DHH1
YGL075C	MPS2
YPL014W	CIP1
YBR143C	SUP45
YML073C	RPL6A
YLR072W	LAM6
YNL059C	ARP5
YOR092W	ECM3
YMR233W	TRI1
YDR228C	PCF11
YLR069C	MEF1
YLR403W	SFP1
YPR069C	SPE3
YDR471W	RPL27B
YER094C	PUP3
YBR014C	GRX7
YMR048W	CSM3
YGL082W	
YLR231C	BNA5
YER038C	KRE29
YKR038C	KAE1
YKR048C	NAP1
YLR264W	RPS28B
YIL068C	SEC6
YPR072W	NOT5
YGR161C	RTS3
YLR079W	SIC1
YCR069W	CPR4
YOL117W	RRI2
YLR170C	APS1
YLR228C	ECM22
YNL067W	RPL9B
YFR006W	
YLL036C	PRP19
YJR098C	
YDR129C	SAC6
YBL034C	STU1
YHL032C	GUT1
YNL104C	LEU4
YBR212W	NGR1
YOR303W	CPA1
YOR052C	
YDR239C	
YDR539W	FDC1
YBR071W	
YDL125C	HNT1
YPL125W	KAP120
YPL090C	RPS6A
YPR120C	CLB5
YMR260C	TIF11
YBL074C	AAR2
YBL107C	MIX23
YLR429W	CRN1
YKR045C	
YDR101C	ARX1
YKL018C-A	
YEL034W	HYP2
YKL126W	YPK1
YLL060C	GTT2
YDR212W	TCP1
YNL162W	RPL42A
YGL037C	PNC1
YIL044C	AGE2
YKR072C	SIS2
YER069W	ARG5,6
YJR138W	IML1
YOL039W	RPP2A
YNL257C	SIP3
YLR310C	CDC25
YNL229C	URE2
YGL252C	RTG2
YML056C	IMD4
YOR173W	DCS2
YGL250W	RMR1
YIR004W	DJP1
YDR113C	PDS1
YBR121C	GRS1
YDR168W	CDC37
YIL092W	
YOR106W	VAM3
YDR520C	URC2
YGL121C	GPG1
YLR017W	MEU1
YBR197C	
YGL040C	HEM2
YJR049C	UTR1
YAL031C	GIP4
YER131W	RPS26B
YGR130C	
YER027C	GAL83
YML058W-A	HUG1
YOL149W	DCP1
YDL006W	PTC1
YPL004C	LSP1
YLR304C	ACO1
YJR008W	MHO1
YNR051C	BRE5
YGR097W	ASK10
YMR199W	CLN1
YIL133C	RPL16A
YDL086W	
YGL170C	SPO74
YHR106W	TRR2
YCR092C	MSH3
YHR186C	KOG1
YDR238C	SEC26
YHL029C	OCA5
YJR145C	RPS4A
YBR090C	
YKR080W	MTD1
YNL194C	
YPR149W	NCE102
YIR001C	SGN1
YDL083C	RPS16B
YHR035W	NEL1
YLR027C	AAT2
YCR005C	CIT2
YBR044C	TCM62
YMR025W	CSI1
YGR195W	SKI6
YDR513W	GRX2
YIL153W	RRD1
YPR051W	MAK3
YCL034W	LSB5
YDR487C	RIB3
YCL026C-B	HBN1
YDR066C	RTR2
YBL068W	PRS4
YLL062C	MHT1
YML005W	TRM12
YGR250C	RIE1
YJR009C	TDH2
YGL155W	CDC43
YGL216W	KIP3
YKL081W	TEF4
YPR118W	MRI1
YBR216C	YBP1
YKR022C	NTR2
YJR014W	TMA22
YOR204W	DED1
YOR209C	NPT1
YIL108W	
YHR165C	PRP8
YGR008C	STF2
YPR019W	MCM4
YNL323W	LEM3
YJR045C	SSC1
YPL213W	LEA1
YBR271W	EFM2
YHR172W	SPC97
YOR284W	HUA2
YHR016C	YSC84
YGR248W	SOL4
YGL094C	PAN2
YKL198C	PTK1
YCL028W	RNQ1
YOR036W	PEP12
YER035W	EDC2
YHR169W	DBP8
YNL072W	RNH201
YAL014C	SYN8
YGR163W	GTR2
YPL123C	RNY1
YOR154W	SLP1
YLL008W	DRS1
YNL224C	SQS1
YPL144W	POC4
YML133C	
YLL046C	RNP1
YMR246W	FAA4
YJL030W	MAD2
YJL047C	RTT101
YOL101C	IZH4
YDL079C	MRK1
YER176W	ECM32
YJL194W	CDC6
YPL140C	MKK2
YOR227W	HER1
YER071C	TDA2
YCL029C	BIK1
YOR159C	SME1
YBR059C	AKL1
YKR078W	
YOR372C	NDD1
YGR271W	SLH1
YNR032W	PPG1
YLR045C	STU2
YLR285W	NNT1
YKR001C	VPS1
YHR065C	RRP3
YOR112W	CEX1
YFR014C	CMK1
YLR276C	DBP9
YBR252W	DUT1
YOR387C	
YER177W	BMH1
YOR229W	WTM2
YPL045W	VPS16
YMR080C	NAM7
YDL233W	MFG1
YPL267W	ACM1
YLR135W	SLX4
YGL162W	SUT1
YPL133C	RDS2
YKL124W	SSH4
YMR294W	JNM1
YCL039W	GID7
YFR055W	IRC7
YOR342C	
YER123W	YCK3
YBR117C	TKL2
YOR251C	TUM1
YBR214W	SDS24
YPL263C	KEL3
YER116C	SLX8
YCL037C	SRO9
YMR167W	MLH1
YBR169C	SSE2
YNL055C	POR1
YKL129C	MYO3
YER043C	SAH1
YIL110W	HPM1
YOR119C	RIO1
YGL222C	EDC1
YKL041W	VPS24
YLR144C	ACF2
YIL131C	FKH1
YLR414C	PUN1
YMR079W	SEC14
YBR155W	CNS1
YGR166W	TRS65
YKR074W	AIM29
YDL214C	PRR2
YHR135C	YCK1
YAL038W	CDC19
YPR124W	CTR1
YIL128W	MET18
YJR119C	JHD2
YPR080W	TEF1
YBL106C	SRO77
YBR237W	PRP5
YIL064W	EFM4
YMR275C	BUL1
YDR354W	TRP4
YNL234W	
YMR100W	MUB1
YIL071C	PCI8
YLR301W	HRI1
YPR033C	HTS1
YNL116W	DMA2
YKL024C	URA6
YLR427W	MAG2
YGL240W	DOC1
YPR174C	
YGR085C	RPL11B
YLR200W	YKE2
YDR253C	MET32
YDL112W	TRM3
YGR237C	
YNL309W	STB1
YNR015W	SMM1
YKL086W	SRX1
YNR075W	COS10
YLR150W	STM1
YDR545W	YRF1-1
YHR086W	NAM8
YPR180W	AOS1
YCR011C	ADP1
YFR044C	DUG1
YBR149W	ARA1
YER170W	ADK2
YJL084C	ALY2
YDR528W	HLR1
YKL073W	LHS1
YHR146W	CRP1
YDR050C	TPI1
YER047C	SAP1
YDL010W	GRX6
YNL313C	EMW1
YDL065C	PEX19
YDR349C	YPS7
YLR078C	BOS1
YLR153C	ACS2
YMR183C	SSO2
YDL234C	GYP7
YPL210C	SRP72
YER132C	PMD1
YCL057W	PRD1
YDR118W	APC4
YBL063W	KIP1
YOL151W	GRE2
YDR159W	SAC3
YHR033W	
YER052C	HOM3
YDR111C	ALT2
YJL221C	IMA4
YIL149C	MLP2
YPL155C	KIP2
YGL169W	SUA5
YGR187C	HGH1
YER070W	RNR1
YPL225W	
YPL081W	RPS9A
YBR246W	RRT2
YPL266W	DIM1
YMR110C	HFD1
YKL191W	DPH2
YLR096W	KIN2
YGR068C	ART5
YGR296W	YRF1-3
YHL039W	EFM1
YGR177C	ATF2
YLR271W	CMG1
YBR023C	CHS3
YPR002W	PDH1
YDR024W	FYV1
YJL136C	RPS21B
YEL007W	MIT1
YBL007C	SLA1
YNL094W	APP1
YDR457W	TOM1
YMR111C	
YDR206W	EBS1
YJL146W	IDS2
YOR194C	TOA1
YNL001W	DOM34
YIL106W	MOB1
YPR172W	
YAR007C	RFA1
YLR266C	PDR8
YPR200C	ARR2
YBL091C	MAP2
YDR169C	STB3
YDR115W	MRX14
YBR142W	MAK5
YNL007C	SIS1
YOR298C-A	MBF1
YJL060W	BNA3
YNL162W-A	
YBR238C	
YOR014W	RTS1
YDR432W	NPL3
YFL045C	SEC53
YOR346W	REV1
YKL116C	PRR1
YML082W	
YMR300C	ADE4
YKR018C	
YKR079C	TRZ1
YLR343W	GAS2
YBL054W	TOD6
YHR160C	PEX18
YPR088C	SRP54
YDR482C	CWC21
YDL070W	BDF2
YOR275C	RIM20
YGR126W	
YBL060W	YEL1
YDR064W	RPS13
YGL014W	PUF4
YDL135C	RDI1
YLR210W	CLB4
YDL077C	VAM6
YBR025C	OLA1
YMR031C	EIS1
YLR058C	SHM2
YIL169C	
YLR145W	RMP1
YHR113W	APE4
YGL174W	BUD13
YOR122C	PFY1
YDL031W	DBP10
YLR325C	RPL38
YKL035W	UGP1
YER012W	PRE1
YCR035C	RRP43
YPL223C	GRE1
YOR350C	MNE1
YDR326C	YSP2
YGR211W	ZPR1
YER190W	YRF1-2
YMR232W	FUS2
YLR074C	BUD20
YMR297W	PRC1
YEL052W	AFG1
YNL311C	SKP2
YAL055W	PEX22
YIL004C	BET1
YJL164C	TPK1
YML026C	RPS18B
YFR034C	PHO4
YPR129W	SCD6
YOR369C	RPS12
YNR007C	ATG3
YPR199C	ARR1
YDR028C	REG1
YGR204W	ADE3
YPL166W	ATG29
YDL007W	RPT2
YMR143W	RPS16A
YMR073C	IRC21
YBL027W	RPL19B
YDR155C	CPR1
YPL160W	CDC60
YOL132W	GAS4
YER111C	SWI4
YDR414C	ERD1
YAL060W	BDH1
YNL217W	
YLL001W	DNM1
YHR001W	OSH7
YLR131C	ACE2
YER081W	SER3
YDL115C	IWR1
YOR296W	
YLR362W	STE11
YJL106W	IME2
YBR261C	TAE1
YIL105C	SLM1
YPL169C	MEX67
YDL145C	COP1
YNR028W	CPR8
YMR211W	DML1
YAL017W	PSK1
YJL058C	BIT61
YOR373W	NUD1
YIL057C	RGI2
YHR131C	
YIL017C	VID28
YNL009W	IDP3
YIL132C	CSM2
YKL117W	SBA1
YPR115W	RGC1
YOR163W	DDP1
YMR283C	RIT1
YLR341W	SPO77
YPL184C	MRN1
YPR111W	DBF20
YOL042W	NGL1
YPR189W	SKI3
YGR284C	ERV29
YML078W	CPR3
YCR032W	BPH1
YAR018C	KIN3
YMR142C	RPL13B
YKL022C	CDC16
YDL075W	RPL31A
YMR077C	VPS20
YLR186W	EMG1
YBR101C	FES1
YMR089C	YTA12
YJL179W	PFD1
YGR208W	SER2
YHR141C	RPL42B
YHR170W	NMD3
YGL016W	KAP122
YLR143W	DPH6
YKL038W	RGT1
YLR368W	MDM30
YLR393W	ATP10
YDL022W	GPD1
YOR243C	PUS7
YDR391C	
YMR134W	ERG29
YLR176C	RFX1
YDR091C	RLI1
YGL194C	HOS2
YPL255W	BBP1
YLR126C	
YKL048C	ELM1
YOL056W	GPM3
YJL002C	OST1
YDR179C	CSN9
YPL061W	ALD6
YDL165W	CDC36
YGR200C	ELP2
YJR084W	
YMR095C	SNO1
YDR003W	RCR2
YOR253W	NAT5
YLR423C	ATG17
YHR161C	YAP1801
YBL059C-A	CMC2
YOL113W	SKM1
YPL052W	OAZ1
YHR074W	QNS1
YHR164C	DNA2
YPR112C	MRD1
YGL227W	VID30
YDR499W	LCD1
YOR060C	SLD7
YER128W	VFA1
YLR187W	SKG3
YOL076W	MDM20
YPR148C	
YJL201W	ECM25
YGL243W	TAD1
YGR148C	RPL24B
YDL092W	SRP14
YMR099C	
YMR132C	JLP2
YBL039C	URA7
YFL062W	COS4
YPL280W	HSP32
YJL070C	
YCL026C-A	FRM2
YBR217W	ATG12
YMR086W	SEG1
YNL040W	
YNL117W	MLS1
YDL082W	RPL13A
YFL014W	HSP12
YLR419W	
YDR291W	HRQ1
YER003C	PMI40
YIL097W	FYV10
YPL116W	HOS3
YPL131W	RPL5
YDR244W	PEX5
YDR382W	RPP2B
YER163C	GCG1
YGL189C	RPS26A
YMR222C	FSH2
YJL029C	VPS53
YDL188C	PPH22
YGR122W	
YNL015W	PBI2
YKR024C	DBP7
YGL003C	CDH1
YPL012W	RRP12
YJR010W	MET3
YCL001W	RER1
YHR163W	SOL3
YFL066C	
YIR034C	LYS1
YEL005C	VAB2
YIL109C	SEC24
YDL058W	USO1
YGR210C	
YPL017C	IRC15
YDL155W	CLB3
YOR188W	MSB1
YDR147W	EKI1
YDL191W	RPL35A
YNR046W	TRM112
YOL159C	CSS3
YFL047W	RGD2
YFR032C-A	RPL29
YLR026C	SED5
YNL036W	NCE103
YGL115W	SNF4
YKR054C	DYN1
YGL105W	ARC1
YML131W	
YPL010W	RET3
YGR087C	PDC6
YKR057W	RPS21A
YER029C	SMB1
YLR085C	ARP6
YGR278W	CWC22
YDR127W	ARO1
YGR042W	MTE1
YNR058W	BIO3
YCR054C	CTR86
YGR043C	NQM1
YOR069W	VPS5
YLR433C	CNA1
YOR075W	UFE1
YPR173C	VPS4
YFL044C	OTU1
YGL158W	RCK1
YFR011C	
YKL122C	SRP21
YOR124C	UBP2
YER089C	PTC2
YGR262C	BUD32
YLR227C	ADY4
YDR201W	SPC19
YJR094W-A	RPL43B
YCL001W-B	
YHL009C	YAP3
YLR370C	ARC18
YMR036C	MIH1
YOR265W	RBL2
YGR198W	YPP1
YJL052W	TDH1
YNL054W	VAC7
YNR006W	VPS27
YML100W	TSL1
YGL058W	RAD6
YOL127W	RPL25
YOR107W	RGS2
YLL026W	HSP104
YGL184C	STR3
YDL146W	LDB17
YFR022W	ROG3
YEL011W	GLC3
YBR135W	CKS1
YOL142W	RRP40
YJR139C	HOM6
YHR166C	CDC23
YBR264C	YPT10
YIR003W	AIM21
YOR239W	ABP140
YOL091W	SPO21
YDR385W	EFT2
YMR312W	ELP6
YFR047C	BNA6
YNL188W	KAR1
YKR083C	DAD2
YML112W	CTK3
YOR370C	MRS6
YDR001C	NTH1
YLR114C	AVL9
YDL230W	PTP1
YML099C	ARG81
YJL016W	
YOR211C	MGM1
YHL014C	YLF2
YDR025W	RPS11A
YIR031C	DAL7
YJR007W	SUI2
YER152C	
YBR233W-A	DAD3
YLR146C	SPE4
YAR019C	CDC15
YHR021C	RPS27B
YOR191W	ULS1
YBR126C	TPS1
YOL064C	MET22
YJR096W	
YBR057C	MUM2
YIL074C	SER33
YDR485C	VPS72
YHL034C	SBP1
YAR029W	
YKL113C	RAD27
YLR333C	RPS25B
YOL049W	GSH2
YER107C	GLE2
YPL149W	ATG5
YBR281C	DUG2
YJR065C	ARP3
YNR033W	ABZ1
YNR034W	SOL1
YDR408C	ADE8
YDL204W	RTN2
YHR011W	DIA4
YMR109W	MYO5
YLR082C	SRL2
YBL103C	RTG3
YKL213C	DOA1
YLL043W	FPS1
YDR477W	SNF1
YJL019W	MPS3
YMR004W	MVP1
YLR337C	VRP1
YHR185C	PFS1
YER125W	RSP5
YLR377C	FBP1
YLR319C	BUD6
YGL076C	RPL7A
YKR063C	LAS1
YPR167C	MET16
YLL003W	SFI1
YOR220W	RCN2
YLR407W	
YLR430W	SEN1
YBR118W	TEF2
YMR216C	SKY1
YLR436C	ECM30
YMR159C	ATG16
YJR086W	STE18
YDL216C	RRI1
YLR347C	KAP95
YBL004W	UTP20
YFR024C-A	LSB3
YOL059W	GPD2
YPR147C	
YGR094W	VAS1
YDL100C	GET3
YBL013W	FMT1
YLR113W	HOG1
YNR016C	ACC1
YLR196W	PWP1
YER057C	HMF1
YML092C	PRE8
YNL223W	ATG4
YHR109W	CTM1
YGR108W	CLB1
YNR032C-A	HUB1
YDL124W	
YGR218W	CRM1
YPL026C	SKS1
YKL069W	
YML104C	MDM1
YML058W	SML1
YGR205W	TDA10
YBR008C	FLR1
YIL137C	TMA108
YOR386W	PHR1
YBL015W	ACH1
YHR207C	SET5
YHR132W-A	IGO2
YHR015W	MIP6
YHL015W	RPS20
YKL006W	RPL14A
YDL111C	RRP42
YLR119W	SRN2
YIR037W	HYR1
YML063W	RPS1B
YNL178W	RPS3
YNL065W	AQR1
YDR436W	PPZ2
YIL079C	AIR1
YKR035W-A	DID2
YKL182W	FAS1
YFL033C	RIM15
YHR006W	STP2
YBR058C	UBP14
YNR043W	MVD1
YFL021W	GAT1
YGL095C	VPS45
YJR072C	NPA3
YOR375C	GDH1
YGL137W	SEC27
YIL124W	AYR1
YLR090W	XDJ1
YBL084C	CDC27
YGR001C	EFM5
YMR213W	CEF1
YMR192W	GYL1
YDR258C	HSP78
YOR359W	VTS1
YDL099W	BUG1
YDR380W	ARO10
YDL110C	TMA17
YER007W	PAC2
YBR077C	SLM4
YPR193C	HPA2
YGL173C	XRN1
YPL001W	HAT1
YPR083W	MDM36
YGR223C	HSV2
YMR020W	FMS1
YDR515W	SLF1
YMR208W	ERG12
YBL087C	RPL23A
YJR133W	XPT1
YCL009C	ILV6
YLR259C	HSP60
YOL082W	ATG19
YDR378C	LSM6
YLR401C	DUS3
YGR285C	ZUO1
YNR049C	MSO1
YOR035C	SHE4
YML028W	TSA1
YNL163C	RIA1
YLR177W	
YJR025C	BNA1
YBR239C	ERT1
YMR285C	NGL2
YER103W	SSA4
YPL211W	NIP7
YDR409W	SIZ1
YBL046W	PSY4
YOL016C	CMK2
YDR173C	ARG82
YOR007C	SGT2
YDR389W	SAC7
YKL047W	ANR2
YER007C-A	TMA20
YML022W	APT1
YKL183W	LOT5
YLR467W	YRF1-5
YGL078C	DBP3
YMR299C	DYN3
YKL181W	PRS1
YJL095W	BCK1
YKL088W	CAB3
YDL021W	GPM2
YDR023W	SES1
YHL027W	RIM101
YBR200W	BEM1
YLR185W	RPL37A
YNL118C	DCP2
YGR196C	FYV8
YLR060W	FRS1
YJR147W	HMS2
YDR394W	RPT3
YCR051W	
YOR361C	PRT1
YDR320C-A	DAD4
YBR248C	HIS7
YHR070W	TRM5
YPL040C	ISM1
YGL197W	MDS3
YJL043W	
YBR145W	ADH5
YGR136W	LSB1
YFL022C	FRS2
YDR183W	PLP1
YER033C	ZRG8
YNL189W	SRP1
YBL047C	EDE1
YMR255W	GFD1
YOR315W	SFG1
YJL107C	
YGL159W	
YBL014C	RRN6
YNL227C	JJJ1
YDL184C	RPL41A
YDR153C	ENT5
YNL218W	MGS1
YPL070W	MUK1
YBL092W	RPL32
YAL056W	GPB2
YPL002C	SNF8
YLR303W	MET17
YNL004W	HRB1
YLL029W	FRA1
YGL154C	LYS5
YGL035C	MIG1
YOR234C	RPL33B
YGR009C	SEC9
YOR283W	
YGR034W	RPL26B
YJL145W	SFH5
YJL153C	INO1
YJL088W	ARG3
YMR215W	GAS3
YDR418W	RPL12B
YOL045W	PSK2
YPL067C	
YHR046C	INM1
YPL236C	ENV7
YPL151C	PRP46
YJR064W	CCT5
YOL128C	YGK3
YNL155W	CUZ1
YOR360C	PDE2
YER139C	RTR1
YJL137C	GLG2
YOL097C	WRS1
YHR182W	
YDR447C	RPS17B
YJL074C	SMC3
YOR164C	GET4
YKL166C	TPK3
YGR118W	RPS23A
YNL020C	ARK1
YPL015C	HST2
YHR098C	SFB3
YNL076W	MKS1
YJL111W	CCT7
YKR086W	PRP16
YLR432W	IMD3
YPR035W	GLN1
YMR305C	SCW10
YNL200C	NNR1
YGR277C	CAB4
YNL077W	APJ1
YPR184W	GDB1
YPL135W	ISU1
YNL293W	MSB3
YDR495C	VPS3
YCR088W	ABP1
YDR357C	CNL1
YIL066C	RNR3
YLR166C	SEC10
YDR370C	DXO1
YMR018W	PEX9
YKL013C	ARC19
YBR072W	HSP26
YBR111C	YSA1
YAL013W	DEP1
YMR163C	INP2
YHL030W	ECM29
YML027W	YOX1
YNL049C	SFB2
YCR077C	PAT1
YGL045W	RIM8
YBL001C	ECM15
YIL103W	DPH1
YJR099W	YUH1
YDR273W	DON1
YER008C	SEC3
YDR453C	TSA2
YFL028C	CAF16
YGL131C	SNT2
YJL197W	UBP12
YER114C	BOI2
YER034W	
YOL030W	GAS5
YGL049C	TIF4632
YLR044C	PDC1
YOR323C	PRO2
YDL161W	ENT1
YER143W	DDI1
YBL036C	
YCR009C	RVS161
YMR205C	PFK2
YMR235C	RNA1
YDR084C	TVP23
YDL056W	MBP1
YLR293C	GSP1
YLR192C	HCR1
YOL017W	ESC8
YPR074C	TKL1
YDR320C	SWA2
YLR448W	RPL6B
YGL202W	ARO8
YMR259C	TRM732
YMR281W	GPI12
YER028C	MIG3
YMR261C	TPS3
YHR203C	RPS4B
YDL036C	PUS9
YKL210W	UBA1
YNL254C	RTC4
YGR109C	CLB6
YLR367W	RPS22B
YOR083W	WHI5
YGR037C	ACB1
YNR008W	LRO1
YOR118W	RTC5
YGR111W	
YDL164C	CDC9
YIL002C	INP51
YNR038W	DBP6
YLR309C	IMH1
YBL076C	ILS1
YLR029C	RPL15A
YOR128C	ADE2
YOL125W	TRM13
YJL165C	HAL5
YDR071C	PAA1
YHR112C	
YOR177C	MPC54
YIL156W	UBP7
YOR166C	SWT1
YDL143W	CCT4
YOR006C	TSR3
YKL009W	MRT4
YIR012W	SQT1
YNL307C	MCK1
YLL018C-A	COX19
YDR032C	PST2
YKL108W	SLD2
YMR067C	UBX4
YNL265C	IST1
YOR033C	EXO1
YOL070C	NBA1
YNL042W	BOP3
YIL112W	HOS4
YDR063W	AIM7
YOL067C	RTG1
YOR145C	PNO1
YDL166C	FAP7
YBR156C	SLI15
YOR304C-A	BIL1
YER155C	BEM2
YHR027C	RPN1
YNL056W	OCA2
YGR180C	RNR4
YDR037W	KRS1
YLR175W	CBF5
YKL071W	
YJR057W	CDC8
YER037W	PHM8
YKL075C	
YGR203W	YCH1
YPL220W	RPL1A
YKL206C	ADD66
YDR172W	SUP35
YOR131C	
YML068W	ITT1
YNL329C	PEX6
YKL130C	SHE2
YNL074C	MLF3
YLR158C	ASP3-3
YBR189W	RPS9B
YCR073W-A	SOL2
YOL111C	MDY2
YOR168W	GLN4
YOR226C	ISU2
YPL065W	VPS28
YPL074W	YTA6
YJR137C	MET5
YDR069C	DOA4
YBR011C	IPP1
YGR134W	CAF130
YLR438C-A	LSM3
YLR209C	PNP1
YNR047W	FPK1
YER015W	FAA2
YDR047W	HEM12
YGR095C	RRP46
YER129W	SAK1
YGR214W	RPS0A
YMR060C	SAM37
YDR267C	CIA1
YDR142C	PEX7
YPL032C	SVL3
YNL183C	NPR1
YCL032W	STE50
YLR361C	DCR2
YBL041W	PRE7
YGR269W	
YPR185W	ATG13
YMR068W	AVO2
YFL002C	SPB4
YJR056C	
YOR241W	MET7
YLR438W	CAR2
YPL038W	MET31
YLR270W	DCS1
YOL009C	MDM12
YGR057C	LST7
YPR145W	ASN1
YNL154C	YCK2
YDR044W	HEM13
YNL267W	PIK1
YLR006C	SSK1
YGR007W	ECT1
YGR241C	YAP1802
YPL003W	ULA1
YDR222W	
YLR195C	NMT1
YJR110W	YMR1
YFL034C-B	MOB2
YML097C	VPS9
YOR267C	HRK1
YPL178W	CBC2
YJL190C	RPS22A
YPL013C	MRPS16
YAL054C	ACS1
YLR398C	SKI2
YNL014W	HEF3
YPR042C	PUF2
YGL219C	MDM34
YKR071C	DRE2
YOR322C	LDB19
YGL061C	DUO1
YMR140W	SIP5
YPL103C	FMP30
YBL026W	LSM2
YFR001W	LOC1
YLR431C	ATG23
YAL059W	ECM1
YLR109W	AHP1
YIR026C	YVH1
YKL168C	KKQ8
YFL023W	BUD27
YGL047W	ALG13
YFL020C	PAU5
YGR244C	LSC2
YLR364W	GRX8
YEL003W	GIM4
YCR053W	THR4
YCL008C	STP22
YLR274W	MCM5
YMR114C	
YMR009W	ADI1
YNL078W	NIS1
YBR082C	UBC4
YLR340W	RPP0
YGL180W	ATG1
YBR061C	TRM7
YLR254C	NDL1
YDR247W	VHS1
YBL016W	FUS3
YNL209W	SSB2
YMR253C	
YCR057C	PWP2
YAL005C	SSA1
YER133W	GLC7
YOR293W	RPS10A
YKR090W	PXL1
YJL055W	
YJL085W	EXO70
YOR062C	
YOR339C	UBC11
YNL173C	MDG1
YBL057C	PTH2
YCL030C	HIS4
YPL024W	RMI1
YJR109C	CPA2
YMR303C	ADH2
YCL035C	GRX1
YKR084C	HBS1
YGR209C	TRX2
YHR174W	ENO2
YCR008W	SAT4
YKL216W	URA1
YPR008W	HAA1
YJL167W	ERG20
YMR316W	DIA1
YGR052W	FMP48
YGR158C	MTR3
YGR003W	CUL3
YML017W	PSP2
YHR199C-A	NBL1
YPR062W	FCY1
YLR211C	ATG38
YBR254C	TRS20
YHR034C	PIH1
YGR219W	
YHR179W	OYE2
YDR404C	RPB7
YMR104C	YPK2
YJL036W	SNX4
YOR197W	MCA1
YDR256C	CTA1
YMR309C	NIP1
YBR222C	PCS60
YNR054C	ESF2
YOR262W	GPN2
YCR091W	KIN82
YBR290W	BSD2
YLR376C	PSY3
YFR031C-A	RPL2A
YFL010C	WWM1
YPR131C	NAT3
YOR167C	RPS28A
YDL159W	STE7
YBL033C	RIB1
YDR532C	KRE28
YJR036C	HUL4
YNR031C	SSK2
YHR171W	ATG7
YBR263W	SHM1
YJL162C	JJJ2
YEL038W	UTR4
YKL067W	YNK1
YHR121W	LSM12
YPR073C	LTP1
YNL110C	NOP15
YNL232W	CSL4
YDL219W	DTD1
YDL090C	RAM1
YMR154C	RIM13
YPL262W	FUM1
YHR116W	COX23
YIL063C	YRB2
YKR031C	SPO14
YLR262C-A	TMA7
YIL018W	RPL2B
YHR087W	RTC3
YKR088C	TVP38
YBR272C	HSM3
YOL087C	DUF1
YGL123W	RPS2
YML096W	
YML016C	PPZ1
YGL099W	LSG1
YML006C	GIS4
YMR178W	
YOR127W	RGA1
YAL035W	FUN12
YDR035W	ARO3
YML109W	ZDS2
YBR084C-A	RPL19A
YOR184W	SER1
YKL151C	NNR2
YLR452C	SST2
YJR066W	TOR1
YNL129W	NRK1
YMR197C	VTI1
YDR332W	IRC3
YML014W	TRM9
YNR014W	
YPL031C	PHO85
YER098W	UBP9
YGL233W	SEC15
YDL055C	PSA1
YJL001W	PRE3
YHL010C	ETP1
YML106W	URA5
YOR259C	RPT4
YHR102W	KIC1
YGL056C	SDS23
YDL103C	QRI1
YLR363C	NMD4
YDL085C-A	
YML025C	YML6
YGR240C	PFK1
YFR030W	MET10
YAL020C	ATS1
YJR125C	ENT3
YGR100W	MDR1
YHR063C	PAN5
YLR011W	LOT6
YCL055W	KAR4
YML079W	
YLR328W	NMA1
YFL039C	ACT1
YGL212W	VAM7
YOR091W	TMA46
YJR050W	ISY1
YBR166C	TYR1
YNL240C	NAR1
YLR245C	CDD1
YOL022C	TSR4
YDL236W	PHO13
YJR136C	TTI2
YDR012W	RPL4B
YKL138C-A	HSK3
YNL256W	FOL1
YDR525W-A	SNA2
YIL008W	URM1
YDL190C	UFD2
YDL047W	SIT4
YDR099W	BMH2
YMR174C	PAI3
YHR043C	DOG2
YDR092W	UBC13
YBR109C	CMD1
YIL076W	SEC28
YGL060W	YBP2
YGL185C	
YPR030W	CSR2
YOL078W	AVO1
YEL071W	DLD3
YJR103W	URA8
YHR115C	DMA1
YBR255W	MTC4
YJL044C	GYP6
YDL020C	RPN4
YBR205W	KTR3
YLR287C	
YDL025C	RTK1
YNR029C	
YDR374C	PHO92
YHL007C	STE20
YJL157C	FAR1
YDL207W	GLE1
YMR315W	
YMR001C	CDC5
YDR152W	GIR2
YOL098C	SDD3
YLR410W	VIP1
YOR171C	LCB4
YJL034W	KAR2
YOL089C	HAL9
YAR014C	BUD14
YNL107W	YAF9
YLR397C	AFG2
YLR335W	NUP2
YGL011C	SCL1
YGR147C	NAT2
YNL023C	FAP1
YOR095C	RKI1
YJR031C	GEA1
YML121W	GTR1
YGL122C	NAB2
YBR130C	SHE3
YKR021W	ALY1
YFL029C	CAK1
YDR507C	GIN4
YLL057C	JLP1
YMR217W	GUA1
YLR388W	RPS29A
YPR190C	RPC82
YDR371W	CTS2
YLR249W	YEF3
YER096W	SHC1
YEL019C	MMS21
YFL016C	MDJ1
YNL153C	GIM3
YPL108W	
YIL053W	
YLR260W	LCB5
YHR061C	GIC1
YBR202W	MCM7
YER009W	NTF2
YAL036C	RBG1
YMR289W	ABZ2
YKR059W	TIF1
YGR047C	TFC4
YOR046C	DBP5
YPL105C	SYH1
YDR335W	MSN5
YLR133W	CKI1
YIL101C	XBP1
YBR001C	NTH2
YFR040W	SAP155
YOR388C	FDH1
YML048W	GSF2
YOL112W	MSB4
YER104W	RTT105
YOR141C	ARP8
YPR132W	RPS23B
YNL108C	
YLR384C	IKI3
YMR250W	GAD1
YPL219W	PCL8
YBL113C	
YDR171W	HSP42
YCR018C	SRD1
YJR033C	RAV1
YER067W	RGI1
YDR309C	GIC2
YBL072C	RPS8A
YOL143C	RIB4
YOR172W	YRM1
YDL239C	ADY3
YJL068C	
YDL156W	CMR1
YMR124W	EPO1
YBL024W	NCL1
YMR311C	GLC8
YKL142W	MRP8
YLR021W	IRC25
YGR169C	PUS6
YMR322C	SNO4
YDR300C	PRO1
YDL168W	SFA1
YPL190C	NAB3
YPL241C	CIN2
YHR068W	DYS1
YPR043W	RPL43A
YML119W	
YGL036W	
YBL075C	SSA3
YGR192C	TDH3
YDR321W	ASP1
YLR240W	VPS34
YKR043C	SHB17
YOR022C	DDL1
YGR013W	SNU71
YNL197C	WHI3
YHR144C	DCD1
YER101C	AST2
YDL127W	PCL2
YOL141W	PPM2
YNL064C	YDJ1
YGR123C	PPT1
YHR077C	NMD2
YOR101W	RAS1
YLR344W	RPL26A
YPR047W	MSF1
YGL209W	MIG2
YOR056C	NOB1
YJR090C	GRR1
YKL019W	RAM2
YBR006W	UGA2
YNL283C	WSC2
YKL184W	SPE1
YLR412W	BER1
YML004C	GLO1
YDR468C	TLG1
YBL051C	PIN4
YOR042W	CUE5
YDL084W	SUB2
YOR236W	DFR1
YBR196C	PGI1
YPL194W	DDC1
YJR035W	RAD26
YGL163C	RAD54
YAL021C	CCR4
YDL229W	SSB1
YFL036W	RPO41
YNL147W	LSM7
YLR435W	TSR2
YKL176C	LST4
YOR238W	
YOR367W	SCP1
YDR009W	GAL3
YJL014W	CCT3
YKL033W-A	
YGL178W	MPT5
YBL031W	SHE1
YPL037C	EGD1
YPR093C	ASR1
YFR053C	HXK1
YDR488C	PAC11
YPR066W	UBA3
YGL208W	SIP2
YDR103W	STE5
YPL247C	
YPL101W	ELP4
YPL064C	CWC27
YOR063W	RPL3
YJR149W	
YER062C	
YIL096C	BMT5
YMR002W	MIX17
YLR275W	SMD2
YHR091C	MSR1
YKR041W	
YAL061W	BDH2
YDL101C	DUN1
YDR162C	NBP2
YKL010C	UFD4
YLR102C	APC9
YDL061C	RPS29B
YPL256C	CLN2
YMR176W	ECM5
YDL040C	NAT1
YML108W	
YMR198W	CIK1
YHR009C	TDA3
YGL190C	CDC55
YML094W	GIM5
YOR280C	FSH3
YDL064W	UBC9
YIL062C	ARC15
YJR154W	
YLR316C	TAD3
YDR463W	STP1
YGL093W	SPC105
YMR116C	ASC1
YMR196W	
YPL093W	NOG1
YGR027C	RPS25A
YML053C	
YLR229C	CDC42
YER016W	BIM1
YDR074W	TPS2
YOL032W	OPI10
YGR124W	ASN2
YGL103W	RPL28
YGL062W	PYC1
YHL012W	
YOR162C	YRR1
YNL259C	ATX1
YPR075C	OPY2
YBR137W	
YBR079C	RPG1
YDR450W	RPS18A
YBR017C	KAP104
YEL025C	
YMR280C	CAT8
YLR048W	RPS0B
YDR161W	ACL4
YBL023C	MCM2
YCL018W	LEU2
YOL092W	YPQ1
YMR170C	ALD2
YPL239W	YAR1
YJL005W	CYR1
YOL061W	PRS5
YJL100W	LSB6
YNL068C	FKH2
YBR127C	VMA2
YCR073C	SSK22
YMR165C	PAH1
YDR189W	SLY1
YKL092C	BUD2
YER024W	YAT2
YGR024C	THG1
YMR010W	ANY1
YGR184C	UBR1
YLR238W	FAR10
YDR524C	AGE1
YHR140W	
YDR188W	CCT6
YIL083C	CAB2
YOR182C	RPS30B
YDL133C-A	RPL41B
YDR531W	CAB1
YER023W	PRO3
YGR151C	
YDR226W	ADK1
YGL067W	NPY1
YMR184W	ADD37
YLR086W	SMC4
YDL205C	HEM3
YIL019W	FAF1
YER079W	
YPL100W	ATG21
YNL085W	MKT1
YHR019C	DED81
YCR019W	MAK32
YGR072W	UPF3
YDL108W	KIN28
YLR330W	CHS5
YLR244C	MAP1
YGL229C	SAP4
YNL148C	ALF1
YDL147W	RPN5
YDL081C	RPP1A
YLR258W	GSY2
YDR283C	GCN2
YBL104C	SEA4
YNL255C	GIS2
YJL217W	REE1
YER136W	GDI1
YER151C	UBP3
YJR059W	PTK2
YEL029C	BUD16
YER065C	ICL1
YLR174W	IDP2
YPL139C	UME1
YIL135C	VHS2
YHR104W	GRE3
YDL091C	UBX3
YPL005W	AEP3
YJR078W	BNA2
YFL037W	TUB2
YIL020C	HIS6
YOL136C	PFK27
YDR346C	SVF1
YNL271C	BNI1
YKR028W	SAP190
YMR175W	SIP18
YGR206W	MVB12
YER064C	VHR2
YOL021C	DIS3
YKR076W	ECM4
YLR172C	DPH5
YDR323C	PEP7
YCL047C	POF1
YLR022C	SDO1
YLR382C	NAM2
YBR195C	MSI1
YBR233W	PBP2
YER068W	MOT2
YJL144W	
YDR486C	VPS60
YNL053W	MSG5
YBR020W	GAL1
YDL122W	UBP1
YFL017C	GNA1
YBR085C-A	
YDR390C	UBA2
YML111W	BUL2
YMR278W	PRM15
YMR185W	RTP1
YCR061W	
YLR420W	URA4
YNL281W	HCH1
YFL034C-A	RPL22B
YKL197C	PEX1
YNL260C	LTO1
YIL142W	CCT2
YDR481C	PHO8
YOL052C-A	DDR2
YPL096W	PNG1
YLR137W	RKM5
YKL152C	GPM1
YJL122W	ALB1
YDL141W	BPL1
YMR258C	ROY1
YJL225C	
YDR400W	URH1
YIL034C	CAP2
YOR362C	PRE10
YDL173W	PAR32
YEL015W	EDC3
YOL058W	ARG1
YBL029W	
YMR023C	MSS1
YOR143C	THI80
YOR347C	PYK2
YMR291W	TDA1
YPL104W	MSD1
YOL057W	
YIL078W	THS1
YGR058W	PEF1
YGL195W	GCN1
YNL225C	CNM67
YMR029C	FAR8
YMR092C	AIP1
YIL052C	RPL34B
YGL192W	IME4
YEL030W	ECM10
YLR118C	
YMR138W	CIN4
YMR122W-A	
YPL030W	TRM44
YIR017C	MET28
YMR220W	ERG8
YOR111W	
YDR213W	UPC2
YML031W	NDC1
YER167W	BCK2
YDR330W	UBX5
YDR106W	ARP10
YLR406C	RPL31B
YLR136C	TIS11
YDR484W	VPS52
YOR180C	DCI1
YPL069C	BTS1
YKL056C	TMA19
YIL154C	
YDR146C	SWI5
YJL177W	RPL17B
YER102W	RPS8B
YBR048W	RPS11B
YNR009W	NRM1
YHL033C	RPL8A
YAL049C	AIM2
YIL138C	TPM2
YHR029C	YHI9
YKL156W	RPS27A
YJR032W	CPR7
YER046W	SPO73
YLL019C	KNS1
YJR024C	MDE1
YFL017W-A	SMX2
YGL144C	ROG1
YGL071W	AFT1
YBR265W	TSC10
YMR251W	GTO3
YBR249C	ARO4
YPL201C	YIG1
YDR251W	PAM1
YFL005W	SEC4
YBR170C	NPL4
YJL140W	RPB4
YNL242W	ATG2
YBR173C	UMP1
YOL139C	CDC33
YNR057C	BIO4
YFR019W	FAB1
YHR040W	BCD1
YDR368W	YPR1
YER075C	PTP3
YPL207W	TYW1
YNL166C	BNI5
YPL253C	VIK1
YPR040W	TIP41
YBR133C	HSL7
YNL069C	RPL16B
YKR064W	OAF3
YKL017C	HCS1
YDR399W	HPT1
YOR198C	BFR1
YPL143W	RPL33A
YJR017C	ESS1
YKL204W	EAP1
YDR031W	MIX14
YLR248W	RCK2
YFR050C	PRE4
YDR255C	RMD5
YHR192W	LNP1
YDL060W	TSR1
YGR080W	TWF1
YMR214W	SCJ1
YGL116W	CDC20
YDR067C	OCA6
YBL085W	BOI1
YGL201C	MCM6
YCR038C	BUD5
YMR055C	BUB2
YLR127C	APC2
YER049W	TPA1
YNL128W	TEP1
YBL009W	ALK2
YDL126C	CDC48
YML117W	NAB6
YMR271C	URA10
YPR187W	RPO26
YOR018W	ROD1
YGR154C	GTO1
YGL241W	KAP114
YHL040C	ARN1
YPL209C	IPL1
YKL211C	TRP3
YPR182W	SMX3
YJL026W	RNR2
YJL096W	MRPL49
YMR226C	
YPL242C	IQG1
YNR050C	LYS9
YOR391C	HSP33
YNL138W	SRV2
YBR094W	PBY1
YHR201C	PPX1
YHR103W	SBE22
YEL037C	RAD23
YER134C	
YOR352W	TFB6
YFR007W	YFH7
YCR065W	HCM1
YLR189C	ATG26
YNL302C	RPS19B
YER088C	DOT6
YNL045W	LAP2
YDL144C	
YER175C	TMT1
YOR066W	MSA1
YKL127W	PGM1
YNL207W	RIO2
YNR011C	PRP2
YLR134W	PDC5
YER004W	FMP52
YIL162W	SUC2
YDR170C	SEC7
YHR082C	KSP1
YML007W	YAP1
YIL104C	SHQ1
YDR174W	HMO1
YLR215C	CDC123
YNL241C	ZWF1
YNL112W	DBP2
YDL218W	
YPL086C	ELP3
YFL038C	YPT1
YDL048C	STP4
YOL096C	COQ3
YKL052C	ASK1
YMR190C	SGS1
YKL053C-A	MDM35
YBL056W	PTC3
YHR020W	
YBR242W	
YDR500C	RPL37B
YPR005C	HAL1
YFR015C	GSY1
YLR206W	ENT2
YNL073W	MSK1
YPL269W	KAR9
YOR133W	EFT1
YNL082W	PMS1
YLL018C	DPS1
YHR057C	CPR2
YAL047C	SPC72
YBR181C	RPS6B
YIL007C	NAS2
YNR034W-A	EGO4
YMR037C	MSN2
YCR004C	YCP4
YLR392C	ART10
YHL024W	RIM4
YHR128W	FUR1
YDR412W	RRP17
YDR530C	APA2
YML024W	RPS17A
YLR063W	BMT6
YNL196C	SLZ1
YGR155W	CYS4
YMR030W	RSF1
YCR059C	YIH1
YNR012W	URK1
YHR047C	AAP1
YDR519W	FPR2
YER117W	RPL23B
YKL194C	MST1
YBR052C	RFS1
YOR208W	PTP2
YLL007C	LMO1
YIL038C	NOT3
YKR037C	SPC34
YLR257W	
YGR233C	PHO81
YNL084C	END3
YDR465C	RMT2
YPL191C	
YGR092W	DBF2
YKL205W	LOS1
YIR011C	STS1
YNL289W	PCL1
YDL001W	RMD1
YDR454C	GUK1
YHR122W	CIA2
YJL101C	GSH1
YOR357C	SNX3
YLR287C-A	RPS30A
YOR276W	CAF20
YLR155C	ASP3-1
YOR247W	SRL1
YGL171W	ROK1
YBR056W	
YMR194W	RPL36A
YGR040W	KSS1
YDL130W	RPP1B
YNL010W	
YLR003C	CMS1
YNL134C	
YGR268C	HUA1
YIL046W	MET30
YER168C	CCA1
YKR003W	OSH6
YGL147C	RPL9A
YPL229W	
YGR144W	THI4
YGR178C	PBP1
YDL117W	CYK3
YDR140W	MTQ2
YPR160W	GPH1
YMR164C	MSS11
YGR113W	DAM1
YOL047C	LDS2
YGL048C	RPT6
YMR074C	SDD2
YDR062W	LCB2
YOR269W	PAC1
YJL080C	SCP160
YHR013C	ARD1
YPL066W	RGL1
YDR143C	SAN1
YNL231C	PDR16
YAR073W	IMD1
YNL230C	ELA1
YJR091C	JSN1
YPL141C	FRK1
YGL091C	NBP35
YHR137W	ARO9
YGR093W	DRN1
YDL053C	PBP4
YDR223W	CRF1
YKL193C	SDS22
YBL005W	PDR3
YDL167C	NRP1
YBR151W	APD1
YIR027C	DAL1
YLR441C	RPS1A
YLR178C	TFS1
YDR517W	GRH1
YOR129C	AFI1
YFR028C	CDC14
YML070W	DAK1
YHR158C	KEL1
YGR061C	ADE6
YJL121C	RPE1
YDL226C	GCS1
YOR156C	NFI1
YPL249C-A	RPL36B
YLR043C	TRX1
YMR125W	STO1
YDL134C	PPH21
YPR128C	ANT1
YDR314C	RAD34
YPR054W	SMK1
YFR051C	RET2
YOL040C	RPS15
YJL138C	TIF2
YJR047C	ANB1
YML105C	SEC65
YAL033W	POP5
YIL001W	
YFR016C	
YDL078C	MDH3
YMR069W	NAT4
YDL238C	GUD1
YGL085W	LCL3
YGL031C	RPL24A
YOL159C-A	
YAR015W	ADE1
YCR082W	AHC2
YBR138C	
YGR117C	
YGR254W	ENO1
YDR452W	PPN1
YML124C	TUB3
YOR073W	SGO1
YHR042W	NCP1
YMR090W	
YJL130C	URA2
YFR032C	RRT5
YEL022W	GEA2
YMR171C	EAR1
YKR096W	ESL2
YKL006C-A	SFT1
YBL105C	PKC1
YDR516C	EMI2
YOR201C	MRM1
YGL164C	YRB30
YOL018C	TLG2
YHR069C	RRP4
YGR264C	MES1
YPL260W	CUB1
YDR388W	RVS167
YOL133W	HRT1
YNL339C	YRF1-6
YJL033W	HCA4
YGL234W	ADE5,7
YER074W	RPS24A
YPR095C	SYT1
YGL238W	CSE1
YIL177C	
YDR049W	VMS1
YPR079W	MRL1
YDR021W	FAL1
YLR199C	PBA1
YBR018C	GAL7
YDR353W	TRR1
YDR051C	DET1
YMR230W	RPS10B
YFL001W	DEG1
YLR154C	RNH203
YMR267W	PPA2
YJR148W	BAT2
YJL123C	MTC1
YMR247C	RKR1
YOL086C	ADH1
YNL287W	SEC21
YMR152W	YIM1
YCR090C	
YGR201C	
YBR194W	AIM4
YDR288W	NSE3
YDR141C	DOP1
YPL046C	ELC1
YGR239C	PEX21
YDR424C	DYN2
YAL041W	CDC24
YIL148W	RPL40A
YOR165W	SEY1
YEL061C	CIN8
YJL046W	AIM22
YLR265C	NEJ1
YER059W	PCL6
YBR046C	ZTA1
YNL096C	RPS7B
YMR146C	TIF34
YJR123W	RPS5
YMR032W	HOF1
YKR077W	MSA2
YLR351C	NIT3
YOR138C	RUP1
YDR054C	CDC34
YLR306W	UBC12
YHR114W	BZZ1
YGR169C-A	
YDR122W	KIN1
YGR185C	TYS1
YDR184C	ATC1
YPL283C	YRF1-7
YBR274W	CHK1
YIL145C	PAN6
YLR183C	TOS4
YOL121C	RPS19A
YIR006C	PAN1
YOL126C	MDH2
YPR055W	SEC8
YNL298W	CLA4
YEL056W	HAT2
YJR015W	
YLR024C	UBR2
YER036C	ARB1
YOR028C	CIN5
YGL221C	NIF3
YJR102C	VPS25
YDL240W	LRG1
YKL079W	SMY1
YLR380W	CSR1
YNR003C	RPC34
YNL316C	PHA2
YNL016W	PUB1
YPL243W	SRP68
YHL011C	PRS3
YNL330C	RPD3
YLR061W	RPL22A
YKL161C	KDX1
YPR127W	
YKL159C	RCN1
YIR035C	
YIR007W	EGH1
YHR129C	ARP1
YOR109W	INP53
YJL155C	FBP26
YDR328C	SKP1
YLR387C	REH1
YIL113W	SDP1
YGL135W	RPL1B
YDR280W	RRP45
YPL232W	SSO1
YDR098C	GRX3
YLR422W	DCK1
YDR005C	MAF1
YDR423C	CAD1
YJL035C	TAD2
YOL093W	TRM10
YDR017C	KCS1
YJR089W	BIR1
YPL124W	SPC29
YLR354C	TAL1
YJL042W	MHP1
YHR159W	TDA11
YGR253C	PUP2
YKL042W	SPC42
YNL172W	APC1
YGL101W	
YIL033C	BCY1
YDR444W	
YPL048W	CAM1
YHR193C	EGD2
YGR267C	FOL2
YPL120W	VPS30
YPL117C	IDI1
YGR234W	YHB1
YBL078C	ATG8
YDR341C	
YGL251C	HFM1
YEL014C	
YGL141W	HUL5
YGL245W	GUS1
YFR025C	HIS2
YPL214C	THI6
YLL039C	UBI4
YER156C	
YDR132C	
YIL041W	GVP36
YDR395W	SXM1
YHR030C	SLT2
YPL273W	SAM4
YNR027W	BUD17
YCR095C	OCA4
YER162C	RAD4
YER090W	TRP2
YGR173W	RBG2
YDR372C	VPS74
YJL053W	PEP8
YHL050C	
YDR325W	YCG1
YDR216W	ADR1
YJL124C	LSM1
YDL224C	WHI4
YJR104C	SOD1
YLR147C	SMD3
YPR081C	GRS2
YGR070W	ROM1
YER041W	YEN1
YGR135W	PRE9
YBL071W-A	KTI11
YLR212C	TUB4
YMR234W	RNH1
YKR075C	
YJR070C	LIA1
YMR323W	ERR3
YJR097W	JJJ3
YNL164C	IBD2
YJL126W	NIT2
YNL274C	GOR1
YMR038C	CCS1
YGL258W	VEL1
YIR036C	IRC24
YDR020C	DAS2
YHR010W	RPL27A
YER112W	LSM4
YDR527W	RBA50
YPL110C	GDE1
YDR333C	RQC1
YCL050C	APA1
YHR187W	IKI1
YCR067C	SED4
YCR047C	BUD23
YGR088W	CTT1
YGR140W	CBF2
YNR061C	
YBR208C	DUR1,2
YNR035C	ARC35
YOR195W	SLK19
YFR031C	SMC2
YER174C	GRX4
YLR132C	USB1
YHR183W	GND1
YGL019W	CKB1
YDR139C	RUB1
YJL191W	RPS14B
YLR182W	SWI6
YHR205W	SCH9
YOL123W	HRP1
YGR017W	
YPL161C	BEM4
YLR107W	REX3
YKL085W	MDH1
YPR022C	SDD4
YLR305C	STT4
YNL024C	EFM6
YPR175W	DPB2
YBR172C	SMY2
YJL049W	CHM7
YBL097W	BRN1
YCR093W	CDC39
YML051W	GAL80
YDL017W	CDC7
YMR314W	PRE5
YHR111W	UBA4
YDL063C	SYO1
YLR157C	ASP3-2
YGL039W	
YCR012W	PGK1
YHR049W	FSH1
YMR113W	FOL3
YPL079W	RPL21B
YOL100W	PKH2
YDL132W	CDC53
YOR289W	
YPL150W	
YDR202C	RAV2
YER099C	PRS2
YNL141W	AAH1
YLL024C	SSA2
YLR009W	RLP24
YJL141C	YAK1
YGR044C	RME1
YKL132C	RMA1
YPL226W	NEW1
YJR022W	LSM8
YPL115C	BEM3
YOR077W	RTS2
YOR117W	RPT5
YDR211W	GCD6
YNL106C	INP52
YPL245W	
YKL078W	DHR2
YKL001C	MET14
YKR017C	HEL1
YJL082W	IML2
YHR209W	CRG1
YGL030W	RPL30
YKL058W	TOA2
YLR345W	
YPR048W	TAH18
YGL128C	CWC23
YNL161W	CBK1
YHR107C	CDC12
YIL095W	PRK1
YGL175C	SAE2
YPR102C	RPL11A
YNL247W	
YOL066C	RIB2
YOR396W	YRF1-8
YJL098W	SAP185
YCL056C	PEX34
YMR169C	ALD3
YMR186W	HSC82
YHR216W	IMD2
YHL013C	OTU2
YER165W	PAB1
YGL004C	RPN14
YLR369W	SSQ1
YEL058W	PCM1
YAL044C	GCV3
YGL148W	ARO2
YDL223C	HBT1
YMR127C	SAS2
YNL032W	SIW14
YOL001W	PHO80
YNL135C	FPR1
YDR075W	PPH3
YBR267W	REI1
YBL032W	HEK2
YFL027C	GYP8
YMR296C	LCB1
YHR143W-A	RPC10
YOR005C	DNL4
YDL129W	
YLR417W	VPS36
YGR078C	PAC10
YOR355W	GDS1
YKL060C	FBA1
YBR191W	RPL21A
YLR179C	
YEL012W	UBC8
YBR125C	PTC4
YPL152W	RRD2
YJR111C	PXP2
YDR348C	PAL1
YFL007W	BLM10
YMR061W	RNA14
YPL204W	HRR25
YER042W	MXR1
YIL069C	RPS24B
YDR007W	TRP1
YPL249C	GYP5
YCR030C	SYP1
YDR429C	TIF35
YNL212W	VID27
YMR273C	ZDS1
YJR055W	HIT1
YPR154W	PIN3
YLR421C	RPN13
YOL102C	TPT1
YNL243W	SLA2
YGL220W	
YER110C	KAP123
YLL027W	ISA1
YAL012W	CYS3
YLR292C	SEC72
YKR091W	SRL3
YPR016C	TIF6
YGR019W	UGA1
YOL116W	MSN1
YLR016C	PML1
YJL031C	BET4
YOR353C	SOG2
YJR132W	NMD5
YDR379W	RGA2
YDL029W	ARP2
YGL090W	LIF1
YLR297W	
YNL027W	CRZ1
YKL171W	NNK1
YPR029C	APL4
YLR225C	
YKL025C	PAN3
YDR441C	APT2
YPL106C	SSE1
YKL023W	
YNL278W	CAF120
YOR096W	RPS7A
YOR148C	SPP2
YEL077C	
YIL172C	IMA3
YOR257W	CDC31
YDL059C	RAD59
YML035C	AMD1
YKL215C	OXP1
YDR016C	DAD1
YFR048W	RMD8
YGL179C	TOS3
YPL119C	DBP1
YNL220W	ADE12
YGL134W	PCL10
YMR173W	DDR48
YPL195W	APL5
YDR293C	SSD1
YDR022C	
YBR260C	RGD1
YKL033W	TTI1
YDR052C	DBF4
YCL001W-A	
YKR023W	
YLR456W	
YHR219W	
YOR076C	SKI7
YBR211C	AME1
YDL136W	RPL35B
YEL020C	PXP1
YHR136C	SPL2
YKR067W	GPT2
YLL013C	PUF3
YPR060C	ARO7
YBR028C	YPK3
YNL264C	PDR17
YLL045C	RPL8B
YPL199C	
YDR248C	
YJL128C	PBS2
YDR068W	DOS2
YJR005C-A	LSO1
YIL047C	SYG1
YLR160C	ASP3-4
YKL145W	RPT1
YBR129C	OPY1
YHL001W	RPL14B
YOR025W	HST3
YOR371C	GPB1
YIR005W	IST3
YJL087C	TRL1
YGL232W	TAN1
YAL040C	CLN3
YIL116W	HIS5
YMR307W	GAS1
YDR252W	BTT1
YGL157W	ARI1
YER087W	AIM10
YDR540C	IRC4
YOR292C	
YBR080C	SEC18
YKL128C	PMU1
YJR127C	RSF2
YBL058W	SHP1
YNL079C	TPM1
YLR216C	CPR6
YBL101C	ECM21
YOR027W	STI1
YGR012W	MCY1
YMR135C	GID8
YER055C	HIS1
YDR337W	MRPS28
YDR356W	SPC110
YMR121C	RPL15B
YER091C	MET6
YDL235C	YPD1
YPL028W	ERG10
YPL174C	NIP100
YBR140C	IRA1
YML066C	SMA2
YIL003W	CFD1
YPR031W	NTO1
