YAL016W	TPD3
YPR032W	SRO7
YNR052C	POP2
YOR231W	MKK1
YPL111W	CAR1
YOR181W	LAS17
YPR171W	BSP1
YPR122W	AXL1
YLR110C	CCW12
YIL068C	SEC6
YDR129C	SAC6
YPL140C	MKK2
YER071C	TDA2
YCL029C	BIK1
YIL159W	BNR1
YOR008C	SLG1
YLL021W	SPA2
YBR023C	CHS3
YBL007C	SLA1
YLR058C	SHM2
YCR002C	CDC10
YBR040W	FIG1
YMR232W	FUS2
YER149C	PEA2
YKL007W	CAP1
YOR326W	MYO2
YDR166C	SEC5
YIR003W	AIM21
YOR239W	ABP140
YKL189W	HYM1
YER118C	SHO1
YMR109W	MYO5
YNL272C	SEC2
YCR043C	
YLR337C	VRP1
YLR319C	BUD6
YIL129C	TAO3
YJL095W	BCK1
YBR200W	BEM1
YER033C	ZRG8
YBL047C	EDE1
YKL209C	STE6
YDL225W	SHS1
YNL020C	ARK1
YHR098C	SFB3
YCR088W	ABP1
YLR166C	SEC10
YER008C	SEC3
YDL161W	ENT1
YCR009C	RVS161
YOR304C-A	BIL1
YER155C	BEM2
YNR047W	FPK1
YDL212W	SHR3
YFL034C-B	MOB2
YMR295C	
YBL016W	FUS3
YKR090W	PXL1
YJL085W	EXO70
YOL105C	WSC3
YDL159W	STE7
YGL099W	LSG1
YGL233W	SEC15
YHR102W	KIC1
YML047C	PRM6
YBR109C	CMD1
YHL007C	STE20
YJL157C	FAR1
YHR061C	GIC1
YGR238C	KEL2
YDR309C	GIC2
YBR102C	EXO84
YNL283C	WSC2
YPR165W	RHO1
YDR103W	STE5
YGL190C	CDC55
YLR229C	CDC42
YLR330W	CHS5
YJR076C	CDC11
YNL271C	BNI1
YNL279W	PRM1
YIL034C	CAP2
YMR092C	AIP1
YFL005W	SEC4
YGR080W	TWF1
YBL085W	BOI1
YDL126C	CDC48
YNL138W	SRV2
YLR206W	ENT2
YPL269W	KAR9
YNL084C	END3
YHR158C	KEL1
YDR388W	RVS167
YAL041W	CDC24
YHR114W	BZZ1
YIR006C	PAN1
YPR055W	SEC8
YDL240W	LRG1
YKL079W	SMY1
YHR030C	SLT2
YGR229C	SMI1
YPL115C	BEM3
YNL106C	INP52
YNL161W	CBK1
YIL095W	PRK1
YLR332W	MID2
YDR348C	PAL1
YLR371W	ROM2
YDL195W	SEC31
YCR030C	SYP1
YCL027W	FUS1
YNL243W	SLA2
YOR353C	SOG2
YBR260C	RGD1
YBR080C	SEC18
