YOL048C	RRT8
YNR017W	TIM23
YDR387C	CIN10
YOR082C	
YBR293W	VBA2
YNL105W	RRT16
YDL094C	
YDR438W	THI74
YIL156W-A	
YDR492W	IZH1
YHR094C	HXT1
YHL031C	GOS1
YOL119C	MCH4
YIL146C	ATG32
YDR018C	
YER158W-A	
YMR173W-A	
YCR100C	
YOR345C	
YLR279W	
YHR219C-A	
YDR508C	GNP1
YHR045W	
YPR139C	
YPL257W	
YFL026W	STE2
YBR116C	
YJL139C	YUR1
YOR392W	
YBR241C	
YML125C	PGA3
YMR115W	MGR3
YMR266W	RSN1
YLR251W	SYM1
YNR026C	SEC12
YPR194C	OPT2
YGL160W	AIM14
YCL002C	
YIL117C	PRM5
YJL062W-A	COA3
YML055W	SPC2
YPL224C	MMT2
YDL206W	
YML133W-B	
YGR141W	VPS62
YDR338C	
YPR155C	NCA2
YDR526C	
YOR270C	VPH1
YGL239C	
YOL003C	PFA4
YOL103W	ITR2
YLR220W	CCC1
YKL004W	AUR1
YDL015C	TSC13
YML090W	
YPL244C	HUT1
YAL053W	FLC2
YGR224W	AZR1
YOL079W	
YDR367W	KEI1
Q0065	AI4
YCR007C	
YJR131W	MNS1
YHR007C	ERG11
YHR214C-D	
YMR202W	ERG2
YGR082W	TOM20
YPR156C	TPO3
YAL031W-A	
YFL015C	
YJL133W	MRS3
YFL011W	HXT10
YLR338W	OPI9
YJL086C	
YBR243C	ALG7
YDR200C	VPS64
YJR044C	VPS55
YBR179C	FZO1
YDR470C	UGO1
YIL158W	AIM20
YBR124W	
YLR458W	
YPL192C	PRM3
YDR105C	TMS1
YDR483W	KRE2
YML013W	UBX2
YDL123W	SNA4
YGR197C	SNG1
YJR012C	
YDL199C	
YGR041W	BUD9
YNL121C	TOM70
YCR081C-A	
Q0080	ATP8
YGL168W	HUR1
YPL264C	
YML087C	AIM33
YBR294W	SUL1
YFL032W	
YNR055C	HOL1
YPL006W	NCR1
YDR406W-A	
YGR183C	QCR9
YDR199W	
YIL016W	SNL1
YPL092W	SSU1
YGR228W	
YKL183C-A	
YLR253W	MCP2
YBR284W	
YEL059W	HHY1
YGL098W	USE1
YOL161C	PAU20
YBL071C	
Q0070	AI5_ALPHA
YDR034W-B	
YMR319C	FET4
YOL122C	SMF1
YJR085C	
YGR172C	YIP1
YJR040W	GEF1
YKR052C	MRS4
YOL107W	
YDR119W	VBA4
YAL064W-B	
YAL018C	LDS1
YBR042C	CST26
YOL013W-B	
YML075C	HMG1
YKR087C	OMA1
YBR150C	TBS1
YER147C-A	
YNR041C	COQ2
YML129C	COX14
YOR093C	CMR2
Q0275	COX3
YGL075C	MPS2
YBR298C	MAL31
YEL036C	ANP1
YMR149W	SWP1
YNL263C	YIF1
YLR072W	LAM6
YOR092W	ECM3
YGL012W	ERG4
YHR052W-A	
YJL202C	
YDR319C	
YLR008C	PAM18
YNL044W	YIP3
YBR014C	GRX7
YOR365C	
YML030W	RCF1
YMR118C	SHH3
YOL020W	TAT2
YCR097W-A	
YIL065C	FIS1
YOL053W	AIM39
YDR275W	BSC2
YPL175W	SPT14
YLR164W	SHH4
YHL047C	ARN2
YHR175W-A	
YCR069W	CPR4
YHR003C	TCD1
YCR041W	
YNL026W	SAM50
YFR006W	
YLR467C-A	
YBR180W	DTR1
YDR136C	VPS61
YDR302W	GPI11
YIR021W-A	
YLR198C	
YLR411W	CTR3
YPR198W	SGE1
YLR056W	ERG3
YGR031C-A	NAG1
YNL169C	PSD1
YNL268W	LYP1
YDR182W-A	
YBL089W	AVT5
YAL048C	GEM1
YDR458C	HEH2
YJL108C	PRM10
YKR075W-A	
YNL257C	SIP3
YLR310C	CDC25
YOR271C	FSF1
YGR260W	TNA1
YPL270W	MDL2
YLR342W	FKS1
YIL092W	
YOR106W	VAM3
YAR064W	
YML132W	COS3
YDR307W	PMT7
YBR027C	
YOR059C	
YIL136W	OM45
YIR022W	SEC11
YPR058W	YMC1
YKL217W	JEN1
YJR023C	
YIL066W-A	
YLL052C	AQY2
YFL034W	MIL1
YKR044W	UIP5
YGL104C	VPS73
YDR381C-A	
YHR048W	YHK8
YGR149W	GPC1
YBR090C	
YNL194C	
YKL065W-A	
YPR149W	NCE102
YBR064W	
YOR099W	KTR1
YPL172C	COX10
YBR044C	TCM62
YLR214W	FRE1
YAL023C	PMT2
YNL080C	EOS1
YNR005C	
YLR378C	SEC61
YFL012W-A	
YLR023C	IZH3
YDR352W	YPQ2
YDR278C	
YMR046W-A	
YIR023C-A	
YGR038W	ORM1
YNL323W	LEM3
YNL003C	PET8
YCR094W	CDC50
YNL048W	ALG11
YHR002W	LEU5
YJL193W	
YIL067C	
YGR131W	FHN1
YOR036W	PEP12
YHR079C	IRE1
YAL026C	DRS2
YAL014C	SYN8
YOR154W	SLP1
YFL046W	FMP32
YGR125W	
YOL073C	DSC2
YOL152W	FRE7
YMR052C-A	
YER145C	FTR1
YOL101C	IZH4
YOR085W	OST3
YBR085W	AAC3
YGL022W	STT3
YPL114W	
YLR020C	YEH2
YDR193W	
YOR146W	
YJL195C	
YIL134W	FLX1
YBR068C	BAP2
YMR065W	KAR5
YMR302C	YME2
YLR322W	VPS65
YBR041W	FAT1
YBL082C	ALG3
YNR062C	
YNL203C	
YKL124W	SSH4
YGL084C	GUP1
YLR077W	FMP25
YOL035C	
YPR130C	
YOR130C	ORT1
YDR294C	DPL1
YNL055C	POR1
YKL100C	YPF1
YAL010C	MDM10
YHL036W	MUP3
YNR013C	PHO91
YLR414C	PUN1
YOL166C	
YOR008C	SLG1
YDL119C	HEM25
YAL042W	ERV46
YKL221W	MCH2
YBR207W	FTH1
YKL031W	
YFL050C	ALR2
YEL004W	YEA4
YER141W	COX15
YOR266W	PNT1
YPR124W	CTR1
YDR264C	AKR1
YDR343C	HXT6
YPR157W	TDA6
YPL162C	
YPL200W	CSM4
YJL051W	IRC8
YHR180W	
YGR265W	
YDR316W	OMS1
YGR157W	CHO2
YDL142C	CRD1
YNL008C	ASI3
YNR075W	COS10
YCR011C	ADP1
YGL146C	RRT6
YDL138W	RGT2
YHR195W	NVJ1
YCL065W	
YMR030W-A	
YOR311C	DGK1
YDR284C	DPP1
YNL058C	
YDL010W	GRX6
YDR349C	YPS7
YKL034W	TUL1
YLR078C	BOS1
YFR032C-B	
YMR183C	SSO2
YOL019W	
YLR404W	
YLL005C	SPO75
YCL069W	VBA3
YIL147C	SLN1
YBR147W	RTC2
YGL167C	PMR1
YJR161C	COS5
YLR296W	
YMR157C	AIM36
YMR110C	HFD1
YGR217W	CCH1
YHL043W	ECM34
YOR268C	
YBR023C	CHS3
YER068C-A	
YOL134C	
YOR002W	ALG6
YKL039W	PTM1
YLL055W	YCT1
YLL030C	RRT7
YHR026W	VMA16
YDL232W	OST4
YDL152W	
YKR089C	TGL4
YLL015W	BPT1
YPL058C	PDR12
YOR044W	IRC23
YKR018C	
YNR039C	ZRG17
YDR410C	STE14
YIL005W	EPS1
YJL117W	PHO86
YDL072C	YET3
YDR053W	
YLR269C	
YDL012C	
YNL052W	COX5A
YBR209W	
YGL065C	ALG2
YKL027W	TCD2
YBR089W	
YEL016C	NPP2
YLR145W	RMP1
YFL068W	
YLR080W	EMP46
YLR443W	ECM7
YOR256C	TRE2
YAL030W	SNC1
YPR010C-A	
YBR040W	FIG1
YHR175W	CTR2
YBR230C	OM14
YAR027W	UIP3
YOL137W	BSC6
YLL006W	MMM1
YDR326C	YSP2
YGL204C	
YDL052C	SLC1
YER185W	PUG1
YMR200W	ROT1
YDR536W	STL1
YLR311C	
YLR191W	PEX13
YKL207W	
YAL055W	PEX22
YJL067W	
YIL004C	BET1
YOR376W	
Q0250	COX2
YPR113W	PIS1
YNL291C	MID1
YDR011W	SNQ2
YNL087W	TCB2
YGL225W	VRG4
YDR414C	ERD1
YBL100C	
YIR014W	
YPL147W	PXA1
YIR033W	MGA2
YNL029C	KTR5
YJL156W-A	
YML099W-A	
YPR169W-A	
YPR170W-A	
YHR049C-A	
YPL087W	YDC1
YJL132W	
YKL140W	TGL1
YNL024C-A	KSH1
YDL149W	ATG9
YLR101C	
YDR231C	COX20
YKL051W	SFK1
YGR284C	ERV29
YOR316C	COT1
YGR032W	GSC2
YPL189W	GUP2
YJL172W	CPS1
YMR203W	TOM40
YOL002C	IZH2
YEL018C-A	
YPL246C	RBD2
YNL192W	CHS1
YJL093C	TOK1
YJL163C	
YMR089C	YTA12
YER072W	VTC1
YNL149C	PGA2
YDR413C	
YMR134W	ERG29
YOR328W	PDR10
YGR146C-A	
YJL037W	IRC18
YHR078W	
YMR290W-A	
YHR007C-A	
YLR099W-A	MIM2
YHL044W	
YJL002C	OST1
YNL275W	BOR1
YDR003W	RCR2
YGR191W	HIP1
YJL220W	
YGR270C-A	
YOR008C-A	
YPL238C	
YKR093W	PTR2
YKL201C	MNN4
YCR021C	HSP30
YBR255C-A	RCF3
YJL161W	FMP33
YGL194C-A	
YFR041C	ERJ5
YDL041W	
YBL042C	FUI1
YFL062W	COS4
YML115C	VAN1
YKL077W	
YOR381W	FRE3
YLL023C	POM33
YKR103W	NFT1
YLR065C	ENV10
YLL031C	GPI13
YGR069W	
YHL002C-A	
YNR070W	PDR18
YOR273C	TPO4
YGL020C	GET1
YLR294C	
YNL305C	BXI1
YBR069C	TAT1
YCR104W	PAU3
YCL001W	RER1
YDR443C	SSN2
YHR056W-A	
YNL294C	RIM21
YFR056C	
YNL280C	ERG24
YJL073W	JEM1
YDL128W	VCX1
YIL102C-A	
YLR026C	SED5
YNR002C	ATO2
YEL065W	SIT1
YLR093C	NYV1
YGR026W	
YJR038C	
YML131W	
YLR246W	ERF2
YML038C	YMD8
YDR497C	ITR1
YKL133C	
YGL165C	
YOR075W	UFE1
YGR089W	NNF2
YGL200C	EMP24
YGL186C	TPN1
YLR111W	
YLR152C	
YML012W	ERV25
YNL054W	VAC7
YGR137W	
YGL055W	OLE1
YIL039W	TED1
YBR171W	SEC66
YGL024W	
YKR100C	SKG1
YCR017C	CWH43
YDL089W	NUR1
YHR151C	MTC6
YJR158W	HXT16
YBR043C	QDR3
YDR331W	GPI8
YGR101W	PCP1
YBL059W	
YDR160W	SSY1
YER166W	DNF1
YML123C	PHO84
YMR324C	
YNL146W	
YOR211C	MGM1
YPR170C	
YDR040C	ENA1
YDR046C	BAP3
YPR123C	
YPR142C	
YDL248W	COS7
YDR008C	
YFL051C	
YPL063W	TIM50
YER118C	SHO1
YDR029W	
YNL228W	
YGL230C	
YLR169W	
YGR096W	TPC1
YBR086C	IST2
YNR021W	
YFL054C	AQY3
YAR029W	
YLL053C	
YGR112W	SHY1
YIL030C	SSM4
YMR011W	HXT2
YDR038C	ENA5
YDL204W	RTN2
YHR096C	HXT5
