YAL016W	TPD3
YPR141C	KAR3
YPR119W	CLB2
YJR053W	BFA1
YML085C	TUB1
YPL192C	PRM3
YDR130C	FIN1
YGR098C	ESP1
YDL028C	MPS1
YNL126W	SPC98
YGL075C	MPS2
YBL034C	STU1
YML064C	TEM1
YGL170C	SPO74
YHR172W	SPC97
YCL029C	BIK1
YLR045C	STU2
YKR095W	MLP1
YPR174C	
YBL063W	KIP1
YIL149C	MLP2
YPL155C	KIP2
YIL106W	MOB1
YOL069W	NUF2
YOR014W	RTS1
YLR210W	CLB4
YOR373W	NUD1
YPR111W	DBF20
YPL255W	BBP1
YOR060C	SLD7
YKR054C	DYN1
YLR227C	ADY4
YOL091W	SPO21
YNL188W	KAR1
YAR019C	CDC15
YJL019W	MPS3
YHR185C	PFS1
YLR457C	NBP1
YLR319C	BUD6
YGR218W	CRM1
YOR233W	KIN4
YOR177C	MPC54
YER133W	GLC7
YDR532C	KRE28
YBR109C	CMD1
YMR001C	CDC5
YDL239C	ADY3
YMR198W	CIK1
YGL093W	SPC105
YER016W	BIM1
YFL037W	TUB2
YLR315W	NKP2
YNL225C	CNM67
YML031W	NDC1
YPL253C	VIK1
YMR055C	BUB2
YPL269W	KAR9
YAL047C	SPC72
YGR092W	DBF2
YFR028C	CDC14
YML124C	TUB3
YOR073W	SGO1
YPL124W	SPC29
YKL042W	SPC42
YLR212C	TUB4
YGR140W	CBF2
YOR195W	SLK19
YPL204W	HRR25
YOR257W	CDC31
YBR211C	AME1
YDR356W	SPC110
YPL174C	NIP100
