YCR073C	SSK22
YMR165C	PAH1
YDR189W	SLY1
YKL092C	BUD2
YER024W	YAT2
YGR024C	THG1
YMR010W	ANY1
YGR184C	UBR1
YLR238W	FAR10
YDR524C	AGE1
YHR140W	
YDR188W	CCT6
YIL083C	CAB2
YOR182C	RPS30B
YDL133C-A	RPL41B
YDR531W	CAB1
YER023W	PRO3
YGR151C	
YDR226W	ADK1
YGL067W	NPY1
YMR184W	ADD37
YLR086W	SMC4
YDL205C	HEM3
YIL019W	FAF1
YER079W	
YPL100W	ATG21
YNL085W	MKT1
YHR019C	DED81
YCR019W	MAK32
YGR072W	UPF3
YDL108W	KIN28
YLR330W	CHS5
YLR244C	MAP1
YGL229C	SAP4
YNL148C	ALF1
YDL147W	RPN5
YDL081C	RPP1A
YLR258W	GSY2
YDR283C	GCN2
YBL104C	SEA4
YNL255C	GIS2
YJL217W	REE1
YER136W	GDI1
YER151C	UBP3
YJR059W	PTK2
YEL029C	BUD16
YER065C	ICL1
YLR174W	IDP2
YPL139C	UME1
YIL135C	VHS2
YHR104W	GRE3
YDL091C	UBX3
YPL005W	AEP3
YJR078W	BNA2
YFL037W	TUB2
YIL020C	HIS6
YOL136C	PFK27
YDR346C	SVF1
YNL271C	BNI1
YKR028W	SAP190
YMR175W	SIP18
YGR206W	MVB12
YER064C	VHR2
YOL021C	DIS3
YKR076W	ECM4
YLR172C	DPH5
YDR323C	PEP7
YCL047C	POF1
YLR022C	SDO1
YLR382C	NAM2
YBR195C	MSI1
YBR233W	PBP2
YER068W	MOT2
YJL144W	
YDR486C	VPS60
YNL053W	MSG5
YBR020W	GAL1
YDL122W	UBP1
YFL017C	GNA1
YBR085C-A	
YDR390C	UBA2
YML111W	BUL2
YMR278W	PRM15
YMR185W	RTP1
YCR061W	
YLR420W	URA4
YNL281W	HCH1
YFL034C-A	RPL22B
YKL197C	PEX1
YNL260C	LTO1
YIL142W	CCT2
YDR481C	PHO8
YOL052C-A	DDR2
YPL096W	PNG1
YLR137W	RKM5
YKL152C	GPM1
YJL122W	ALB1
YDL141W	BPL1
YMR258C	ROY1
YJL225C	
YDR400W	URH1
YIL034C	CAP2
YOR362C	PRE10
YDL173W	PAR32
YEL015W	EDC3
YOL058W	ARG1
YBL029W	
YMR023C	MSS1
YOR143C	THI80
YOR347C	PYK2
YMR291W	TDA1
YPL104W	MSD1
YOL057W	
YIL078W	THS1
YGR058W	PEF1
YGL195W	GCN1
YNL225C	CNM67
YMR029C	FAR8
YMR092C	AIP1
YIL052C	RPL34B
YGL192W	IME4
YEL030W	ECM10
YLR118C	
YMR138W	CIN4
YMR122W-A	
YPL030W	TRM44
YIR017C	MET28
YMR220W	ERG8
YOR111W	
YDR213W	UPC2
YML031W	NDC1
YER167W	BCK2
YDR330W	UBX5
YDR106W	ARP10
YLR406C	RPL31B
YLR136C	TIS11
YDR484W	VPS52
YOR180C	DCI1
YPL069C	BTS1
YKL056C	TMA19
YIL154C	
YDR146C	SWI5
YJL177W	RPL17B
YER102W	RPS8B
YBR048W	RPS11B
YNR009W	NRM1
YHL033C	RPL8A
YAL049C	AIM2
YIL138C	TPM2
YHR029C	YHI9
YKL156W	RPS27A
YJR032W	CPR7
YER046W	SPO73
YLL019C	KNS1
YJR024C	MDE1
YFL017W-A	SMX2
YGL144C	ROG1
YGL071W	AFT1
YBR265W	TSC10
YMR251W	GTO3
YBR249C	ARO4
YPL201C	YIG1
YDR251W	PAM1
YFL005W	SEC4
YBR170C	NPL4
YJL140W	RPB4
YNL242W	ATG2
YBR173C	UMP1
YOL139C	CDC33
YNR057C	BIO4
YFR019W	FAB1
YHR040W	BCD1
YDR368W	YPR1
YER075C	PTP3
YPL207W	TYW1
YNL166C	BNI5
YPL253C	VIK1
YPR040W	TIP41
YBR133C	HSL7
YNL069C	RPL16B
YKR064W	OAF3
YKL017C	HCS1
YDR399W	HPT1
YOR198C	BFR1
YPL143W	RPL33A
YJR017C	ESS1
YKL204W	EAP1
YDR031W	MIX14
YLR248W	RCK2
YFR050C	PRE4
YDR255C	RMD5
YHR192W	LNP1
YDL060W	TSR1
YGR080W	TWF1
YMR214W	SCJ1
YGL116W	CDC20
YDR067C	OCA6
YBL085W	BOI1
YGL201C	MCM6
YCR038C	BUD5
YMR055C	BUB2
YLR127C	APC2
YER049W	TPA1
YNL128W	TEP1
YBL009W	ALK2
YDL126C	CDC48
YML117W	NAB6
YMR271C	URA10
YPR187W	RPO26
YOR018W	ROD1
YGR154C	GTO1
YGL241W	KAP114
YHL040C	ARN1
YPL209C	IPL1
YKL211C	TRP3
YPR182W	SMX3
YJL026W	RNR2
YJL096W	MRPL49
YMR226C	
YPL242C	IQG1
YNR050C	LYS9
YOR391C	HSP33
YNL138W	SRV2
YBR094W	PBY1
YHR201C	PPX1
YHR103W	SBE22
YEL037C	RAD23
YER134C	
YOR352W	TFB6
YFR007W	YFH7
YCR065W	HCM1
YLR189C	ATG26
YNL302C	RPS19B
YER088C	DOT6
YNL045W	LAP2
YDL144C	
YER175C	TMT1
YOR066W	MSA1
YKL127W	PGM1
YNL207W	RIO2
YNR011C	PRP2
YLR134W	PDC5
YER004W	FMP52
YIL162W	SUC2
YDR170C	SEC7
YHR082C	KSP1
YML007W	YAP1
YIL104C	SHQ1
YDR174W	HMO1
YLR215C	CDC123
YNL241C	ZWF1
YNL112W	DBP2
YDL218W	
YPL086C	ELP3
YFL038C	YPT1
YDL048C	STP4
YOL096C	COQ3
YKL052C	ASK1
YMR190C	SGS1
YKL053C-A	MDM35
YBL056W	PTC3
YHR020W	
YBR242W	
YDR500C	RPL37B
YPR005C	HAL1
YFR015C	GSY1
YLR206W	ENT2
YNL073W	MSK1
YPL269W	KAR9
YOR133W	EFT1
YNL082W	PMS1
YLL018C	DPS1
YHR057C	CPR2
YAL047C	SPC72
YBR181C	RPS6B
YIL007C	NAS2
YNR034W-A	EGO4
YMR037C	MSN2
YCR004C	YCP4
YLR392C	ART10
YHL024W	RIM4
YHR128W	FUR1
YDR412W	RRP17
YDR530C	APA2
YML024W	RPS17A
YLR063W	BMT6
YNL196C	SLZ1
YGR155W	CYS4
YMR030W	RSF1
YCR059C	YIH1
YNR012W	URK1
YHR047C	AAP1
YDR519W	FPR2
YER117W	RPL23B
YKL194C	MST1
YBR052C	RFS1
YOR208W	PTP2
YLL007C	LMO1
YIL038C	NOT3
YKR037C	SPC34
YLR257W	
YGR233C	PHO81
YNL084C	END3
YDR465C	RMT2
YPL191C	
YGR092W	DBF2
YKL205W	LOS1
YIR011C	STS1
YNL289W	PCL1
YDL001W	RMD1
YDR454C	GUK1
YHR122W	CIA2
YJL101C	GSH1
YOR357C	SNX3
YLR287C-A	RPS30A
YOR276W	CAF20
YLR155C	ASP3-1
YOR247W	SRL1
YGL171W	ROK1
YBR056W	
YMR194W	RPL36A
YGR040W	KSS1
YDL130W	RPP1B
YNL010W	
YLR003C	CMS1
YNL134C	
YGR268C	HUA1
YIL046W	MET30
YER168C	CCA1
YKR003W	OSH6
YGL147C	RPL9A
YPL229W	
YGR144W	THI4
YGR178C	PBP1
YDL117W	CYK3
YDR140W	MTQ2
YPR160W	GPH1
YMR164C	MSS11
YGR113W	DAM1
YOL047C	LDS2
YGL048C	RPT6
YMR074C	SDD2
YDR062W	LCB2
YOR269W	PAC1
YJL080C	SCP160
YHR013C	ARD1
YPL066W	RGL1
YDR143C	SAN1
YNL231C	PDR16
YAR073W	IMD1
YNL230C	ELA1
YJR091C	JSN1
YPL141C	FRK1
YGL091C	NBP35
YHR137W	ARO9
YGR093W	DRN1
YDL053C	PBP4
YDR223W	CRF1
YKL193C	SDS22
YBL005W	PDR3
YDL167C	NRP1
YBR151W	APD1
YIR027C	DAL1
YLR441C	RPS1A
YLR178C	TFS1
YDR517W	GRH1
YOR129C	AFI1
YFR028C	CDC14
YML070W	DAK1
YHR158C	KEL1
YGR061C	ADE6
YJL121C	RPE1
YDL226C	GCS1
YOR156C	NFI1
YPL249C-A	RPL36B
YLR043C	TRX1
YMR125W	STO1
YDL134C	PPH21
YPR128C	ANT1
YDR314C	RAD34
YPR054W	SMK1
YFR051C	RET2
YOL040C	RPS15
YJL138C	TIF2
YJR047C	ANB1
YML105C	SEC65
YAL033W	POP5
YIL001W	
YFR016C	
YDL078C	MDH3
YMR069W	NAT4
YDL238C	GUD1
YGL085W	LCL3
YGL031C	RPL24A
YOL159C-A	
YAR015W	ADE1
YCR082W	AHC2
YBR138C	
YGR117C	
YGR254W	ENO1
YDR452W	PPN1
YML124C	TUB3
YOR073W	SGO1
YHR042W	NCP1
YMR090W	
YJL130C	URA2
YFR032C	RRT5
YEL022W	GEA2
YMR171C	EAR1
YKR096W	ESL2
YKL006C-A	SFT1
YBL105C	PKC1
YDR516C	EMI2
YOR201C	MRM1
YGL164C	YRB30
YOL018C	TLG2
YHR069C	RRP4
YGR264C	MES1
YPL260W	CUB1
YDR388W	RVS167
YOL133W	HRT1
YNL339C	YRF1-6
YJL033W	HCA4
YGL234W	ADE5,7
YER074W	RPS24A
YPR095C	SYT1
YGL238W	CSE1
YIL177C	
YDR049W	VMS1
YPR079W	MRL1
YDR021W	FAL1
YLR199C	PBA1
YBR018C	GAL7
YDR353W	TRR1
YDR051C	DET1
YMR230W	RPS10B
YFL001W	DEG1
YLR154C	RNH203
YMR267W	PPA2
YJR148W	BAT2
YJL123C	MTC1
YMR247C	RKR1
YOL086C	ADH1
YNL287W	SEC21
YMR152W	YIM1
YCR090C	
YGR201C	
YBR194W	AIM4
YDR288W	NSE3
YDR141C	DOP1
YPL046C	ELC1
YGR239C	PEX21
YDR424C	DYN2
YAL041W	CDC24
YIL148W	RPL40A
YOR165W	SEY1
YEL061C	CIN8
YJL046W	AIM22
YLR265C	NEJ1
YER059W	PCL6
YBR046C	ZTA1
YNL096C	RPS7B
YMR146C	TIF34
YJR123W	RPS5
YMR032W	HOF1
YKR077W	MSA2
YLR351C	NIT3
YOR138C	RUP1
YDR054C	CDC34
YLR306W	UBC12
YHR114W	BZZ1
YGR169C-A	
YDR122W	KIN1
YGR185C	TYS1
YDR184C	ATC1
YPL283C	YRF1-7
YBR274W	CHK1
YIL145C	PAN6
YLR183C	TOS4
YOL121C	RPS19A
YIR006C	PAN1
YOL126C	MDH2
YPR055W	SEC8
YNL298W	CLA4
YEL056W	HAT2
YJR015W	
YLR024C	UBR2
YER036C	ARB1
YOR028C	CIN5
YGL221C	NIF3
YJR102C	VPS25
YDL240W	LRG1
YKL079W	SMY1
YLR380W	CSR1
YNR003C	RPC34
YNL316C	PHA2
YNL016W	PUB1
YPL243W	SRP68
YHL011C	PRS3
YNL330C	RPD3
YLR061W	RPL22A
YKL161C	KDX1
YPR127W	
YKL159C	RCN1
YIR035C	
YIR007W	EGH1
YHR129C	ARP1
YOR109W	INP53
YJL155C	FBP26
YDR328C	SKP1
YLR387C	REH1
YIL113W	SDP1
YGL135W	RPL1B
YDR280W	RRP45
YPL232W	SSO1
YDR098C	GRX3
YLR422W	DCK1
YDR005C	MAF1
YDR423C	CAD1
YJL035C	TAD2
YOL093W	TRM10
YDR017C	KCS1
YJR089W	BIR1
YPL124W	SPC29
YLR354C	TAL1
YJL042W	MHP1
YHR159W	TDA11
YGR253C	PUP2
YKL042W	SPC42
YNL172W	APC1
YGL101W	
YIL033C	BCY1
YDR444W	
YPL048W	CAM1
YHR193C	EGD2
YGR267C	FOL2
YPL120W	VPS30
YPL117C	IDI1
YGR234W	YHB1
YBL078C	ATG8
YDR341C	
YGL251C	HFM1
YEL014C	
YGL141W	HUL5
YGL245W	GUS1
YFR025C	HIS2
YPL214C	THI6
YLL039C	UBI4
YER156C	
YDR132C	
