YAL016W	TPD3
YDR150W	NUM1
YOR231W	MKK1
YNL304W	YPT11
YPR171W	BSP1
YLR110C	CCW12
YIL068C	SEC6
YDR129C	SAC6
YLR342W	FKS1
YPL140C	MKK2
YLR190W	MMR1
YNL116W	DMA2
YLL021W	SPA2
YLR096W	KIN2
YBL060W	YEL1
YDL135C	RDI1
YER149C	PEA2
YKL007W	CAP1
YGL106W	MLC1
YOR326W	MYO2
YLR187W	SKG3
YDR166C	SEC5
YOR188W	MSB1
YFL047W	RGD2
YBR007C	DSF2
YKR100C	SKG1
YCR017C	CWH43
YLR114C	AVL9
YNL272C	SEC2
YER125W	RSP5
YLR319C	BUD6
YMR192W	GYL1
YNR049C	MSO1
YBR200W	BEM1
YER120W	SCS2
YER033C	ZRG8
YBL047C	EDE1
YHR182W	
YNL293W	MSB3
YJL158C	CIS3
YER008C	SEC3
YDL161W	ENT1
YHR149C	SKG6
YOR304C-A	BIL1
YER155C	BEM2
YKL130C	SHE2
YPL032C	SVL3
YLR353W	BUD8
YFL034C-B	MOB2
YPR028W	YOP1
YKR090W	PXL1
YJL085W	EXO70
YOR094W	ARF3
YNR031C	SSK2
YML109W	ZDS2
YGL233W	SEC15
YML047C	PRM6
YDR164C	SEC1
YBR109C	CMD1
YAR014C	BUD14
YBR130C	SHE3
YHR061C	GIC1
YOR046C	DBP5
YGR238C	KEL2
YOL112W	MSB4
YDR309C	GIC2
YBR102C	EXO84
YDL127W	PCL2
YLR084C	RAX2
YPR165W	RHO1
YGL190C	CDC55
YLR229C	CDC42
YBR017C	KAP104
YDR496C	PUF6
YNL271C	BNI1
YGR221C	TOS2
YIL034C	CAP2
YGR058W	PEF1
YAL029C	MYO4
YPL158C	AIM44
YOR247W	SRL1
YHR158C	KEL1
YDR388W	RVS167
YAL041W	CDC24
YPR055W	SEC8
YDL240W	LRG1
YKL079W	SMY1
YHR030C	SLT2
YPL115C	BEM3
YNL161W	CBK1
YHR142W	CHS7
YDR348C	PAL1
YLR371W	ROM2
YPL204W	HRR25
YPL249C	GYP5
YCR030C	SYP1
YMR273C	ZDS1
YNL243W	SLA2
YOR301W	RAX1
YJL128C	PBS2
