YNL306W	MRPS18
YDR175C	RSM24
YNL137C	NAM9
YDL045W-A	MRP10
YNR036C	MRPS12
YDR036C	EHD3
YGR084C	MRP13
YFR049W	YMR31
Q0140	VAR1
YHR059W	FYV4
YKL155C	RSM22
YGL129C	RSM23
YHL004W	MRP4
YBR146W	MRPS9
YPR166C	MRP2
YHR075C	PPE1
YBR251W	MRPS5
YMR158W	MRPS8
YER050C	RSM18
YPL013C	MRPS16
YGR215W	RSM27
YOR158W	PET123
YPL118W	MRP51
YIL093C	RSM25
YDR494W	RSM28
YJR101W	RSM26
YDR041W	RSM10
YLR204W	QRI5
YNL081C	SWS2
YDR347W	MRP1
YBL090W	MRP21
YNR037C	RSM19
YMR188C	MRPS17
YKL003C	MRP17
YGR165W	MRPS35
YJR113C	RSM7
YDR337W	MRPS28
