YDR462W	MRPL28
YCR071C	IMG2
YNL284C	MRPL10
YKR085C	MRPL20
YMR286W	MRPL33
YKL138C	MRPL31
YPR100W	MRPL51
YKR006C	MRPL13
YNL122C	
YGL068W	MNP1
YDR115W	MRX14
YDR405W	MRP20
YBL038W	MRPL16
YCR046C	IMG1
YDR116C	MRPL1
YDR322W	MRPL35
YOL114C	PTH4
YDR296W	MHR1
YHR147C	MRPL6
YMR024W	MRPL3
YNL177C	MRPL22
YKL170W	MRPL38
YOR150W	MRPL23
YNL005C	MRP7
YML025C	YML6
YMR193W	MRPL24
YLR312W-A	MRPL15
YCR003W	MRPL32
YBR122C	MRPL36
YNL252C	MRPL17
YKL167C	MRP49
YBR282W	MRPL27
YDR237W	MRPL7
YEL050C	RML2
YML009C	MRPL39
YNR022C	MRPL50
YGR076C	MRPL25
YLR281C	
YDL202W	MRPL11
YJL096W	MRPL49
YMR225C	MRPL44
YJL063C	MRPL8
YGR220C	MRPL9
YPL183W-A	RTC6
YPL173W	MRPL40
YBR268W	MRPL37
YLR439W	MRPL4
YNL185C	MRPL19
