YDR150W	NUM1
YOR212W	STE4
YDR034W-B	
YPL004C	LSP1
YNL194C	
YCL034W	LSB5
YCL029C	BIK1
YLR045C	STU2
YLL021W	SPA2
YBL007C	SLA1
YOR122C	PFY1
YGR200C	ELP2
YIL118W	RHO3
YKR054C	DYN1
YLR407W	
YJR086W	STE18
YIL129C	TAO3
YDR389W	SAC7
YBR200W	BEM1
YCR088W	ABP1
YOR233W	KIN4
YNL090W	RHO2
YER155C	BEM2
YOR134W	BAG7
YPL074W	YTA6
YPL032C	SVL3
YNL078W	NIS1
YKR055W	RHO4
YNR031C	SSK2
YML052W	SUR7
YJL157C	FAR1
YHR061C	GIC1
YDR309C	GIC2
YPR165W	RHO1
YCR038C	BUD5
YPL269W	KAR9
YPL141C	FRK1
YOR129C	AFI1
YHR158C	KEL1
YDR490C	PKH1
YAL041W	CDC24
YMR032W	HOF1
YDL222C	FMP45
YOL100W	PKH2
YPL150W	
YPL115C	BEM3
YNL161W	CBK1
YDR348C	PAL1
YCL027W	FUS1
YNL243W	SLA2
