YBR293W	VBA2
YDR492W	IZH1
YDR018C	
YDR508C	GNP1
YHR045W	
YPR139C	
YOL088C	MPD2
YML077W	BET5
YJL139C	YUR1
YDR150W	NUM1
YML125C	PGA3
YMR266W	RSN1
YNR026C	SEC12
YGL160W	AIM14
YNL152W	INN1
YML055W	SPC2
YJR088C	EMC2
YOR285W	RDL1
YGR141W	VPS62
YOR115C	TRS33
YOL003C	PFA4
YKL004W	AUR1
YDL015C	TSC13
YDR304C	CPR5
YPL244C	HUT1
YAL053W	FLC2
YML101C	CUE4
YCR007C	
YJR131W	MNS1
YHR007C	ERG11
YMR202W	ERG2
YHR212W-A	
YBR243C	ALG7
YDR200C	VPS64
YML013W	UBX2
YPL218W	SAR1
YKR014C	YPT52
YBR160W	CDC28
YMR304W	UBP15
YML087C	AIM33
YPL006W	NCR1
YKL094W	YJU3
YGL228W	SHE10
YIL016W	SNL1
YPL092W	SSU1
YGL145W	TIP20
YPR181C	SEC23
YGL098W	USE1
YNL304W	YPT11
YHR073W	OSH3
YGR172C	YIP1
YJR040W	GEF1
YBR229C	ROT2
YPL137C	GIP3
YAL064W-B	
YBR042C	CST26
YML075C	HMG1
YGL075C	MPS2
YEL036C	ANP1
YMR149W	SWP1
YNL263C	YIF1
YLR072W	LAM6
YOL065C	INP54
YOR092W	ECM3
YGL012W	ERG4
YDR319C	
YNL044W	YIP3
YOL020W	TAT2
YPL175W	SPT14
YIL009W	FAA3
YDR302W	GPI11
YLR411W	CTR3
YPR198W	SGE1
YLR056W	ERG3
YDR476C	
YJL108C	PRM10
YNL257C	SIP3
YIR004W	DJP1
YDR307W	PMT7
YOR059C	
YIR022W	SEC11
YLL052C	AQY2
YGR149W	GPC1
YIL123W	SIM1
YNL194C	
YKL065W-A	
YPR149W	NCE102
YDR057W	YOS9
YAL023C	PMT2
YKR068C	BET3
YNL080C	EOS1
YLR378C	SEC61
YLR023C	IZH3
YKR022C	NTR2
YNL145W	MFA2
YGR038W	ORM1
YNL323W	LEM3
YCR094W	CDC50
YNL048W	ALG11
YJL193W	
YHR079C	IRE1
YAL026C	DRS2
YOR154W	SLP1
YOL073C	DSC2
YMR246W	FAA4
YOL101C	IZH4
YOR085W	OST3
YGL022W	STT3
YMR052W	FAR3
YBR068C	BAP2
YMR065W	KAR5
YBR041W	FAT1
YBL082C	ALG3
YNR062C	
YKL124W	SSH4
YGL084C	GUP1
YER116C	SLX8
YDR294C	DPL1
YKL100C	YPF1
YLR414C	PUN1
YOR008C	SLG1
YAL042W	ERV46
YBR207W	FTH1
YEL004W	YEA4
YHR135C	YCK1
YGR152C	RSR1
YPL200W	CSM4
YDR246W	TRS23
YGR157W	CHO2
YNR075W	COS10
YCR011C	ADP1
YKL073W	LHS1
YOR311C	DGK1
YMR161W	HLJ1
YNL058C	
YDL065C	PEX19
YDR349C	YPS7
YLR078C	BOS1
YBR013C	
YMR183C	SSO2
YLR404W	
YPL210C	SRP72
YEL068C	
YCL069W	VBA3
YGL167C	PMR1
YBR002C	RER2
YMR110C	HFD1
YGR177C	ATF2
YBR023C	CHS3
YKR013W	PRY2
YOR002W	ALG6
YLL055W	YCT1
YDL232W	OST4
YER076C	
YLL015W	BPT1
YOR044W	IRC23
YNR039C	ZRG17
YDR410C	STE14
YIL005W	EPS1
YJL117W	PHO86
YPR088C	SRP54
YDL072C	YET3
YGL065C	ALG2
YOR336W	KRE5
YEL016C	NPP2
YLR080W	EMP46
YHR175W	CTR2
YAR027W	UIP3
YLL006W	MMM1
YDR326C	YSP2
YGL204C	
YDL052C	SLC1
YLR074C	BUD20
YMR200W	ROT1
YFR018C	
YMR297W	PRC1
YKL207W	
YIL004C	BET1
YJL079C	PRY1
YPR113W	PIS1
YNL291C	MID1
YDR236C	FMN1
YNL087W	TCB2
YGL225W	VRG4
YDR414C	ERD1
YIR014W	
YIR033W	MGA2
YNL029C	KTR5
YHR001W	OSH7
YJL171C	TOH1
YPL087W	YDC1
YNL024C-A	KSH1
YDL149W	ATG9
YGR284C	ERV29
YPL189W	GUP2
YMR077C	VPS20
YER072W	VTC1
YNL149C	PGA2
YDL019C	OSH2
YMR134W	ERG29
YHL044W	
YJL002C	OST1
YOL110W	SHR5
YGR191W	HIP1
YOR060C	SLD7
YPL186C	UIP4
YCR021C	HSP30
YGL194C-A	
YFR041C	ERJ5
YML115C	VAN1
YKL077W	
YHR204W	MNL1
YLL023C	POM33
YDL241W	
YLR065C	ENV10
YFR026C	ULI1
YLL031C	GPI13
YGL020C	GET1
YNL305C	BXI1
YBR069C	TAT1
YCL001W	RER1
YOL147C	PEX11
YIL109C	SEC24
YDL058W	USO1
YNL294C	RIM21
YNL280C	ERG24
YJL073W	JEM1
YIL102C-A	
YGR026W	
YLR246W	ERF2
YOR075W	UFE1
YGR089W	NNF2
YPR173C	VPS4
YGL200C	EMP24
YML012W	ERV25
YGL055W	OLE1
YIL039W	TED1
YBR171W	SEC66
YCR017C	CWH43
YOR317W	FAA1
YDR331W	GPI8
YDR196C	CAB5
YNL188W	KAR1
YDR160W	SSY1
YER166W	DNF1
YML123C	PHO84
YNL146W	
YDR046C	BAP3
YER118C	SHO1
YBR092C	PHO3
YGL230C	
YNR021W	
YAR029W	
YIL030C	SSM4
YDL204W	RTN2
YML008C	ERG6
YHR190W	ERG9
YKL154W	SRP102
YLR004C	THI73
YBR159W	IFA38
YLR324W	PEX30
YKL174C	TPO5
YMR272C	SCS7
YDL100C	GET3
YGL226C-A	OST5
YNR016C	ACC1
YGR175C	ERG1
YLL061W	MMP1
YLL014W	EMC6
YPL019C	VTC3
YMR008C	PLB1
YDR504C	SPG3
YIL040W	APQ12
YIL124W	AYR1
YGR105W	VMA21
YOL013C	HRD1
YEL002C	WBP1
YHR080C	LAM4
YEL064C	AVT2
YMR040W	YET2
YKL047W	ANR2
YNL127W	FAR11
YML128C	MSC1
YGL140C	
YDR086C	SSS1
YPR003C	
YHL003C	LAG1
YER120W	SCS2
YDR245W	MNN10
YJL012C	VTC4
YHR133C	NSG1
YMR274C	RCE1
YDR434W	GPI17
YPL227C	ALG5
YJL145W	SFH5
YHL020C	OPI1
YHR101C	BIG1
YCL045C	EMC1
YHR098C	SFB3
YMR305C	SCW10
YOR175C	ALE1
YPR037C	ERV2
YKL065C	YET1
YBR054W	YRO2
YGR227W	DIE2
YJL158C	CIS3
YGL142C	GPI10
YNL049C	SFB2
YOR086C	TCB1
YNR019W	ARE2
YPL154C	PEP4
YBR110W	ALG1
YMR162C	DNF3
YOL030W	GAS5
YMR316C-A	
YGR263C	SAY1
YER053C-A	
YNR030W	ALG12
YDR320C	SWA2
YDR221W	GTB1
YMR281W	GPI12
YDR456W	NHX1
YBR096W	
YER044C	ERG28
YGL077C	HNM1
YNR008W	LRO1
YGR016W	
YDR093W	DNF2
YOR324C	FRT1
YBR162W-A	YSY6
YLR066W	SPC3
YJR117W	STE24
YHR027C	RPN1
YAR033W	MST28
YLR158C	ASP3-3
YJL134W	LCB3
YER100W	UBC6
YOL162W	
YER015W	FAA2
YFR008W	FAR7
YDL212W	SHR3
YOR241W	MET7
YOR245C	DGA1
YOL009C	MDM12
YFL055W	AGP3
YBR296C	PHO89
YHR188C	GPI16
YJL192C	SOP4
YAL054C	ACS1
YBL040C	ERD2
YOL044W	PEX15
YMR058W	FET3
YPR028W	YOP1
YGL038C	OCH1
YOL031C	SIL1
YGL047W	ALG13
YBR029C	CDS1
YGR106C	VOA1
YGR004W	PEX31
YJL167W	ERG20
YPR071W	
YOR067C	ALG8
YKR055W	RHO4
YBR254C	TRS20
YGL247W	BRR6
YBR204C	LDH1
YDR518W	EUG1
YBR290W	BSD2
YKL020C	SPT23
YJR106W	ECM27
YKL178C	STE3
YPL221W	FLC1
YDR033W	MRH1
YIL027C	
YLR372W	
YBR210W	ERV15
YBR106W	PHO88
YBR005W	RCR1
YLR207W	HRD3
YPR109W	
YJR051W	OSM1
YBR132C	AGP2
YPL085W	SEC16
YOR307C	SLY41
YAL028W	FRT2
YJR112W-A	
YLR241W	CSC1
YOR079C	ATX2
YAL009W	SPO7
YDL121C	
YLR205C	HMX1
YNL012W	SPO1
YOR171C	LCB4
YJL034W	KAR2
YEL069C	HXT13
YNR065C	
YGR036C	CAX4
YJL183W	MNN11
YJR031C	GEA1
YDL018C	ERP3
YBR130C	SHE3
YNR056C	BIO5
YEL043W	
YDR524C-B	
YMR298W	LIP1
YNL130C	CPT1
YBR004C	GPI18
YGR216C	GPI1
YKR053C	YSR3
YML048W	GSF2
YJR010C-A	SPC1
YFL041W	FET5
YOR149C	SMP3
YLR450W	HMG2
YJR116W	TDA4
YNL181W	PBR1
YKR039W	GAP1
YDR472W	TRS31
YOR056C	NOB1
YER019C-A	SBH2
YDR329C	PEX3
YLR084C	RAX2
YHR036W	BRL1
YPR165W	RHO1
YFL048C	EMP47
YNL158W	PGA1
YML019W	OST6
YHR123W	EPT1
YKR051W	
YAR023C	
YLR459W	GAB1
YGL001C	ERG26
YBR036C	CSG2
YKL175W	ZRT3
YPR075C	OPY2
YHR155W	LAM1
YDR402C	DIT2
YJR126C	VPS70
YOL092W	YPQ1
YMR123W	PKR1
YMR165C	PAH1
YDR189W	SLY1
YCR048W	ARE1
YMR010W	ANY1
YLR238W	FAR10
YHR140W	
YLR283W	
YHL016C	DUR3
YPL076W	GPI2
YAR002C-A	ERP1
YOR288C	MPD1
YGL054C	ERV14
YDL091C	UBX3
YIL023C	YKE4
YDL122W	UBP1
YFL017C	GNA1
YLR268W	SEC22
YNL156C	NSG2
YMR258C	ROY1
YJR073C	OPI3
YJR143C	PMT4
YLR426W	TDA5
YFR020W	CSS2
YMR029C	FAR8
YMR122W-A	
YER083C	GET2
YOR321W	PMT3
YGR060W	ERG25
YNL326C	PFA3
YBR273C	UBX7
YLR138W	NHA1
YBR265W	TSC10
YIL043C	CBR1
YFL005W	SEC4
YBR170C	NPL4
YNL242W	ATG2
YFL042C	
YEL031W	SPF1
YFR042W	KEG1
YPL207W	TYW1
YNL111C	CYB5
YOR198C	BFR1
YJR017C	ESS1
YHR192W	LNP1
YMR214W	SCJ1
YIL049W	DFG10
YDR126W	SWF1
YPR063C	
YGR212W	SLI1
YDL126C	CDC48
YBR283C	SSH1
YHR004C	NEM1
YOL084W	PHM7
YGR199W	PMT6
YNR048W	
YKL107W	
YBR201W	DER1
YPL096C-A	ERI1
YDR292C	SRP101
YNL125C	ESBP6
YBR070C	ALG14
YER004W	FMP52
YFL038C	YPT1
YNL270C	ALP1
YBR126W-A	MEO1
YNL115C	
YCR034W	
YCL052C	PBN1
YMR264W	CUE1
YHR057C	CPR2
YAR031W	PRM9
YLR350W	ORM2
YLR312C	
YGL255W	ZRT1
YDR519W	FPR2
YPL094C	SEC62
YMR238W	DFG5
YPL191C	
YDL095W	PMT1
YLR155C	ASP3-1
YDR479C	PEX29
YKR003W	OSH6
YDR062W	LCB2
YIR038C	GTT1
YJL080C	SCP160
YOR152C	ATG40
YNL231C	PDR16
YOR103C	OST2
YOR377W	ATF1
YIR027C	DAL1
YJR013W	GPI14
YNL258C	DSL1
YMR015C	ERG5
YGR213C	RTA1
YGR121C	MEP1
YML072C	TCB3
YKL212W	SAC1
YOR003W	YSP3
YDR437W	GPI19
YHR042W	NCP1
YGR236C	SPG1
YML029W	USA1
YMR171C	EAR1
YEL001C	IRC22
YDL193W	NUS1
YBL011W	SCT1
YER087C-B	SBH1
YJL091C	GWT1
YDR233C	RTN1
YDR049W	VMS1
