YOL048C	RRT8
YDR523C	SPS1
YLR054C	OSW2
YGL015C	
YHR184W	SSP1
YMR017W	SPO20
YAL018C	LDS1
YIL068C	SEC6
YBR180W	DTR1
YOR190W	SPR1
YPR036W-A	SPO24
YBR059C	AKL1
YMR183C	SSO2
YBR023C	CHS3
YAL030W	SNC1
YCR002C	CDC10
YGR266W	
YGR032W	GSC2
YGL138C	
YHR161C	YAP1801
YDR166C	SEC5
YPL116W	HOS3
YOL091W	SPO21
YLR319C	BUD6
YHR015W	MIP6
YNR049C	MSO1
YDL225W	SHS1
YKL096W	CWP1
YOR242C	SSP2
YDR273W	DON1
YER008C	SEC3
YNL019C	
YOR177C	MPC54
YER155C	BEM2
YLR314C	CDC3
YGR241C	YAP1802
YFR023W	PES4
YLR307W	CDA1
YJL085W	EXO70
YJR036C	HUL4
YKR031C	SPO14
YGL233W	SEC15
YNL012W	SPO1
YDR218C	SPR28
YER096W	SHC1
YDL239C	ADY3
YBR102C	EXO84
YGR059W	SPR3
YBR045C	GIP1
YKL092C	BUD2
YPL027W	SMA1
YIL099W	SGA1
YJR076C	CDC11
YNL271C	BNI1
YFL040W	
YER046W	SPO73
YJR058C	APS2
YOR327C	SNC2
YOL047C	LDS2
YHR158C	KEL1
YFR032C	RRT5
YPR055W	SEC8
YLR380W	CSR1
YPL232W	SSO1
YBR148W	YSW1
YNL018C	
YOR255W	OSW1
YNL161W	CBK1
YHR107C	CDC12
YHR142W	CHS7
YCR030C	SYP1
YBR260C	RGD1
YDR104C	SPO71
YPL130W	SPO19
YLL040C	VPS13
YML066C	SMA2
