YOR237W	HES1
YJL204C	RCY1
YAL016W	TPD3
YDR508C	GNP1
YOR264W	DSE3
YNL152W	INN1
YIL117C	PRM5
YBL037W	APL3
YCL024W	KCC4
YJL187C	SWE1
YOR231W	MKK1
YPR188C	MLC2
YPR119W	CLB2
YGR041W	BUD9
YBR160W	CDC28
YNL304W	YPT11
YPR171W	BSP1
YPR122W	AXL1
YOR093C	CMR2
YJR005W	APL1
YKR048C	NAP1
YIL068C	SEC6
YBR071W	
YKL126W	YPK1
YER144C	UBP5
YLR342W	FKS1
YLR425W	TUS1
YIR019C	
YPL140C	MKK2
YBR059C	AKL1
YLR190W	MMR1
YIL159W	BNR1
YOR008C	SLG1
YGR152C	RSR1
YGL210W	YPT32
YBL106C	SRO77
YJR092W	BUD4
YLL021W	SPA2
YNL058C	
YLR096W	KIN2
YBR023C	CHS3
YBL007C	SLA1
YIL106W	MOB1
YOR014W	RTS1
YBL060W	YEL1
YDL135C	RDI1
YAL030W	SNC1
YCR002C	CDC10
YER149C	PEA2
YKL007W	CAP1
YPR111W	DBF20
YGL106W	MLC1
YOR326W	MYO2
YGR032W	GSC2
YDL019C	OSH2
YKL048C	ELM1
YHR161C	YAP1801
YLR187W	SKG3
YDR166C	SEC5
YPL116W	HOS3
YNR067C	DSE4
YOR188W	MSB1
YFL047W	RGD2
YDL146W	LDB17
YCR017C	CWH43
YLR114C	AVL9
YER166W	DNF1
YER118C	SHO1
YAR019C	CDC15
YNL272C	SEC2
YIL140W	AXL2
YOR104W	PIN2
YLR337C	VRP1
YLR319C	BUD6
YFR024C-A	LSB3
YBR038W	CHS2
YMR192W	GYL1
YNR049C	MSO1
YDR409W	SIZ1
YJL095W	BCK1
YBR200W	BEM1
YER120W	SCS2
YER033C	ZRG8
YBL047C	EDE1
YPR159W	KRE6
YGR009C	SEC9
YNL233W	BNI4
YDL225W	SHS1
YNL293W	MSB3
YLR166C	SEC10
YER008C	SEC3
YER114C	BOI2
YDL161W	ENT1
YHR149C	SKG6
YOR233W	KIN4
YDR093W	DNF2
YOL070C	NBA1
YOR304C-A	BIL1
YGL181W	GTS1
YLR314C	CDC3
YPL032C	SVL3
YLR194C	NCW2
YNL154C	YCK2
YGR241C	YAP1802
YFL034C-B	MOB2
YNL078W	NIS1
YER133W	GLC7
YKR090W	PXL1
YJL085W	EXO70
YOR094W	ARF3
YKR055W	RHO4
YNR031C	SSK2
YPL221W	FLC1
YOR127W	RGA1
YML109W	ZDS2
YPL031C	PHO85
YGL233W	SEC15
YOL007C	CSI2
YER032W	FIR1
YDR164C	SEC1
YBR109C	CMD1
YDL025C	RTK1
YMR001C	CDC5
YAR014C	BUD14
YDR218C	SPR28
YDR507C	GIN4
YHR061C	GIC1
YGR238C	KEL2
YOL112W	MSB4
YDR309C	GIC2
YMR124W	EPO1
YBR102C	EXO84
YDL127W	PCL2
YLR084C	RAX2
YPR165W	RHO1
YBL031W	SHE1
YGR059W	SPR3
YGL190C	CDC55
YLR229C	CDC42
YBR017C	KAP104
YKL092C	BUD2
YJR076C	CDC11
YNL271C	BNI1
YGR221C	TOS2
YKL101W	HSL1
YGR058W	PEF1
YDR251W	PAM1
YFL005W	SEC4
YNL166C	BNI5
YBR133C	HSL7
YBL085W	BOI1
YJR058C	APS2
YCR038C	BUD5
YPL242C	IQG1
YPL158C	AIM44
YGR092W	DBF2
YNL289W	PCL1
YGR040W	KSS1
YER124C	DSE1
YDL117W	CYK3
YPL066W	RGL1
YOR129C	AFI1
YFR028C	CDC14
YHR158C	KEL1
YBL105C	PKC1
YAL041W	CDC24
YMR032W	HOF1
YHR114W	BZZ1
YIR006C	PAN1
YPR055W	SEC8
YDL240W	LRG1
YKL079W	SMY1
YHR030C	SLT2
YGR229C	SMI1
YDL179W	PCL9
YCL014W	BUD3
YMR034C	RCH1
YNL161W	CBK1
YHR107C	CDC12
YBL061C	SKT5
YHR142W	CHS7
YDR348C	PAL1
YPL204W	HRR25
YPL249C	GYP5
YCR030C	SYP1
YMR273C	ZDS1
YCL051W	LRE1
YNL243W	SLA2
YNL278W	CAF120
YOR301W	RAX1
YHR023W	MYO1
YDR293C	SSD1
YJL128C	PBS2
YLR286C	CTS1
