YOR237W	HES1
YKL103C	
YBR293W	VBA2
YIL146C	ATG32
YGL156W	AMS1
YBR241C	
YOR270C	VPH1
YLR220W	CCC1
YIL158W	AIM20
YDL123W	SNA4
YMR195W	ICY1
YPL006W	NCR1
YHR132C	ECM14
YML001W	YPT7
YDR422C	SIP1
YDR119W	VBA4
YDR319C	
YBL089W	AVT5
YJR138W	IML1
YFR021W	ATG18
YOR106W	VAM3
YHR186C	KOG1
YHR039C-A	VMA10
YDR352W	YPQ2
YEL062W	NPR2
YIL067C	
YGR163W	GTR2
YPL123C	RNY1
YGR125W	
YKR007W	MEH1
YGR279C	SCW4
YPL045W	VPS16
YKL124W	SSH4
YOR068C	VAM10
YER123W	YCK3
YNR013C	PHO91
YBR207W	FTH1
YPL162C	
YDR284C	DPP1
YNL058C	
YDL010W	GRX6
YOL019W	
YOL138C	RTC1
YCL069W	VBA3
YDR128W	MTC5
YBR147W	RTC2
YHR026W	VMA16
YLL015W	BPT1
YGL100W	SEH1
YDL077C	VAM6
YHR113W	APE4
YHR175W	CTR2
YEL060C	PRB1
YMR297W	PRC1
YDR028C	REG1
YIR014W	
YNL217W	
YJL058C	BIT61
YIL017C	VID28
YPR049C	ATG11
YJL172W	CPS1
YOR332W	VMA4
YMR077C	VPS20
YER072W	VTC1
YER093C	TSC11
YNL275W	BOR1
YDL140C	RPO21
YLR065C	ENV10
YNL305C	BXI1
YEL005C	VAB2
YDL128W	VCX1
YKL203C	TOR2
YLR093C	NYV1
YNL054W	VAC7
YDR196C	CAB5
YBR131W	CCZ1
YML008C	ERG6
YPL180W	TCO89
YPL019C	VTC3
YGL095C	VPS45
YBR077C	SLM4
YEL064C	AVT2
YBR105C	VID24
YJL012C	VTC4
YGR023W	MTL1
YLR001C	
YPL236C	ENV7
YPL234C	VMA11
YBR128C	ATG14
YBR139W	
YPL154C	PEP4
YNL006W	LST8
YHR050W	SMF2
YLR299W	ECM38
YLR373C	VID22
YML018C	
YMR221C	FMP42
YDR172W	SUP35
YLL051C	FRE6
YDR080W	VPS41
YMR068W	AVO2
YKR105C	VBA5
YJR001W	AVT1
YHL023C	NPR3
YLR398C	SKI2
YDR135C	YCF1
YLR083C	EMP70
YMR088C	VBA1
YOR062C	
YDR229W	IVY1
YGR106C	VOA1
YNL321W	VNX1
YBR290W	BSD2
YJR066W	TOR1
YPR036W	VMA13
YOR320C	GNT1
YGR020C	VMA7
YML047C	PRM6
YGL212W	VAM7
YHL035C	VMR1
YBR161W	CSH1
YMR174C	PAI3
YOL078W	AVO1
YML121W	GTR1
YDL180W	
YDR107C	TMN2
YOR246C	ENV9
YLR447C	VMA6
YOL129W	VPS68
YKL175W	ZRT3
YPR075C	OPY2
YOL092W	YPQ1
YJL100W	LSB6
YBR127C	VMA2
YMR165C	PAH1
YOR219C	STE13
YHR202W	
YDL054C	MCH1
YCL005W-A	VMA9
YPL100W	ATG21
YDR313C	PIB1
YBL104C	SEA4
YDL211C	
YER065C	ICL1
YJL059W	YHC3
YER119C	AVT6
YDR323C	PEP7
YDR486C	VPS60
YKR106W	GEX2
YOR291W	YPK9
YDR481C	PHO8
YKL080W	VMA5
YGR071C	ENV11
YDR281C	PHM6
YNL326C	PFA3
YDL185W	VMA1
YGL023C	PIB2
YFR019W	FAB1
YEL027W	VMA3
YCL063W	VAC17
YDR262W	
YNL115C	
YNL101W	AVT4
YGR066C	
YHR028C	DAP2
YKL146W	AVT3
YIL088C	AVT7
YJL151C	SNA3
YDR452W	PPN1
YLR148W	PEP3
YGL124C	MON1
YMR171C	EAR1
YEL013W	VAC8
YOR087W	YVC1
YCL073C	GEX1
YEL051W	VMA8
YBR235W	VHC1
YLR396C	VPS33
YIR007W	EGH1
YLR386W	VAC14
YPL120W	VPS30
YBL078C	ATG8
YDL210W	UGA4
YLR208W	SEC13
YAR042W	SWH1
YKR075C	
YJR054W	KCH1
YNL176C	TDA7
YNR061C	
YKL165C	MCD4
YMR231W	PEP5
YCR075C	ERS1
YLL048C	YBT1
YBR286W	APE3
YCR010C	ADY2
YNL325C	FIG4
YDR131C	
YML116W	ATR1
YBR074W	
YBR187W	GDT1
YPR026W	ATH1
YOL060C	MAM3
YJL097W	PHS1
YLR034C	SMF3
YCL038C	ATG22
YLR297W	
YFL004W	VTC2
YGL006W	PMC1
YDL046W	NPC2
YOR292C	
YBR080C	SEC18
YLL040C	VPS13
