YIL041W	GVP36
YDR395W	SXM1
YHR030C	SLT2
YPL273W	SAM4
YNR027W	BUD17
YCR095C	OCA4
YER162C	RAD4
YER090W	TRP2
YGR173W	RBG2
YDR372C	VPS74
YJL053W	PEP8
YHL050C	
YDR325W	YCG1
YDR216W	ADR1
YJL124C	LSM1
YDL224C	WHI4
YJR104C	SOD1
YLR147C	SMD3
YPR081C	GRS2
YGR070W	ROM1
YER041W	YEN1
YGR135W	PRE9
YBL071W-A	KTI11
YLR212C	TUB4
YMR234W	RNH1
YKR075C	
YJR070C	LIA1
YMR323W	ERR3
YJR097W	JJJ3
YNL164C	IBD2
YJL126W	NIT2
YNL274C	GOR1
YMR038C	CCS1
YGL258W	VEL1
YIR036C	IRC24
YDR020C	DAS2
YHR010W	RPL27A
YER112W	LSM4
YDR527W	RBA50
YPL110C	GDE1
YDR333C	RQC1
YCL050C	APA1
YHR187W	IKI1
YCR067C	SED4
YCR047C	BUD23
YGR088W	CTT1
YGR140W	CBF2
YNR061C	
YBR208C	DUR1,2
YNR035C	ARC35
YOR195W	SLK19
YFR031C	SMC2
YER174C	GRX4
YLR132C	USB1
YHR183W	GND1
YGL019W	CKB1
YDR139C	RUB1
YJL191W	RPS14B
YLR182W	SWI6
YHR205W	SCH9
YOL123W	HRP1
YGR017W	
YPL161C	BEM4
YLR107W	REX3
YKL085W	MDH1
YPR022C	SDD4
YLR305C	STT4
YNL024C	EFM6
YPR175W	DPB2
YBR172C	SMY2
YJL049W	CHM7
YBL097W	BRN1
YCR093W	CDC39
YML051W	GAL80
YDL017W	CDC7
YMR314W	PRE5
YHR111W	UBA4
YDL063C	SYO1
YLR157C	ASP3-2
YGL039W	
YCR012W	PGK1
YHR049W	FSH1
YMR113W	FOL3
YPL079W	RPL21B
YOL100W	PKH2
YDL132W	CDC53
YOR289W	
YPL150W	
YDR202C	RAV2
YER099C	PRS2
YNL141W	AAH1
YLL024C	SSA2
YLR009W	RLP24
YJL141C	YAK1
YGR044C	RME1
YKL132C	RMA1
YPL226W	NEW1
YJR022W	LSM8
YPL115C	BEM3
YOR077W	RTS2
YOR117W	RPT5
YDR211W	GCD6
YNL106C	INP52
YPL245W	
YKL078W	DHR2
YKL001C	MET14
YKR017C	HEL1
YJL082W	IML2
YHR209W	CRG1
YGL030W	RPL30
YKL058W	TOA2
YLR345W	
YPR048W	TAH18
YGL128C	CWC23
YNL161W	CBK1
YHR107C	CDC12
YIL095W	PRK1
YGL175C	SAE2
YPR102C	RPL11A
YNL247W	
YOL066C	RIB2
YOR396W	YRF1-8
YJL098W	SAP185
YCL056C	PEX34
YMR169C	ALD3
YMR186W	HSC82
YHR216W	IMD2
YHL013C	OTU2
YER165W	PAB1
YGL004C	RPN14
YLR369W	SSQ1
YEL058W	PCM1
YAL044C	GCV3
YGL148W	ARO2
YDL223C	HBT1
YMR127C	SAS2
YNL032W	SIW14
YOL001W	PHO80
YNL135C	FPR1
YDR075W	PPH3
YBR267W	REI1
YBL032W	HEK2
YFL027C	GYP8
YMR296C	LCB1
YHR143W-A	RPC10
YOR005C	DNL4
YDL129W	
YLR417W	VPS36
YGR078C	PAC10
YOR355W	GDS1
YKL060C	FBA1
YBR191W	RPL21A
YLR179C	
YEL012W	UBC8
YBR125C	PTC4
YPL152W	RRD2
YJR111C	PXP2
YDR348C	PAL1
YFL007W	BLM10
YMR061W	RNA14
YPL204W	HRR25
YER042W	MXR1
YIL069C	RPS24B
YDR007W	TRP1
YPL249C	GYP5
YCR030C	SYP1
YDR429C	TIF35
YNL212W	VID27
YMR273C	ZDS1
YJR055W	HIT1
YPR154W	PIN3
YLR421C	RPN13
YOL102C	TPT1
YNL243W	SLA2
YGL220W	
YER110C	KAP123
YLL027W	ISA1
YAL012W	CYS3
YLR292C	SEC72
YKR091W	SRL3
YPR016C	TIF6
YGR019W	UGA1
YOL116W	MSN1
YLR016C	PML1
YJL031C	BET4
YOR353C	SOG2
YJR132W	NMD5
YDR379W	RGA2
YDL029W	ARP2
YGL090W	LIF1
YLR297W	
YNL027W	CRZ1
YKL171W	NNK1
YPR029C	APL4
YLR225C	
YKL025C	PAN3
YDR441C	APT2
YPL106C	SSE1
YKL023W	
YNL278W	CAF120
YOR096W	RPS7A
YOR148C	SPP2
YEL077C	
YIL172C	IMA3
YOR257W	CDC31
YDL059C	RAD59
YML035C	AMD1
YKL215C	OXP1
YDR016C	DAD1
YFR048W	RMD8
YGL179C	TOS3
YPL119C	DBP1
YNL220W	ADE12
YGL134W	PCL10
YMR173W	DDR48
YPL195W	APL5
YDR293C	SSD1
YDR022C	
YBR260C	RGD1
YKL033W	TTI1
YDR052C	DBF4
YCL001W-A	
YKR023W	
YLR456W	
YHR219W	
YOR076C	SKI7
YBR211C	AME1
YDL136W	RPL35B
YEL020C	PXP1
YHR136C	SPL2
YKR067W	GPT2
YLL013C	PUF3
YPR060C	ARO7
YBR028C	YPK3
YNL264C	PDR17
YLL045C	RPL8B
YPL199C	
YDR248C	
YJL128C	PBS2
YDR068W	DOS2
YJR005C-A	LSO1
YIL047C	SYG1
YLR160C	ASP3-4
YKL145W	RPT1
YBR129C	OPY1
YHL001W	RPL14B
YOR025W	HST3
YOR371C	GPB1
YIR005W	IST3
YJL087C	TRL1
YGL232W	TAN1
YAL040C	CLN3
YIL116W	HIS5
YMR307W	GAS1
YDR252W	BTT1
YGL157W	ARI1
YER087W	AIM10
YDR540C	IRC4
YOR292C	
YBR080C	SEC18
YKL128C	PMU1
YJR127C	RSF2
YBL058W	SHP1
YNL079C	TPM1
YLR216C	CPR6
YBL101C	ECM21
YOR027W	STI1
YGR012W	MCY1
YMR135C	GID8
YER055C	HIS1
YDR337W	MRPS28
YDR356W	SPC110
YMR121C	RPL15B
YER091C	MET6
YDL235C	YPD1
YPL028W	ERG10
YPL174C	NIP100
YBR140C	IRA1
YML066C	SMA2
YIL003W	CFD1
YPR031W	NTO1
