YDR439W	LRS4
YIL126W	STH1
YAL019W	FUN30
YIL144W	
YIL026C	IRR1
YAL034W-A	MTW1
YBL034C	STU1
YLR045C	STU2
YCR086W	CSM1
YGL113W	SLD3
YDR180W	SCC2
YER116C	SLX8
YJR060W	CBF1
YKR101W	SIR1
YIL106W	MOB1
YOL069W	NUF2
YOR014W	RTS1
YGR270W	YTA7
YER018C	SPC25
YGR252W	GCN5
YOR060C	SLD7
YPL233W	NSL1
YDR201W	SPC19
YHR166C	CDC23
YKR083C	DAD2
YBR233W-A	DAD3
YPR007C	REC8
YDR254W	CHL4
YMR168C	CEP3
YMR094W	CTF13
YKL049C	CSE4
YDR320C-A	DAD4
YDR383C	NKP1
YLR381W	CTF3
YBR156C	SLI15
YLR175W	CBF5
YMR117C	SPC24
YGL061C	DUO1
YDR532C	KRE28
YKL138C-A	HSK3
YJR112W	NNF1
YDL003W	MCD1
YCL016C	DCC1
YPR018W	RLF2
YBR107C	IML3
YGR063C	SPT4
YDR285W	ZIP1
YGL093W	SPC105
YFR046C	CNN1
YLR315W	NKP2
YDR318W	MCM21
YOL054W	PSH1
YPL209C	IPL1
YGR179C	OKP1
YKL052C	ASK1
YPR046W	MCM16
YBL008W	HIR1
YKR037C	SPC34
YML102W	CAC2
YGR113W	DAM1
YOR073W	SGO1
YKL089W	MIF2
YPL268W	PLC1
YDR328C	SKP1
YIR010W	DSN1
YGR140W	CBF2
YOR195W	SLK19
YJR135C	MCM22
YLL002W	RTT109
YDL017W	CDC7
YDL013W	SLX5
YPL204W	HRR25
YDR016C	DAD1
YDR374W-A	WIP1
YDR052C	DBF4
YBR211C	AME1
YPL018W	CTF19
