YLL050C	COF1
YHR094C	HXT1
YMR244C-A	COA6
YCL040W	GLK1
YDR508C	GNP1
YLR025W	SNF7
YEL047C	
YML125C	PGA3
YPR032W	SRO7
YMR266W	RSN1
YHR126C	ANS1
YPR194C	OPT2
YGL160W	AIM14
YBL037W	APL3
YDR158W	HOM2
YCL024W	KCC4
YNL180C	RHO5
YOL103W	ITR2
YDL015C	TSC13
YGR224W	AZR1
YCR007C	
YHR007C	ERG11
YPR156C	TPO3
YPL240C	HSP82
YFL011W	HXT10
YGR167W	CLC1
YJR100C	AIM25
YOR212W	STE4
YMR017W	SPO20
YGR197C	SNG1
YIR039C	YPS6
YGR041W	BUD9
YKR014C	YPT52
YAL024C	LTE1
YBR160W	CDC28
YML087C	AIM33
YBR294W	SUL1
YNR055C	HOL1
YKL094W	YJU3
YPL092W	SSU1
YGR086C	PIL1
YMR319C	FET4
YOL122C	SMF1
YPR171W	BSP1
YHR073W	OSH3
YJR040W	GEF1
YLR072W	LAM6
YDR089W	VTC5
YGL082W	
YJR005W	APL1
YOL020W	TAT2
YHL047C	ARN2
YDR129C	SAC6
YIL009W	FAA3
YJL156C	SSY5
YLR411W	CTR3
YGR031C-A	NAG1
YNL268W	LYP1
YKL126W	YPK1
YDR212W	TCP1
YNL257C	SIP3
YLR310C	CDC25
YOL090W	MSH2
YLR342W	FKS1
YML132W	COS3
YKL135C	APL2
YPL004C	LSP1
YKL217W	JEN1
YLL052C	AQY2
YHR186C	KOG1
YHR048W	YHK8
YNL194C	
YPR149W	NCE102
YLR214W	FRE1
YJR009C	TDH2
YNL145W	MFA2
YNL323W	LEM3
YCR094W	CDC50
YGR131W	FHN1
YAL026C	DRS2
YAL014C	SYN8
YIR019C	
YMR246W	FAA4
YOL152W	FRE7
YER145C	FTR1
YMR120C	ADE17
YLR020C	YEH2
YBR068C	BAP2
YBR041W	FAT1
YER177W	BMH1
YMR080C	NAM7
YGL084C	GUP1
YER123W	YCK3
YKL129C	MYO3
YLR414C	PUN1
YOR008C	SLG1
YOL011W	PLB3
YBR207W	FTH1
YFL050C	ALR2
YHR135C	YCK1
YAL038W	CDC19
YGR152C	RSR1
YPR124W	CTR1
YDR343C	HXT6
YDR373W	FRQ1
YBL106C	SRO77
YMR275C	BUL1
YCR011C	ADP1
YDL138W	RGT2
YDR050C	TPI1
YMR183C	SSO2
YOL019W	
YLL005C	SPO75
YBL029C-A	
YIL147C	SLN1
YLR262C	YPT6
YGL167C	PMR1
YGR217W	CCH1
YLR096W	KIN2
YGR068C	ART5
YBR023C	CHS3
YBL007C	SLA1
YPR108W	RPN7
YLL055W	YCT1
YCL048W	SPS22
YPL058C	PDR12
YLR343W	GAS2
YDL012C	
YOR275C	RIM20
YBL060W	YEL1
YDL135C	RDI1
YMR031C	EIS1
YLR058C	SHM2
YLR443W	ECM7
YAL030W	SNC1
YKL035W	UGP1
YAR027W	UIP3
YDR326C	YSP2
YER185W	PUG1
YDR536W	STL1
YGR266W	
YNL291C	MID1
YDR011W	SNQ2
YNL087W	TCB2
YOL132W	GAS4
YDR414C	ERD1
YHR001W	OSH7
YIL105C	SLM1
YJL171C	TOH1
YJL058C	BIT61
YKL007W	CAP1
YGL106W	MLC1
YKL051W	SFK1
YGR032W	GSC2
YOL002C	IZH2
YNL192W	CHS1
YJL093C	TOK1
YER093C	TSC11
YDL019C	OSH2
YOR328W	PDR10
YHL044W	
YFR029W	PTR3
YNL275W	BOR1
YGR191W	HIP1
YHR161C	YAP1801
YOL113W	SKM1
YKR093W	PTR2
YLR187W	SKG3
YCR021C	HSP30
YBL042C	FUI1
YMR086W	SEG1
YOR381W	FRE3
YIL118W	RHO3
YFL014W	HSP12
YNR070W	PDR18
YOR273C	TPO4
YBR069C	TAT1
YGR122W	
YDR144C	MKC7
YOR188W	MSB1
YNL294C	RIM21
YFL047W	RGD2
YKL203C	TOR2
YNR002C	ATO2
YGL115W	SNF4
YLR093C	NYV1
YGR026W	
YDR497C	ITR1
YPR173C	VPS4
YGL186C	TPN1
YGR198W	YPP1
YJL052W	TDH1
YOR107W	RGS2
YFR022W	ROG3
YKR100C	SKG1
YCR017C	CWH43
YBR264C	YPT10
YAR050W	FLO1
YJR158W	HXT16
YOR317W	FAA1
YBR043C	QDR3
YDR160W	SSY1
YER166W	DNF1
YDR040C	ENA1
YDR046C	BAP3
YFL051C	
YER118C	SHO1
YBR086C	IST2
YFL054C	AQY3
YAR029W	
YLL053C	
YJR065C	ARP3
YMR011W	HXT2
YDR038C	ENA5
YHR096C	HXT5
YMR109W	MYO5
YNR074C	AIF1
YIL140W	AXL2
YLL043W	FPS1
YER020W	GPA2
YOR104W	PIN2
YER125W	RSP5
YLR004C	THI73
YOR378W	AMF1
YJR086W	STE18
YLR046C	
YGL008C	PMA1
YDL124W	
YBR008C	FLR1
YLL061W	MMP1
YKL187C	FAT3
YNL065W	AQR1
YPL180W	TCO89
YDR208W	MSS4
YPL019C	VTC3
YHR006W	STP2
YMR008C	PLB1
YPL279C	FEX2
YMR192W	GYL1
YAL022C	FUN26
YLR219W	MSC3
YHR092C	HXT4
YNR049C	MSO1
YHR080C	LAM4
YGL080W	MPC1
YER103W	SSA4
YML128C	MSC1
YKL220C	FRE2
YOL158C	ENB1
YER120W	SCS2
YKL209C	STE6
YDR153C	ENT5
YPR159W	KRE6
YAL056W	GPB2
YOR384W	FRE5
YLR303W	MET17
YGR023W	MTL1
YGR009C	SEC9
YJL145W	SFH5
YMR215W	GAS3
YJR064W	CCT5
YLR432W	IMD3
YIL048W	NEO1
YLR081W	GAL2
YNL293W	MSB3
YCR088W	ABP1
YNL098C	RAS2
YBR054W	YRO2
YCR037C	PHO87
YDR276C	PMP3
YJL158C	CIS3
YDL247W	MPH2
YOR086C	TCB1
YGL045W	RIM8
YDR406W	PDR15
YKR050W	TRK2
YER008C	SEC3
YMR162C	DNF3
YNL019C	
YDL161W	ENT1
YER143W	DDI1
YNL006W	LST8
YPL056C	LCL1
YCR098C	GIT1
YNL090W	RHO2
YER048C	CAJ1
YGL077C	HNM1
YHR050W	SMF2
YLR299W	ECM38
YDR384C	ATO3
YJL165C	HAL5
YLR373C	VID22
YDR093W	DNF2
YLR092W	SUL2
YDR032C	PST2
YOR192C	THI72
YER155C	BEM2
YAR033W	MST28
YOL109W	ZEO1
YPL176C	TRE1
YJR160C	MPH3
YLL051C	FRE6
YKL064W	MNR2
YJL219W	HXT9
YNL093W	YPT53
YLR019W	PSR2
YNR047W	FPK1
YNL183C	NPR1
YLR353W	BUD8
YBL041W	PRE7
YKL196C	YKT6
YMR068W	AVO2
YJR152W	DAL5
YOL009C	MDM12
YLR194C	NCW2
YOR153W	PDR5
YFL055W	AGP3
YBR296C	PHO89
YHR214W	
YNL154C	YCK2
YKR105C	VBA5
YGR241C	YAP1802
YJR001W	AVT1
YOL156W	HXT11
YOR322C	LDB19
YMR058W	FET3
YLR109W	AHP1
YOR306C	MCH5
YGR289C	MAL11
YLR413W	INA1
YEL017C-A	PMP2
YNL209W	SSB2
YAL005C	SSA1
YLR121C	YPS3
YJL085W	EXO70
YNL173C	MDG1
YER060W	FCY21
YHR174W	ENO2
YBR302C	COS2
YKR055W	RHO4
YOL105C	WSC3
YDR055W	PST1
YCR091W	KIN82
YNR072W	HXT17
YOR161C	PNS1
YNL142W	MEP2
YDR033W	MRH1
YML006C	GIS4
YLR452C	SST2
YJR066W	TOR1
YKL105C	SEG2
YGL233W	SEC15
YJL212C	OPT1
YJR125C	ENT3
YGR020C	VMA7
YML052W	SUR7
YDR342C	HXT7
YML047C	PRM6
YLR241W	CSC1
YNL318C	HXT14
YDR099W	BMH2
YJL170C	ASG7
YPR201W	ARR3
YDR164C	SEC1
YJL129C	TRK1
YOL078W	AVO1
YNL012W	SPO1
YHL007C	STE20
YOR089C	VPS21
YOR171C	LCB4
YEL069C	HXT13
YLR120C	YPS1
YNR056C	BIO5
YDR524C-B	
YBR295W	PCA1
YLL010C	PSR1
YKR059W	TIF1
YOR046C	DBP5
YIL120W	QDR1
YCL048W-A	
YER067W	RGI1
YDR309C	GIC2
YFL041W	FET5
YGR256W	GND2
YOR011W	AUS1
YBL075C	SSA3
YGR192C	TDH3
YOR071C	NRT1
YOR101W	RAS1
YKR039W	GAP1
YNL283C	WSC2
YBR196C	PGI1
YDL229W	SSB1
YLR084C	RAX2
YPR165W	RHO1
YMR063W	RIM9
YGL208W	SIP2
YDR103W	STE5
YNL322C	KRE1
YMR006C	PLB2
YAR023C	
YML003W	
YDR463W	STP1
YLR229C	CDC42
YDL035C	GPR1
YPR075C	OPY2
YHR155W	LAM1
YDR090C	
YJL005W	CYR1
YJL100W	LSB6
YGR292W	MAL12
YHL016C	DUR3
YGR055W	MUP1
YDR261C	EXG2
YJR059W	PTK2
YNL271C	BNI1
YOL130W	ALR1
YPL265W	DIP5
YOR030W	DFG16
YGR221C	TOS2
YKR106W	GEX2
YDR420W	HKR1
YGR143W	SKN1
YML002W	
YNL279W	PRM1
YFR012W	DCV1
YJL198W	PHO90
YOR390W	FEX1
YDR522C	SPS2
YIL034C	CAP2
YKL080W	VMA5
YGR060W	ERG25
YDL192W	ARF1
YDL185W	VMA1
YGR138C	TPO2
YJR151C	DAN4
YLR138W	NHA1
YIL043C	CBR1
YFL005W	SEC4
YFL042C	
YJR017C	ESS1
YBL085W	BOI1
YJR058C	APS2
YCR038C	BUD5
YGR212W	SLI1
YNL128W	TEP1
YOR018W	ROD1
YDR345C	HXT3
YOL084W	PHM7
YHL040C	ARN1
YPL242C	IQG1
YNR048W	
YHR201C	PPX1
YOR327C	SNC2
YOR348C	PUT4
YNL270C	ALP1
YLR206W	ENT2
YCR004C	YCP4
YPL158C	AIM44
YAR031W	PRM9
YGL255W	ZRT1
YBR052C	RFS1
YMR238W	DFG5
YLL007C	LMO1
YGR233C	PHO81
YNL084C	END3
YKR003W	OSH6
YIL121W	QDR2
YLR237W	THI7
YIR038C	GTT1
YNL231C	PDR16
YIL088C	AVT7
YOR129C	AFI1
YGR213C	RTA1
YGR121C	MEP1
YJL138C	TIF2
YIR028W	DAL4
YCR028C	FEN2
YGR254W	ENO1
YHR042W	NCP1
YBL105C	PKC1
YDL137W	ARF2
YER056C	FCY2
YDL194W	SNF3
YEL063C	CAN1
YNR060W	FRE4
YCL073C	GEX1
YOL086C	ADH1
YEL051W	VMA8
YMR251W-A	HOR7
YMR032W	HOF1
YHR114W	BZZ1
YDR122W	KIN1
YNL047C	SLM2
YLR130C	ZRT2
YLL028W	TPO1
YIR006C	PAN1
YPR055W	SEC8
YIL013C	PDR11
YGL108C	
YPR138C	MEP3
YPL232W	SSO1
YLR422W	DCK1
YGL053W	PRM8
YIL033C	BCY1
YAR042W	SWH1
YDL222C	FMP45
YBR016W	
YCL058C	FYV5
YJL214W	HXT8
YPL274W	SAM3
YJR054W	KCH1
YHR005C	GPA1
YBR164C	ARL1
YLR305C	STT4
YDR210W	
YNL033W	
YDR461W	MFA1
YCR012W	PGK1
YCR075C	ERS1
YCL025C	AGP1
YBL091C-A	SCS22
YLL024C	SSA2
YPR192W	AQY1
YMR034C	RCH1
YNL320W	
YKL046C	DCW1
YAR066W	
YMR306W	FKS3
YCR010C	ADY2
YLR332W	MID2
YMR186W	HSC82
YPL036W	PMA2
YBL061C	SKT5
YGR281W	YOR1
YDL223C	HBT1
YER060W-A	FCY22
YDR039C	ENA2
YMR212C	EFR3
YBR299W	MAL32
YKL060C	FBA1
YDR348C	PAL1
YOR047C	STD1
YPL204W	HRR25
YML116W	ATR1
YBL069W	AST1
YPL249C	GYP5
YCR030C	SYP1
YGR065C	VHT1
YGL051W	MST27
YNL243W	SLA2
YLR034C	SMF3
YOR353C	SOG2
YFL004W	VTC2
YLR047C	FRE8
YCR027C	RHB1
YAR028W	
YOR301W	RAX1
YDR459C	PFA5
YDR104C	SPO71
YBR078W	ECM33
YIL047C	SYG1
YBR129C	OPY1
YOR371C	GPB1
YMR307W	GAS1
YBR080C	SEC18
YCR024C-A	PMP1
YER091C	MET6
YGR014W	MSB2
YBR021W	FUR4
YDL245C	HXT15
