YNL297C	MON2
YPL145C	KES1
YML129C	COX14
YDR425W	SNX41
YFR021W	ATG18
YFL034W	MIL1
YOR132W	VPS17
YKR078W	
YPR049C	ATG11
YCR032W	BPH1
YOR069W	VPS5
YMR004W	MVP1
YGL095C	VPS45
YGR223C	HSV2
YOL082W	ATG19
YDL113C	ATG20
YBR105C	VID24
YBR128C	ATG14
YHR168W	MTG2
YMR067C	UBX4
YPR185W	ATG13
YLR389C	STE23
YLR431C	ATG23
YKL216W	URA1
YJL036W	SNX4
YMR028W	TAP42
YJR031C	GEA1
YJL066C	MPM1
YPL105C	SYH1
YJR033C	RAV1
YGR120C	COG2
YMR165C	PAH1
YPL100W	ATG21
YPL005W	AEP3
YNL242W	ATG2
YOL096C	COQ3
YGR066C	
YOR357C	SNX3
YKR003W	OSH6
YEL022W	GEA2
YPL120W	VPS30
YBL078C	ATG8
YDR372C	VPS74
YBR172C	SMY2
YNL325C	FIG4
YBL050W	SEC17
YLL040C	VPS13
