Gene ID	V.polysp	T.phaffi	T.blatta	N.dairen	N.castel	K.nagani	K.africa	C.glabra	S.uvarum	S.kudria	S.mikata	S.cerevi	Z.rouxii	T.delbru	K.lactis	E.gossyp	E.cymbal	L.kluyve	L.thermo	L.waltii
YOR237W	P	P	P	P	P	P	P	P	P	P	P	P	P	P	P	P	P	P	P	P
YBR042C	P	P	S	P	P	S	S	S	P	P	P	P	P	P	P	P	P	P	P	P
YPR139C	S	S	S	S	S	S	S	S	S	S	S	S	P	P	P	P	P	P	P	P
YKL004W	P	S	S	S	S	S	S	P	S	S	S	S	P	P	P	P	L	P	P	P
YDL015C	S	S	S	S	S	S	S	S	S	S	S	S	P	P	P	P	P	P	P	P
YDR367W	S	S	P	S	S	S	S	S	S	S	S	S	P	P	P	P	P	P	P	P
YHR007C	P	S	S	S	S	S	S	S	S	S	S	S	P	P	P	P	P	P	P	P
YMR202W	S	S	S	S	S	S	S	S	S	S	S	S	P	P	P	P	P	P	P	P
YPL006W	S	S	D	S	D	S	S	S	S	S	S	S	P	P	P	P	P	P	P	P
YBR042C	P	P	S	P	P	S	S	S	P	P	P	P	P	P	P	P	P	P	P	P
YLR450W	P	P	S	S	S	P	P	S	P	P	P	P	P	P	P	P	P	P	P	P
YGL012W	S	S	S	S	S	S	P	S	S	S	S	S	P	P	P	P	L	P	P	P
YDR319C	S	S	S	S	S	S	S	S	S	S	S	S	P	P	P	P	P	P	P	P
YJR098C	S	S	S	S	S	S	S	S	S	S	S	S	P	P	P	L	L	P	P	P
YIL009W	D	D	D	D	D	D	D	D	D	S	S	S	L	L	L	L	L	L	L	L
YLR056W	P	P	S	S	S	S	S	S	S	S	S	S	P	P	P	P	P	P	P	P
YNL169C	S	P	P	S	S	S	S	S	S	S	S	S	P	P	P	P	P	P	P	P
YBR026C	S	S	S	S	S	S	S	S	S	S	S	S	P	P	P	P	P	P	P	P
YOR059C	S	S	S	S	S	S	S	S	S	S	S	S	P	P	P	P	P	P	P	P
YGR149W	S	D	S	S	S	S	S	S	S	S	S	S	P	P	P	P	P	P	P	P
YMR246W	P	P	P	P	P	P	P	P	P	P	P	P	P	P	P	P	P	P	P	P
YLL012W	P	P	P	P	P	P	P	P	P	P	P	P	P	P	P	P	P	P	P	P
YAR035W	S	S	S	S	S	S	S	P	P	P	S	S	P	P	P	P	P	P	L	L
YDR294C	S	S	S	S	S	S	S	S	S	S	S	S	P	P	P	L	L	P	P	P
YHR100C	S	S	S	S	S	P	S	S	S	S	S	S	P	P	P	P	P	P	P	P
YMR008C	P	P	P	P	P	P	P	P	P	P	P	P	P	P	P	L	L	P	P	P
YCL004W	S	S	S	S	S	S	S	S	S	S	S	S	P	P	P	P	P	P	P	P
YGR157W	P	P	P	S	S	S	S	S	S	S	S	S	P	P	P	P	P	P	P	P
YDL142C	S	S	S	S	S	S	S	S	S	S	S	S	P	P	P	P	P	P	P	P
YHR195W	S	D	D	S	S	S	S	S	S	S	S	S	P	P	P	L	P	P	P	P
YDR284C	S	S	P	S	S	S	S	S	S	S	S	S	P	P	P	P	P	P	P	P
YLR404W	S	S	S	S	S	S	S	S	S	S	S	S	P	P	P	P	P	P	P	P
YNL094W	S	S	S	S	S	S	S	S	S	S	S	S	P	P	P	P	P	P	P	P
YKR089C	P	P	P	P	P	P	P	P	P	P	P	P	P	P	P	P	P	P	P	P
YDL052C	P	P	S	S	S	S	S	S	S	S	S	S	P	P	P	P	P	P	P	P
YPR113W	S	P	S	S	S	S	S	S	S	S	S	S	P	P	P	P	P	P	P	P
YDR125C	S	S	S	S	P	P	P	P	P	P	P	P	P	P	P	P	P	P	P	P
YKL140W	S	S	S	S	S	S	S	S	S	S	S	S	P	P	L	P	L	P	P	P
YKL051W	S	P	P	P	P	P	P	P	S	S	S	S	P	P	P	P	P	P	P	P
YOL002C	S	S	S	S	S	S	S	S	S	S	S	S	P	P	P	P	P	P	P	P
YOR126C	S	P	S	S	S	S	S	S	S	S	S	S	P	P	P	P	P	P	P	P
YMR134W	S	S	S	S	S	S	S	S	S	S	S	S	P	P	P	P	P	P	P	P
YCL026C-A	S	S	S	S	S	S	S	P	S	S	S	S	P	P	P	L	L	P	P	P
YDR147W	S	S	S	P	P	P	P	P	P	P	P	P	P	P	P	P	P	P	P	P
YNL280C	S	S	S	S	S	S	S	S	S	S	S	S	P	P	P	P	P	P	P	P
YGL055W	S	S	D	S	S	S	S	S	S	S	S	S	P	P	P	P	P	P	P	P
YMR246W	P	P	P	P	P	P	P	P	P	P	P	P	P	P	P	P	P	P	P	P
YDR123C	S	S	S	S	S	S	S	S	S	S	S	S	P	P	P	P	P	P	P	P
YER061C	S	S	S	S	S	S	S	S	S	S	S	S	P	P	P	P	P	P	P	P
YDL057W	S	S	S	D	D	S	S	S	S	S	S	S	P	P	P	P	P	P	P	P
YML008C	S	S	S	S	S	S	S	S	S	S	S	S	P	P	P	P	P	P	P	P
YHR190W	S	P	S	S	S	S	S	S	S	S	S	S	P	P	P	P	P	P	P	P
YPL231W	S	S	S	S	S	S	S	S	S	S	S	S	P	P	P	P	P	P	P	P
YBR159W	S	S	S	S	S	S	S	S	S	S	S	S	P	P	P	P	P	P	P	P
YMR272C	P	S	S	S	S	S	S	S	S	S	S	S	P	P	P	P	P	P	P	P
YMR207C	P	P	S	S	S	S	S	S	P	P	P	P	P	P	P	P	P	P	P	P
YGR175C	S	S	P	S	S	S	S	S	S	S	S	S	P	P	P	P	P	P	P	P
YKL182W	S	S	S	S	S	S	S	S	S	S	S	S	P	P	P	P	P	P	P	P
YMR008C	P	P	P	P	P	P	P	P	P	P	P	P	P	P	P	L	L	P	P	P
YNR043W	S	S	S	S	S	S	S	S	S	S	S	S	P	P	P	P	P	P	P	P
YIL124W	S	S	S	S	S	S	S	S	S	S	S	S	P	P	P	P	P	P	P	P
YMR208W	S	S	S	S	S	S	S	S	S	S	S	S	P	P	P	P	P	P	P	P
YHL003C	P	P	P	P	P	P	P	P	P	P	P	P	P	P	P	P	P	P	P	P
YJL083W	P	P	P	S	P	S	P	S	P	P	P	P	P	P	P	P	P	P	P	P
YHL020C	S	S	S	S	S	S	S	S	S	S	S	S	P	P	P	P	P	P	P	P
YJL153C	S	S	S	S	S	S	S	S	S	S	S	S	P	P	P	L	L	P	L	L
YDR287W	S	S	S	S	S	S	S	S	S	S	S	S	P	L	L	L	L	P	P	P
YHR046C	S	S	S	S	S	S	S	S	S	S	S	S	P	P	L	L	L	P	P	P
YOL108C	S	S	S	S	S	S	S	S	S	S	S	S	P	P	P	P	P	P	P	P
YDR072C	S	S	S	S	S	S	S	S	S	S	S	S	P	P	P	L	P	P	P	P
YIL002C	S	S	S	S	S	S	S	S	S	S	S	S	P	P	P	P	P	P	P	P
YOR175C	P	S	S	S	S	S	S	S	S	S	S	S	P	P	P	P	P	P	P	P
YER044C	S	S	S	S	S	S	S	S	S	S	S	S	P	P	P	P	P	P	P	P
YNR008W	S	S	S	S	S	S	S	S	S	S	S	S	P	P	P	P	P	P	P	P
YGR202C	S	P	S	S	S	S	S	S	S	S	S	S	P	P	P	P	P	P	P	P
YJL134W	P	P	P	S	P	P	S	P	P	P	P	P	P	P	P	P	P	P	P	P
YDR503C	S	S	S	S	S	D	S	S	S	S	S	S	P	L	P	P	P	P	P	P
YER015W	S	S	S	S	S	S	S	S	S	S	S	S	P	P	P	P	P	P	P	P
YOR245C	S	S	S	S	S	S	S	S	S	S	S	S	P	P	P	P	P	P	P	P
YGR007W	S	S	S	S	S	S	S	S	S	S	S	S	P	P	P	P	P	P	P	P
YKR089C	P	P	P	P	P	P	P	P	P	P	P	P	P	P	P	P	P	P	P	P
YPL103C	S	S	S	S	S	S	S	S	S	S	S	S	P	P	P	P	P	P	P	P
YBR029C	S	S	S	S	S	S	S	S	S	S	S	S	P	P	P	P	P	P	P	P
YJL167W	S	S	S	S	S	S	S	S	S	S	S	S	P	P	P	P	P	P	P	P
YBR204C	S	S	S	S	S	S	S	S	S	S	S	S	P	P	P	P	P	P	P	P
YGR170W	S	S	S	S	S	S	S	S	S	S	S	S	P	P	P	P	L	P	P	P
YMR313C	S	S	S	S	S	S	S	S	S	S	S	S	P	P	P	P	P	P	P	P
YKR031C	S	S	S	S	S	S	S	S	S	S	S	S	P	P	P	P	P	P	P	P
YLR372W	S	S	S	P	P	P	S	S	S	S	S	S	P	P	P	P	P	P	P	P
YAL009W	S	S	S	S	S	S	S	S	S	S	S	S	P	P	P	P	P	P	P	P
YDR058C	S	S	S	S	S	S	S	S	S	S	S	S	P	P	P	P	P	P	P	P
YNL012W	S	D	S	S	S	D	S	S	D	S	S	S	P	P	P	P	P	P	P	P
YLR260W	P	P	P	P	P	P	P	P	P	P	P	P	P	P	P	P	P	P	P	P
YGR036C	S	S	S	S	S	S	S	S	S	S	S	S	P	P	P	P	P	P	P	P
YGR046W	S	S	S	S	S	S	S	S	S	S	S	S	P	P	P	P	P	P	P	P
YMR298W	S	S	S	P	P	S	S	S	S	S	S	S	P	P	P	P	P	P	P	P
YML042W	S	S	S	S	S	S	S	S	S	S	S	S	P	P	P	P	P	P	P	P
YHR123W	S	S	P	P	P	P	P	P	P	P	P	P	P	P	P	P	P	P	P	P
YLR260W	P	P	P	P	P	P	P	P	P	P	P	P	P	P	P	P	P	P	P	P
YDL133W	P	P	S	S	S	S	S	S	S	S	S	S	P	P	P	P	P	P	P	P
YDR147W	S	S	S	P	P	P	P	P	P	P	P	P	P	P	P	P	P	P	P	P
YJL134W	P	P	P	S	P	P	S	P	P	P	P	P	P	P	P	P	P	P	P	P
YLR450W	P	P	S	S	S	P	P	S	P	P	P	P	P	P	P	P	P	P	P	P
YKL055C	S	S	S	S	S	S	S	S	S	S	S	S	P	P	P	P	P	P	P	P
YOR022C	S	S	S	D	D	S	S	S	S	S	S	S	P	P	P	P	P	P	P	P
YIL160C	S	S	S	D	S	S	S	S	S	S	S	S	P	P	P	P	P	P	P	P
YHR123W	S	S	P	P	P	P	P	P	P	P	P	P	P	P	P	P	P	P	P	P
YMR006C	D	D	S	S	D	D	D	S	S	S	S	S	L	P	L	L	L	P	L	L
YGL001C	S	S	S	S	S	S	S	S	S	S	S	S	P	P	P	P	P	P	P	P
YOL032W	S	S	S	S	S	S	S	S	S	S	S	S	P	P	P	P	P	P	P	P
YMR165C	S	S	S	S	S	S	S	S	S	S	S	S	P	P	P	P	P	P	P	P
YER024W	S	S	S	S	S	S	S	S	S	S	S	S	P	P	P	P	P	P	L	L
YDL237W	P	P	S	S	S	D	D	S	S	S	S	S	P	P	P	P	P	P	P	P
YML126C	S	S	S	S	S	S	S	S	S	S	S	S	P	P	P	P	P	P	P	P
YKR009C	S	S	S	S	S	S	S	S	S	S	S	S	P	P	P	P	P	P	P	P
YDR072C	S	S	S	S	S	S	S	S	S	S	S	S	P	P	P	L	P	P	P	P
YPL148C	S	S	S	S	S	S	S	S	S	S	S	S	P	P	P	P	P	P	P	P
YLL012W	P	P	P	P	P	P	P	P	P	P	P	P	P	P	P	P	P	P	P	P
YJR073C	S	S	S	S	S	S	S	S	S	S	S	S	P	P	P	P	P	P	P	P
YLR118C	S	S	S	S	S	S	S	S	S	S	S	S	P	P	P	P	P	P	P	P
YGR060W	S	S	S	S	S	S	S	S	S	S	S	S	P	P	P	P	P	P	P	P
YMR220W	S	S	S	S	S	S	S	S	S	S	S	S	P	P	P	P	P	P	P	P
YER005W	S	S	S	S	S	S	S	S	S	S	S	S	P	P	P	P	P	P	P	P
YOR180C	S	S	D	S	S	S	S	D	S	S	S	S	P	P	L	L	L	L	L	L
YDL109C	S	S	S	P	P	P	P	P	P	P	P	P	P	P	P	P	P	P	P	P
YBR265W	S	S	S	S	S	S	S	S	S	S	S	S	P	P	P	P	P	P	P	P
YLR284C	S	S	S	S	S	S	S	S	S	S	S	S	P	P	P	P	P	P	P	P
YKL192C	S	S	S	S	S	S	P	P	S	S	S	S	P	P	P	P	P	P	P	P
YIL049W	S	S	S	S	S	S	S	S	S	S	S	S	P	P	P	P	P	P	P	P
YLR189C	S	D	S	S	S	S	S	D	S	S	S	S	P	P	P	P	P	P	P	P
YCR034W	P	P	P	S	P	S	P	P	P	P	P	P	P	P	P	P	P	P	P	P
YGR233C	S	S	S	S	S	S	D	S	S	S	S	S	P	P	P	P	L	P	P	P
YOR221C	S	S	S	S	S	S	S	S	S	S	S	S	P	P	P	P	P	P	P	P
YDR062W	S	S	S	S	S	S	S	S	S	S	S	S	P	P	P	P	P	P	P	P
YMR015C	S	S	S	S	S	S	S	S	S	S	S	S	P	P	P	P	L	P	P	P
YHR042W	S	S	P	P	P	P	P	S	S	S	S	S	P	P	P	P	P	P	P	P
YBL011W	S	S	S	S	S	S	S	S	S	S	S	S	P	P	P	P	P	P	P	P
YEL013W	S	S	S	S	S	S	S	S	S	S	S	S	P	P	P	P	P	P	P	P
YOL108C	S	S	S	S	S	S	S	S	S	S	S	S	P	P	P	P	P	P	P	P
YLR242C	S	S	S	S	S	S	S	S	S	S	S	S	P	P	P	P	P	P	P	P
YPL268W	S	S	S	S	S	S	S	S	S	S	S	S	P	P	P	P	P	P	P	P
YGL205W	S	S	S	S	S	S	S	S	S	S	S	S	P	P	P	P	P	P	P	P
YPL206C	S	S	S	S	S	S	S	S	S	S	S	S	P	P	P	P	P	P	P	P
YLR380W	P	P	P	S	S	S	P	P	S	S	S	S	P	P	P	P	P	P	P	P
YJR107W	S	S	S	S	S	S	S	S	S	S	S	S	P	L	P	P	P	P	P	P
YDR444W	S	S	S	S	S	S	S	S	S	S	S	S	P	P	P	P	P	P	P	P
YPL117C	S	S	S	S	S	S	S	S	S	S	S	S	P	P	P	P	P	P	P	P
YCR068W	S	S	S	S	S	S	S	S	S	S	S	S	P	P	P	P	P	P	P	P
YPL110C	S	S	S	S	S	D	D	S	S	S	S	S	P	P	P	P	P	P	P	P
YGL126W	S	S	S	S	S	S	S	S	S	S	S	S	P	P	P	P	P	P	P	P
YER026C	S	S	P	P	P	P	S	S	S	S	S	S	P	P	P	P	P	P	P	P
YHR072W	S	S	S	S	S	S	S	S	S	S	S	S	P	P	P	P	P	P	P	P
YDL109C	S	S	S	P	P	P	P	P	P	P	P	P	P	P	P	P	P	P	P	P
YNL106C	P	P	P	P	P	P	P	P	P	P	P	P	P	P	P	P	P	P	P	P
YPR140W	S	S	P	S	S	S	S	S	S	S	S	S	P	P	P	P	P	P	P	P
YML059C	S	S	S	S	S	S	S	S	S	S	S	S	P	P	P	P	P	P	P	P
YCR034W	P	P	P	S	P	S	P	P	P	P	P	P	P	P	P	P	P	P	P	P
YMR296C	S	S	S	S	S	S	S	S	S	S	S	S	P	P	P	P	P	P	P	P
YDR297W	S	S	S	S	S	S	S	S	S	S	S	S	P	P	P	P	P	P	P	P
YER019W	S	S	S	S	S	S	S	S	S	S	S	S	P	P	P	P	P	P	P	P
YJL097W	S	S	S	S	S	S	S	S	S	S	S	S	P	P	P	P	P	P	P	P
YJL083W	P	P	P	S	P	S	P	S	P	P	P	P	P	P	P	P	P	P	P	P
YKR067W	S	S	S	S	S	S	S	S	S	S	S	S	P	P	P	P	P	P	P	P
YLR100W	S	S	S	P	P	P	P	S	S	S	S	S	P	P	P	P	P	P	P	P
YHL003C	P	P	P	P	P	P	P	P	P	P	P	P	P	P	P	P	P	P	P	P
