Gene.ID	Present	Single_lost_WGD	Lost_preWGD	Double_lost_WGD
YAL034W-A	8	12	0	0
YBL034C	8	12	0	0
YPL233W	8	12	0	0
YDR201W	8	12	0	0
YKR083C	8	12	0	0
YBR233W-A	8	12	0	0
YDR254W	8	10	0	2
YDR320C-A	8	12	0	0
YDR383C	6	10	2	2
YLR381W	8	12	0	0
YGL061C	8	12	0	0
YKL138C-A	8	12	0	0
YJR112W	8	12	0	0
YBR107C	5	10	3	2
YLR315W	6	9	2	3
YDR318W	8	12	0	0
YPL209C	8	12	0	0
YGR179C	8	12	0	0
YKL052C	8	12	0	0
YPR046W	8	12	0	0
YKR037C	8	12	0	0
YGR113W	8	12	0	0
YIR010W	8	12	0	0
YJR135C	8	12	0	0
YDR016C	8	12	0	0
YBR211C	8	12	0	0
YPL018W	8	12	0	0
