Gene.ID	Present	Single_lost_WGD	Lost_preWGD	Double_lost_WGD
YBL022C	8	12	0	0
YGR086C	13	7	0	0
YLR270W	20	0	0	0
YPL004C	9	11	0	0
YBR245C	12	8	0	0
YOR008C	8	12	0	0
YMR044W	8	12	0	0
YLR273C	17	2	1	0
YOR043W	12	7	1	0
YDL100C	8	12	0	0
YGL073W	8	12	0	0
YOR007C	13	7	0	0
YLL010C	18	2	0	0
YLR438W	8	12	0	0
YLR270W	20	0	0	0
YER133W	8	12	0	0
YNL283C	13	6	0	1
YFL016C	8	12	0	0
YLR260W	20	0	0	0
YLL010C	18	2	0	0
YOR046C	8	12	0	0
YDR171W	8	10	1	1
YNL064C	8	12	0	0
YNL283C	13	6	0	1
YIL034C	8	11	0	1
YHL028W	8	10	0	2
YML007W	19	1	0	0
YLR095C	8	12	0	0
