Gene.ID	Present	Single_lost_WGD	Lost_preWGD	Double_lost_WGD
YBL106C	14	6	0	0
YNL180C	12	8	0	0
YAL024C	8	12	0	0
YAL048C	9	11	0	0
Scer_YGOB_SDC25	18	1	1	0
YGL155W	8	12	0	0
YGR152C	8	12	0	0
YDL135C	8	12	0	0
YJL201W	7	12	1	0
YIL118W	8	12	0	0
YPR017C	4	12	4	0
YFL047W	8	12	0	0
YOR370C	8	12	0	0
YNL090W	7	12	1	0
YER155C	8	12	0	0
YKR055W	7	12	1	0
YPR165W	12	7	1	0
YLR229C	9	11	0	0
YER136W	10	10	0	0
YCR038C	8	12	0	0
YAL041W	8	12	0	0
YLR422W	8	12	0	0
YGR070W	12	8	0	0
YGR070W	12	8	0	0
YDR379W	19	1	0	0
YCR027C	6	9	2	3
