Gene.ID	Present	Single_lost_WGD	Lost_preWGD	Double_lost_WGD
YCL040W	20	0	0	0
YGR192C	14	4	2	0
YAL038W	16	4	0	0
YDR050C	8	12	0	0
YER178W	8	12	0	0
YDL021W	12	8	0	0
YJL052W	0	4	8	8
YDL021W	12	8	0	0
YFR053C	17	3	0	0
YMR205C	12	8	0	0
YGR254W	17	3	0	0
YOR393W	0	1	8	11
YGR240C	8	12	0	0
YPL281C	0	1	8	11
YGR192C	14	4	2	0
YBR196C	8	12	0	0
YFR053C	17	3	0	0
YKL152C	8	12	0	0
YBR221C	8	12	0	0
YAL038W	16	4	0	0
YLR446W	6	12	2	0
YGR254W	17	3	0	0
YCL040W	20	0	0	0
YMR323W	0	1	8	11
YCR012W	11	9	0	0
YKL060C	11	9	0	0
