Gene ID	V.polysp	T.phaffi	T.blatta	N.dairen	N.castel	K.nagani	K.africa	C.glabra	S.uvarum	S.kudria	S.mikata	S.cerevi	Z.rouxii	T.delbru	K.lactis	E.gossyp	E.cymbal	L.kluyve	L.thermo	L.waltii
YNL333W	D	D	D	D	D	D	D	D	D	D	D	S	L	L	L	L	L	L	L	L
YDR277C	S	S	P	P	P	P	P	S	P	P	P	P	P	P	P	P	P	P	P	P
YNR027W	S	S	S	S	S	S	D	S	S	S	S	S	P	P	P	P	P	P	P	P
YPR127W	S	S	S	S	S	S	S	S	S	S	S	S	P	P	P	P	L	P	P	P
YFL060C	D	D	D	D	S	D	D	D	S	D	D	S	L	L	L	L	L	L	L	L
YPL188W	S	S	S	S	S	S	S	S	S	S	S	S	P	P	P	P	P	P	P	P
YDR400W	S	S	S	S	S	S	S	S	S	S	S	S	P	P	P	P	P	P	P	P
YDR481C	S	S	S	S	S	S	S	S	S	S	S	S	P	P	P	P	P	P	P	P
YCL047C	S	S	S	S	S	S	S	S	S	S	S	S	P	P	L	P	P	P	P	P
YJR078W	S	S	D	D	D	D	D	D	S	S	S	S	P	P	L	P	P	P	P	P
YEL029C	S	S	S	S	S	S	S	S	S	S	S	S	P	P	P	P	L	P	P	P
YBR035C	S	S	S	S	S	S	S	S	S	S	S	S	P	P	P	P	P	P	P	P
YGL067W	S	S	S	S	S	S	S	S	S	S	S	S	P	P	P	L	L	P	P	P
YOR095C	S	S	P	S	S	S	S	S	S	S	S	S	P	P	P	P	P	P	P	P
YGR010W	S	S	S	S	S	S	S	S	P	P	P	P	P	P	P	P	P	P	P	P
YNL129W	S	S	S	S	S	S	S	S	S	S	S	S	P	P	P	P	P	P	P	P
YKL151C	S	S	S	S	S	S	S	S	S	S	S	S	P	P	P	P	P	P	P	P
YLR209C	S	S	S	S	S	S	S	S	S	S	S	S	P	P	P	P	P	P	P	P
YOR155C	S	S	S	S	S	S	S	S	S	S	S	S	P	P	P	P	P	P	P	P
YNL200C	S	S	S	S	S	S	S	S	S	S	S	S	P	P	P	P	P	P	P	P
YJR025C	S	S	D	D	D	D	D	D	S	S	S	S	P	P	L	P	P	P	P	P
YFR047C	S	S	D	S	D	D	D	D	S	S	S	S	P	P	L	P	P	P	P	P
YGR010W	S	S	S	S	S	S	S	S	P	P	P	P	P	P	P	P	P	P	P	P
YLR231C	S	S	D	D	D	D	D	D	S	S	S	S	P	P	L	P	P	P	P	P
YFL059W	D	D	D	D	S	D	D	D	S	D	D	S	L	L	L	L	L	L	L	L
YHR074W	S	S	S	S	S	S	S	S	S	S	S	S	P	P	P	P	P	P	P	P
YMR095C	S	S	D	D	D	D	D	D	S	S	S	S	P	P	L	P	P	P	P	P
YNL334C	D	D	D	D	D	D	D	D	D	D	D	S	L	L	L	L	L	L	L	L
YDR428C	S	S	D	D	D	D	D	D	S	S	S	S	P	P	L	P	P	P	P	P
YBL098W	S	S	D	D	D	D	D	D	S	S	S	S	P	P	L	P	P	P	P	P
YMR096W	S	S	D	D	D	D	D	D	S	S	S	S	P	P	L	P	P	P	P	P
YOR209C	S	S	S	P	P	S	S	S	S	S	S	S	P	P	P	P	P	P	P	P
YEL041W	P	P	P	P	P	P	P	P	P	P	P	P	P	P	P	P	P	P	P	P
YGL037C	S	S	S	S	S	S	S	S	S	S	S	S	P	P	P	P	P	P	P	P
YEL041W	P	P	P	P	P	P	P	P	P	P	P	P	P	P	P	P	P	P	P	P
