Gene.ID	Present	Single_lost_WGD	Lost_preWGD	Double_lost_WGD
YNR017W	8	12	0	0
YGR082W	12	8	0	0
YBR227C	6	12	2	0
YHR117W	15	5	0	0
YNL310C	8	12	0	0
YLR008C	8	12	0	0
YNL026W	9	11	0	0
YEL030W	14	6	0	0
YMR203W	8	12	0	0
YJL104W	8	12	0	0
YPR024W	10	10	0	0
YPL063W	8	12	0	0
YIL022W	8	12	0	0
YPL098C	8	12	0	0
YLR090W	8	10	0	2
YNL131W	9	11	0	0
YMR060C	8	12	0	0
YER017C	8	12	0	0
YGR033C	8	12	0	0
YOR232W	8	12	0	0
YJL143W	8	12	0	0
YNL070W	8	12	0	0
YHR083W	8	11	0	1
YNL328C	8	12	0	0
YOR045W	8	12	0	0
YKR065C	8	12	0	0
