Gene ID	V.polysp	T.phaffi	T.blatta	N.dairen	N.castel	K.nagani	K.africa	C.glabra	S.uvarum	S.kudria	S.mikata	S.cerevi	Z.rouxii	T.delbru	K.lactis	E.gossyp	E.cymbal	L.kluyve	L.thermo	L.waltii
YMR296C	S	S	S	S	S	S	S	S	S	S	S	S	P	P	P	P	P	P	P	P
YNL032W	S	S	S	S	S	S	S	S	S	D	S	S	P	P	P	P	P	P	P	P
YNL106C	P	P	P	P	P	P	P	P	P	P	P	P	P	P	P	P	P	P	P	P
YEL070W	D	D	D	D	D	D	D	D	D	D	S	S	L	L	L	L	L	L	L	L
YHR046C	S	S	S	S	S	S	S	S	S	S	S	S	P	P	L	L	L	P	P	P
YJL153C	S	S	S	S	S	S	S	S	S	S	S	S	P	P	P	L	L	P	L	L
YDR287W	S	S	S	S	S	S	S	S	S	S	S	S	P	L	L	L	L	P	P	P
YLR070C	S	D	D	D	S	D	D	D	S	D	S	S	P	P	P	P	L	P	P	L
YGR267C	S	S	S	S	S	S	S	S	S	S	S	S	P	P	P	P	P	P	P	P
YDR017C	S	S	S	S	S	S	S	S	S	S	S	S	P	P	P	P	L	P	P	P
YNL106C	P	P	P	P	P	P	P	P	P	P	P	P	P	P	P	P	P	P	P	P
YPL268W	S	S	S	S	S	S	S	S	S	S	S	S	P	P	P	P	P	P	P	P
YML070W	S	S	S	S	S	S	S	S	S	S	S	S	P	P	P	P	P	P	P	P
YDR062W	S	S	S	S	S	S	S	S	S	S	S	S	P	P	P	P	P	P	P	P
YJR159W	D	D	D	D	D	D	D	D	S	S	S	S	L	L	L	L	L	L	L	L
YDR315C	S	S	S	S	S	S	S	S	S	S	S	S	P	P	P	P	P	P	P	P
YPL201C	S	S	S	S	S	D	S	S	S	S	S	S	P	P	P	L	L	P	P	P
YOL032W	S	S	S	S	S	S	S	S	S	S	S	S	P	P	P	P	P	P	P	P
YHL018W	S	S	D	S	S	S	S	S	S	S	S	S	P	P	P	P	P	P	P	P
YAL061W	S	D	D	S	S	S	S	D	S	S	S	S	L	L	P	L	L	P	L	L
YER062C	S	P	S	P	P	P	P	S	P	P	P	P	P	P	P	P	P	P	P	P
YLR260W	P	P	P	P	P	P	P	P	P	P	P	P	P	P	P	P	P	P	P	P
YER062C	S	P	S	P	P	P	P	S	P	P	P	P	P	P	P	P	P	P	P	P
YLR260W	P	P	P	P	P	P	P	P	P	P	P	P	P	P	P	P	P	P	P	P
YLR410W	S	S	P	S	S	S	S	S	S	S	S	S	P	P	P	P	L	P	P	P
YFL053W	D	D	D	D	D	D	D	D	S	S	S	S	L	P	L	L	L	L	P	P
YOR245C	S	S	S	S	S	S	S	S	S	S	S	S	P	P	P	P	P	P	P	P
YIL002C	S	S	S	S	S	S	S	S	S	S	S	S	P	P	P	P	P	P	P	P
YIL155C	S	S	S	S	S	S	S	S	S	S	S	S	P	P	P	P	P	P	P	P
YNR073C	D	D	D	D	D	D	D	D	D	D	D	S	L	L	L	L	L	L	L	L
YDR173C	S	S	S	S	S	S	S	S	S	S	S	S	P	P	P	P	P	P	P	P
YPL180W	S	S	S	S	S	S	S	S	S	S	S	S	P	P	P	P	P	P	P	P
YDL022W	P	P	P	P	P	P	P	P	P	P	P	P	P	P	P	P	P	P	P	P
YLL043W	S	S	S	P	P	S	P	P	S	S	S	S	P	P	P	P	P	P	P	P
YOL064C	S	S	S	S	S	S	S	S	S	S	S	S	P	P	P	P	P	P	P	P
YOR163W	S	S	S	S	S	S	S	S	S	S	S	S	P	P	P	P	P	P	P	P
YAL060W	D	D	S	S	S	D	S	S	S	S	S	S	L	P	P	L	L	P	P	P
YDR050C	S	S	S	S	S	S	S	S	S	S	S	S	P	P	P	P	P	P	P	P
YGL084C	S	S	S	S	S	S	P	S	P	P	P	P	P	P	P	P	P	P	P	P
YHR079C	S	S	S	S	S	S	S	S	S	S	S	S	P	P	P	P	P	P	P	P
YHL032C	S	S	S	S	S	S	S	S	S	S	S	S	P	P	P	P	P	P	P	P
YOL065C	S	S	S	S	S	S	S	S	S	S	S	S	P	P	P	P	P	P	P	P
YDR368W	S	S	S	P	P	S	S	P	P	P	P	P	P	P	L	P	L	P	P	P
YDL246C	D	D	D	D	D	D	D	D	D	D	D	S	L	L	L	L	L	L	L	L
