Gene.ID	Present	Single_lost_WGD	Lost_preWGD	Double_lost_WGD
YLR437C	17	3	0	0
YOR039W	9	11	0	0
YDL181W	16	4	0	0
YFR017C	12	6	2	0
YLR270W	20	0	0	0
YML058W-A	0	8	8	4
YBR214W	17	3	0	0
YPL052W	8	12	0	0
YDR322W	8	12	0	0
YLR437C	17	3	0	0
YHR132W-A	12	8	0	0
YDR014W-A	5	11	3	1
YNL307C	13	7	0	0
YKR072C	18	2	0	0
YBR214W	17	3	0	0
YJL157C	8	12	0	0
YDR152W	8	12	0	0
YEL019C	8	12	0	0
YMR311C	8	12	0	0
YDR283C	7	12	1	0
YPL096C-A	7	12	1	0
YGL019W	8	12	0	0
YER165W	9	11	0	0
YLR179C	0	7	8	5
YCR030C	12	8	0	0
YML109W	17	3	0	0
YHR136C	6	9	2	3
YJL076W	19	1	0	0
