Gene.ID	Present	Single_lost_WGD	Lost_preWGD	Double_lost_WGD
YOR258W	6	11	2	1
YBR136W	7	12	1	0
YOR001W	8	12	0	0
YBR084W	8	12	0	0
YOR048C	8	12	0	0
YLR028C	19	1	0	0
YKL024C	8	12	0	0
YER170W	8	12	0	0
YDR499W	8	12	0	0
YLR082C	0	4	8	8
YOR386W	4	2	4	10
YGR116W	7	12	1	0
YLR209C	8	12	0	0
YER171W	8	12	0	0
YPR062W	7	12	1	0
YLR245C	8	11	0	1
YHR144C	8	12	0	0
YLR316C	7	12	1	0
YPL153C	8	12	0	0
YDR226W	8	12	0	0
YDR400W	8	12	0	0
YOR247W	18	2	0	0
YLR028C	19	1	0	0
YJL035C	8	12	0	0
YDL036C	17	3	0	0
YKR091W	13	6	1	0
YPL008W	7	12	1	0
