Gene.ID	Present	Single_lost_WGD	Lost_preWGD	Double_lost_WGD
YOR059C	8	12	0	0
YLL012W	20	0	0	0
YMR008C	18	0	2	0
YKR089C	20	0	0	0
YKL140W	6	12	2	0
YOR126C	9	11	0	0
YMR008C	18	0	2	0
YIL124W	8	12	0	0
YKR089C	20	0	0	0
YPL103C	8	12	0	0
YBR204C	8	12	0	0
YMR313C	8	12	0	0
YKR031C	8	12	0	0
YDR058C	8	12	0	0
YNL012W	8	9	0	3
YDL133W	10	10	0	0
YOR022C	8	10	0	2
YMR006C	2	7	6	5
YLL012W	20	0	0	0
YDL109C	17	3	0	0
YPL268W	8	12	0	0
YLR380W	13	7	0	0
YIR007W	9	11	0	0
YJR107W	7	12	1	0
YDR444W	8	12	0	0
YCR068W	8	12	0	0
YDL109C	17	3	0	0
YML059C	8	12	0	0
