YLR466W	YRF1-4
YPR204W	
YOL095C	HMI1
YIL126W	STH1
YAL019W	FUN30
YEL032W	MCM3
YHR031C	RRM3
YIR002C	MPH1
YPR019W	MCM4
YML133C	
YER176W	ECM32
YLR276C	DBP9
YDR545W	YRF1-1
YGR296W	YRF1-3
YER190W	YRF1-2
YMR284W	YKU70
YHR164C	DNA2
YDR291W	HRQ1
YFL066C	
YMR106C	YKU80
YIL143C	SSL2
YLR467W	YRF1-5
YDR334W	SWR1
YER171W	RAD3
YLR274W	MCM5
YBR202W	MCM7
YJR035W	RAD26
YGL163C	RAD54
YDR190C	RVB1
YBL023C	MCM2
YJL225C	
YKL017C	HCS1
YGL201C	MCM6
YMR190C	SGS1
YML061C	PIF1
YPL235W	RVB2
YNL339C	YRF1-6
YIL177C	
YPL283C	YRF1-7
YGL251C	HFM1
YOR396W	YRF1-8
YJL092W	SRS2
YEL077C	
YPL008W	CHL1
YBR073W	RDH54
