YER159C	BUR6
YBR111W-A	SUS1
YOR372C	NDD1
YGL025C	PGD1
YDR448W	ADA2
YNL309W	STB1
YBL093C	ROX3
YOR298C-A	MBF1
YPL254W	HFI1
YDR397C	NCB2
YGR252W	GCN5
YDR443C	SSN2
YOR338W	
YMR236W	TAF9
YDR176W	NGG1
YMR227C	TAF7
YPL047W	SGF11
YOL004W	SIN3
YGL127C	SOH1
YLR223C	IFH1
YKL109W	HAP4
YDL005C	MED2
YML015C	TAF11
YGR104C	SRB5
YOL051W	GAL11
YIR023W	DAL81
YGL112C	TAF6
YAL034C	FUN19
YNL068C	FKH2
YMR165C	PAH1
YCR040W	MATALPHA1
YDR308C	SRB7
YIL154C	
YMR005W	TAF4
YHR041C	SRB2
YMR039C	SUB1
YNL330C	RPD3
YNR010W	CSE2
YCL066W	HMLALPHA1
YDR216W	ADR1
YBR112C	CYC8
YLR182W	SWI6
YKL058W	TOA2
YCR081W	SRB8
YHR058C	MED6
YKR023W	
