YLL032C	
YOL144W	NOP8
YMR290C	HAS1
YLR466W	YRF1-4
YCL011C	GBP2
YDL189W	RBS1
YDR243C	PRP28
YLR032W	RAD5
YNL102W	POL1
YMR268C	PRP24
YBR119W	MUD1
YGR030C	POP6
YNR052C	POP2
YER172C	BRR2
YOL124C	TRM11
YGR156W	PTI1
YMR059W	SEN15
YIL082W	
YOR335C	ALA1
YLR424W	SPP382
YDR266C	HEL2
YER137C	
YER013W	PRP22
YNL210W	MER1
YDL160C	DHH1
YBR212W	NGR1
YDR081C	PDC2
YKL074C	MUD2
YGR159C	NSR1
YIR001C	SGN1
YOR001W	RRP6
YGR250C	RIE1
YOR204W	DED1
YGL094C	PAN2
YHR169W	DBP8
YNL072W	RNH201
YLL008W	DRS1
YNL224C	SQS1
YOR048C	RAT1
YML133C	
YLL046C	RNP1
YML049C	RSE1
YGR271W	SLH1
YHR065C	RRP3
YMR302C	YME2
YLR276C	DBP9
YLL066C	
YBR237W	PRP5
YLR150W	STM1
YDR545W	YRF1-1
YHR086W	NAM8
YGR296W	YRF1-3
YLR271W	CMG1
YKL214C	YRA2
YAR007C	RFA1
YBR142W	MAK5
YDR432W	NPL3
YDL031W	DBP10
YJR063W	RPA12
YER190W	YRF1-2
YLR074C	BUD20
YML026C	RPS18B
YGL070C	RPB9
YGL120C	PRP43
YDR045C	RPC11
YPL184C	MRN1
YDL213C	NOP6
YCL059C	KRR1
YJL050W	MTR4
YPR112C	MRD1
YGR276C	RNH70
YLR419W	
YDR291W	HRQ1
YKR024C	DBP7
YFL066C	
YEL055C	POL5
YFL044C	OTU1
YJR007W	SUI2
YHL034C	SBP1
YDR514C	
YHR015W	MIP6
YIL079C	AIR1
YNL312W	RFA2
YGR001C	EFM5
YNL251C	NRD1
YGL173C	XRN1
YLR467W	YRF1-5
YGL078C	DBP3
YCL036W	GFD2
YOR361C	PRT1
YNL227C	JJJ1
YNL004W	HRB1
YGL064C	MRH4
YKR086W	PRP16
YGR222W	PET54
YOR242C	SSP2
YJL208C	NUC1
YBL111C	
YDL051W	LHP1
YHR127W	
YHR167W	THP2
YNR038W	DBP6
YNL175C	NOP13
YDR037W	KRS1
YDL175C	AIR2
YPL167C	REV3
YFL002C	SPB4
YDL209C	CWC2
YPL178W	CBC2
YER171W	RAD3
YFR023W	PES4
YLR398C	SKI2
YPR042C	PUF2
YDR404C	RPB7
YLR105C	SEN2
YNR054C	ESF2
YBR167C	POP7
YNL110C	NOP15
YNL262W	POL2
YNL023C	FAP1
YPL043W	NOP4
YKR059W	TIF1
YOR046C	DBP5
YCR087C-A	
YKL011C	CCE1
YPL190C	NAB3
YNL197C	WHI3
YDL030W	PRP9
YBL051C	PIN4
YDL084W	SUB2
YMR229C	RRP5
YNL286W	CUS2
YDR450W	RPS18A
YLR298C	YHC1
YHR019C	DED81
YGR072W	UPF3
YGL044C	RNA15
YNL255C	GIS2
YOL021C	DIS3
YDR323C	PEP7
YOR319W	HSH49
YBR233W	PBP2
YER068W	MOT2
YAR008W	SEN34
YPL104W	MSD1
YHR040W	BCD1
YDR138W	HPR1
YML117W	NAB6
YCR024C	SLM5
YNR011C	PRP2
YNL112W	DBP2
YDL048C	STP4
YMR190C	SGS1
YNL073W	MSK1
YLL018C	DPS1
YHL024W	RIM4
YDR301W	CFT1
YKL059C	MPE1
YPR163C	TIF3
YGL171W	ROK1
YDR140W	MTQ2
YDR381W	YRA1
YJL080C	SCP160
YJR091C	JSN1
YDL167C	NRP1
YGL043W	DST1
YJL138C	TIF2
YGR280C	PXR1
YNL081C	SWS2
YFR032C	RRT5
YNL339C	YRF1-6
YJL033W	HCA4
YMR128W	ECM16
YDR049W	VMS1
YDR021W	FAL1
YHR218W	
YDR194C	MSS116
YPL283C	YRF1-7
YNL139C	THO2
YNL016W	PUB1
YIR009W	MSL1
YOL080C	REX4
YMR153W	NUP53
YGL251C	HFM1
YHL050C	
YLR005W	SSL1
YDL224C	WHI4
YMR234W	RNH1
YDL102W	POL3
YDL043C	PRP11
YOL123W	HRP1
YLR107W	REX3
YOR077W	RTS2
YKL078W	DHR2
YOR396W	YRF1-8
YER165W	PAB1
YPR015C	
YBR267W	REI1
YBL032W	HEK2
YDL088C	ASM4
YIL061C	SNP1
YLR116W	MSL5
YLR059C	REX2
YDR429C	TIF35
YOL041C	NOP12
YDR088C	SLU7
YML062C	MFT1
YOR148C	SPP2
YPL008W	CHL1
YPL119C	DBP1
YDR052C	DBF4
YIR005W	IST3
