YNL102W	POL1
YPL059W	GRX5
YBR014C	GRX7
YLR304C	ACO1
YPL202C	AFT2
YDL010W	GRX6
YDL171C	GLT1
YOR196C	LIP5
YHR164C	DNA2
YOL043C	NTG2
YBR163W	EXO5
YGL009C	LEU1
YGR286C	BIO2
YPL135W	ISU1
YKL040C	NFU1
YJR016C	ILV3
YOR226C	ISU2
YJR137C	MET5
YPL167C	REV3
YER171W	RAD3
YKR071C	DRE2
YNL262W	POL2
YNL240C	NAR1
YJL200C	ACO2
YPL252C	YAH1
YLL041C	SDH2
YPL207W	TYW1
YEL024W	RIP1
YPL086C	ELP3
YDR234W	LYS4
YOR356W	CIR2
YGL091C	NBP35
YDR098C	GRX3
YCL017C	NFS1
YDL102W	POL3
YKL045W	PRI2
YER174C	GRX4
YGL220W	
YLL027W	ISA1
YIL003W	CFD1
