YDR018C	
YFR027W	ECO1
YDR232W	HEM1
YDR125C	ECM18
YOL003C	PFA4
YGL017W	ATE1
YNL277W	MET2
YBR042C	CST26
YKR038C	KAE1
YGR274C	TAF1
YEL066W	HPA3
YBR177C	EHT1
YGR149W	GPC1
YPR051W	MAK3
YLL063C	AYT1
YAR035W	YAT1
YGL084C	GUP1
YDR264C	AKR1
YGR177C	ATF2
YDL052C	SLC1
YFR018C	
YLR099C	ICT1
YDL104C	QRI7
YGR252W	GCN5
YPL189W	GUP2
YNL071W	LAT1
YOR253W	NAT5
YLR246W	ERF2
YER061C	CEM1
YPL231W	FAS2
YDR148C	KGD2
YPR193C	HPA2
YPL001W	HAT1
YOR175C	ALE1
YNR019W	ARE2
YMR210W	MGL2
YNR008W	LRO1
YLR299W	ECM38
YDR071C	PAA1
YOR245C	DGA1
YLR195C	NMT1
YPR131C	NAT3
YLR239C	LIP2
YOR298W	MUM3
YGR147C	NAT2
YML042W	CAT2
YIL160C	POT1
YER024W	YAT2
YCR048W	ARE1
YML126C	ERG13
YFL017C	GNA1
YNL326C	PFA3
YDR126W	SWF1
YOR034C	AKR2
YBL052C	SAS3
YGR212W	SLI1
YPL086C	ELP3
YOR221C	MCT1
YDR062W	LCB2
YHR013C	ARD1
YOR377W	ATF1
YMR069W	NAT4
YJL218W	
YBL011W	SCT1
YJL091C	GWT1
YJL071W	ARG2
YPL095C	EEB1
YNL132W	KRE33
YMR062C	ARG7
YGR193C	PDX1
YPR140W	TAZ1
YMR127C	SAS2
YMR296C	LCB1
YDR459C	PFA5
YKR067W	GPT2
YGL232W	TAN1
YPL028W	ERG10
