YKL103C	
YMR290C	HAS1
YLR025W	SNF7
YER172C	BRR2
YPL240C	HSP82
YNL246W	VPS75
YKL172W	EBP2
YAL019W	FUN30
YIL144W	
YDR060W	MAK21
YKR048C	NAP1
YLL036C	PRP19
YKR072C	SIS2
YPL248C	GAL4
YNR051C	BRE5
YJR002W	MPP10
YDR057W	YOS9
YCR005C	CIT2
YCL028W	RNQ1
YHR079C	IRE1
YIR019C	
YBR085W	AAC3
YCR086W	CSM1
YNL206C	RTT106
YGR188C	BUB1
YDR294C	DPL1
YKL041W	VPS24
YPR124W	CTR1
YFR044C	DUG1
YDR284C	DPP1
YLR404W	
YER070W	RNR1
YBL007C	SLA1
YDR432W	NPL3
YDL031W	DBP10
YDL116W	NUP84
YER111C	SWI4
YLL001W	DNM1
YLR362W	STE11
YIL105C	SLM1
YBR034C	HMT1
YGL106W	MLC1
YLR186W	EMG1
YPR135W	CTF4
YJR021C	REC107
YBL039C	URA7
YGL115W	SNF4
YPR173C	VPS4
YLL026W	HSP104
YDR385W	EFT2
YMR312W	ELP6
YER166W	DNF1
YMR236W	TAF9
YPL063W	TIM50
YIL074C	SER33
YBR281C	DUG2
YML008C	ERG6
YMR109W	MYO5
YNL272C	SEC2
YDR477W	SNF1
YMR004W	MVP1
YKL154W	SRP102
YMR159C	ATG16
YLR324W	PEX30
YFR024C-A	LSB3
YDL100C	GET3
YNR016C	ACC1
YMR168C	CEP3
YNL021W	HDA1
YOL012C	HTZ1
YFL008W	SMC1
YDL220C	CDC13
YDL099W	BUG1
YBR077C	SLM4
YOL013C	HRD1
YPR193C	HPA2
YOR035C	SHE4
YML028W	TSA1
YOR007C	SGT2
YKL088W	CAB3
YDR394W	RPT3
YOR361C	PRT1
YJL074C	SMC3
YLR432W	IMD3
YBR072W	HSP26
YMR205C	PFK2
YMR047C	NUP116
YMR261C	TPS3
YOL004W	SIN3
YDR032C	PST2
YDR172W	SUP35
YMR117C	SPC24
YLR438W	CAR2
YLR270W	DCS1
YOR153W	PDR5
YBR296C	PHO89
YOR054C	VHS3
YFR001W	LOC1
YGL047W	ALG13
YBL016W	FUS3
YDR229W	IVY1
YLR211C	ATG38
YHR171W	ATG7
YDL153C	SAS10
Q0130	OLI1
YDR510W	SMT3
YGR240C	PFK1
YLR328W	NMA1
YFL039C	ACT1
YLR245C	CDD1
YJR103W	URA8
YML121W	GTR1
YPL043W	NOP4
YNL088W	TOP2
YLR384C	IKI3
YPL101W	ELP4
YLR263W	RED1
YHR052W	CIC1
YDR145W	TAF12
YGL112C	TAF6
YDR449C	UTP6
YGR024C	THG1
YER023W	PRO3
YNL051W	COG5
YLR258W	GSY2
YJR076C	CDC11
YDL074C	BRE1
YNL271C	BNI1
YGL198W	YIP4
YJR143C	PMT4
YML120C	NDI1
YDL126C	CDC48
YNL138W	SRV2
YBR198C	TAF5
YBL008W	HIR1
YOR133W	EFT1
YLR350W	ORM2
YDR100W	TVP15
YIL046W	MET30
YGR113W	DAM1
YOR269W	PAC1
YHR013C	ARD1
YNL231C	PDR16
YER095W	RAD51
YGR119C	NUP57
YHR158C	KEL1
YML029W	USA1
YEL013W	VAC8
YDR388W	RVS167
YJL033W	HCA4
YOL086C	ADH1
YDR141C	DOP1
YMR032W	HOF1
YLR442C	SIR3
YEL009C	GCN4
YLR386W	VAC14
YPL124W	SPC29
YNL172W	APC1
YIL033C	BCY1
YMR153W	NUP53
YML067C	ERV41
YBR088C	POL30
YGL172W	NUP49
YHR187W	IKI1
YML051W	GAL80
YDL017W	CDC7
YHR111W	UBA4
YKL078W	DHR2
YNL161W	CBK1
YGL175C	SAE2
YDR167W	TAF10
YPL204W	HRR25
YCR030C	SYP1
YDL120W	YFH1
YDR379W	RGA2
YOR257W	CDC31
YBR260C	RGD1
YKL057C	NUP120
YOL140W	ARG8
