YNL030W	HHF2
YOR230W	WTM1
YLR272C	YCS4
YIL126W	STH1
YDL139C	SCM3
YNL246W	VPS75
YBR160W	CDC28
YMR075W	RCO1
YKR048C	NAP1
YNL169C	PSD1
YER161C	SPT2
YJL176C	SWI3
YOR229W	WTM2
YNL206C	RTT106
YDL070W	BDF2
YGR270W	YTA7
YML069W	POB3
YER030W	CHZ1
YOR213C	SAS5
YBR009C	HHF1
YBR135W	CKS1
YDR485C	VPS72
YPL129W	TAF14
YPL001W	HAT1
YGL207W	SPT16
YER164W	CHD1
YDR334W	SWR1
YGR116W	SPT6
YGL150C	INO80
YJL081C	ARP4
YBR175W	SWD3
YNL107W	YAF9
YNL216W	RAP1
YPR018W	RLF2
YPL139C	UME1
YBR195C	MSI1
YBL052C	SAS3
YML102W	CAC2
YDR440W	DOT1
YCR084C	TUP1
YEL056W	HAT2
YFR037C	RSC8
YJL115W	ASF1
YMR127C	SAS2
YOR290C	SNF2
YOR244W	ESA1
YLL022C	HIF1
YDR217C	RAD9
