Gene ID	V.polysp	T.phaffi	T.blatta	N.dairen	N.castel	K.nagani	K.africa	C.glabra	S.uvarum	S.kudria	S.mikata	S.cerevi	Z.rouxii	T.delbru	K.lactis	E.gossyp	E.cymbal	L.kluyve	L.thermo	L.waltii
YJL133W	P	S	P	P	P	P	P	P	P	P	P	P	P	P	P	P	P	P	P	P
YDR470C	S	S	S	S	S	S	S	S	S	S	S	S	P	P	P	P	P	P	P	P
YJL133W	P	S	P	P	P	P	P	P	P	P	P	P	P	P	P	P	P	P	P	P
YBR104W	P	P	P	P	P	P	P	P	P	P	P	P	P	P	P	L	L	P	P	P
YNL003C	S	S	S	S	S	S	S	S	S	S	S	S	P	P	P	P	P	P	P	P
YHR002W	S	S	S	S	S	S	S	S	S	S	S	S	P	P	P	P	P	P	P	P
YIL134W	S	S	S	S	S	S	S	S	S	S	S	S	P	P	P	P	P	P	P	P
YOR130C	S	S	S	P	P	P	D	S	S	S	S	S	P	P	P	P	P	P	P	P
YDL119C	S	S	S	S	S	S	S	S	S	S	S	S	P	P	P	P	P	P	P	P
YGR096W	S	S	S	S	S	S	S	S	S	S	S	S	P	P	P	P	P	P	P	P
YJR095W	S	S	S	S	S	S	S	S	S	S	S	S	P	P	P	P	P	P	P	P
YFR045W	S	S	S	S	S	S	S	S	S	S	S	S	P	P	P	P	P	P	P	P
YOR100C	S	S	S	S	S	S	S	S	S	S	S	S	P	P	P	P	P	P	P	P
YGR257C	S	S	S	S	S	S	S	S	S	S	S	S	P	P	P	P	P	P	P	P
YMR241W	S	S	S	S	S	S	S	S	S	S	S	S	P	P	P	P	P	P	P	P
YER053C	S	S	S	S	S	S	S	D	S	S	S	S	P	P	L	L	L	P	P	P
YEL006W	S	S	S	S	S	S	S	S	P	P	P	P	P	P	P	P	P	P	P	P
YBR192W	S	S	S	S	S	S	S	S	S	S	S	S	P	P	P	P	P	P	P	P
YOR222W	S	S	S	S	S	S	P	S	P	P	P	P	P	P	P	P	P	P	P	P
YJR077C	S	S	S	S	S	S	S	S	S	S	S	S	P	P	P	P	P	P	P	P
YOR222W	S	S	S	S	S	S	P	S	P	P	P	P	P	P	P	P	P	P	P	P
YBR291C	S	S	S	S	S	S	S	S	S	S	S	S	P	P	P	P	P	P	P	P
YKL120W	S	S	S	S	S	S	S	S	S	S	S	S	P	P	P	P	P	P	P	P
YPR011C	S	S	D	D	D	S	S	S	S	S	S	S	P	P	P	P	P	P	P	P
YBR104W	P	P	P	P	P	P	P	P	P	P	P	P	P	P	P	L	L	P	P	P
YBL030C	S	S	S	P	P	S	S	S	P	P	P	P	P	P	P	P	P	P	P	P
YPR128C	S	S	D	S	S	S	S	S	S	S	S	S	P	P	P	P	P	P	P	P
YMR056C	S	S	D	S	S	S	S	D	S	S	S	S	P	P	L	L	L	L	L	L
YLR348C	S	S	S	S	S	S	S	S	S	S	S	S	P	P	L	L	L	P	L	L
YDL198C	S	S	S	S	S	S	S	S	S	S	S	S	P	P	P	P	P	P	P	P
