Gene ID	V.polysp	T.phaffi	T.blatta	N.dairen	N.castel	K.nagani	K.africa	C.glabra	S.uvarum	S.kudria	S.mikata	S.cerevi	Z.rouxii	T.delbru	K.lactis	E.gossyp	E.cymbal	L.kluyve	L.thermo	L.waltii
YLL021W	P	P	S	P	P	P	P	P	P	P	P	P	P	P	P	P	P	P	P	P
YMR200W	S	S	S	S	S	S	S	S	S	S	S	S	P	P	P	P	P	P	P	P
YER149C	S	S	S	S	S	S	S	S	S	S	S	S	P	P	P	P	P	P	P	P
YIL105C	S	P	P	S	S	P	P	P	P	P	P	P	P	P	P	P	P	P	P	P
YBR270C	S	S	S	P	P	S	S	S	P	P	P	P	P	P	P	P	P	P	P	P
YER093C	S	S	S	S	S	S	S	S	S	S	S	S	P	P	P	P	P	P	P	P
YIL118W	S	S	S	S	S	S	S	S	S	S	S	S	P	P	P	P	P	P	P	P
YJR066W	S	S	S	P	P	P	P	P	P	P	P	P	P	P	P	P	P	P	P	P
YLR319C	S	S	S	S	S	S	S	S	S	S	S	S	P	P	P	P	P	P	P	P
YNL293W	P	P	P	P	P	P	P	S	P	P	P	P	P	P	P	P	L	P	P	P
YNL006W	S	S	S	S	S	S	S	S	S	S	S	S	P	P	P	P	P	P	P	P
YIL135C	P	P	S	P	P	P	S	S	P	P	P	P	P	P	P	P	P	P	P	P
YMR068W	S	S	S	P	P	S	P	S	S	S	S	S	P	P	P	P	P	P	P	P
YOL078W	S	S	S	S	S	S	S	S	S	S	S	S	P	P	P	P	P	P	P	P
YAR014C	S	S	P	S	S	S	S	S	S	S	S	S	P	P	P	P	P	P	P	P
YNL293W	P	P	P	P	P	P	P	S	P	P	P	P	P	P	P	P	L	P	P	P
YIL135C	P	P	S	P	P	P	S	S	P	P	P	P	P	P	P	P	P	P	P	P
YNL271C	S	S	S	S	S	S	S	S	S	S	S	S	P	P	P	P	P	P	P	P
YIL105C	S	P	P	S	S	P	P	P	P	P	P	P	P	P	P	P	P	P	P	P
YIL041W	P	P	P	S	S	S	S	S	S	S	S	S	P	P	P	P	P	P	P	P
YNL161W	S	S	S	S	S	S	S	S	S	S	S	S	P	P	P	P	P	P	P	P
