Gene ID	V.polysp	T.phaffi	T.blatta	N.dairen	N.castel	K.nagani	K.africa	C.glabra	S.uvarum	S.kudria	S.mikata	S.cerevi	Z.rouxii	T.delbru	K.lactis	E.gossyp	E.cymbal	L.kluyve	L.thermo	L.waltii
YBL055C	S	S	S	S	S	S	S	S	S	S	S	S	P	P	P	P	P	P	P	P
YIL010W	S	S	S	S	S	S	S	S	S	S	S	S	P	P	P	P	P	P	P	P
YNL099C	S	S	S	S	S	S	S	S	S	S	S	S	P	P	P	P	P	P	P	P
YBR140C	P	P	S	P	P	P	P	P	P	P	P	P	P	P	P	P	P	P	P	P
YBL022C	S	S	S	S	S	S	S	S	S	S	S	S	P	P	P	P	P	P	P	P
YDR533C	D	D	D	D	D	D	D	D	P	S	S	S	L	L	L	L	L	L	L	L
YKL143W	S	S	S	S	S	S	S	S	S	S	S	S	P	P	P	P	P	P	P	P
YDR368W	S	S	S	P	P	S	S	P	P	P	P	P	P	P	L	P	L	P	P	P
YJR100C	S	S	S	S	S	S	S	S	S	S	S	S	P	P	P	L	L	P	P	P
YPL059W	S	S	S	P	P	S	S	S	S	S	S	S	P	P	P	P	P	P	P	P
YBR244W	P	P	D	S	S	S	S	S	S	S	S	S	P	P	P	P	P	P	P	P
YER064C	S	S	S	P	P	P	P	P	P	P	P	P	P	P	P	P	P	P	P	P
YPL091W	P	S	S	S	S	S	S	S	S	S	S	S	P	P	P	P	P	P	P	P
YBR014C	S	S	S	S	S	S	S	S	P	P	P	P	P	P	P	P	P	P	P	P
YGR097W	P	P	P	P	S	S	P	P	P	P	P	P	P	P	P	P	L	P	P	P
YDR353W	P	P	S	P	P	S	S	P	P	P	P	P	P	P	P	P	P	P	P	P
YCL035C	P	P	P	P	P	P	S	S	P	P	P	P	P	P	P	P	P	P	P	P
YNL080C	S	S	S	S	S	S	S	S	S	S	S	S	P	P	P	P	P	P	P	P
YCL026C-B	S	S	S	S	S	S	D	D	S	S	S	S	L	L	L	L	L	L	L	L
YBR216C	P	P	P	P	P	P	P	P	P	P	P	P	P	P	P	P	P	P	P	P
YGR029W	S	S	S	S	P	P	P	S	S	S	S	S	P	P	P	P	P	P	P	P
YGL071W	S	S	S	P	P	P	P	P	P	P	P	P	P	P	P	P	P	P	P	P
YFR014C	S	S	S	P	P	P	P	P	P	P	P	P	P	P	P	P	P	P	P	P
YCR083W	S	S	S	S	S	S	S	S	S	S	S	S	P	P	P	P	P	P	P	P
YKL086W	S	S	S	S	S	D	S	S	S	S	S	S	P	P	P	P	P	P	P	P
YBR014C	S	S	S	S	S	S	S	S	P	P	P	P	P	P	P	P	P	P	P	P
YBL064C	D	D	D	S	S	D	D	S	S	S	S	S	P	P	P	P	P	P	P	P
YKL116C	S	S	S	S	S	S	S	S	S	S	S	S	P	P	P	P	P	P	P	P
YEL052W	S	S	S	S	S	S	S	S	S	S	S	S	P	P	P	P	P	P	P	P
YKR066C	S	S	S	S	S	S	S	S	S	S	S	S	P	P	P	L	L	P	P	P
YPL196W	S	S	S	S	S	S	S	S	S	S	S	S	P	P	P	P	P	P	P	P
YCL026C-A	S	S	S	S	S	S	S	P	S	S	S	S	P	P	P	L	L	P	P	P
YFL014W	S	S	D	S	S	S	S	S	S	S	S	S	P	P	P	P	L	P	P	P
YNL036W	S	S	S	S	S	S	S	S	S	S	S	S	P	P	P	P	P	P	P	P
YGR043C	P	P	S	P	P	P	P	P	P	P	P	P	P	P	P	P	P	P	P	P
YGL158W	S	S	P	P	P	P	P	P	P	P	P	P	P	P	P	P	P	P	P	P
YBR126C	S	S	S	P	P	S	S	S	S	S	S	S	P	P	P	P	P	P	P	P
YJR096W	S	D	D	D	S	S	S	S	S	S	S	S	P	P	P	L	L	P	P	P
YDR296W	S	S	S	S	S	S	S	S	S	S	S	S	P	P	P	P	P	P	P	P
YLR113W	S	S	S	S	S	S	S	S	S	S	S	S	P	P	P	P	P	P	P	P
YDL124W	S	D	S	S	S	S	S	S	S	S	S	S	P	L	P	L	P	P	L	L
YKL069W	S	S	S	S	S	S	S	S	S	D	D	S	P	P	P	P	P	P	P	P
YIR037W	D	D	S	D	S	S	S	S	P	P	P	P	L	L	L	L	L	L	L	L
YDR453C	P	S	S	P	P	S	P	P	P	P	P	P	P	P	P	P	P	P	P	P
YFR014C	S	S	S	P	P	P	P	P	P	P	P	P	P	P	P	P	P	P	P	P
YGR023W	P	P	P	P	P	P	P	P	P	P	P	P	P	P	P	P	P	P	P	P
YDR453C	P	S	S	P	P	S	P	P	P	P	P	P	P	P	P	P	P	P	P	P
YDL166C	S	S	S	S	S	S	S	S	S	S	S	S	P	P	P	P	P	P	P	P
YLR249W	P	S	S	P	S	S	P	S	P	P	P	P	P	P	P	P	P	P	P	P
YKR071C	S	P	S	S	S	S	P	S	S	S	S	S	P	P	P	P	P	P	P	P
YLR109W	S	S	S	S	S	S	S	S	S	S	S	S	P	P	P	L	L	P	L	L
YCL033C	S	S	S	S	S	S	S	S	S	S	S	S	P	P	P	P	P	P	P	P
YCL035C	P	P	P	P	P	P	S	S	P	P	P	P	P	P	P	P	P	P	P	P
YGR209C	S	P	S	S	S	D	S	S	P	P	P	P	P	P	P	P	P	P	P	P
YJR066W	S	S	S	P	P	P	P	P	P	P	P	P	P	P	P	P	P	P	P	P
YKL150W	S	S	S	S	S	S	S	S	S	S	S	S	P	P	P	P	P	P	P	P
YLR011W	D	D	D	D	D	D	D	D	S	S	S	S	L	L	L	L	L	L	L	L
YAL015C	S	S	S	S	S	S	S	P	P	P	P	P	P	P	P	P	P	P	P	P
YFL039C	P	S	S	S	S	S	S	S	S	S	S	S	P	P	P	P	P	P	P	P
YIL008W	S	S	S	S	S	S	S	S	S	S	S	S	P	P	P	P	P	P	P	P
YDL047W	S	S	S	S	S	S	S	S	S	S	S	S	P	P	P	P	P	P	P	P
YBR216C	P	P	P	P	P	P	P	P	P	P	P	P	P	P	P	P	P	P	P	P
YIL101C	P	P	S	P	P	P	P	S	S	S	S	S	P	P	P	P	P	P	P	P
YMR250W	D	D	D	S	S	S	S	S	S	S	S	S	P	P	P	L	L	P	P	P
YBR006W	S	D	S	S	S	S	S	S	S	S	S	S	P	P	P	P	P	P	P	P
YOR297C	S	S	S	S	S	S	S	S	S	S	S	S	P	P	P	P	P	P	P	P
YDL101C	S	S	S	S	S	S	S	S	S	S	S	S	P	P	P	P	P	P	P	P
YMR176W	D	S	S	S	S	S	S	D	S	S	S	S	P	L	P	P	L	P	P	P
YNL259C	S	S	D	S	S	S	S	S	S	S	S	S	P	P	P	P	P	P	P	P
YPL239W	S	S	S	S	S	S	S	S	S	S	S	S	P	P	P	P	P	P	P	P
YHR104W	D	S	D	S	S	D	D	S	S	S	S	S	P	P	P	P	P	P	P	P
YDR346C	P	P	P	S	S	S	S	S	S	S	S	S	P	P	P	P	P	P	P	P
YMR291W	P	P	S	S	S	S	S	S	S	S	S	S	P	P	P	P	P	P	P	P
YKL056C	S	S	S	S	S	S	S	S	S	S	S	S	P	P	P	P	P	P	P	P
YPL188W	S	S	S	S	S	S	S	S	S	S	S	S	P	P	P	P	P	P	P	P
YDR368W	S	S	S	P	P	S	S	P	P	P	P	P	P	P	L	P	L	P	P	P
YGL158W	S	S	P	P	P	P	P	P	P	P	P	P	P	P	P	P	P	P	P	P
YCR065W	S	S	P	P	S	P	P	S	S	S	S	S	P	P	P	P	P	P	P	P
YDR538W	D	D	D	D	D	D	D	D	S	S	S	S	L	L	L	L	L	L	L	L
YGR209C	S	P	S	S	S	D	S	S	P	P	P	P	P	P	P	P	P	P	P	P
YOR351C	S	S	S	S	S	S	S	S	S	S	S	S	P	P	P	P	L	P	P	P
YIR037W	D	D	S	D	S	S	S	S	P	P	P	P	L	L	L	L	L	L	L	L
YDR353W	P	P	S	P	P	S	S	P	P	P	P	P	P	P	P	P	P	P	P	P
YBR046C	D	S	D	S	S	D	S	S	S	S	S	S	P	P	P	P	L	P	P	P
YDR098C	S	P	S	P	P	P	P	P	P	P	P	P	P	P	P	P	P	P	P	P
YGR234W	S	S	P	S	S	S	S	S	S	D	S	S	P	P	P	L	L	P	P	P
YBR024W	S	S	P	P	P	P	P	P	P	P	P	P	P	P	P	P	P	P	P	P
YJR104C	P	P	S	S	S	S	S	S	S	S	S	S	P	P	P	P	P	P	P	P
YDR098C	S	P	S	P	P	P	P	P	P	P	P	P	P	P	P	P	P	P	P	P
YGR256W	S	S	S	S	S	S	P	S	P	P	S	P	P	P	P	P	P	P	P	P
YHR111W	S	S	S	S	S	S	S	S	S	S	S	S	P	P	P	P	P	P	P	P
YPR048W	S	S	S	S	S	S	S	S	S	S	S	S	P	P	P	P	P	P	P	P
YML086C	S	S	S	S	S	S	S	S	S	S	S	S	P	P	P	P	P	P	P	P
YER042W	S	S	S	S	S	S	S	S	S	S	S	S	P	P	P	P	P	P	P	P
YDL120W	S	S	S	P	P	S	S	S	S	S	S	S	P	P	P	P	P	P	P	P
YMR173W	D	D	P	S	S	S	S	S	S	S	S	S	P	P	P	P	P	P	P	P
YBR024W	S	S	P	P	P	P	P	P	P	P	P	P	P	P	P	P	P	P	P	P
