Gene ID	V.polysp	T.phaffi	T.blatta	N.dairen	N.castel	K.nagani	K.africa	C.glabra	S.uvarum	S.kudria	S.mikata	S.cerevi	Z.rouxii	T.delbru	K.lactis	E.gossyp	E.cymbal	L.kluyve	L.thermo	L.waltii
YDR523C	S	S	S	S	S	S	S	S	S	S	S	S	P	P	P	P	P	P	P	P
YOR231W	S	S	S	S	P	S	S	S	P	P	P	P	P	P	P	P	P	P	P	P
YFR036W	D	S	S	S	S	D	D	S	S	S	S	S	P	P	P	P	P	P	P	P
YKR072C	P	P	S	P	P	S	P	P	P	P	P	P	P	P	P	P	P	P	P	P
YPL042C	S	S	S	S	S	S	S	S	S	S	S	S	P	P	P	P	P	P	P	P
YOR231W	S	S	S	S	P	S	S	S	P	P	P	P	P	P	P	P	P	P	P	P
YDR099W	P	S	P	P	P	P	P	P	P	P	P	P	P	P	P	P	P	P	P	P
YGL240W	S	S	S	S	S	S	S	S	S	S	S	S	P	P	P	P	P	P	P	P
YDR253C	S	P	P	P	P	P	P	P	P	P	P	P	P	P	P	P	P	P	P	P
YDR118W	S	S	S	S	S	S	S	S	S	S	S	S	P	P	P	P	P	P	P	P
YLR362W	S	S	S	S	S	S	S	S	S	S	S	S	P	P	P	P	P	P	P	P
YKL022C	S	S	S	S	S	S	S	S	S	S	S	S	P	P	P	P	P	P	P	P
YNL298W	S	S	S	S	P	S	S	P	P	P	P	P	P	P	P	P	P	P	P	P
YLR187W	S	S	S	P	P	P	P	S	P	P	P	P	P	P	P	P	P	P	P	P
YGL003C	S	S	S	S	S	S	S	S	S	S	S	S	P	P	P	P	P	P	P	P
YBR135W	S	S	S	S	S	S	S	S	S	S	S	S	P	P	P	P	P	P	P	P
YHR166C	S	S	S	S	S	S	S	S	S	S	S	S	P	P	P	P	P	P	P	P
YBL084C	S	S	S	S	S	S	S	S	S	S	S	S	P	P	P	P	P	P	P	P
YJL095W	S	S	S	S	S	S	S	S	S	S	S	S	P	P	P	P	P	P	P	P
YIR025W	S	S	S	S	S	S	D	S	S	S	S	S	P	P	P	P	P	P	P	P
YER133W	S	S	S	S	S	S	S	S	S	S	S	S	P	P	P	P	P	P	P	P
YDL159W	S	S	S	S	S	S	S	S	S	S	S	S	P	P	P	P	P	P	P	P
YCR073C	S	S	S	S	P	P	P	S	P	P	P	P	P	P	P	P	P	P	P	P
YHR102W	S	S	P	S	S	S	S	S	S	S	S	S	P	P	P	P	P	P	P	P
YDR099W	P	S	P	P	P	P	P	P	P	P	P	P	P	P	P	P	P	P	P	P
YFL029C	S	S	S	S	S	S	S	S	S	S	S	S	P	P	P	P	P	P	P	P
YLR102C	S	S	S	S	S	S	S	S	S	S	S	S	P	P	P	P	P	P	P	P
YCR073C	S	S	S	S	P	P	P	S	P	P	P	P	P	P	P	P	P	P	P	P
YOR249C	S	S	S	S	S	S	S	S	S	S	S	S	P	P	P	P	P	P	P	P
YGL116W	S	S	S	S	S	S	S	S	S	S	S	S	P	P	P	P	P	P	P	P
YLR127C	S	S	S	S	S	S	S	S	S	S	S	S	P	P	P	P	P	P	P	P
YDL008W	S	S	S	S	S	S	S	S	S	S	S	S	P	P	P	P	P	P	P	P
YIL046W	S	S	S	S	S	S	S	S	S	S	S	S	P	P	P	P	P	P	P	P
YOL133W	S	S	S	S	S	S	S	S	S	S	S	S	P	P	P	P	P	P	P	P
YDR054C	S	S	S	P	P	P	S	S	S	S	S	S	P	P	P	P	P	P	P	P
YHR030C	S	P	P	P	P	S	P	S	P	P	S	P	P	P	P	P	P	P	P	P
YDR328C	S	S	S	S	S	S	S	S	S	S	S	S	P	P	P	P	P	P	P	P
YNL172W	S	S	S	S	S	S	S	S	S	S	S	S	P	P	P	P	P	P	P	P
YGR229C	S	S	S	S	S	S	S	S	S	S	S	S	P	P	P	P	P	P	P	P
YDR260C	S	S	S	S	S	S	D	S	S	S	S	S	P	P	P	P	P	P	P	P
YDL132W	S	S	S	S	S	S	S	S	S	S	S	S	P	P	P	P	P	P	P	P
YLR187W	S	S	S	P	P	P	P	S	P	P	P	P	P	P	P	P	P	P	P	P
YJL128C	P	P	S	S	S	S	S	S	S	S	S	S	P	P	P	P	P	P	P	P
