Gene ID	V.polysp	T.phaffi	T.blatta	N.dairen	N.castel	K.nagani	K.africa	C.glabra	S.uvarum	S.kudria	S.mikata	S.cerevi	Z.rouxii	T.delbru	K.lactis	E.gossyp	E.cymbal	L.kluyve	L.thermo	L.waltii
YIL010W	S	S	S	S	S	S	S	S	S	S	S	S	P	P	P	P	P	P	P	P
YBR244W	P	P	D	S	S	S	S	S	S	S	S	S	P	P	P	P	P	P	P	P
YPL091W	P	S	S	S	S	S	S	S	S	S	S	S	P	P	P	P	P	P	P	P
YBR014C	S	S	S	S	S	S	S	S	P	P	P	P	P	P	P	P	P	P	P	P
YNL229C	S	S	S	S	S	P	S	S	S	S	S	S	P	P	P	P	P	P	P	P
YCL035C	P	P	P	P	P	P	S	S	P	P	P	P	P	P	P	P	P	P	P	P
YKL086W	S	S	S	S	S	D	S	S	S	S	S	S	P	P	P	P	P	P	P	P
YBR014C	S	S	S	S	S	S	S	S	P	P	P	P	P	P	P	P	P	P	P	P
YBL064C	D	D	D	S	S	D	D	S	S	S	S	S	P	P	P	P	P	P	P	P
YKR066C	S	S	S	S	S	S	S	S	S	S	S	S	P	P	P	L	L	P	P	P
YIR037W	D	D	S	D	S	S	S	S	P	P	P	P	L	L	L	L	L	L	L	L
YDR453C	P	S	S	P	P	S	P	P	P	P	P	P	P	P	P	P	P	P	P	P
YDR453C	P	S	S	P	P	S	P	P	P	P	P	P	P	P	P	P	P	P	P	P
YLR109W	S	S	S	S	S	S	S	S	S	S	S	S	P	P	P	L	L	P	L	L
YLR364W	S	S	S	S	S	S	S	S	S	S	S	S	P	P	P	P	P	P	P	P
YCL035C	P	P	P	P	P	P	S	S	P	P	P	P	P	P	P	P	P	P	P	P
YDR256C	S	S	S	S	S	S	S	S	S	S	S	S	P	P	P	P	P	P	P	P
YKR076W	S	S	D	S	S	S	S	S	S	S	S	S	P	P	P	L	L	P	P	P
YHR008C	S	S	S	S	S	S	S	S	S	S	S	S	P	P	P	P	P	P	P	P
YGR154C	D	D	D	D	D	D	D	D	D	S	D	S	L	L	L	L	L	L	L	L
YIR038C	D	D	D	D	D	D	D	D	D	D	D	S	L	L	L	L	L	L	L	L
YIR037W	D	D	S	D	S	S	S	S	P	P	P	P	L	L	L	L	L	L	L	L
YGR088W	S	S	D	S	S	D	D	D	S	S	S	S	P	P	P	L	L	P	P	P
YJR111C	S	S	S	P	P	S	S	S	S	S	S	S	P	P	P	P	P	P	P	P
