Gene ID	V.polysp	T.phaffi	T.blatta	N.dairen	N.castel	K.nagani	K.africa	C.glabra	S.uvarum	S.kudria	S.mikata	S.cerevi	Z.rouxii	T.delbru	K.lactis	E.gossyp	E.cymbal	L.kluyve	L.thermo	L.waltii
YJL062W-A	S	S	S	S	S	S	S	S	S	S	S	S	P	P	P	P	P	P	P	P
YCR060W	S	S	S	S	S	S	S	S	S	S	S	S	L	P	P	P	P	P	L	L
YMR186W	S	S	S	S	S	S	S	S	P	P	P	P	P	P	P	P	P	P	P	P
YNL310C	S	S	S	S	S	S	S	S	S	S	S	S	P	P	P	P	P	P	P	P
YML129C	S	S	S	S	S	S	S	S	S	S	S	S	P	P	P	P	P	L	P	P
YDR168W	S	S	S	S	S	S	S	S	S	S	S	S	P	P	P	P	P	P	P	P
YEL030W	P	S	S	S	S	S	S	P	P	P	P	P	P	P	P	P	P	P	P	P
YDL065C	S	S	S	S	S	S	S	S	S	S	S	S	P	P	P	P	P	P	P	P
YOR057W	S	S	S	S	S	S	S	S	S	S	S	S	P	P	P	P	P	P	P	P
YKL134C	S	S	S	S	S	S	S	S	S	S	S	S	P	P	P	P	P	P	P	P
YDR258C	S	S	S	S	S	S	S	S	S	S	S	S	P	P	P	P	P	P	P	P
YLR259C	S	S	S	S	S	S	S	S	S	S	S	S	P	P	P	P	P	P	P	P
YDR453C	P	S	S	P	P	S	P	P	P	P	P	P	P	P	P	P	P	P	P	P
YDR173C	S	S	S	S	S	S	S	S	S	S	S	S	P	P	P	P	P	P	P	P
YPL215W	S	S	S	S	S	S	S	S	S	S	S	S	P	P	P	P	P	P	P	P
YDR453C	P	S	S	P	P	S	P	P	P	P	P	P	P	P	P	P	P	P	P	P
YER078C	S	S	S	S	S	S	S	S	S	S	S	S	P	P	P	P	P	P	P	P
YFR001W	S	S	S	S	S	S	S	S	S	S	S	S	P	P	P	P	P	P	P	P
YHR034C	S	S	S	S	S	S	S	S	S	S	S	S	P	P	P	P	P	P	P	P
YBR120C	S	S	S	S	S	S	S	S	S	S	S	S	P	P	P	P	P	P	P	P
YGR231C	S	S	S	S	S	S	S	S	S	S	S	S	P	P	P	P	L	P	P	P
YJR136C	S	S	S	S	S	S	S	S	S	S	S	S	P	P	P	P	P	P	P	P
YGR099W	S	S	S	S	S	S	S	S	S	S	S	S	P	P	P	P	P	P	P	P
YLR203C	S	S	S	P	P	P	S	S	S	S	S	S	P	P	P	P	P	P	P	P
YGR132C	S	S	S	S	S	S	S	S	S	S	S	S	P	P	P	P	P	P	P	P
YDR190C	S	S	S	S	S	S	S	S	S	S	S	S	P	P	P	P	P	P	P	P
YDR496C	S	S	S	S	S	S	S	S	S	S	S	S	P	P	P	P	P	P	P	P
YPL235W	S	S	S	S	S	S	S	S	S	S	S	S	P	P	P	P	P	P	P	P
YJR104C	P	P	S	S	S	S	S	S	S	S	S	S	P	P	P	P	P	P	P	P
YMR186W	S	S	S	S	S	S	S	S	P	P	P	P	P	P	P	P	P	P	P	P
YKL033W	S	S	S	S	S	S	S	S	S	S	S	S	P	P	P	P	L	P	P	P
