Gene ID	V.polysp	T.phaffi	T.blatta	N.dairen	N.castel	K.nagani	K.africa	C.glabra	S.uvarum	S.kudria	S.mikata	S.cerevi	Z.rouxii	T.delbru	K.lactis	E.gossyp	E.cymbal	L.kluyve	L.thermo	L.waltii
YLL050C	S	S	S	S	S	S	S	S	S	S	S	S	P	P	P	P	P	P	P	P
YBR234C	S	S	S	S	S	S	S	S	S	S	S	S	P	P	P	P	P	P	P	P
YOR181W	S	S	S	S	S	S	S	S	S	S	S	S	P	P	P	P	P	P	P	P
YDR129C	S	S	S	S	S	S	S	S	S	S	S	S	P	P	P	P	P	P	P	P
YLR429W	S	S	P	P	P	S	P	S	S	S	S	S	P	P	P	P	P	P	P	P
YCL034W	S	S	P	S	S	S	S	S	S	S	S	S	P	P	P	P	P	P	P	P
YFR024C-A	S	P	P	P	P	P	P	P	P	P	P	P	P	P	P	P	P	P	P	P
YBR059C	P	P	P	S	S	P	P	P	S	S	S	S	P	P	P	P	P	P	P	P
YKL129C	S	P	P	S	S	S	S	P	P	P	P	P	P	P	P	P	P	P	P	P
YBL007C	S	S	S	S	S	S	S	S	S	S	S	S	P	P	P	P	P	P	P	P
YDL135C	S	S	S	S	S	S	S	S	S	S	S	S	P	P	P	P	P	P	P	P
YAL029C	S	S	S	P	P	P	P	P	P	P	P	P	P	P	P	P	P	P	P	P
YIL118W	S	S	S	S	S	S	S	S	S	S	S	S	P	P	P	P	P	P	P	P
YDL188C	S	P	P	P	P	S	S	S	P	P	P	P	P	P	P	P	P	P	P	P
YLR370C	S	S	S	S	S	S	S	S	S	S	S	S	P	P	P	P	P	P	P	P
YJR065C	S	S	S	S	S	S	S	S	S	S	S	S	P	P	P	P	P	P	P	P
YKL129C	S	P	P	S	S	S	S	P	P	P	P	P	P	P	P	P	P	P	P	P
YOR043W	P	P	P	P	P	S	S	S	S	S	S	S	P	P	P	P	L	P	P	P
YDR153C	P	P	P	S	S	S	S	S	S	S	S	S	P	P	P	P	P	P	P	P
YIL095W	P	P	P	P	P	P	P	P	P	P	P	P	P	P	P	P	P	P	P	P
YBL085W	P	P	P	P	P	P	P	P	P	P	P	P	P	P	P	P	P	P	P	P
YDL161W	S	S	P	S	S	P	P	S	P	P	P	P	P	P	P	P	P	P	P	P
YCR009C	P	P	P	S	S	P	P	S	S	S	S	S	P	P	P	P	P	P	P	P
YNL090W	S	S	S	S	S	S	S	S	S	S	S	S	P	P	P	P	P	P	P	L
YKR055W	S	S	S	S	S	S	S	S	S	S	S	S	P	P	P	P	L	P	P	P
YDR379W	P	P	P	P	S	P	P	P	P	P	P	P	P	P	P	P	P	P	P	P
YJR125C	S	S	P	S	S	S	S	S	S	S	S	S	P	P	P	P	P	P	P	P
YOR367W	S	S	S	S	S	S	S	S	S	S	S	S	P	P	P	P	P	P	P	P
YPR165W	P	S	P	P	P	S	P	S	S	S	S	S	P	P	L	P	P	P	P	P
YIL034C	S	S	S	D	S	S	S	S	S	S	S	S	P	P	P	P	P	P	P	P
YIL138C	S	S	S	S	P	S	S	P	P	P	P	P	P	P	P	P	P	P	P	P
YGR080W	S	S	S	S	S	S	S	S	S	S	S	S	P	P	P	P	P	P	P	P
YBL085W	P	P	P	P	P	P	P	P	P	P	P	P	P	P	P	P	P	P	P	P
YPL242C	S	S	S	S	S	S	S	S	S	S	S	S	P	P	P	P	P	P	P	P
YNL138W	S	S	S	S	S	S	S	S	S	S	S	S	P	P	P	P	P	P	P	P
YDL161W	S	S	P	S	S	P	P	S	P	P	P	P	P	P	P	P	P	P	P	P
YAL029C	S	S	S	P	P	P	P	P	P	P	P	P	P	P	P	P	P	P	P	P
YLL007C	S	S	S	S	S	S	S	S	S	S	S	S	P	P	P	P	L	P	P	P
YLL038C	S	S	S	S	S	S	S	S	S	S	S	S	P	P	P	P	P	P	P	P
YNL084C	S	S	P	S	S	S	S	S	S	S	S	S	P	P	P	P	P	P	P	P
YOR329C	S	S	S	S	S	S	S	S	S	S	S	S	P	P	P	P	P	P	P	P
YDL188C	S	P	P	P	P	S	S	S	P	P	P	P	P	P	P	P	P	P	P	P
YBL105C	S	S	S	S	S	S	S	S	S	S	S	S	P	P	P	P	P	P	P	P
YHR114W	S	S	S	S	S	S	S	S	S	S	S	S	P	P	P	P	P	P	P	P
YIL095W	P	P	P	P	P	P	P	P	P	P	P	P	P	P	P	P	P	P	P	P
YNL032W	S	S	S	S	S	S	S	S	S	D	S	S	P	P	P	P	P	P	P	P
YNL243W	S	S	S	S	S	S	S	S	S	S	S	S	P	P	P	L	L	P	P	P
YDL029W	S	S	S	S	S	D	D	S	S	S	S	S	P	P	P	P	P	P	P	P
YJL128C	P	P	S	S	S	S	S	S	S	S	S	S	P	P	P	P	P	P	P	P
YIL138C	S	S	S	S	P	S	S	P	P	P	P	P	P	P	P	P	P	P	P	P
