Gene ID	V.polysp	T.phaffi	T.blatta	N.dairen	N.castel	K.nagani	K.africa	C.glabra	S.uvarum	S.kudria	S.mikata	S.cerevi	Z.rouxii	T.delbru	K.lactis	E.gossyp	E.cymbal	L.kluyve	L.thermo	L.waltii
YCL040W	P	P	P	P	P	P	P	P	P	P	P	P	P	P	P	P	P	P	P	P
YGR192C	S	S	P	P	P	S	P	S	P	P	P	P	P	P	P	L	L	P	P	P
YAL038W	S	S	S	P	P	P	S	P	P	P	P	P	P	P	P	P	P	P	P	P
YDR050C	S	S	S	S	S	S	S	S	S	S	S	S	P	P	P	P	P	P	P	P
YER178W	S	S	S	S	S	S	S	S	S	S	S	S	P	P	P	P	P	P	P	P
YDL021W	S	S	S	S	S	S	S	S	P	P	P	P	P	P	P	P	P	P	P	P
YJL052W	D	D	D	D	D	D	D	D	S	S	S	S	L	L	L	L	L	L	L	L
YDL021W	S	S	S	S	S	S	S	S	P	P	P	P	P	P	P	P	P	P	P	P
YFR053C	S	S	P	P	P	P	S	P	P	P	P	P	P	P	P	P	P	P	P	P
YMR205C	P	S	S	S	S	P	P	P	S	S	S	S	P	P	P	P	P	P	P	P
YGR254W	P	S	P	S	P	S	P	P	P	P	P	P	P	P	P	P	P	P	P	P
YOR393W	D	D	D	D	D	D	D	D	D	D	D	S	L	L	L	L	L	L	L	L
YGR240C	S	S	S	S	S	S	S	S	S	S	S	S	P	P	P	P	P	P	P	P
YPL281C	D	D	D	D	D	D	D	D	D	D	D	S	L	L	L	L	L	L	L	L
YGR192C	S	S	P	P	P	S	P	S	P	P	P	P	P	P	P	L	L	P	P	P
YBR196C	S	S	S	S	S	S	S	S	S	S	S	S	P	P	P	P	P	P	P	P
YFR053C	S	S	P	P	P	P	S	P	P	P	P	P	P	P	P	P	P	P	P	P
YKL152C	S	S	S	S	S	S	S	S	S	S	S	S	P	P	P	P	P	P	P	P
YBR221C	S	S	S	S	S	S	S	S	S	S	S	S	P	P	P	P	P	P	P	P
YAL038W	S	S	S	P	P	P	S	P	P	P	P	P	P	P	P	P	P	P	P	P
YLR446W	S	S	S	S	S	S	S	S	S	S	S	S	P	L	L	P	P	P	P	P
YGR254W	P	S	P	S	P	S	P	P	P	P	P	P	P	P	P	P	P	P	P	P
YCL040W	P	P	P	P	P	P	P	P	P	P	P	P	P	P	P	P	P	P	P	P
YMR323W	D	D	D	D	D	D	D	D	D	D	D	S	L	L	L	L	L	L	L	L
YCR012W	S	S	S	S	P	P	P	S	S	S	S	S	P	P	P	P	P	P	P	P
YKL060C	P	P	P	S	S	S	S	S	S	S	S	S	P	P	P	P	P	P	P	P
