Gene ID	V.polysp	T.phaffi	T.blatta	N.dairen	N.castel	K.nagani	K.africa	C.glabra	S.uvarum	S.kudria	S.mikata	S.cerevi	Z.rouxii	T.delbru	K.lactis	E.gossyp	E.cymbal	L.kluyve	L.thermo	L.waltii
YDR523C	S	S	S	S	S	S	S	S	S	S	S	S	P	P	P	P	P	P	P	P
YOR230W	D	D	D	S	S	S	S	S	S	S	S	S	L	L	L	L	L	L	L	L
YDR439W	S	S	S	S	S	S	S	S	S	S	S	S	P	P	P	P	P	P	P	P
YDR512C	S	S	S	S	S	S	S	S	S	S	D	S	P	P	P	P	P	P	P	P
YPR141C	P	P	P	S	S	S	S	S	S	S	S	S	P	P	P	P	P	P	P	P
YJL187C	S	S	S	S	S	S	S	S	S	S	S	S	P	P	P	P	P	P	P	P
YIL126W	S	S	S	D	S	S	S	S	S	S	S	S	P	P	P	P	P	P	P	P
YHR184W	S	S	S	S	S	S	S	S	S	S	S	S	P	P	P	P	L	P	P	P
YMR224C	S	S	S	S	S	S	S	S	S	S	S	S	P	P	P	P	P	P	P	P
YNL126W	S	S	S	S	S	S	S	S	S	S	S	S	P	P	P	P	P	P	P	P
YNL210W	S	D	S	S	S	S	S	D	S	S	S	S	P	P	P	P	P	P	P	P
YGL213C	S	S	S	S	S	S	S	S	S	S	S	S	P	P	P	P	P	P	P	P
YMR048W	S	S	S	S	S	S	S	S	S	S	S	S	P	P	P	P	P	P	P	L
YBR136W	S	S	S	S	S	S	S	S	S	S	S	S	P	P	P	P	L	P	P	P
YPL121C	S	S	S	S	S	S	S	S	S	S	S	S	P	P	P	P	P	P	P	P
YGL250W	S	S	S	S	S	S	S	S	S	S	S	S	P	P	P	P	P	P	P	P
YPL042C	S	S	S	S	S	S	S	S	S	S	S	S	P	P	P	P	P	P	P	P
YHR172W	S	S	S	S	S	S	S	S	S	S	S	S	P	P	P	P	P	P	P	P
YKR001C	S	S	S	S	S	S	S	S	S	S	S	S	P	P	P	P	P	P	P	P
YCR086W	S	S	S	S	S	S	S	S	S	S	S	S	P	P	P	P	P	P	P	P
YOR229W	S	P	P	P	P	P	P	P	P	P	P	P	P	P	P	P	P	P	P	P
YNL273W	S	S	S	S	S	S	S	S	S	S	S	S	P	P	P	P	P	P	P	P
YGR230W	P	P	S	P	P	S	P	P	P	P	P	P	P	P	P	P	P	P	P	P
YGL075C	S	S	S	S	S	S	S	S	P	P	P	P	P	P	P	P	P	P	P	P
YER132C	P	P	P	P	P	P	P	P	P	P	P	P	P	P	P	P	P	P	P	P
YJL146W	S	S	S	S	S	S	S	S	S	S	S	S	P	P	P	P	P	P	P	P
YER115C	S	D	S	D	S	D	S	S	S	S	S	S	P	P	P	P	P	P	P	P
YNL001W	S	S	S	P	P	S	P	P	P	P	S	P	P	P	P	P	P	P	P	P
YAR007C	S	S	S	S	S	S	S	S	S	S	S	S	P	P	P	P	P	P	P	P
YJL106W	S	S	S	S	S	S	S	S	S	S	S	S	P	P	P	P	P	P	P	P
YOR373W	S	S	S	S	S	S	P	P	S	S	S	S	P	P	P	P	P	P	P	P
YIL132C	S	S	S	S	S	S	S	S	S	S	S	S	P	P	P	P	P	P	P	P
YFL003C	S	S	S	S	S	S	S	S	S	S	S	S	P	P	P	L	P	P	L	L
YJR021C	S	S	S	S	S	S	S	S	S	S	S	S	P	P	P	P	P	P	P	P
YLR273C	S	S	P	P	P	P	P	P	P	P	P	P	P	P	P	P	L	P	P	P
YLR227C	S	D	D	S	S	D	S	D	S	S	S	S	P	L	P	P	P	P	P	P
YER179W	S	S	S	S	S	S	S	S	S	S	S	S	P	P	P	P	P	P	P	P
YOL091W	P	S	P	P	P	S	P	S	P	P	P	P	P	P	P	P	P	P	P	P
YPR007C	S	S	S	S	S	S	S	S	S	S	S	S	P	P	P	P	P	P	P	P
YLR445W	S	S	S	S	S	S	S	S	S	S	S	S	P	P	P	P	L	P	P	P
YBR057C	P	P	P	P	P	S	S	S	S	S	S	S	P	P	P	P	P	P	P	P
YHR124W	S	S	S	S	S	S	S	S	S	S	S	S	P	P	P	P	P	P	P	P
YDR254W	S	S	S	D	D	S	S	S	S	S	S	S	P	P	P	P	P	P	P	P
YHR090C	S	S	P	S	S	S	S	S	S	S	S	S	P	P	P	P	P	P	P	L
YDR386W	S	S	S	S	S	S	S	S	S	S	S	S	P	P	P	P	P	P	P	P
YFL033C	S	S	S	S	S	S	S	S	S	S	S	S	P	P	P	P	P	P	P	P
YBR098W	S	S	S	S	S	S	S	S	S	S	S	S	P	P	P	P	P	P	P	P
YLR219W	S	S	S	S	S	S	S	S	S	S	S	S	P	P	P	P	P	P	P	P
YMR133W	S	S	S	S	S	S	S	S	S	S	S	S	P	P	P	P	P	P	P	P
YHL027W	S	S	S	S	S	S	S	S	S	S	S	S	P	P	P	P	P	P	P	P
YER132C	P	P	P	P	P	P	P	P	P	P	P	P	P	P	P	P	P	P	P	P
YNL250W	S	S	S	S	S	S	S	S	S	S	S	S	P	P	P	P	P	P	P	P
YDR014W-A	S	S	D	S	S	S	S	S	S	S	S	S	P	P	L	L	L	P	P	P
YGL045W	S	S	S	S	S	S	S	S	S	S	S	S	P	P	P	P	P	P	P	L
YDR273W	S	S	S	P	P	S	P	P	P	P	P	P	P	P	P	P	P	P	P	P
YDR383C	S	S	S	D	D	S	S	S	S	S	S	S	P	P	P	L	L	P	P	P
YLR381W	S	S	S	S	S	S	S	S	S	S	S	S	P	P	P	P	P	P	P	P
YOR177C	D	S	D	D	D	D	D	D	S	S	S	S	L	P	L	P	P	P	P	P
YNL307C	S	S	P	S	S	S	S	S	P	P	P	P	P	P	P	P	P	P	P	P
YDR004W	S	S	S	S	S	S	S	S	S	S	S	S	P	P	P	P	P	P	P	P
YEL072W	D	D	D	D	D	D	D	D	D	D	D	S	L	L	L	L	L	L	L	L
YHL023C	S	S	S	S	S	S	S	S	S	S	S	S	P	P	P	P	P	P	P	P
YMR076C	S	S	S	S	S	S	S	S	S	S	S	S	P	P	P	P	P	P	P	P
YIR026C	S	S	S	S	S	S	S	S	S	S	S	S	P	P	P	P	P	P	P	P
YER133W	S	S	S	S	S	S	S	S	S	S	S	S	P	P	P	P	P	P	P	P
YPL024W	S	S	S	S	S	S	S	S	S	S	S	S	P	P	P	P	P	P	P	P
YOL104C	S	S	S	S	S	S	S	S	S	S	S	S	P	P	P	P	P	P	P	P
YHR014W	S	S	D	D	S	S	S	S	S	S	S	S	P	P	P	P	P	P	P	P
YGL183C	S	S	S	S	S	S	S	S	S	S	S	S	P	P	P	P	P	P	P	P
YBR250W	S	S	S	S	S	D	S	D	S	S	S	S	P	P	P	P	P	P	P	P
YDR506C	S	S	D	D	D	S	S	S	S	S	S	S	P	P	P	L	P	L	P	P
YKR031C	S	S	S	S	S	S	S	S	S	S	S	S	P	P	P	P	P	P	P	P
YJR066W	S	S	S	P	P	P	P	P	P	P	P	P	P	P	P	P	P	P	P	P
YOR354C	S	S	S	S	S	S	S	S	S	S	S	S	P	P	P	P	L	P	P	P
YBR076W	S	S	S	S	S	D	S	S	S	S	S	S	L	P	L	L	L	P	L	L
YCL055W	S	S	S	S	S	S	S	S	S	S	S	S	P	P	P	P	P	P	P	P
YNL012W	S	D	S	S	S	D	S	S	D	S	S	S	P	P	P	P	P	P	P	P
YFL029C	S	S	S	S	S	S	S	S	S	S	S	S	P	P	P	P	P	P	P	P
YLR329W	S	S	S	S	S	S	S	S	S	S	S	S	P	P	P	P	P	P	P	P
YLR394W	S	S	S	S	S	S	S	S	S	S	S	S	P	P	P	L	P	P	L	L
YDL239C	S	S	P	S	P	P	P	P	P	P	P	P	P	P	P	P	P	P	P	P
YBR107C	S	S	S	D	D	S	S	S	S	S	S	S	P	P	L	L	L	P	P	P
YER044C-A	S	S	S	S	S	S	S	S	S	S	S	S	P	P	P	P	P	P	P	P
YPL194W	S	S	S	S	S	S	S	S	S	S	S	S	P	P	P	P	P	P	P	P
YPL157W	S	S	S	S	S	S	S	S	S	S	S	S	P	P	P	P	P	P	P	P
YJL105W	P	P	P	P	P	P	P	P	P	P	P	P	P	P	P	P	P	P	P	P
YDR285W	S	S	S	S	S	S	S	S	S	S	S	S	P	P	P	P	P	P	P	P
YLR263W	S	S	S	S	S	S	S	S	S	S	S	S	P	P	P	P	P	P	P	P
YMR198W	S	S	S	P	P	P	P	P	P	P	P	P	P	P	P	P	P	P	P	P
YOR313C	P	S	S	S	S	P	S	S	S	S	S	S	P	P	P	P	P	P	P	P
YOR229W	S	P	P	P	P	P	P	P	P	P	P	P	P	P	P	P	P	P	P	P
YLR315W	S	S	D	D	D	S	S	S	S	S	S	S	P	P	P	L	L	P	P	P
YHL022C	S	S	S	S	S	S	S	S	S	S	S	S	P	P	P	P	P	P	P	P
YDR318W	S	S	S	S	S	S	S	S	S	S	S	S	P	P	P	P	P	P	P	P
YCL048W	S	S	S	P	P	P	P	P	P	P	P	P	P	P	P	P	P	P	P	P
YIL073C	S	S	S	S	S	S	S	S	S	S	S	S	P	P	P	L	P	P	L	L
YDL239C	S	S	P	S	P	P	P	P	P	P	P	P	P	P	P	P	P	P	P	P
YGL192W	S	S	S	S	S	S	S	S	S	S	S	S	P	P	P	P	L	P	P	P
YOR198C	P	P	P	P	S	S	S	S	S	S	S	S	P	P	P	P	P	P	P	P
YDR255C	S	S	S	S	S	S	S	S	S	S	S	S	P	P	P	P	P	P	P	P
YBL009W	S	S	D	S	S	S	S	S	P	P	P	P	P	P	P	P	P	P	P	P
YGR179C	S	S	S	S	S	S	S	S	S	S	S	S	P	P	P	P	P	P	P	P
YHR153C	S	S	S	D	S	S	S	S	S	S	S	S	P	P	P	L	L	P	L	L
YPR046W	S	S	S	S	S	S	S	S	S	S	S	S	P	P	P	P	P	P	P	P
YHL024W	S	S	S	S	S	S	S	S	S	S	S	S	P	P	P	P	P	P	P	P
YER106W	S	S	S	S	S	S	S	S	S	S	S	S	P	P	P	P	L	P	P	P
YNL196C	S	D	D	S	S	S	S	D	S	S	S	S	P	L	P	L	P	P	P	L
YJR094C	S	S	S	S	S	S	D	S	S	S	S	S	P	P	P	P	P	P	P	P
YDL001W	S	S	S	S	S	S	S	S	S	S	S	S	P	P	P	P	P	P	P	P
YFR028C	S	S	S	P	P	S	S	S	S	S	S	S	P	P	P	P	P	P	P	P
YOR351C	S	S	S	S	S	S	S	S	S	S	S	S	P	P	P	P	L	P	P	P
YOR073W	S	S	S	S	S	S	S	S	S	S	S	S	P	P	P	P	P	P	P	P
YGR230W	P	P	S	P	P	S	P	P	P	P	P	P	P	P	P	P	P	P	P	P
YBR186W	S	S	S	S	S	S	S	S	S	S	S	S	P	P	P	P	P	P	P	P
YGL251C	S	S	S	S	S	S	S	S	S	S	S	S	P	P	P	L	P	P	L	P
YGL249W	S	S	S	S	S	S	S	S	S	S	S	S	P	P	P	L	P	P	L	L
YGR225W	S	S	S	S	S	S	S	S	S	S	S	S	P	P	P	P	P	P	P	P
YHR079C-A	S	S	S	D	S	S	S	S	S	S	S	S	P	P	P	P	L	P	P	P
YOR195W	S	S	S	S	S	S	S	S	S	S	S	S	P	P	P	P	P	P	P	P
YJR135C	S	S	S	S	S	S	S	S	S	S	S	S	P	P	P	P	P	P	P	P
YDR260C	S	S	S	S	S	S	D	S	S	S	S	S	P	P	P	P	P	P	P	P
YDL017W	S	S	S	S	S	S	S	S	S	S	S	S	P	P	P	P	P	P	P	P
YGR044C	S	S	S	S	S	S	S	S	S	S	S	S	P	P	P	L	L	P	P	P
YGL033W	S	S	S	S	S	S	S	S	S	S	S	S	P	P	P	P	P	P	P	P
YCR010C	S	P	P	P	P	P	P	P	P	P	P	P	P	P	P	P	P	P	L	L
YGL175C	S	S	S	S	S	S	S	S	S	S	S	S	P	P	P	P	P	P	P	P
YDR369C	S	S	S	S	S	S	S	S	S	S	S	S	P	P	P	P	P	P	P	P
YHR157W	S	S	D	D	D	S	S	S	S	S	S	S	P	P	P	L	L	P	P	P
YFR048W	S	S	S	S	S	S	S	S	S	S	S	S	P	P	P	P	P	P	P	P
YBR073W	S	S	S	S	S	S	S	S	S	S	S	S	P	P	P	P	P	P	P	P
YDR052C	S	S	P	P	P	P	P	S	S	S	S	S	P	P	P	P	P	P	P	P
YBR211C	S	S	S	S	S	S	S	S	S	S	S	S	P	P	P	P	P	P	P	P
YIL072W	S	S	S	S	S	S	S	S	S	S	S	S	P	P	P	P	P	P	P	P
YPL018W	S	S	S	S	S	S	S	S	S	S	S	S	P	P	P	P	P	P	P	P
YER180C	S	S	S	S	S	S	S	S	S	S	S	S	P	P	P	P	P	P	P	P
YPL130W	P	P	S	S	S	P	P	S	P	P	P	P	P	P	L	L	L	P	L	L
YFL009W	P	P	S	S	S	D	S	S	S	S	S	S	P	P	P	P	P	P	P	P
YDR108W	S	S	S	S	S	S	S	S	S	S	S	S	P	P	P	P	P	P	P	P
