Gene ID	V.polysp	T.phaffi	T.blatta	N.dairen	N.castel	K.nagani	K.africa	C.glabra	S.uvarum	S.kudria	S.mikata	S.cerevi	Z.rouxii	T.delbru	K.lactis	E.gossyp	E.cymbal	L.kluyve	L.thermo	L.waltii
YOR258W	S	D	S	S	S	S	S	S	S	S	S	S	P	P	P	P	L	P	P	L
YBR136W	S	S	S	S	S	S	S	S	S	S	S	S	P	P	P	P	L	P	P	P
YOR001W	S	S	S	S	S	S	S	S	S	S	S	S	P	P	P	P	P	P	P	P
YBR084W	S	S	S	S	S	S	S	S	S	S	S	S	P	P	P	P	P	P	P	P
YOR048C	S	S	S	S	S	S	S	S	S	S	S	S	P	P	P	P	P	P	P	P
YLR028C	P	P	P	P	P	P	P	S	P	P	P	P	P	P	P	P	P	P	P	P
YKL024C	S	S	S	S	S	S	S	S	S	S	S	S	P	P	P	P	P	P	P	P
YER170W	S	S	S	S	S	S	S	S	S	S	S	S	P	P	P	P	P	P	P	P
YDR499W	S	S	S	S	S	S	S	S	S	S	S	S	P	P	P	P	P	P	P	P
YLR082C	D	D	D	D	D	D	D	D	S	S	S	S	L	L	L	L	L	L	L	L
YOR386W	D	D	D	D	D	D	D	D	D	S	D	S	L	L	P	L	L	P	P	P
YGR116W	S	S	S	S	S	S	S	S	S	S	S	S	P	P	P	P	L	P	P	P
YLR209C	S	S	S	S	S	S	S	S	S	S	S	S	P	P	P	P	P	P	P	P
YER171W	S	S	S	S	S	S	S	S	S	S	S	S	P	P	P	P	P	P	P	P
YPR062W	S	S	S	S	S	S	S	S	S	S	S	S	P	P	P	P	L	P	P	P
YLR245C	S	S	D	S	S	S	S	S	S	S	S	S	P	P	P	P	P	P	P	P
YHR144C	S	S	S	S	S	S	S	S	S	S	S	S	P	P	P	P	P	P	P	P
YLR316C	S	S	S	S	S	S	S	S	S	S	S	S	P	P	P	P	L	P	P	P
YPL153C	S	S	S	S	S	S	S	S	S	S	S	S	P	P	P	P	P	P	P	P
YDR226W	S	S	S	S	S	S	S	S	S	S	S	S	P	P	P	P	P	P	P	P
YDR400W	S	S	S	S	S	S	S	S	S	S	S	S	P	P	P	P	P	P	P	P
YOR247W	P	P	S	P	P	P	P	S	P	P	P	P	P	P	P	P	P	P	P	P
YLR028C	P	P	P	P	P	P	P	S	P	P	P	P	P	P	P	P	P	P	P	P
YJL035C	S	S	S	S	S	S	S	S	S	S	S	S	P	P	P	P	P	P	P	P
YDL036C	S	S	S	P	P	P	P	P	P	P	P	P	P	P	P	P	P	P	P	P
YKR091W	S	S	P	S	S	S	P	S	P	P	P	P	P	P	P	P	L	P	P	P
YPL008W	S	S	S	S	S	S	S	S	S	S	S	S	P	P	P	P	L	P	P	P
