Gene ID	V.polysp	T.phaffi	T.blatta	N.dairen	N.castel	K.nagani	K.africa	C.glabra	S.uvarum	S.kudria	S.mikata	S.cerevi	Z.rouxii	T.delbru	K.lactis	E.gossyp	E.cymbal	L.kluyve	L.thermo	L.waltii
YMR266W	S	S	S	S	S	D	S	S	S	S	S	S	P	P	P	P	P	P	P	P
YGL160W	S	S	S	S	S	S	S	S	S	S	S	S	P	P	P	P	P	P	P	P
YMR177W	S	S	P	P	P	P	P	P	P	P	P	P	P	P	P	P	P	P	P	P
YDL206W	S	S	S	S	S	S	S	S	S	S	S	S	P	P	P	L	L	P	P	P
YOR270C	S	S	S	S	S	S	S	S	S	S	S	S	P	P	P	P	P	P	P	P
YMR319C	D	D	D	D	S	D	D	S	S	S	S	S	P	L	P	L	L	P	L	P
YJR040W	S	S	S	S	S	S	S	S	S	S	S	S	P	P	P	P	P	P	P	P
YHL047C	D	D	D	D	D	D	D	D	D	D	D	S	L	L	L	L	L	L	L	L
YLR411W	D	D	D	S	S	D	D	D	S	S	S	S	L	P	L	L	L	P	P	P
YBR039W	S	S	S	S	S	S	S	S	S	S	S	S	P	P	P	P	P	P	P	P
YOR271C	S	S	S	S	S	S	S	S	S	S	S	S	P	P	P	P	P	P	P	P
YHR048W	S	S	S	S	S	S	S	S	S	S	S	S	P	L	L	L	L	P	P	L
YHR039C-A	S	S	S	S	S	S	S	S	S	S	S	S	P	P	P	P	P	P	P	P
YLR214W	S	S	D	D	D	S	S	D	S	S	S	S	L	P	P	P	P	P	P	P
YOL152W	D	D	D	D	D	D	D	D	S	S	D	S	L	L	L	L	L	L	L	L
YER145C	S	S	D	S	S	S	D	S	S	S	S	S	P	P	L	P	P	P	L	L
YDR377W	S	S	S	S	S	S	S	S	S	S	S	S	P	P	P	P	P	P	P	P
YIL114C	S	S	S	S	S	P	P	P	P	P	P	P	P	P	P	P	P	P	P	P
YBR207W	S	S	S	S	D	S	S	S	S	S	S	S	P	P	P	P	P	P	P	P
YPR124W	S	S	S	S	S	S	S	S	S	S	S	S	P	P	P	P	P	P	P	P
YLL005C	S	S	S	S	S	S	S	S	S	S	S	S	P	P	P	P	P	P	P	P
YGL167C	S	S	S	S	S	S	S	P	S	S	S	S	P	P	P	P	P	P	P	P
YGR217W	P	P	S	S	S	S	S	S	S	S	S	S	P	P	P	P	P	P	P	P
YDL004W	S	S	S	S	S	S	S	S	S	S	S	S	P	P	P	P	P	P	P	P
YHR026W	S	S	S	S	S	S	S	S	S	S	S	S	P	P	P	P	P	P	P	P
YHR175W	S	S	S	S	S	S	S	S	S	S	S	S	P	P	P	P	P	P	P	P
YPR020W	S	S	S	S	S	S	S	S	S	S	S	S	P	P	P	P	P	P	P	P
YNL291C	S	S	S	S	S	S	S	S	S	S	S	S	P	P	P	P	P	P	P	P
YOR332W	S	S	S	S	S	S	S	S	S	S	S	S	P	P	P	P	P	P	P	P
YMR203W	S	S	S	S	S	S	S	S	S	S	S	S	P	P	P	P	P	P	P	P
YJL093C	S	S	S	S	S	S	S	S	S	S	S	S	P	P	P	L	L	P	P	P
YNL275W	D	S	S	S	S	S	S	S	S	S	S	S	P	P	P	P	P	P	P	P
YOR381W	D	D	D	D	D	D	D	D	S	S	S	S	L	L	L	L	L	L	L	L
YDL128W	S	S	P	S	S	S	S	S	S	S	S	S	P	P	P	P	P	P	P	P
YCR010C	S	P	P	P	P	P	P	P	P	P	P	P	P	P	P	P	P	P	L	L
YEL065W	S	D	D	S	S	D	D	D	S	S	S	S	L	L	L	L	L	L	L	L
YOR382W	D	D	D	D	D	D	D	D	S	S	D	S	L	L	L	L	L	L	L	L
YDR040C	S	S	S	S	S	S	S	S	S	S	S	S	P	P	P	P	P	P	P	P
YDR038C	D	D	D	D	D	D	D	D	D	D	D	S	L	L	L	L	L	L	L	L
YGL008C	S	S	P	S	S	P	S	S	S	S	S	S	P	P	P	P	P	P	P	P
YMR177W	S	S	P	P	P	P	P	P	P	P	P	P	P	P	P	P	P	P	P	P
YKL220C	D	D	D	D	D	D	D	D	D	D	D	S	L	L	L	L	L	L	L	L
YOL158C	D	D	D	D	D	D	D	D	D	D	D	S	L	L	L	L	L	L	L	L
YOR384W	D	D	D	D	D	D	D	D	S	S	D	S	L	L	L	L	L	L	L	L
YJR121W	P	S	S	S	S	S	S	S	S	S	S	S	P	P	P	P	P	P	P	P
YPL234C	S	S	S	S	S	S	S	S	S	S	S	S	P	P	P	P	P	P	P	P
YKL016C	S	S	S	S	S	S	S	S	S	S	S	S	P	P	P	P	P	P	P	P
YDR298C	P	P	S	S	S	S	S	S	S	S	S	S	P	P	P	P	P	P	P	P
YJL129C	P	S	P	P	P	P	P	S	P	P	P	P	P	P	P	P	P	P	P	P
YDR456W	S	S	S	S	S	S	S	S	S	S	S	S	P	P	P	P	P	P	P	P
YDR384C	S	S	P	S	S	S	S	S	S	S	S	S	P	P	P	P	P	P	P	P
YLL051C	S	D	D	D	D	D	S	S	S	S	S	S	L	L	L	L	L	L	L	P
YOR334W	S	S	S	S	S	S	S	S	S	S	S	S	P	P	P	P	P	P	P	P
YMR058W	S	S	D	S	S	S	D	S	S	S	S	S	P	P	P	P	P	P	P	P
YDR107C	S	S	P	P	P	S	S	S	P	P	P	P	P	P	P	P	P	P	P	P
YNL321W	P	P	P	S	S	S	S	S	S	S	S	S	P	P	P	P	P	P	P	P
YDR506C	S	S	D	D	D	S	S	S	S	S	S	S	P	P	P	L	P	L	P	P
YPR036W	S	S	S	S	S	S	S	S	S	S	S	S	P	P	P	P	P	P	P	P
YGR020C	S	S	S	S	S	S	S	S	S	S	S	S	P	P	P	P	P	P	P	P
YJR054W	S	S	S	P	P	P	P	P	P	P	P	P	P	P	P	P	L	P	P	P
YLR241W	S	S	S	S	S	S	S	S	S	S	S	S	P	P	P	P	P	P	P	P
YPR201W	S	D	D	D	S	D	D	D	D	D	D	S	L	L	P	L	L	L	L	L
YJL129C	P	S	P	P	P	P	P	S	P	P	P	P	P	P	P	P	P	P	P	P
YDR270W	S	S	S	S	S	S	S	S	S	S	S	S	P	P	P	P	P	P	P	P
YBR295W	D	D	D	D	D	D	D	D	D	S	S	S	L	L	L	L	L	L	L	L
YFL041W	S	S	S	S	D	S	S	S	S	S	S	S	P	P	P	P	P	P	P	P
YOR383C	D	D	D	D	D	D	D	D	S	S	D	S	L	L	L	L	L	L	L	L
YDR107C	S	S	P	P	P	S	S	S	P	P	P	P	P	P	P	P	P	P	P	P
YLR447C	S	S	S	S	S	S	S	S	S	S	S	S	P	P	P	P	P	P	P	P
YMR301C	S	S	S	S	S	S	S	S	S	S	S	S	P	P	P	P	P	P	P	P
YML081C-A	S	S	S	S	S	S	S	S	S	S	S	S	P	P	P	P	P	P	P	P
YKL175W	S	S	S	S	S	S	S	S	S	S	S	S	P	P	P	P	P	P	P	P
YNL259C	S	S	D	S	S	S	S	S	S	S	S	S	P	P	P	P	P	P	P	P
YBR127C	S	S	S	S	S	S	S	S	S	S	S	S	P	P	P	P	P	P	P	P
YCL005W-A	S	S	S	S	S	S	S	S	S	S	S	S	P	P	P	P	P	P	P	P
YPL271W	S	S	S	S	S	S	S	S	S	S	S	S	P	P	P	P	P	P	P	P
YIL023C	S	S	S	S	S	S	S	S	S	S	S	S	P	P	P	P	P	P	P	P
YOL077W-A	S	S	S	S	S	S	S	S	S	S	S	S	P	P	P	P	P	P	P	P
YKR106W	D	D	D	D	D	D	D	D	D	D	D	S	L	L	L	L	L	L	L	L
YKL080W	S	S	S	S	S	S	S	S	S	S	S	S	P	P	P	P	P	P	P	P
YER113C	S	S	S	S	S	S	S	S	S	S	S	S	P	P	P	P	P	P	P	P
YDL185W	S	S	S	S	S	S	S	S	S	S	S	S	P	P	P	P	P	P	P	P
YLR138W	P	S	P	S	S	S	S	S	S	S	S	S	P	P	P	P	P	P	P	P
YLR295C	S	S	S	S	S	S	S	S	S	S	S	S	P	P	P	P	P	P	P	P
YEL027W	P	P	S	S	S	P	P	S	S	S	S	S	P	P	P	P	P	P	P	P
YOL084W	S	S	D	S	S	S	S	S	S	S	S	S	P	P	P	P	P	P	P	P
YHL040C	D	D	D	S	S	D	D	S	S	S	S	S	L	L	L	L	L	L	P	P
YBL099W	P	S	S	S	S	S	S	S	S	S	S	S	P	P	P	P	P	P	P	P
YGL255W	D	D	D	D	D	D	D	D	S	S	S	S	L	L	L	L	L	L	L	L
YMR054W	S	S	S	S	S	S	S	S	S	S	S	S	P	P	P	P	P	P	P	P
YIL121W	S	S	S	D	S	D	D	D	S	S	S	S	L	P	P	L	L	P	P	P
YMR243C	S	S	S	P	P	P	P	S	P	P	P	P	P	P	P	P	P	P	P	P
YPR128C	S	S	D	S	S	S	S	S	S	S	S	S	P	P	P	P	P	P	P	P
YOR087W	D	D	S	S	S	S	S	S	S	S	S	S	P	P	P	L	P	P	P	P
YNR060W	D	D	D	D	D	D	D	D	S	S	S	S	L	L	L	L	L	L	L	L
YCL073C	D	D	D	D	D	D	D	D	D	D	D	S	L	L	L	L	L	L	L	L
YEL051W	S	S	S	S	S	S	S	S	S	S	S	S	P	P	P	P	P	P	P	P
YBR235W	S	S	S	S	S	S	S	S	S	S	S	S	P	P	P	P	P	P	P	P
YLR130C	S	S	S	P	P	P	P	P	S	S	S	S	L	L	P	L	L	P	L	L
YIL114C	S	S	S	S	S	P	P	P	P	P	P	P	P	P	P	P	P	P	P	P
YJL094C	S	S	S	S	S	S	S	S	S	S	S	S	P	P	P	L	L	P	P	P
YJR054W	S	S	S	P	P	P	P	P	P	P	P	P	P	P	P	P	L	P	P	P
YDR322C-A	S	S	S	S	S	S	S	S	S	S	S	S	P	P	P	P	P	P	P	P
YDR534C	D	D	D	D	D	D	D	D	S	S	D	S	L	L	L	L	L	L	L	P
YHL035C	P	P	S	S	S	S	S	P	P	P	P	P	P	P	P	P	P	P	P	P
YMR034C	S	S	D	S	S	S	D	S	S	S	S	S	P	P	P	P	P	P	P	P
YCR010C	S	P	P	P	P	P	P	P	P	P	P	P	P	P	P	P	P	P	L	L
YPL036W	D	D	D	D	D	D	D	D	S	S	S	S	L	L	L	L	L	L	L	L
YDR039C	D	S	D	D	D	D	D	D	S	S	S	S	L	L	L	L	L	L	L	L
YDL120W	S	S	S	P	P	S	S	S	S	S	S	S	P	P	P	P	P	P	P	P
YLR034C	S	S	S	S	S	S	S	S	S	S	S	S	P	P	P	P	P	P	P	P
YPL060W	S	S	S	S	S	S	S	S	S	S	S	S	P	P	P	P	P	P	P	P
YDR205W	S	S	S	S	S	S	S	S	S	S	S	S	P	P	P	P	P	P	P	P
YLR047C	S	S	S	S	S	S	S	S	S	S	S	S	P	P	P	P	P	P	P	P
YPL078C	S	S	S	S	S	S	S	S	S	S	S	S	P	P	P	P	P	P	P	P
YGL006W	S	S	S	S	S	S	S	S	S	S	S	S	P	P	P	P	P	P	P	P
