Gene ID	V.polysp	T.phaffi	T.blatta	N.dairen	N.castel	K.nagani	K.africa	C.glabra	S.uvarum	S.kudria	S.mikata	S.cerevi	Z.rouxii	T.delbru	K.lactis	E.gossyp	E.cymbal	L.kluyve	L.thermo	L.waltii
YDL079C	S	S	P	P	P	S	S	S	P	P	P	P	P	P	P	P	P	P	P	P
YDR523C	S	S	S	S	S	S	S	S	S	S	S	S	P	P	P	P	P	P	P	P
YDR512C	S	S	S	S	S	S	S	S	S	S	D	S	P	P	P	P	P	P	P	P
YMR224C	S	S	S	S	S	S	S	S	S	S	S	S	P	P	P	P	P	P	P	P
YLR300W	P	P	P	P	P	P	P	P	P	P	P	P	P	P	P	P	P	P	P	P
YGL170C	S	S	S	D	S	D	S	S	S	S	S	S	P	P	P	P	P	P	P	P
YDL222C	P	S	D	P	P	S	P	S	P	P	P	P	L	P	P	P	P	P	P	P
YPR036W-A	S	S	S	P	S	S	S	S	S	S	S	S	P	P	P	P	P	P	P	P
YDR099W	P	S	P	P	P	P	P	P	P	P	P	P	P	P	P	P	P	P	P	P
YKL091C	S	S	S	S	S	S	S	P	P	P	P	P	P	P	P	P	P	P	P	P
YHR119W	S	S	S	S	S	S	S	S	S	S	S	S	P	P	P	P	P	P	P	P
YER132C	P	P	P	P	P	P	P	P	P	P	P	P	P	P	P	P	P	P	P	P
YLL005C	S	S	S	S	S	S	S	S	S	S	S	S	P	P	P	P	P	P	P	P
YER115C	S	D	S	D	S	D	S	S	S	S	S	S	P	P	P	P	P	P	P	P
YDR155C	S	S	S	S	S	S	S	S	S	S	S	S	P	P	P	P	P	P	P	P
YIL017C	S	S	S	S	S	S	S	S	S	S	S	S	P	P	P	P	P	P	P	P
YLR341W	S	S	S	S	S	D	D	S	S	S	S	S	P	P	P	P	L	P	P	P
YAL034C	P	P	P	P	P	S	P	P	P	P	P	P	P	P	P	P	P	P	P	P
YNL294C	S	S	S	S	S	S	S	S	S	S	S	S	P	P	P	P	P	P	P	P
YOL071W	S	S	S	S	S	S	S	S	S	S	S	S	P	P	P	P	P	P	P	P
YLR227C	S	D	D	S	S	D	S	D	S	S	S	S	P	L	P	P	P	P	P	P
YER020W	S	S	S	S	S	S	S	S	S	S	S	S	P	P	P	P	P	P	P	P
YHL027W	S	S	S	S	S	S	S	S	S	S	S	S	P	P	P	P	P	P	P	P
YAL056W	P	P	P	P	P	P	P	P	P	P	P	P	P	P	P	P	P	P	P	P
YJL074C	S	S	S	S	S	S	S	S	S	S	S	S	P	P	P	P	P	P	P	P
YNL098C	P	S	S	S	S	P	P	S	P	P	P	P	P	P	P	P	P	P	P	P
YOR242C	S	S	S	S	S	S	S	S	S	S	S	S	P	P	P	P	P	P	P	P
YNL307C	S	S	P	S	S	S	S	S	P	P	P	P	P	P	P	P	P	P	P	P
YLL033W	S	S	S	S	S	S	S	S	S	S	S	S	P	P	P	P	P	P	P	P
YER133W	S	S	S	S	S	S	S	S	S	S	S	S	P	P	P	P	P	P	P	P
YJL168C	S	S	S	S	S	S	S	S	S	S	S	S	P	P	P	P	P	P	P	P
YGL099W	S	S	S	S	S	S	S	S	S	S	S	S	P	P	P	P	P	P	P	P
YML052W	S	S	S	S	S	S	S	S	S	S	S	S	P	P	P	P	P	P	P	P
YDR099W	P	S	P	P	P	P	P	P	P	P	P	P	P	P	P	P	P	P	P	P
YDR218C	S	S	S	S	S	S	S	S	S	S	S	S	P	L	P	P	P	P	L	L
YGL261C	D	D	D	D	D	D	D	D	D	D	D	S	L	L	L	L	L	L	L	L
YBL061C	P	P	S	S	S	S	S	S	P	P	P	P	P	P	P	P	P	P	P	P
YBR107C	S	S	S	D	D	S	S	S	S	S	S	S	P	P	L	L	L	P	P	P
YNL202W	S	S	S	S	S	S	S	S	S	S	S	S	P	P	P	P	P	P	P	P
YMR063W	S	S	S	S	S	S	S	S	S	S	S	S	P	P	P	P	P	P	P	P
YGR059W	S	S	S	S	S	S	S	S	S	S	S	S	P	L	P	P	P	P	L	L
YOR313C	P	S	S	S	S	P	S	S	S	S	S	S	P	P	P	P	P	P	P	P
YBR210W	P	P	P	S	S	S	S	S	P	P	P	P	P	P	P	P	P	P	P	P
YCL048W	S	S	S	P	P	P	P	P	P	P	P	P	P	P	P	P	P	P	P	P
YER046W	S	S	S	S	S	S	S	D	S	S	S	S	P	P	P	P	P	P	P	P
YHR153C	S	S	S	D	S	S	S	S	S	S	S	S	P	P	P	L	L	P	L	L
YLR028C	P	P	P	P	P	P	P	S	P	P	P	P	P	P	P	P	P	P	P	P
YCL040W	P	P	P	P	P	P	P	P	P	P	P	P	P	P	P	P	P	P	P	P
YMR183C	S	S	S	P	P	S	S	P	P	P	P	P	P	P	P	P	P	P	P	P
YAL068C	D	D	D	D	D	D	D	D	D	D	D	S	L	L	L	L	L	L	L	L
YLL039C	S	S	S	P	S	S	S	S	S	S	S	S	P	P	P	P	P	P	P	P
YDL222C	P	S	D	P	P	S	P	S	P	P	P	P	L	P	P	P	P	P	P	P
YGR225W	S	S	S	S	S	S	S	S	S	S	S	S	P	P	P	P	P	P	P	P
YOR255W	S	S	S	S	S	S	S	S	S	S	S	S	P	P	P	P	P	P	P	P
YPR192W	D	D	D	D	D	D	D	D	S	S	S	S	L	L	L	L	L	L	L	L
YDL226C	S	S	P	S	S	S	S	S	P	P	P	P	P	P	P	P	P	P	P	P
YER180C	S	S	S	S	S	S	S	S	S	S	S	S	P	P	P	P	P	P	P	P
YBL058W	S	S	S	S	S	S	S	S	S	S	S	S	P	P	P	P	P	P	P	P
