Gene ID	V.polysp	T.phaffi	T.blatta	N.dairen	N.castel	K.nagani	K.africa	C.glabra	S.uvarum	S.kudria	S.mikata	S.cerevi	Z.rouxii	T.delbru	K.lactis	E.gossyp	E.cymbal	L.kluyve	L.thermo	L.waltii
YHR206W	S	S	P	S	S	S	S	S	P	P	P	P	P	P	P	P	P	P	P	P
YKL143W	S	S	S	S	S	S	S	S	S	S	S	S	P	P	P	P	P	P	P	P
YMR186W	S	S	S	S	S	S	S	S	P	P	P	P	P	P	P	P	P	P	P	P
YPL059W	S	S	S	P	P	S	S	S	S	S	S	S	P	P	P	P	P	P	P	P
YLR270W	P	P	P	P	P	P	P	P	P	P	P	P	P	P	P	P	P	P	P	P
YIL153W	S	S	S	S	S	S	S	S	S	S	S	S	P	P	P	P	P	P	P	P
YKL129C	S	P	P	S	S	S	S	P	P	P	P	P	P	P	P	P	P	P	P	P
YOR008C	S	S	S	S	S	S	S	S	S	S	S	S	P	P	P	P	P	P	P	P
YKL129C	S	P	P	S	S	S	S	P	P	P	P	P	P	P	P	P	P	P	P	P
YCR009C	P	P	P	S	S	P	P	S	S	S	S	S	P	P	P	P	P	P	P	P
YLR270W	P	P	P	P	P	P	P	P	P	P	P	P	P	P	P	P	P	P	P	P
YPL178W	S	S	S	S	S	S	S	S	S	S	S	S	P	P	P	P	P	P	P	P
YER062C	S	P	S	P	P	P	P	S	P	P	P	P	P	P	P	P	P	P	P	P
YOR297C	S	S	S	S	S	S	S	S	S	S	S	S	P	P	P	P	P	P	P	P
YER062C	S	P	S	P	P	P	P	S	P	P	P	P	P	P	P	P	P	P	P	P
YPL239W	S	S	S	S	S	S	S	S	S	S	S	S	P	P	P	P	P	P	P	P
YMR092C	S	S	S	S	S	S	S	S	S	S	S	S	P	P	P	P	P	P	P	P
YLR138W	P	S	P	S	S	S	S	S	S	S	S	S	P	P	P	P	P	P	P	P
YPL242C	S	S	S	S	S	S	S	S	S	S	S	S	P	P	P	P	P	P	P	P
YGR066C	D	D	D	D	D	D	D	D	S	S	S	S	L	L	L	L	L	L	L	L
YMR125W	S	P	S	P	P	S	P	S	S	S	S	S	P	P	P	P	P	P	P	P
YGR023W	P	P	P	P	P	P	P	P	P	P	P	P	P	P	P	P	P	P	P	P
YPL152W	S	S	S	S	S	S	S	S	S	S	S	S	P	P	P	P	P	P	P	P
YBR260C	P	P	P	S	S	S	S	S	S	S	S	S	P	P	P	P	P	P	P	P
YGR014W	S	S	S	S	S	S	S	S	S	S	S	S	P	P	P	P	P	P	P	P
