Gene ID	V.polysp	T.phaffi	T.blatta	N.dairen	N.castel	K.nagani	K.africa	C.glabra	S.uvarum	S.kudria	S.mikata	S.cerevi	Z.rouxii	T.delbru	K.lactis	E.gossyp	E.cymbal	L.kluyve	L.thermo	L.waltii
YOL119C	S	S	D	D	D	S	S	S	S	S	S	S	P	P	P	P	L	P	P	P
YMR266W	S	S	S	S	S	D	S	S	S	S	S	S	P	P	P	P	P	P	P	P
YLL052C	D	D	D	D	D	D	D	D	S	S	S	S	L	L	L	L	L	L	L	L
YKL221W	D	D	D	D	D	D	D	D	D	D	D	S	L	L	L	L	L	L	L	L
YLL005C	S	S	S	S	S	S	S	S	S	S	S	S	P	P	P	P	P	P	P	P
YGL167C	S	S	S	S	S	S	S	P	S	S	S	S	P	P	P	P	P	P	P	P
YDR040C	S	S	S	S	S	S	S	S	S	S	S	S	P	P	P	P	P	P	P	P
YDR038C	D	D	D	D	D	D	D	D	D	D	D	S	L	L	L	L	L	L	L	L
YGL008C	S	S	P	S	S	P	S	S	S	S	S	S	P	P	P	P	P	P	P	P
YOR306C	P	D	S	S	S	S	S	S	S	S	S	S	L	L	P	L	L	P	L	L
YGR020C	S	S	S	S	S	S	S	S	S	S	S	S	P	P	P	P	P	P	P	P
YLR241W	S	S	S	S	S	S	S	S	S	S	S	S	P	P	P	P	P	P	P	P
YBR295W	D	D	D	D	D	D	D	D	D	S	S	S	L	L	L	L	L	L	L	L
YOR291W	S	S	S	S	S	S	S	S	S	S	S	S	P	P	P	P	P	P	P	P
YEL031W	S	S	S	S	S	S	S	S	S	S	S	S	P	P	P	P	P	P	P	P
YOL084W	S	S	D	S	S	S	S	S	S	S	S	S	P	P	P	P	P	P	P	P
YNL125C	S	S	S	S	S	S	S	S	S	S	S	S	P	P	P	L	L	P	L	P
YPR192W	D	D	D	D	D	D	D	D	S	S	S	S	L	L	L	L	L	L	L	L
YPL036W	D	D	D	D	D	D	D	D	S	S	S	S	L	L	L	L	L	L	L	L
YDR039C	D	S	D	D	D	D	D	D	S	S	S	S	L	L	L	L	L	L	L	L
