Gene ID	V.polysp	T.phaffi	T.blatta	N.dairen	N.castel	K.nagani	K.africa	C.glabra	S.uvarum	S.kudria	S.mikata	S.cerevi	Z.rouxii	T.delbru	K.lactis	E.gossyp	E.cymbal	L.kluyve	L.thermo	L.waltii
YHL031C	S	S	S	S	S	S	S	S	S	S	S	S	P	P	P	P	P	P	P	P
YHL002W	S	S	S	S	S	S	S	S	S	S	S	S	P	P	P	P	P	P	P	P
YML077W	S	S	S	S	S	S	S	S	S	S	S	S	P	P	P	P	P	P	P	P
YCR067C	S	S	S	P	P	P	P	P	P	P	P	P	P	P	P	P	P	P	P	P
YBL037W	S	S	S	S	S	S	S	S	S	S	S	S	P	P	P	P	P	P	P	P
YOR115C	S	S	S	S	S	S	S	S	S	S	S	S	P	P	P	P	P	P	P	P
YDR299W	S	S	S	S	S	S	S	S	S	S	S	S	P	P	P	P	P	P	P	P
YGR167W	S	S	S	S	S	S	S	S	S	S	S	S	P	P	P	P	P	P	P	P
YMR017W	D	D	D	D	D	D	D	D	S	S	S	S	L	L	L	L	L	L	L	L
YPL218W	S	S	S	S	S	S	S	S	S	S	S	S	P	P	P	P	P	P	P	P
YAL024C	S	S	S	S	S	S	S	S	S	S	S	S	P	P	P	P	P	P	P	P
YBR160W	S	S	S	S	S	S	S	S	S	S	S	S	P	P	P	P	P	P	P	P
YML001W	S	S	S	S	S	S	S	S	S	S	S	S	P	P	P	P	P	P	P	P
YGL145W	S	S	S	S	S	S	S	S	S	S	S	S	P	P	P	P	P	P	P	P
YPR181C	P	P	P	P	S	S	S	P	S	S	S	S	P	P	P	P	P	P	P	P
YDR358W	S	S	P	S	S	S	S	S	P	P	P	P	P	P	P	P	P	P	P	P
YGL098W	S	S	S	S	S	S	S	S	S	S	S	S	P	P	P	P	P	P	P	P
YGR172C	S	S	S	S	S	S	S	S	S	S	S	S	P	P	P	P	P	P	P	P
YNL263C	S	S	S	S	S	S	S	S	S	S	S	S	P	P	P	P	P	P	P	P
YJR005W	S	S	S	S	S	S	S	S	S	S	S	S	P	P	P	P	P	P	P	P
YLR170C	S	S	S	S	S	S	S	S	S	S	S	S	P	P	P	P	P	P	P	P
YOR106W	S	S	S	S	S	S	S	S	S	S	S	S	P	P	P	P	P	P	P	P
YML132W	D	D	D	D	D	D	D	D	D	S	D	S	L	L	L	L	L	L	L	L
YKL135C	S	S	P	S	S	S	S	S	S	S	S	S	P	P	P	P	P	P	P	P
YHL042W	D	D	D	D	D	D	D	D	D	S	D	S	L	L	L	L	L	L	L	L
YDR238C	S	S	S	S	S	S	S	S	S	S	S	S	P	P	P	P	P	P	P	P
YOR216C	S	S	S	S	S	S	S	S	S	S	S	S	P	P	P	P	P	P	P	P
YKR068C	S	S	S	S	S	S	S	S	S	S	S	S	P	P	P	P	P	P	P	P
YOR036W	S	S	S	S	S	S	S	S	S	S	S	S	P	P	P	P	P	P	P	P
YAL014C	S	S	S	S	S	S	S	S	S	S	S	S	P	P	P	P	P	P	P	P
YKL124W	S	S	P	S	S	S	S	S	S	S	S	S	P	P	P	P	P	P	P	P
YER123W	S	S	S	S	S	S	S	S	S	S	S	S	P	P	P	P	P	P	P	P
YAL042W	P	P	P	P	P	P	P	S	S	S	S	S	P	P	P	P	P	P	P	P
YER031C	S	S	S	S	S	S	S	P	P	P	P	P	P	P	P	P	P	P	P	P
YIL064W	S	S	S	S	S	S	S	S	S	S	S	S	P	P	P	P	P	P	P	P
YDR246W	S	S	S	S	S	S	S	S	S	S	S	S	P	P	P	P	P	P	P	P
YOR311C	S	S	P	S	S	S	S	S	S	S	S	S	P	P	P	P	P	P	P	P
YLR078C	S	S	S	S	S	S	S	S	S	S	S	S	P	P	P	P	P	P	P	P
YMR183C	S	S	S	P	P	S	S	P	P	P	P	P	P	P	P	P	P	P	P	P
YDL234C	S	S	S	S	S	S	S	S	S	S	S	S	P	P	P	P	P	P	P	P
YDL072C	S	S	S	S	S	S	S	S	S	S	S	S	P	P	P	P	P	P	P	P
YDL077C	S	S	S	S	S	S	S	S	S	S	S	S	P	P	P	P	P	P	P	P
YIL169C	S	D	D	D	D	D	D	S	D	S	S	S	L	L	L	L	L	L	L	L
YAL030W	S	S	P	S	S	S	S	P	P	P	P	P	P	P	P	P	P	P	P	P
YIL004C	S	S	S	S	S	S	S	S	S	S	S	S	P	P	P	P	P	P	P	L
YDL145C	S	S	S	S	S	S	S	S	S	S	S	S	P	P	P	P	P	P	P	P
YAL029C	S	S	S	P	P	P	P	P	P	P	P	P	P	P	P	P	P	P	P	P
YOR070C	S	S	S	S	S	S	S	S	S	S	S	S	P	P	P	P	P	P	P	P
YBR005W	P	S	S	P	P	S	P	P	P	P	P	P	P	P	P	P	P	P	P	P
YFL062W	D	D	D	D	D	D	D	D	D	D	D	S	L	L	L	L	L	L	L	L
YGL020C	S	S	S	S	S	S	S	S	S	S	S	S	P	P	P	P	P	P	P	P
YIL109C	P	S	S	S	P	P	P	P	P	P	P	P	P	P	P	P	P	P	P	P
YDL058W	S	S	S	S	S	S	S	S	S	S	S	S	P	P	P	P	P	P	P	P
YLR026C	S	S	S	S	S	S	S	S	S	S	S	S	P	P	P	P	P	P	P	P
YLR093C	S	S	S	S	S	S	S	S	S	S	S	S	P	P	P	P	P	P	P	P
YPL010W	S	S	S	S	S	S	S	S	S	S	S	S	P	P	P	P	P	P	P	P
YOR075W	S	S	S	S	S	S	S	S	S	S	S	S	P	P	P	P	P	P	P	P
YGL200C	S	P	S	S	S	S	S	S	S	S	S	S	P	P	P	P	P	P	P	P
YML012W	P	P	S	S	P	P	S	S	S	S	S	S	P	P	P	P	P	P	P	P
YNR006W	S	S	S	S	S	S	S	S	S	S	S	S	P	P	P	P	P	P	P	P
YOR370C	S	S	S	S	S	S	S	S	S	S	S	S	P	P	P	P	P	P	P	P
YBR131W	S	S	S	S	S	S	S	S	S	S	S	S	P	P	P	P	P	P	P	P
YDL248W	D	D	D	D	D	D	D	D	D	D	D	S	L	L	L	L	L	L	L	L
YDL100C	S	S	S	S	S	S	S	S	S	S	S	S	P	P	P	P	P	P	P	P
YDR358W	S	S	P	S	S	S	S	S	P	P	P	P	P	P	P	P	P	P	P	P
YGL095C	S	S	S	S	S	S	S	S	S	S	S	S	P	P	P	P	P	P	P	P
YGL137W	S	S	S	S	S	S	S	S	S	S	S	S	P	P	P	P	L	P	P	P
YMR192W	S	S	S	P	P	P	P	P	P	P	P	P	P	P	P	P	P	P	P	P
YDL099W	S	S	S	S	S	S	S	S	S	S	S	S	P	P	P	P	P	P	P	P
YGR261C	S	S	S	S	S	S	S	S	S	S	S	S	P	P	P	P	P	P	P	P
YBL075C	P	S	S	P	P	S	S	S	P	P	P	P	P	P	P	P	P	P	P	P
YKL065C	S	S	S	P	P	S	S	S	P	P	P	P	P	P	P	P	P	P	P	P
YPL070W	S	S	S	S	S	S	S	S	S	S	S	S	P	P	P	P	P	P	P	P
YGR009C	P	S	P	P	P	S	P	S	S	S	S	S	P	P	P	P	P	P	P	P
YOR164C	S	S	S	S	S	S	S	S	S	S	S	S	P	P	P	P	P	P	P	P
YHR098C	P	P	P	S	S	S	S	S	S	S	S	S	P	P	P	P	P	P	P	P
YDR495C	S	S	S	S	S	S	S	S	S	S	S	S	P	P	P	P	P	P	P	P
YKL065C	S	S	S	P	P	S	S	S	P	P	P	P	P	P	P	P	P	P	P	P
YIL109C	P	S	S	S	P	P	P	P	P	P	P	P	P	P	P	P	P	P	P	P
YER143W	S	S	S	S	S	S	S	S	S	S	S	S	P	P	P	P	P	P	P	P
YDR084C	S	S	S	S	S	S	S	S	S	S	S	S	P	P	P	P	P	P	P	P
YLR309C	S	S	S	S	S	S	S	S	S	S	S	S	P	P	P	P	P	P	P	P
YER031C	S	S	S	S	S	S	S	P	P	P	P	P	P	P	P	P	P	P	P	P
YAR033W	D	D	D	D	D	D	D	D	D	S	S	S	L	L	L	L	L	L	L	L
YDR080W	S	S	S	S	S	S	S	S	S	S	S	S	P	P	P	P	P	P	P	P
YKL196C	D	S	S	S	S	S	S	S	S	S	S	S	P	P	P	P	P	P	P	P
YGL263W	D	D	D	D	D	D	D	D	D	D	D	S	L	L	L	L	L	L	L	L
YML097C	S	S	S	S	S	S	S	S	S	S	S	S	P	P	P	P	L	P	P	P
YBL040C	S	S	S	S	S	S	S	S	S	S	S	S	P	P	P	P	P	P	P	P
YPR028W	D	S	P	S	S	S	S	S	S	S	S	S	P	P	P	P	P	P	P	P
YAL005C	D	D	D	D	D	D	D	D	S	S	S	S	L	L	L	L	L	L	L	L
YOR094W	S	S	S	S	S	S	S	D	S	S	S	S	P	P	P	P	P	P	P	P
YBR302C	D	D	D	D	D	D	D	D	D	D	D	S	L	L	L	L	L	L	L	L
YBR254C	S	S	P	S	S	S	S	S	S	S	S	S	P	P	P	P	P	P	P	P
YKL219W	D	D	D	D	D	D	D	D	D	D	D	S	L	L	L	L	L	L	L	L
YKR088C	S	S	S	S	S	S	S	S	S	S	S	S	P	P	P	P	P	P	P	P
YMR197C	S	S	S	S	S	S	S	S	S	S	S	S	P	P	P	P	P	P	P	P
YBR210W	P	P	P	S	S	S	S	S	P	P	P	P	P	P	P	P	P	P	P	P
YJL024C	S	S	S	S	S	S	S	S	S	S	S	S	P	P	P	P	P	P	P	P
YBR005W	P	S	S	P	P	S	P	P	P	P	P	P	P	P	P	P	P	P	P	P
YPL085W	P	P	P	S	P	S	S	S	S	S	S	S	P	P	P	P	P	P	P	P
YGL212W	S	S	S	S	S	S	S	S	S	S	S	S	P	P	P	P	P	P	P	P
YDR164C	S	S	S	S	S	S	S	S	S	S	S	S	P	P	P	P	P	P	P	P
YIL076W	S	S	S	S	S	S	S	S	S	S	S	S	P	P	P	P	P	P	P	P
YDL018C	S	D	S	S	S	S	S	S	S	S	S	S	P	P	P	P	P	P	P	P
YHL019C	S	S	S	S	S	S	S	S	S	S	S	S	P	P	P	P	P	P	P	P
YBR288C	S	S	S	S	S	S	S	S	S	S	S	S	P	P	P	P	P	P	P	P
YBL075C	P	S	S	P	P	S	S	S	P	P	P	P	P	P	P	P	P	P	P	P
YDR472W	S	S	S	S	S	S	S	S	S	S	S	S	P	P	P	P	P	P	P	P
YAL002W	S	S	S	S	S	S	S	S	S	S	S	S	P	P	P	P	P	P	P	P
YDR468C	S	S	S	S	S	S	S	S	S	S	S	S	P	P	P	P	P	P	P	P
YMR071C	S	S	S	S	S	S	S	S	S	S	S	S	P	P	P	P	P	P	P	P
YGL161C	S	S	S	S	S	S	S	S	S	S	S	S	P	P	P	P	P	P	P	P
YDR189W	S	S	S	S	S	S	S	S	S	S	S	S	P	P	P	P	P	P	P	P
YAR002C-A	S	S	S	S	S	S	S	P	P	P	P	P	P	P	P	P	P	P	P	P
YER136W	P	P	S	S	S	S	S	S	S	S	S	S	P	P	P	P	P	P	P	P
YBR210W	P	P	P	S	S	S	S	S	P	P	P	P	P	P	P	P	P	P	P	P
YLR268W	S	S	S	S	S	S	S	S	S	S	S	S	P	P	P	P	P	P	P	P
YER083C	S	S	S	S	S	S	S	S	S	S	S	S	P	P	P	P	P	P	P	P
YGL206C	S	S	P	S	S	S	S	S	S	S	S	S	P	P	P	P	P	P	P	P
YDL137W	P	P	P	P	P	P	P	P	P	P	P	P	P	P	P	P	P	P	P	P
YIL138C	S	S	S	S	P	S	S	P	P	P	P	P	P	P	P	P	P	P	P	P
YJR058C	S	S	S	S	S	S	S	S	S	S	S	S	P	P	P	P	P	P	P	P
YAL030W	S	S	P	S	S	S	S	P	P	P	P	P	P	P	P	P	P	P	P	P
YFL038C	S	S	S	S	S	S	S	S	S	S	S	S	P	P	P	P	P	P	P	P
YCR034W	P	P	P	S	P	S	P	P	P	P	P	P	P	P	P	P	P	P	P	P
YAR031W	D	D	D	D	D	D	D	D	D	S	S	S	L	L	L	L	L	L	L	L
YFR043C	S	S	S	S	S	S	S	S	S	S	S	S	P	P	P	P	P	P	P	P
YDR100W	P	D	P	S	S	S	S	S	S	S	S	S	P	P	P	P	P	P	P	P
YNL258C	S	S	S	S	S	S	S	S	S	S	S	S	P	P	P	P	L	P	P	P
YDR517W	S	S	S	S	S	S	S	S	S	S	S	S	P	P	P	P	P	P	P	P
YFR051C	P	S	S	S	S	S	S	S	S	S	S	S	P	P	P	P	P	P	P	P
YLR148W	S	S	S	S	S	S	S	S	S	S	S	S	P	P	P	P	P	P	P	P
YGL124C	S	S	S	S	S	S	S	S	S	S	S	S	P	P	P	P	P	P	P	P
YKL006C-A	S	S	S	S	S	S	S	S	S	S	S	S	P	P	P	P	P	P	P	P
YBL102W	S	S	S	S	S	S	S	S	S	S	S	S	P	P	P	P	P	P	P	P
YDL137W	P	P	P	P	P	P	P	P	P	P	P	P	P	P	P	P	P	P	P	P
YOL018C	S	S	S	S	S	S	S	S	S	S	S	S	P	P	P	P	L	P	P	P
YDR388W	S	S	S	S	S	S	S	S	S	S	S	S	P	P	P	P	P	P	P	P
YPR095C	S	S	P	S	S	S	P	S	S	S	S	S	P	P	P	P	P	P	P	P
YNL287W	S	S	S	S	S	S	S	S	S	S	S	S	P	P	P	P	P	P	P	P
YOR016C	S	S	P	P	P	S	S	S	P	P	P	P	P	P	P	P	P	P	P	P
YLR396C	S	S	S	S	S	S	S	S	S	S	S	S	P	P	P	P	P	P	P	P
YMR183C	S	S	S	P	P	S	S	P	P	P	P	P	P	P	P	P	P	P	P	P
YKR030W	S	S	S	S	S	D	D	S	S	S	S	S	P	P	P	P	P	P	P	P
YGL053W	D	D	D	D	D	D	D	D	D	D	D	S	L	L	L	L	L	L	L	L
YLR208W	P	P	S	S	S	S	S	P	S	S	S	S	P	P	P	P	P	P	P	P
YDR498C	S	S	S	S	S	S	S	S	S	S	S	S	P	P	P	P	P	P	P	P
YER074W-A	S	S	S	S	S	S	S	S	S	S	S	S	P	P	P	P	P	P	P	P
YML067C	S	S	S	P	P	S	S	S	S	S	S	S	P	P	P	P	P	P	P	P
YCR067C	S	S	S	P	P	P	P	P	P	P	P	P	P	P	P	P	P	P	P	P
YBR164C	S	S	S	S	S	S	S	S	P	P	S	S	P	P	P	P	P	P	P	L
YMR231W	S	S	S	S	S	S	S	S	S	S	S	S	P	P	P	P	P	P	P	P
YAR002C-A	S	S	S	S	S	S	S	P	P	P	P	P	P	P	P	P	P	P	P	P
YLL024C	S	S	S	S	S	S	S	S	S	S	S	S	P	P	P	P	P	P	P	P
YFL027C	S	S	S	S	S	S	S	S	S	S	S	S	P	P	P	P	P	P	P	P
YGR295C	D	D	D	D	D	D	D	D	D	D	D	S	L	L	L	L	L	L	L	L
YLR440C	S	S	S	S	S	S	S	S	S	S	S	S	P	P	P	P	P	P	P	P
YDL195W	P	P	S	S	S	S	S	S	S	S	S	S	P	P	P	P	P	P	P	P
YMR192W	S	S	S	P	P	P	P	P	P	P	P	P	P	P	P	P	P	P	P	P
YMR292W	S	S	S	S	S	S	S	S	S	S	S	S	P	P	P	P	P	P	P	P
YGL051W	D	D	D	D	D	D	D	D	D	D	D	S	L	L	L	L	L	L	L	L
YPR029C	S	S	S	S	S	S	S	S	S	S	S	S	P	P	P	P	P	P	P	P
YHL048W	D	D	D	D	D	D	D	D	D	D	D	S	L	L	L	L	L	L	L	L
YHR110W	S	D	S	S	S	S	S	S	S	S	S	S	P	P	P	P	P	P	P	P
YOR016C	S	S	P	P	P	S	S	S	P	P	P	P	P	P	P	P	P	P	P	P
YPL195W	S	S	S	S	S	S	S	S	S	S	S	S	P	P	P	P	P	P	P	P
YNL336W	D	D	D	D	D	D	D	D	D	D	D	S	L	L	L	L	L	L	L	L
YBL050W	S	S	S	S	S	S	S	S	S	S	S	S	P	P	P	P	P	P	P	L
YPL259C	S	S	S	S	S	S	S	S	S	S	S	S	P	P	P	P	P	P	P	P
YOL062C	S	S	S	S	S	S	S	S	S	S	S	S	P	P	P	P	P	P	P	P
YBR080C	S	S	P	S	S	S	S	P	S	S	S	S	P	P	P	P	P	P	P	P
YIL138C	S	S	S	S	P	S	S	P	P	P	P	P	P	P	P	P	P	P	P	P
