Gene ID	V.polysp	T.phaffi	T.blatta	N.dairen	N.castel	K.nagani	K.africa	C.glabra	S.uvarum	S.kudria	S.mikata	S.cerevi	Z.rouxii	T.delbru	K.lactis	E.gossyp	E.cymbal	L.kluyve	L.thermo	L.waltii
YDL015C	S	S	S	S	S	S	S	S	S	S	S	S	P	P	P	P	P	P	P	P
YIL009W	D	D	D	D	D	D	D	D	D	S	S	S	L	L	L	L	L	L	L	L
YBR026C	S	S	S	S	S	S	S	S	S	S	S	S	P	P	P	P	P	P	P	P
YMR246W	P	P	P	P	P	P	P	P	P	P	P	P	P	P	P	P	P	P	P	P
YAR035W	S	S	S	S	S	S	S	P	P	P	S	S	P	P	P	P	P	P	L	L
YOL002C	S	S	S	S	S	S	S	S	S	S	S	S	P	P	P	P	P	P	P	P
YCL026C-A	S	S	S	S	S	S	S	P	S	S	S	S	P	P	P	L	L	P	P	P
YAL051W	S	S	S	P	P	P	P	P	P	P	P	P	P	P	P	P	P	P	L	P
YGL055W	S	S	D	S	S	S	S	S	S	S	S	S	P	P	P	P	P	P	P	P
YMR246W	P	P	P	P	P	P	P	P	P	P	P	P	P	P	P	P	P	P	P	P
YER061C	S	S	S	S	S	S	S	S	S	S	S	S	P	P	P	P	P	P	P	P
YPL231W	S	S	S	S	S	S	S	S	S	S	S	S	P	P	P	P	P	P	P	P
YBR159W	S	S	S	S	S	S	S	S	S	S	S	S	P	P	P	P	P	P	P	P
YMR272C	P	S	S	S	S	S	S	S	S	S	S	S	P	P	P	P	P	P	P	P
YMR207C	P	P	S	S	S	S	S	S	P	P	P	P	P	P	P	P	P	P	P	P
YKL182W	S	S	S	S	S	S	S	S	S	S	S	S	P	P	P	P	P	P	P	P
YOR100C	S	S	S	S	S	S	S	S	S	S	S	S	P	P	P	P	P	P	P	P
YGR037C	S	S	S	S	S	S	S	S	S	S	S	S	P	P	P	P	P	P	P	P
YER015W	S	S	S	S	S	S	S	S	S	S	S	S	P	P	P	P	P	P	P	P
YBR222C	S	S	S	S	S	S	S	S	S	S	S	S	P	P	L	P	P	P	P	P
YLR372W	S	S	S	P	P	P	S	S	S	S	S	S	P	P	P	P	P	P	P	P
YML042W	S	S	S	S	S	S	S	S	S	S	S	S	P	P	P	P	P	P	P	P
YKL055C	S	S	S	S	S	S	S	S	S	S	S	S	P	P	P	P	P	P	P	P
YIL160C	S	S	S	D	S	S	S	S	S	S	S	S	P	P	P	P	P	P	P	P
YER024W	S	S	S	S	S	S	S	S	S	S	S	S	P	P	P	P	P	P	L	L
YKR009C	S	S	S	S	S	S	S	S	S	S	S	S	P	P	P	P	P	P	P	P
YPL148C	S	S	S	S	S	S	S	S	S	S	S	S	P	P	P	P	P	P	P	P
YLR118C	S	S	S	S	S	S	S	S	S	S	S	S	P	P	P	P	P	P	P	P
YOR180C	S	S	D	S	S	S	S	D	S	S	S	S	P	P	L	L	L	L	L	L
YLR284C	S	S	S	S	S	S	S	S	S	S	S	S	P	P	P	P	P	P	P	P
YKL192C	S	S	S	S	S	S	P	P	S	S	S	S	P	P	P	P	P	P	P	P
YCR034W	P	P	P	S	P	S	P	P	P	P	P	P	P	P	P	P	P	P	P	P
YHR067W	S	S	S	S	S	S	S	S	S	S	S	S	P	P	P	P	P	P	P	P
YOR221C	S	S	S	S	S	S	S	S	S	S	S	S	P	P	P	P	P	P	P	P
YGL205W	S	S	S	S	S	S	S	S	S	S	S	S	P	P	P	P	P	P	P	P
YAL051W	S	S	S	P	P	P	P	P	P	P	P	P	P	P	P	P	P	P	L	P
YCR034W	P	P	P	S	P	S	P	P	P	P	P	P	P	P	P	P	P	P	P	P
YJL097W	S	S	S	S	S	S	S	S	S	S	S	S	P	P	P	P	P	P	P	P
