Gene ID	V.polysp	T.phaffi	T.blatta	N.dairen	N.castel	K.nagani	K.africa	C.glabra	S.uvarum	S.kudria	S.mikata	S.cerevi	Z.rouxii	T.delbru	K.lactis	E.gossyp	E.cymbal	L.kluyve	L.thermo	L.waltii
YOR231W	S	S	S	S	P	S	S	S	P	P	P	P	P	P	P	P	P	P	P	P
YBR097W	S	S	S	S	S	S	S	S	S	S	S	S	P	P	P	P	P	P	P	P
YJL185C	S	S	D	S	S	S	S	S	S	S	S	S	P	P	P	P	P	P	P	P
YFR021W	S	S	S	P	P	P	P	S	S	S	S	S	P	P	P	P	P	P	P	P
YOR231W	S	S	S	S	P	S	S	S	P	P	P	P	P	P	P	P	P	P	P	P
YOR008C	S	S	S	S	S	S	S	S	S	S	S	S	P	P	P	P	P	P	P	P
YPR049C	S	S	S	S	S	S	S	S	S	S	S	S	P	P	P	P	P	P	P	P
YLR423C	S	S	S	S	S	S	D	S	S	S	S	S	P	P	P	P	P	P	P	P
YJL095W	S	S	S	S	S	S	S	S	S	S	S	S	P	P	P	P	P	P	P	P
YBR128C	S	S	S	S	S	S	S	S	S	S	S	S	P	P	P	P	P	P	P	P
YNL283C	S	S	S	S	S	S	P	D	P	P	P	P	P	P	P	P	P	P	P	P
YER157W	S	S	S	S	S	S	S	S	S	S	S	S	P	P	P	P	P	P	P	P
YLR240W	S	S	S	S	S	S	S	S	S	S	S	S	P	P	P	P	P	P	P	P
YGR120C	S	S	S	S	S	S	S	S	S	S	S	S	P	P	P	P	P	P	P	P
YNL242W	S	S	S	S	S	S	S	S	S	S	S	S	P	P	P	P	P	P	P	P
YPR105C	S	S	S	S	S	S	S	S	S	S	S	S	P	P	P	P	P	P	P	P
YBL105C	S	S	S	S	S	S	S	S	S	S	S	S	P	P	P	P	P	P	P	P
YPL120W	S	S	S	S	S	S	S	S	S	S	S	S	P	P	P	P	P	P	P	P
YHR030C	S	P	P	P	P	S	P	S	P	P	S	P	P	P	P	P	P	P	P	P
YJL178C	S	S	P	S	S	S	S	S	S	S	S	S	P	P	P	P	L	P	P	P
YGR023W	P	P	P	P	P	P	P	P	P	P	P	P	P	P	P	P	P	P	P	P
YPL204W	P	P	P	P	P	P	P	S	S	S	S	S	P	P	P	P	P	P	P	P
YDR108W	S	S	S	S	S	S	S	S	S	S	S	S	P	P	P	P	P	P	P	P
