Gene ID	V.polysp	T.phaffi	T.blatta	N.dairen	N.castel	K.nagani	K.africa	C.glabra	S.uvarum	S.kudria	S.mikata	S.cerevi	Z.rouxii	T.delbru	K.lactis	E.gossyp	E.cymbal	L.kluyve	L.thermo	L.waltii
YGL160W	S	S	S	S	S	S	S	S	S	S	S	S	P	P	P	P	P	P	P	P
YGR098C	S	S	S	S	S	S	S	S	S	S	S	S	P	P	P	P	L	P	P	P
YIL065C	S	S	S	S	S	S	S	S	S	S	S	S	P	P	P	P	P	P	P	P
YGR192C	S	S	P	P	P	S	P	S	P	P	P	P	P	P	P	L	L	P	P	P
YPL123C	S	S	S	S	S	S	S	S	S	S	S	S	P	P	P	P	P	P	P	P
YIL114C	S	S	S	S	S	P	P	P	P	P	P	P	P	P	P	P	P	P	P	P
YDR326C	S	S	P	P	P	P	P	P	P	P	P	P	P	P	P	P	P	P	P	P
YML078W	S	S	S	S	S	S	S	S	S	S	S	S	P	L	P	P	P	P	P	P
YNL305C	S	S	S	S	S	S	S	S	S	S	S	S	P	P	P	L	L	P	P	P
YNR074C	D	D	D	D	D	D	D	D	D	D	D	S	L	L	L	L	L	L	L	L
YNL123W	S	S	S	S	S	S	S	S	S	S	S	S	L	P	P	P	P	P	P	P
YJL208C	S	S	S	S	S	S	S	S	S	S	S	S	P	P	P	P	P	P	P	P
YKR071C	S	P	S	S	S	S	P	S	S	S	S	S	P	P	P	P	P	P	P	P
YHR179W	D	D	D	P	P	S	P	S	S	S	S	S	P	P	P	L	L	P	P	P
YOR197W	P	S	S	P	P	S	S	S	S	S	S	S	P	P	P	P	P	P	P	P
YFL010C	S	S	P	S	S	S	S	S	S	S	S	S	P	P	P	P	P	P	P	P
YLR011W	D	D	D	D	D	D	D	D	S	S	S	S	L	L	L	L	L	L	L	L
YDL003W	S	S	S	S	S	S	S	S	S	S	S	S	P	P	P	P	P	P	P	L
YGR192C	S	S	P	P	P	S	P	S	P	P	P	P	P	P	P	L	L	P	P	P
YOR297C	S	S	S	S	S	S	S	S	S	S	S	S	P	P	P	P	P	P	P	P
YPL171C	D	D	D	D	D	D	D	D	S	S	D	S	L	L	L	L	L	L	L	L
YBL030C	S	S	S	P	P	S	S	S	P	P	P	P	P	P	P	P	P	P	P	P
YGL203C	S	S	S	S	S	S	S	S	S	S	D	S	P	P	P	P	P	P	P	P
YJR089W	S	S	S	S	S	S	S	D	S	S	S	S	L	P	P	P	P	P	P	P
YDL013W	S	S	S	S	S	S	S	S	S	S	S	S	P	P	P	P	L	P	P	P
