Gene ID	V.polysp	T.phaffi	T.blatta	N.dairen	N.castel	K.nagani	K.africa	C.glabra	S.uvarum	S.kudria	S.mikata	S.cerevi	Z.rouxii	T.delbru	K.lactis	E.gossyp	E.cymbal	L.kluyve	L.thermo	L.waltii
YLR181C	S	S	S	S	S	S	S	S	S	S	S	S	P	P	P	P	P	P	P	P
YPL006W	S	S	D	S	D	S	S	S	S	S	S	S	P	P	P	P	P	P	P	P
YOR237W	P	P	P	P	P	P	P	P	P	P	P	P	P	P	P	P	P	P	P	P
YHR073W	S	S	S	S	S	S	S	S	S	S	S	S	P	P	P	P	P	P	P	P
YBR041W	S	S	P	S	S	S	S	S	S	S	S	S	P	P	P	P	P	P	P	P
YJL079C	P	P	P	S	P	P	P	P	P	P	P	P	L	P	P	P	P	P	P	P
YLL006W	S	S	S	S	S	S	S	S	S	S	S	S	P	P	P	P	P	P	P	P
YJL079C	P	P	P	S	P	P	P	P	P	P	P	P	L	P	P	P	P	P	P	P
YNL087W	S	S	S	P	P	S	P	S	P	P	P	P	P	P	P	P	P	P	P	P
YHR001W	S	S	P	P	P	S	P	S	P	P	P	P	P	P	P	P	P	P	P	P
YDL149W	S	S	S	S	S	S	S	S	S	S	S	S	P	P	P	P	P	P	P	P
YDL019C	P	P	P	P	P	P	P	P	P	P	P	P	P	P	P	P	P	P	P	P
YDR093W	S	S	P	P	P	P	P	P	P	P	P	P	P	P	P	P	P	P	P	P
YLR193C	S	S	S	S	S	S	S	S	S	S	S	S	P	P	P	P	P	P	P	P
YJL145W	S	S	S	S	S	S	S	S	S	S	S	S	P	P	P	P	P	P	P	P
YNL087W	S	S	S	P	P	S	P	S	P	P	P	P	P	P	P	P	P	P	P	P
YJL078C	D	D	D	S	D	S	S	D	D	P	S	S	P	L	P	P	P	P	P	P
YDR093W	S	S	P	P	P	P	P	P	P	P	P	P	P	P	P	P	P	P	P	P
YCR091W	S	P	S	P	P	P	P	S	P	P	P	P	P	P	P	P	P	P	P	P
YOL009C	S	S	S	S	S	S	S	S	S	S	S	S	P	P	P	P	P	P	P	P
YGL219C	S	S	S	S	S	S	S	S	S	S	S	S	P	P	P	P	P	P	P	P
YCR091W	S	P	S	P	P	P	P	S	P	P	P	P	P	P	P	P	P	P	P	P
YMR010W	S	S	S	S	S	S	S	S	S	S	S	S	P	P	P	P	P	P	P	P
YNL242W	S	S	S	S	S	S	S	S	S	S	S	S	P	P	P	P	P	P	P	P
YKL053C-A	S	S	S	S	S	S	S	S	S	S	S	S	P	P	P	P	P	P	P	P
YHR001W	S	S	P	P	P	S	P	S	P	P	P	P	P	P	P	P	P	P	P	P
YNL231C	S	S	P	S	S	S	S	S	S	S	S	S	P	P	P	P	P	P	P	P
YML072C	S	S	P	S	S	S	S	S	S	S	S	S	P	P	P	P	P	P	P	P
YDR051C	S	S	S	S	S	P	S	P	S	S	S	S	P	P	P	L	L	P	P	P
YLR242C	S	S	S	S	S	S	S	S	S	S	S	S	P	P	P	P	P	P	P	P
YLR380W	P	P	P	S	S	S	P	P	S	S	S	S	P	P	P	P	P	P	P	P
YPR091C	S	S	S	S	S	S	S	S	S	S	S	S	P	P	P	P	P	P	P	P
YDL019C	P	P	P	P	P	P	P	P	P	P	P	P	P	P	P	P	P	P	P	P
YNL264C	S	S	S	S	S	S	S	S	S	S	S	S	P	L	P	P	P	P	P	P
YDL046W	S	S	S	S	S	S	S	S	S	S	S	S	P	P	P	P	P	P	P	P
