Gene ID	V.polysp	T.phaffi	T.blatta	N.dairen	N.castel	K.nagani	K.africa	C.glabra	S.uvarum	S.kudria	S.mikata	S.cerevi	Z.rouxii	T.delbru	K.lactis	E.gossyp	E.cymbal	L.kluyve	L.thermo	L.waltii
YLR437C	S	S	S	P	P	P	P	P	P	P	P	P	P	P	P	P	P	P	P	P
YGR086C	S	S	P	P	P	P	S	P	S	S	S	S	P	P	P	P	P	P	P	P
YDR113C	S	S	S	S	S	S	S	S	S	S	S	S	P	P	P	P	P	P	P	P
YDR099W	P	S	P	P	P	P	P	P	P	P	P	P	P	P	P	P	P	P	P	P
YHR195W	S	D	D	S	S	S	S	S	S	S	S	S	P	P	P	L	P	P	P	P
YLR404W	S	S	S	S	S	S	S	S	S	S	S	S	P	P	P	P	P	P	P	P
YOR014W	S	S	P	S	S	S	S	S	S	S	S	S	P	P	P	P	P	P	P	P
YBL060W	S	S	S	S	S	S	S	D	S	S	S	S	P	P	P	P	P	P	P	P
YGL014W	S	S	S	S	S	S	P	S	S	S	S	S	P	P	P	P	P	P	P	P
YCR002C	S	S	S	S	S	S	S	S	S	S	S	S	P	P	P	P	P	P	P	P
YGL106W	S	S	S	S	S	S	S	S	S	S	S	S	P	P	P	P	P	P	P	P
YCR032W	S	S	S	S	S	S	S	S	S	S	S	S	P	P	P	P	P	P	P	P
YLR437C	S	S	S	P	P	P	P	P	P	P	P	P	P	P	P	P	P	P	P	P
YDL225W	S	S	P	S	S	S	S	S	S	S	S	S	P	P	P	P	P	P	P	P
YJL165C	S	S	P	P	P	P	P	P	P	P	P	P	P	P	P	P	P	P	P	P
YNL265C	S	S	S	S	S	S	S	S	S	S	S	S	P	P	P	P	P	P	P	P
YLR314C	S	S	S	S	S	S	S	S	S	S	S	S	P	P	P	P	P	P	P	P
YCR008W	P	P	S	S	S	S	S	S	S	S	S	S	P	P	P	P	P	P	P	P
YDR436W	P	P	P	S	S	P	S	P	P	P	P	P	P	P	P	P	P	P	P	P
YDR099W	P	S	P	P	P	P	P	P	P	P	P	P	P	P	P	P	P	P	P	P
YMR001C	P	P	S	S	S	P	P	S	S	S	S	S	P	P	P	P	P	P	P	P
YAR014C	S	S	P	S	S	S	S	S	S	S	S	S	P	P	P	P	P	P	P	P
YDR218C	S	S	S	S	S	S	S	S	S	S	S	S	P	L	P	P	P	P	L	L
YBR102C	S	S	S	S	S	S	S	S	S	S	S	S	P	P	P	P	P	P	P	P
YLR084C	S	S	S	S	S	S	S	S	S	S	S	S	P	P	P	P	P	P	P	P
YGR059W	S	S	S	S	S	S	S	S	S	S	S	S	P	L	P	P	P	P	L	L
YCL010C	S	S	S	S	S	S	S	S	S	S	S	S	P	P	P	P	P	P	P	L
YMR116C	S	P	S	S	P	S	S	S	S	S	S	S	P	P	P	P	P	P	P	P
YJR052W	S	S	S	S	S	S	S	S	S	S	S	S	P	P	P	P	P	P	P	P
YPL153C	S	S	S	S	S	S	S	S	S	S	S	S	P	P	P	P	P	P	P	P
YJR076C	S	S	S	S	S	S	S	S	S	S	S	S	P	P	P	P	P	P	P	P
YJL207C	S	S	S	S	S	S	S	S	S	S	S	S	P	P	P	L	L	P	P	P
YHR004C	S	S	S	S	S	S	S	S	S	S	S	S	P	P	P	P	P	P	P	P
YHR082C	S	S	S	S	S	S	S	S	S	S	S	S	P	P	P	P	P	P	P	P
YPL158C	S	S	S	S	S	S	S	S	S	S	S	S	P	P	P	P	P	P	P	P
YOR357C	S	S	S	S	S	S	S	S	S	S	S	S	P	P	P	P	P	P	P	P
YHR107C	S	S	S	S	S	S	S	P	S	S	S	S	P	P	P	P	L	P	P	P
YBR114W	S	S	S	S	S	S	S	S	S	S	S	S	P	P	P	P	P	P	P	P
YFL004W	S	S	S	S	S	S	S	S	P	P	P	P	P	P	P	P	P	P	P	P
YOR301W	S	S	S	S	S	S	S	S	S	S	S	S	P	P	P	P	P	P	P	P
YOR027W	S	S	S	S	S	S	S	S	S	S	S	S	P	P	P	P	P	P	P	P
