Gene ID	V.polysp	T.phaffi	T.blatta	N.dairen	N.castel	K.nagani	K.africa	C.glabra	S.uvarum	S.kudria	S.mikata	S.cerevi	Z.rouxii	T.delbru	K.lactis	E.gossyp	E.cymbal	L.kluyve	L.thermo	L.waltii
YPL059W	S	S	S	P	P	S	S	S	S	S	S	S	P	P	P	P	P	P	P	P
YBR014C	S	S	S	S	S	S	S	S	P	P	P	P	P	P	P	P	P	P	P	P
YPR067W	S	S	S	P	P	P	S	S	S	S	S	S	P	P	P	P	P	P	P	P
YIL128W	S	S	S	S	S	S	S	S	S	S	S	S	P	P	P	P	P	P	P	P
YBR014C	S	S	S	S	S	S	S	S	P	P	P	P	P	P	P	P	P	P	P	P
YGL018C	S	S	S	S	S	S	S	S	S	S	S	S	P	P	P	P	P	P	P	P
YAL046C	S	S	S	S	S	S	S	S	S	S	S	S	P	P	P	P	P	P	P	P
YOR226C	P	P	S	P	P	S	P	P	P	P	P	P	P	P	P	P	P	P	P	P
YKL040C	S	S	S	S	S	S	S	S	S	S	S	S	P	P	P	P	P	P	P	P
YOR226C	P	P	S	P	P	S	P	P	P	P	P	P	P	P	P	P	P	P	P	P
YDR267C	S	S	S	S	S	S	S	S	S	S	S	S	P	P	P	P	P	P	P	P
YER048W-A	S	S	S	S	S	S	S	S	S	S	S	S	P	P	P	P	P	P	P	P
YKR071C	S	P	S	S	S	S	P	S	S	S	S	S	P	P	P	P	P	P	P	P
YNL240C	S	S	S	S	S	S	S	S	S	S	S	S	P	P	P	P	P	P	P	P
YDR379C-A	S	S	S	S	S	S	S	S	S	S	S	S	P	P	P	P	P	P	P	P
YPL252C	S	S	S	S	S	S	S	S	S	S	S	S	P	P	P	P	P	P	P	P
YMR301C	S	S	S	S	S	S	S	S	S	S	S	S	P	P	P	P	P	P	P	P
YKL192C	S	S	S	S	S	S	P	P	S	S	S	S	P	P	P	P	P	P	P	P
YHR122W	S	S	S	S	S	S	S	S	S	S	S	S	P	P	P	P	P	P	P	L
YGL091C	S	S	S	S	S	S	S	S	S	S	S	S	P	P	P	P	P	P	P	P
YJR122W	S	S	S	S	S	S	S	S	S	S	S	S	P	P	P	P	P	P	P	P
YAL044W-A	S	S	D	S	S	S	S	S	S	S	S	S	P	P	P	P	P	P	P	P
YDR098C	S	P	S	P	P	P	P	P	P	P	P	P	P	P	P	P	P	P	P	P
YCL017C	S	S	S	S	S	S	S	S	S	S	S	S	P	P	P	P	P	P	P	P
YDR098C	S	P	S	P	P	P	P	P	P	P	P	P	P	P	P	P	P	P	P	P
YPR048W	S	S	S	S	S	S	S	S	S	S	S	S	P	P	P	P	P	P	P	P
YLR369W	S	S	S	S	S	S	S	S	S	S	S	S	P	P	P	P	P	P	P	P
YGL220W	S	S	S	S	S	S	S	S	S	S	S	S	P	P	P	P	P	P	P	P
YLL027W	S	S	S	S	S	S	S	P	S	S	S	S	P	P	P	P	P	P	P	P
YDL120W	S	S	S	P	P	S	S	S	S	S	S	S	P	P	P	P	P	P	P	P
YIL003W	S	S	S	S	S	S	S	S	S	S	S	S	P	P	P	P	P	P	P	P
