YOL088C	MPD2
YIL010W	DOT5
YPR194C	OPT2
YPL059W	GRX5
YFL018C	LPD1
YPL091W	GLR1
YBR014C	GRX7
YHR106W	TRR2
YDR513W	GRX2
YCR083W	TRX3
YNL055C	POR1
YPR100W	MRPL51
YDL010W	GRX6
YER132C	PMD1
YBL064C	PRX1
YIL005W	EPS1
YPL017C	IRC15
YLR430W	SEN1
YML028W	TSA1
YGL197W	MDS3
YDR453C	TSA2
YDR135C	YCF1
YLR109W	AHP1
YLR364W	GRX8
YCL035C	GRX1
YGR209C	TRX2
YDR518W	EUG1
YPL222W	FMP40
YOR288C	MPD1
YLR043C	TRX1
YFR016C	
YPL156C	PRM4
YDR353W	TRR1
YIL114C	POR2
YDR098C	GRX3
YBR037C	SCO1
YER174C	GRX4
YCL043C	PDI1
YBR024W	SCO2
