YOR185C	GSP2
YKL103C	
YNR017W	TIM23
YHL031C	GOS1
YJL204C	RCY1
YHL002W	HSE1
YDR186C	SND1
YKL002W	DID4
YLR025W	SNF7
YML125C	PGA3
YNL297C	MON2
YNR026C	SEC12
YPR194C	OPT2
YPL084W	BRO1
YBL037W	APL3
YGR141W	VPS62
YDR299W	BFR2
YHR005C-A	TIM10
YGR181W	TIM13
YKL143W	LTV1
YGR082W	TOM20
YNL246W	VPS75
YDR200C	VPS64
YJR044C	VPS55
YLR181C	VTA1
YPL218W	SAR1
YKR014C	YPT52
YDR361C	BCP1
YMR308C	PSE1
YBR091C	TIM12
YML001W	YPT7
YDR002W	YRB1
YGL145W	TIP20
YPR181C	SEC23
YDR358W	GGA1
YGL098W	USE1
YBR111W-A	SUS1
YER105C	NUP157
YJL061W	NUP82
YNL310C	ZIM17
YGR172C	YIP1
YDR425W	SNX41
YNL263C	YIF1
YOL065C	INP54
YLR008C	PAM18
YJR005W	APL1
YIL068C	SEC6
YLR170C	APS1
YNL026W	SAM50
YKR082W	NUP133
YPL125W	KAP120
YBL107C	MIX23
YBR097W	VPS15
YPL051W	ARL3
YJR138W	IML1
YFR021W	ATG18
YKL135C	APL2
YDR238C	SEC26
YGL104C	VPS73
YOR132W	VPS17
YPR149W	NCE102
YKR027W	BCH2
YLR378C	SEC61
YJR135W-A	TIM8
YEL062W	NPR2
YGR131W	FHN1
YAL014C	SYN8
YGR163W	GTR2
YKR007W	MEH1
YPL045W	VPS16
YKL124W	SSH4
YKR095W	MLP1
YKL041W	VPS24
YAL042W	ERV46
YMR079W	SEC14
YNL041C	COG6
YPR157W	TDA6
YGL210W	YPT32
YGL153W	PEX14
YJL084C	ALY2
YLR078C	BOS1
YOL138C	RTC1
YDR128W	MTC5
YIL149C	MLP2
YLR262C	YPT6
YGR068C	ART5
YDL072C	YET3
YGL100W	SEH1
YDL077C	VAM6
YLR080W	EMP46
YKL084W	HOT13
YLR191W	PEX13
YDL116W	NUP84
YIL004C	BET1
YNR007C	ATG3
YPL166W	ATG29
YDR155C	CPR1
YDR414C	ERD1
YDL115C	IWR1
YDL145C	COP1
YPR049C	ATG11
YDL149W	ATG9
YOR326W	MYO2
YMR203W	TOM40
YMR077C	VPS20
YNL149C	PGA2
YHR170W	NMD3
YJL104W	PAM16
YLR099W-A	MIM2
YOR098C	NUP1
YGR200C	ELP2
YKR093W	PTR2
YER128W	VFA1
YDR166C	SEC5
YBR217W	ATG12
YLL023C	POM33
YLR065C	ENV10
YDR244W	PEX5
YPR017C	DSS4
YJL029C	VPS53
YNL015W	PBI2
YIL109C	SEC24
YDL058W	USO1
YLR026C	SED5
YPL010W	RET3
YOR069W	VPS5
YOR075W	UFE1
YPR173C	VPS4
YGL200C	EMP24
YML012W	ERV25
YBR171W	SEC66
YFR022W	ROG3
YBR264C	YPT10
YBR131W	CCZ1
YPL063W	TIM50
YIL022W	TIM44
YER107C	GLE2
YPL149W	ATG5
YAR002W	NUP60
YNL272C	SEC2
YMR004W	MVP1
YER122C	GLO3
YMR159C	ATG16
YLR347C	KAP95
YFR002W	NIC96
YNL223W	ATG4
YGR218W	CRM1
YLR119W	SRN2
YER006W	NUG1
YKR035W-A	DID2
YHR108W	GGA2
YGL095C	VPS45
YGL137W	SEC27
YOL026C	MIM1
YMR192W	GYL1
YOR359W	VTS1
YBR077C	SLM4
YOL082W	ATG19
YNR049C	MSO1
YGR261C	APL6
YMR040W	YET2
YIL115C	NUP159
YDL113C	ATG20
YDR086C	SSS1
YBR105C	VID24
YNL189W	SRP1
YMR255W	GFD1
YDR153C	ENT5
YPL002C	SNF8
YGR009C	SEC9
YHR098C	SFB3
YIL048W	NEO1
YBR128C	ATG14
YMR237W	BCH1
YLR166C	SEC10
YKL065C	YET1
YNL049C	SFB2
YGL045W	RIM8
YER008C	SEC3
YJR074W	MOG1
YNL214W	PEX17
YER143W	DDI1
YLR293C	GSP1
YMR047C	NUP116
YDL217C	TIM22
YIL002C	INP51
YLR309C	IMH1
YMR026C	PEX12
YGR245C	SDA1
YLR373C	VID22
YDR093W	DNF2
YNL131W	TOM22
YNL265C	IST1
YBR162W-A	YSY6
YER031C	YPT31
YAR033W	MST28
YKL195W	MIA40
YPL065W	VPS28
YJL054W	TIM54
YDR080W	VPS41
YNL093W	YPT53
YMR060C	SAM37
YDR142C	PEX7
YDL212W	SHR3
YPR185W	ATG13
YJL192C	SOP4
YHL023C	NPR3
YBL040C	ERD2
YOR322C	LDB19
YOL031C	SIL1
YLR431C	ATG23
YCL008C	STP22
YJL099W	CHS6
YGL180W	ATG1
YJL085W	EXO70
YGR209C	TRX2
YLL042C	ATG10
YOR094W	ARF3
YDR027C	VPS54
YJL036W	SNX4
YER157W	COG3
YHR171W	ATG7
YIL063C	YRB2
YGL099W	LSG1
YMR197C	VTI1
YGL233W	SEC15
YJL212C	OPT1
YBR106W	PHO88
YJL024C	APS3
YJR125C	ENT3
YPL085W	SEC16
YLR360W	VPS38
YDR164C	SEC1
YIL076W	SEC28
YPR030W	CSR2
YDL207W	GLE1
YOR089C	VPS21
YLR335W	NUP2
YML121W	GTR1
YDL018C	ERP3
YKR021W	ALY1
YHL019C	APM2
YER009W	NTF2
YOR046C	DBP5
YDR351W	SBE2
YLR384C	IKI3
YBR288C	APM3
YJR033C	RAV1
YJL039C	NUP192
YHR012W	VPS29
YLR240W	VPS34
YBR102C	EXO84
YNL064C	YDJ1
YLR018C	POM34
YAL002W	VPS8
YDR468C	TLG1
YER019C-A	SBH2
YHR036W	BRL1
YKL176C	LST4
YOR297C	TIM18
YGL092W	NUP145
YPL037C	EGD1
YDL231C	BRE4
YGR033C	TIM21
YOL129W	VPS68
YGR120C	COG2
YJR126C	VPS70
YBR017C	KAP104
YDR189W	SLY1
YDR524C	AGE1
YPL100W	ATG21
YAR002C-A	ERP1
YBL017C	PEP1
YKL068W	NUP100
YLR330W	CHS5
YNL051W	COG5
YBL104C	SEA4
YER136W	GDI1
YJL143W	TIM17
YNL070W	TOM7
YOL083W	ATG34
YGR206W	MVB12
YJL207C	LAA1
YHR083W	SAM35
YDR486C	VPS60
YLR268W	SEC22
YML031W	NDC1
YDR484W	VPS52
YDL192W	ARF1
YPL069C	BTS1
YBL079W	NUP170
YFL005W	SEC4
YBR170C	NPL4
YDR192C	NUP42
YNL242W	ATG2
YEL031W	SPF1
YMR214W	SCJ1
YJR058C	APS2
YDL126C	CDC48
YOR018W	ROD1
YBR283C	SSH1
YGL241W	KAP114
YHR103W	SBE22
YLR189C	ATG26
YBR201W	DER1
YDR170C	SEC7
YPL086C	ELP3
YFL038C	YPT1
YLR392C	ART10
YPR105C	COG4
YGL114W	
YPL094C	SEC62
YIR011C	STS1
YOR357C	SNX3
YGR119C	NUP57
YNL258C	DSL1
YJL222W	VTH2
YML071C	COG8
YDL226C	GCS1
YOR329C	SCD5
YLR043C	TRX1
YFR051C	RET2
YNL328C	MDJ2
YLR148W	PEP3
YGL124C	MON1
YMR171C	EAR1
YIL173W	VTH1
YKL006C-A	SFT1
YGL164C	YRB30
YBL102W	SFT2
YDL137W	ARF2
YER087C-B	SBH1
YOR045W	TOM6
YOL018C	TLG2
YGL238W	CSE1
YPR079W	MRL1
YNL287W	SEC21
YDR141C	DOP1
YDR424C	DYN2
YOR016C	ERP4
YPR055W	SEC8
YLR396C	VPS33
YJR102C	VPS25
YJL004C	SYS1
YLR386W	VAC14
YOR109W	INP53
YJL154C	VPS35
YKR020W	VPS51
YOR254C	SEC63
YHR193C	EGD2
YMR153W	NUP53
YPL120W	VPS30
YBL078C	ATG8
YGL005C	COG7
YDR395W	SXM1
YLR208W	SEC13
YFL025C	BST1
YDR372C	VPS74
YJL053W	PEP8
YDR498C	SEC20
YER074W-A	YOS1
YML067C	ERV41
YKR065C	PAM17
YGL172W	NUP49
YCR067C	SED4
YBR164C	ARL1
YLR064W	PER33
YMR231W	PEP5
YDL063C	SYO1
YDR202C	RAV2
YGL002W	ERP6
YJL178C	ATG27
YNL106C	INP52
YML103C	NUP188
YGL223C	COG1
YPR133W-A	TOM5
YDL088C	ASM4
YLR417W	VPS36
YJL205C	NCE101
YEL020W-A	TIM9
YHR142W	CHS7
YLR440C	SEC39
YDL195W	SEC31
YPL249C	GYP5
YMR292W	GOT1
YGL051W	MST27
YER110C	KAP123
YLR292C	SEC72
YJR132W	NMD5
YPR029C	APL4
YOR299W	BUD7
YOR257W	CDC31
YHR110W	ERP5
YAL007C	ERP2
YPL195W	APL5
YDR022C	
YOR223W	DSC3
YJR042W	NUP85
YBL050W	SEC17
YPL259C	APM1
YHR181W	SVP26
YDR252W	BTT1
YKL057C	NUP120
YOL062C	APM4
YBR080C	SEC18
YLL040C	VPS13
YBL101C	ECM21
YMR129W	POM152
