YLL050C	COF1
YBR234C	ARC40
YOR181W	LAS17
YDR129C	SAC6
YLR429W	CRN1
YCL034W	LSB5
YHR016C	YSC84
YBR059C	AKL1
YKL129C	MYO3
YBL007C	SLA1
YDL135C	RDI1
YOR326W	MYO2
YIL118W	RHO3
YDL188C	PPH22
YLR370C	ARC18
YJR065C	ARP3
YMR109W	MYO5
YOR043W	WHI2
YDR153C	ENT5
YNL020C	ARK1
YER114C	BOI2
YDL161W	ENT1
YCR009C	RVS161
YNL090W	RHO2
YKR055W	RHO4
YOR127W	RGA1
YJR125C	ENT3
YOR367W	SCP1
YPR165W	RHO1
YIL034C	CAP2
YIL138C	TPM2
YGR080W	TWF1
YBL085W	BOI1
YPL242C	IQG1
YNL138W	SRV2
YLR206W	ENT2
YAL029C	MYO4
YLL007C	LMO1
YLL038C	ENT4
YNL084C	END3
YOR329C	SCD5
YDL134C	PPH21
YBL105C	PKC1
YHR114W	BZZ1
YIL095W	PRK1
YNL032W	SIW14
YNL243W	SLA2
YDL029W	ARP2
YJL128C	PBS2
YNL079C	TPM1
