YDR523C	SPS1
YOR231W	MKK1
YFR036W	CDC26
YKR072C	SIS2
YPL042C	SSN3
YPL140C	MKK2
YER177W	BMH1
YGL240W	DOC1
YDR253C	MET32
YDR118W	APC4
YLR362W	STE11
YKL022C	CDC16
YOL113W	SKM1
YLR187W	SKG3
YGL003C	CDH1
YBR135W	CKS1
YHR166C	CDC23
YBL084C	CDC27
YJL095W	BCK1
YIR025W	MND2
YER133W	GLC7
YDL159W	STE7
YNR031C	SSK2
YHR102W	KIC1
YDR099W	BMH2
YFL029C	CAK1
YLR102C	APC9
YCR073C	SSK22
YOR249C	APC5
YGL116W	CDC20
YLR127C	APC2
YDL008W	APC11
YIL046W	MET30
YOL133W	HRT1
YDR054C	CDC34
YKL161C	KDX1
YDR328C	SKP1
YNL172W	APC1
YGR229C	SMI1
YDR260C	SWM1
YDL132W	CDC53
YNL278W	CAF120
YJL128C	PBS2
