YNR017W	TIM23
YHL031C	GOS1
YHL002W	HSE1
YOR160W	MTR10
YBL037W	APL3
YGR142W	BTN2
YGR082W	TOM20
YGR167W	CLC1
YMR017W	SPO20
YPL218W	SAR1
YKR014C	YPT52
YNL121C	TOM70
YPR181C	SEC23
YDR358W	GGA1
YNL304W	YPT11
YDR425W	SNX41
YLR008C	PAM18
YJR005W	APL1
YLR170C	APS1
YPL125W	KAP120
YPL051W	ARL3
YOR106W	VAM3
YKL135C	APL2
YDR238C	SEC26
YOR132W	VPS17
YHR035W	NEL1
YCR094W	CDC50
YJR045C	SSC1
YOR036W	PEP12
YAL026C	DRS2
YAL014C	SYN8
YPL045W	VPS16
YLR078C	BOS1
YMR183C	SSO2
YDL234C	GYP7
YLR262C	YPT6
YDL072C	YET3
YDL077C	VAM6
YAL030W	SNC1
YIL004C	BET1
YDL145C	COP1
YCR032W	BPH1
YOR070C	GYP1
YJL104W	PAM16
YIL109C	SEC24
YDL058W	USO1
YLR026C	SED5
YLR093C	NYV1
YPL010W	RET3
YGL200C	EMP24
YML012W	ERV25
YNR006W	VPS27
YBR264C	YPT10
YER166W	DNF1
YPL063W	TIM50
YIL022W	TIM44
YLR039C	RIC1
YLR436C	ECM30
YLR347C	KAP95
YGR218W	CRM1
YLR119W	SRN2
YHR108W	GGA2
YGL095C	VPS45
YGL137W	SEC27
YMR192W	GYL1
YGR261C	APL6
YMR040W	YET2
YHR022C	
YDL113C	ATG20
YDR086C	SSS1
YGR009C	SEC9
YHR098C	SFB3
YKL065C	YET1
YNL049C	SFB2
YMR162C	DNF3
YDR093W	DNF2
YNL131W	TOM22
YPL065W	VPS28
YDR080W	VPS41
YNL093W	YPT53
YKL196C	YKT6
YCL008C	STP22
YOR094W	ARF3
YJL036W	SNX4
YER157W	COG3
YMR197C	VTI1
YGL233W	SEC15
YJL024C	APS3
YGR100W	MDR1
YGL212W	VAM7
YDR164C	SEC1
YER180C-A	SLO1
YJL044C	GYP6
YOR089C	VPS21
YDL018C	ERP3
YEL043W	
YHL019C	APM2
YOL112W	MSB4
YBR288C	APM3
YHR012W	VPS29
YAL002W	VPS8
YDR468C	TLG1
YER019C-A	SBH2
YOR232W	MGE1
YDR189W	SLY1
YAR002C-A	ERP1
YJL143W	TIM17
YLR268W	SEC22
YGL206C	CHC1
YDL192W	ARF1
YJR058C	APS2
YMR055C	BUB2
YGL241W	KAP114
YOR327C	SNC2
YFL038C	YPT1
YLR148W	PEP3
YKL006C-A	SFT1
YKL164C	PIR1
YDL137W	ARF2
YER087C-B	SBH1
YOL018C	TLG2
YGL238W	CSE1
YNL287W	SEC21
YOR016C	ERP4
YLR396C	VPS33
YJL154C	VPS35
YPL232W	SSO1
YDR395W	SXM1
YJL053W	PEP8
YPR158W	CUR1
YKR065C	PAM17
YBR164C	ARL1
YMR231W	PEP5
YGL002W	ERP6
YDL195W	SEC31
YPL249C	GYP5
YER110C	KAP123
YJR132W	NMD5
YPR029C	APL4
YHR110W	ERP5
YAL007C	ERP2
YPL195W	APL5
YBL050W	SEC17
YPL259C	APM1
YOL062C	APM4
