YML077W	BET5
YIL165C	
YOR115C	TRS33
YGL168W	HUR1
YML001W	YPT7
YPR181C	SEC23
YEL053C	MAK10
YIL098C	FMC1
YBR097W	VPS15
YPL250C	ATG41
YFR021W	ATG18
YKR068C	BET3
YOR036W	PEP12
YGR188C	BUB1
YDR246W	TRS23
YLR262C	YPT6
YGL167C	PMR1
YMR297W	PRC1
YPL166W	ATG29
YLL001W	DNM1
YMR142C	RPL13B
YCR079W	PTC6
YBR217W	ATG12
YKR103W	NFT1
YIL109C	SEC24
YPR173C	VPS4
YBR131W	CCZ1
YPL149W	ATG5
YMR159C	ATG16
YKL006W	RPL14A
YDR173C	ARG82
YDL113C	ATG20
YLR001C	
YBR128C	ATG14
YBR139W	
YNL098C	RAS2
YPL154C	PEP4
YDR080W	VPS41
YPR185W	ATG13
YLR356W	ATG33
YGL180W	ATG1
YLL042C	ATG10
YLR211C	ATG38
YBR254C	TRS20
YER157W	COG3
YHR171W	ATG7
YMR197C	VTI1
YPL085W	SEC16
YGL212W	VAM7
YLR360W	VPS38
YMR218C	TRS130
YJR031C	GEA1
YLR240W	VPS34
YDR472W	TRS31
YPL037C	EGD1
YGR120C	COG2
YPL100W	ATG21
YDL192W	ARF1
YNL242W	ATG2
YDL126C	CDC48
YFL038C	YPT1
YPR105C	COG4
YGL124C	MON1
YEL022W	GEA2
YDL137W	ARF2
YEL013W	VAC8
YKL037W	AIM26
YPL120W	VPS30
YBL078C	ATG8
YCR068W	ATG15
YBR164C	ARL1
YLR305C	STT4
YJL178C	ATG27
YLR417W	VPS36
YBR080C	SEC18
YDR108W	TRS85
YMR121C	RPL15B
