YCR052W	RSC6
YMR091C	NPL6
YNL097C	PHO23
YNL030W	HHF2
YLR321C	SFH1
YIL126W	STH1
YAL019W	FUN30
YBR111W-A	SUS1
YMR075W	RCO1
YOR038C	HIR2
YGR274C	TAF1
YBR136W	MEC1
YPR068C	HOS1
YER161C	SPT2
YDL076C	RXT3
YOR295W	UAF30
YML127W	RSC9
YBR245C	ISW1
YBL002W	HTB2
YEL018W	EAF5
YDR448W	ADA2
YHR056C	RSC30
YJR119C	JHD2
YHR119W	SET1
YLR033W	RSC58
YBL088C	TEL1
YBR010W	HHT1
YPL254W	HFI1
YGR270W	YTA7
YGR252W	GCN5
YPR034W	ARP7
YMR284W	YKU70
YGL194C	HOS2
YOR213C	SAS5
YLR357W	RSC2
YDR499W	LCD1
YBL003C	HTA2
YPL116W	HOS3
YBR009C	HHF1
YBR081C	SPT7
YLR085C	ARP6
YIL084C	SDS3
YGL058W	RAD6
YMR236W	TAF9
YOR191W	ULS1
YDR485C	VPS72
YJR082C	EAF6
YER125W	RSP5
YKR063C	LAS1
YMR106C	YKU80
YBR231C	SWC5
YHR090C	YNG2
YNL021W	HDA1
YOL012C	HTZ1
YDR176W	NGG1
YPR193C	HPA2
YPL001W	HAT1
YAL011W	SWC3
YBR215W	HPC2
YPL181W	CTI6
YDR225W	HTA1
YER164W	CHD1
YDR224C	HTB1
YMR033W	ARP9
YML041C	VPS71
YAL013W	DEP1
YNL031C	HHT2
YDR334W	SWR1
YPL047W	SGF11
YOL004W	SIN3
YDR071C	PAA1
YGR116W	SPT6
YJL081C	ARP4
YHR099W	TRA1
YER051W	JHD1
YCR076C	FUB1
YDR207C	UME6
YDR295C	HDA2
YMR239C	RNT1
YLR055C	SPT8
YOL006C	TOP1
YGL066W	SGF73
YJR136C	TTI2
YOL148C	SPT20
YNL107W	YAF9
YDR359C	EAF1
YNL088W	TOP2
YBR103W	SIF2
YGR063C	SPT4
YKR029C	SET3
YCL010C	SGF29
YDR145W	TAF12
YGL112C	TAF6
YDR190C	RVB1
YPR023C	EAF3
YPL139C	UME1
YDL074C	BRE1
YOR123C	LEO1
YKL185W	ASH1
YNL215W	IES2
YKR008W	RSC4
YLR385C	SWC7
YBL052C	SAS3
YBR198C	TAF5
YBL008W	HIR1
YLR141W	RRN5
YFL049W	SWP82
YPL235W	RVB2
YDR440W	DOT1
YDR303C	RSC3
YOR064C	YNG1
YBR095C	RXT2
YGR056W	RSC1
YMR247C	RKR1
YOL068C	HST1
YEL056W	HAT2
YBL006C	LDB7
YNL330C	RPD3
YFR037C	RSC8
YDL042C	SIR2
YJL115W	ASF1
YDR216W	ADR1
YJL105W	SET4
YPL055C	LGE1
YDR392W	SPT3
YMR263W	SAP30
YOR304W	ISW2
YDR110W	FOB1
YDR167W	TAF10
YMR127C	SAS2
YNL135C	FPR1
YBL032W	HEK2
YGL133W	ITC1
YPL216W	
YOR244W	ESA1
YLL022C	HIF1
YMR022W	UBC7
YPR085C	ASA1
YGR002C	SWC4
YKL033W	TTI1
YNL136W	EAF7
YPR179C	HDA3
YDR181C	SAS4
