YOR039W	CKB2
YOR281C	PLP2
YKL139W	CTK1
YDR200C	VPS64
YPR161C	SGV1
YLR310C	CDC25
YDR168W	CDC37
YHR186C	KOG1
YPL042C	SSN3
YMR052W	FAR3
YFR014C	CMK1
YKL116C	PRR1
YDL165W	CDC36
YKL203C	TOR2
YDR363W-A	SEM1
YPL180W	TCO89
YOL016C	CMK2
YNL127W	FAR11
YIL035C	CKA1
YOL128C	YGK3
YNL006W	LST8
YFR008W	FAR7
YER133W	GLC7
YJR066W	TOR1
YPL031C	PHO85
YLR287C	
YFL029C	CAK1
YDL127W	PCL2
YLR238W	FAR10
YDL108W	KIN28
YMR291W	TDA1
YKL101W	HSL1
YMR029C	FAR8
YER167W	BCK2
YOL139C	CDC33
YBR133C	HSL7
YNL289W	PCL1
YDR440W	DOT1
YGL215W	CLG1
YDL179W	PCL9
YGL019W	CKB1
YCR093W	CDC39
YOR244W	ESA1
YDR217C	RAD9
YOR061W	CKA2
YAL040C	CLN3
