YGR162W	TIF4631
YKL139W	CTK1
YGL107C	RMD9
YJR067C	YAE1
YMR260C	TIF11
YEL034W	HYP2
YJR014W	TMA22
YOR204W	DED1
YNL007C	SIS1
YOR260W	GCD1
YDR091C	RLI1
YJR007W	SUI2
YBL013W	FMT1
YGL173C	XRN1
YOR361C	PRT1
YGL049C	TIF4632
YLR192C	HCR1
YKR026C	GCN3
YGR083C	GCD2
YMR309C	NIP1
YAL035W	FUN12
YJR066W	TOR1
YPL237W	SUI3
YKR059W	TIF1
YLR291C	GCD7
YBR079C	RPG1
YNL260C	LTO1
YER153C	PET122
YOL139C	CDC33
YPR163C	TIF3
YOR276W	CAF20
YDR117C	TMA64
YJL138C	TIF2
YOL023W	IFM1
YMR146C	TIF34
YPR041W	TIF5
YER025W	GCD11
YDR211W	GCD6
YDR429C	TIF35
YPR016C	TIF6
YGR054W	
YPL119C	DBP1
YNL244C	SUI1
