YHR084W	STE12
YKL149C	DBR1
YBR083W	TEC1
YNL119W	NCS2
YHR073W	OSH3
YHR143W	DSE2
YDL024C	DIA3
YIR019C	
YER177W	BMH1
YOR032C	HMS1
YLL021W	SPA2
YMR016C	SOK2
YER149C	PEA2
YLR362W	STE11
YJR153W	PGU1
YER178W	PDA1
YKL048C	ELM1
YDR497C	ITR1
YDL230W	PTP1
YER020W	GPA2
YLR319C	BUD6
YPL026C	SKS1
YJR147W	HMS2
YGL197W	MDS3
YOR315W	SFG1
YAL056W	GPB2
YER129W	SAK1
YLR353W	BUD8
YHL023C	NPR3
YDR207C	UME6
YLR083C	EMP70
YMR316W	DIA1
YDL159W	STE7
YNL142W	MEP2
YOR127W	RGA1
YDR099W	BMH2
YHL007C	STE20
YNL197C	WHI3
YDR107C	TMN2
YDL035C	GPR1
YCL047C	POF1
YOR030W	DFG16
YER113C	TMN3
YDR251W	PAM1
YIL049W	DFG10
YJR094C	IME1
YMR238W	DFG5
YPL021W	ECM23
YCR093W	CDC39
YDR392W	SPT3
YGR249W	MGA1
YOR371C	GPB1
YNL079C	TPM1
