YMR290C	HAS1
YLR466W	YRF1-4
YDR243C	PRP28
YDL160C	DHH1
YML073C	RPL6A
YDR471W	RPL27B
YOR204W	DED1
YPL054W	LEE1
YHR169W	DBP8
YLL008W	DRS1
YGR271W	SLH1
YHR065C	RRP3
YLR276C	DBP9
YBR237W	PRP5
YBR142W	MAK5
YLR323C	CWC24
YDL031W	DBP10
YER190W	YRF1-2
YJL050W	MTR4
YDR291W	HRQ1
YKR024C	DBP7
YFL066C	
YCR046C	IMG1
YKL006W	RPL14A
YGL078C	DBP3
YGR034W	RPL26B
YGL064C	MRH4
YLR448W	RPL6B
YNR038W	DBP6
YML010W	SPT5
YDR151C	CTH1
YFL002C	SPB4
YLR398C	SKI2
YOR091W	TMA46
YKR059W	TIF1
YOR046C	DBP5
YLR344W	RPL26A
YDL084W	SUB2
YLR136C	TIS11
YNL112W	DBP2
YGL171W	ROK1
YJL138C	TIF2
YPL173W	MRPL40
YJL033W	HCA4
YDR021W	FAL1
YDR194C	MSS116
YGL251C	HFM1
YHR010W	RPL27A
YPL079W	RPL21B
YPR107C	YTH1
YBR191W	RPL21A
YPL119C	DBP1
YHL001W	RPL14B
