YPR141C	KAR3
YLR272C	YCS4
YGL021W	ALK1
YML085C	TUB1
YAL034W-A	MTW1
YNL126W	SPC98
YHR172W	SPC97
YKL198C	PTK1
YDR159W	SAC3
YLR096W	KIN2
YDR457W	TOM1
YOL069W	NUF2
YDR026C	NSI1
YPR135W	CTF4
YGR053C	
YKR054C	DYN1
YKR083C	DAD2
YDR477W	SNF1
YFL008W	SMC1
YOR315W	SFG1
YJL074C	SMC3
YDL164C	CDC9
YGL061C	DUO1
YNL262W	POL2
YOR217W	RFC1
YMR001C	CDC5
YLR086W	SMC4
YFL037W	TUB2
YDR106W	ARP10
YBL009W	ALK2
YBR049C	REB1
YFR028C	CDC14
YML124C	TUB3
YDR122W	KIN1
YHR152W	SPO12
YDR328C	SKP1
YLR212C	TUB4
YBR088C	POL30
YFR031C	SMC2
YBR267W	REI1
