YMR224C	MRE11
YNL210W	MER1
YGL213C	SKI8
YPL164C	MLH3
YBR136W	MEC1
YPL121C	MEI5
YGL250W	RMR1
YJL173C	RFA3
YMR167W	MLH1
YLR234W	TOP3
YAR007C	RFA1
YFL003C	MSH4
YJR021C	REC107
YER173W	RAD24
YER179W	DMC1
YPR007C	REC8
YLR445W	GMC2
YDR386W	MUS81
YNL312W	RFA2
YBR098W	MMS4
YLR219W	MSC3
YMR133W	REC114
YML128C	MSC1
YNL250W	RAD50
YDL154W	MSH5
YJL074C	SMC3
YLR035C	MLH2
YDR004W	RAD57
YOR368W	RAD17
YIR025W	MND2
YOL104C	NDJ1
YGL183C	MND1
YOR354C	MSC6
YNL088W	TOP2
YLR329W	REC102
YLR394W	CST9
YGL163C	RAD54
YDR285W	ZIP1
YLR263W	RED1
YHL022C	SPO11
YIL073C	SPO22
YHR153C	SPO16
YHL024W	RIM4
YDR076W	RAD55
YER095W	RAD51
YHR039C	MSC7
YBR186W	PCH2
YGL251C	HFM1
YGL249W	ZIP2
YHR079C-A	SAE3
YGL033W	HOP2
YDR446W	ECM11
YHR157W	REC104
YBR073W	RDH54
YIL072W	HOP1
