YCL024W	KCC4
YLR094C	GIS3
YGL021W	ALK1
YKL126W	YPK1
YJR138W	IML1
YKL198C	PTK1
YDR466W	PKH3
YFR014C	CMK1
YDL214C	PRR2
YLR096W	KIN2
YKL116C	PRR1
YJL106W	IME2
YAL017W	PSK1
YPR111W	DBF20
YKL048C	ELM1
YOL113W	SKM1
YFL047W	RGD2
YGL158W	RCK1
YKL189W	HYM1
YDR477W	SNF1
YMR216C	SKY1
YLR113W	HOG1
YPL026C	SKS1
YFL033C	RIM15
YOL016C	CMK2
YJL095W	BCK1
YOL045W	PSK2
YOR233W	KIN4
YJL165C	HAL5
YNR047W	FPK1
YER129W	SAK1
YNL183C	NPR1
YOR267C	HRK1
YKL168C	KKQ8
YDR247W	VHS1
YBL016W	FUS3
YCR008W	SAT4
YMR104C	YPK2
YCR091W	KIN82
YML006C	GIS4
YLR452C	SST2
YDL047W	SIT4
YDL025C	RTK1
YHL007C	STE20
YDR507C	GIN4
YDL101C	DUN1
YPL153C	RAD53
YJL005W	CYR1
YDR283C	GCN2
YJR059W	PTK2
YMR291W	TDA1
YKL101W	HSL1
YLR248W	RCK2
YBL009W	ALK2
YHR082C	KSP1
YLL007C	LMO1
YGR092W	DBF2
YGR040W	KSS1
YPL141C	FRK1
YPR054W	SMK1
YOR351C	MEK1
YBL105C	PKC1
YDR490C	PKH1
YAL041W	CDC24
YDR122W	KIN1
YPL268W	PLC1
YNL298W	CLA4
YEL009C	GCN4
YLR422W	DCK1
YHR030C	SLT2
YGR070W	ROM1
YHR205W	SCH9
YOL100W	PKH2
YPL150W	
YNL161W	CBK1
YLR371W	ROM2
YKL171W	NNK1
YGL179C	TOS3
YBR028C	YPK3
