YKR004C	ECM9
YLR308W	CDA2
YDR125C	ECM18
YGL028C	SCW11
YHR132C	ECM14
YEL040W	UTR2
YLR110C	CCW12
YHR143W	DSE2
YOR092W	ECM3
YOR190W	SPR1
YGR031C-A	NAG1
YKL126W	YPK1
YLR342W	FKS1
YIL123W	SIM1
YOR009W	TIR4
YJL159W	HSP150
YGR279C	SCW4
YPL133C	RDS2
YOR008C	SLG1
YGR166W	TRS65
YDR528W	HLR1
YNL313C	EMW1
YKR042W	UTH1
YHL043W	ECM34
YBR023C	CHS3
YBL007C	SLA1
YLR343W	GAS2
YOR336W	KRE5
YLR443W	ECM7
YOL132W	GAS4
YGR032W	GSC2
YNL192W	CHS1
YJR153W	PGU1
YJL201W	ECM25
YLL031C	GPI13
YKR100C	SKG1
YCR017C	CWH43
YKL163W	PIR3
YLR436C	ECM30
YBR038W	CHS2
YOL155C	HPF1
YPR159W	KRE6
YHR101C	BIG1
YMR215W	GAS3
YMR305C	SCW10
YJL158C	CIS3
YOL030W	GAS5
YLR300W	EXG1
YDL049C	KNH1
YLR194C	NCW2
YLR307W	CDA1
YNL066W	SUN4
YOL105C	WSC3
YMR104C	YPK2
YBR301W	PAU24
YBR076W	ECM8
YBR005W	RCR1
YCR089W	FIG2
YBL043W	ECM13
YER096W	SHC1
YDR351W	SBE2
YGR282C	BGL2
YLR390W	ECM19
YNL283C	WSC2
YJL174W	KRE9
YNL322C	KRE1
YMR176W	ECM5
YDR261C	EXG2
YKR076W	ECM4
YGR143W	SKN1
YHL028W	WSC4
YFR042W	KEG1
YHR103W	SBE22
YMR238W	DFG5
YNL084C	END3
YOR247W	SRL1
YER124C	DSE1
YJR013W	GPI14
YPR054W	SMK1
YDR437W	GPI19
YKL164C	PIR1
YHR021W-A	ECM12
YPL021W	ECM23
YGR189C	CRH1
YIR006C	PAN1
YGR229C	SMI1
YCL058C	FYV5
YKL165C	MCD4
YKL046C	DCW1
YMR306W	FKS3
YEL058W	PCM1
YHR142W	CHS7
YMR273C	ZDS1
YDR446W	ECM11
YBR078W	ECM33
YLR286C	CTS1
YMR307W	GAS1
YLR037C	PAU23
YBL101C	ECM21
