YOR237W	HES1
YDR018C	
YPR139C	
YKL004W	AUR1
YDL015C	TSC13
YDR367W	KEI1
YHR007C	ERG11
YMR202W	ERG2
YPL006W	NCR1
YBR042C	CST26
YML075C	HMG1
YGL012W	ERG4
YDR319C	
YJR098C	
YIL009W	FAA3
YLR056W	ERG3
YNL169C	PSD1
YBR026C	ETR1
YOR059C	
YGR149W	GPC1
YMR246W	FAA4
YLR020C	YEH2
YAR035W	YAT1
YDR294C	DPL1
YHR100C	GEP4
YOL011W	PLB3
YCL004W	PGS1
YGR157W	CHO2
YDL142C	CRD1
YHR195W	NVJ1
YDR284C	DPP1
YLR404W	
YNL094W	APP1
YKR089C	TGL4
YDL052C	SLC1
YPR113W	PIS1
YLR099C	ICT1
YKL140W	TGL1
YKL051W	SFK1
YOL002C	IZH2
YOR126C	IAH1
YMR134W	ERG29
YCL026C-A	FRM2
YDR147W	EKI1
YNL280C	ERG24
YGL055W	OLE1
YOR317W	FAA1
YDR123C	INO2
YER061C	CEM1
YDL057W	
YML008C	ERG6
YHR190W	ERG9
YPL231W	FAS2
YBR159W	IFA38
YMR272C	SCS7
YNR016C	ACC1
YGR175C	ERG1
YKL182W	FAS1
YMR008C	PLB1
YNR043W	MVD1
YIL124W	AYR1
YMR208W	ERG12
YHL003C	LAG1
YKR019C	IRS4
YHL020C	OPI1
YJL153C	INO1
YOR175C	ALE1
YER044C	ERG28
YNR008W	LRO1
YIL002C	INP51
YGR202C	PCT1
YJL134W	LCB3
YDR503C	LPP1
YER015W	FAA2
YOR245C	DGA1
YGR007W	ECT1
YOR081C	TGL5
YPL103C	FMP30
YBR029C	CDS1
YJL167W	ERG20
YBR204C	LDH1
YGR170W	PSD2
YMR313C	TGL3
YKR031C	SPO14
YLR372W	
YAL009W	SPO7
YDR058C	TGL2
YNL012W	SPO1
YOR171C	LCB4
YGR036C	CAX4
YGR046W	TAM41
YMR298W	LIP1
YML042W	CAT2
YNL130C	CPT1
YLR260W	LCB5
YDL133W	SRF1
YLR133W	CKI1
YKR053C	YSR3
YLR450W	HMG2
YKL055C	OAR1
YOR022C	DDL1
YIL160C	POT1
YHR123W	EPT1
YMR006C	PLB2
YGL001C	ERG26
YOL032W	OPI10
YMR165C	PAH1
YER024W	YAT2
YDL237W	AIM6
YML126C	ERG13
YKR009C	FOX2
YDR072C	IPT1
YPL148C	PPT2
YLL012W	YEH1
YJR073C	OPI3
YLR118C	
YGR060W	ERG25
YMR220W	ERG8
YER005W	YND1
YOR180C	DCI1
YGL144C	ROG1
YBR265W	TSC10
YLR284C	ECI1
YKL192C	ACP1
YIL049W	DFG10
YLR189C	ATG26
YCR034W	
YGR233C	PHO81
YOR221C	MCT1
YDR062W	LCB2
YMR015C	ERG5
YHR042W	NCP1
YBL011W	SCT1
YEL013W	VAC8
YOL108C	INO4
YLR242C	ARV1
YPL268W	PLC1
YGL205W	POX1
YPL206C	PGC1
YLR380W	CSR1
YJR107W	LIH1
YDR444W	
YPL117C	IDI1
YCR068W	ATG15
YPL110C	GDE1
YGL126W	SCS3
YER026C	CHO1
YHR072W	ERG7
YDL109C	
YNL106C	INP52
YPR140W	TAZ1
YML059C	NTE1
YJL196C	ELO1
YMR296C	LCB1
YDR297W	SUR2
YER019W	ISC1
YJL097W	PHS1
YJL083W	TAX4
YKR067W	GPT2
YLR100W	ERG27
YKL008C	LAC1
