YNL315C	ATP11
YHR005C-A	TIM10
YPL240C	HSP82
YBR227C	MCX1
YJL008C	CCT8
YHR064C	SSZ1
YKR048C	NAP1
YDR212W	TCP1
YDR168W	CDC37
YBR044C	TCM62
YJR045C	SSC1
YHR079C	IRE1
YLR200W	YKE2
YKL073W	LHS1
YNL007C	SIS1
YIL005W	EPS1
YJL117W	PHO86
YOR336W	KRE5
YMR200W	ROT1
YDR231C	COX20
YJL179W	PFD1
YLR393W	ATP10
YPL280W	HSP32
YJL073W	JEM1
YLL026W	HSP104
YGR112W	SHY1
YDL100C	GET3
YGL095C	VPS45
YLR090W	XDJ1
YDR258C	HSP78
YOL013C	HRD1
YLR259C	HSP60
YGR285C	ZUO1
YML028W	TSA1
YER103W	SSA4
YHR133C	NSG1
YJR064W	CCT5
YJL111W	CCT7
YNL077W	APJ1
YBR072W	HSP26
YDL143W	CCT4
YIR012W	SQT1
YOR145C	PNO1
YDL212W	SHR3
YEL003W	GIM4
YNL209W	SSB2
YAL005C	SSA1
YDR518W	EUG1
YJL162C	JJJ2
YOL022C	TSR4
YJL034W	KAR2
YFL016C	MDJ1
YNL153C	GIM3
YML048W	GSF2
YDR171W	HSP42
YBL075C	SSA3
YNL064C	YDJ1
YDL229W	SSB1
YJL014W	CCT3
YPL037C	EGD1
YML094W	GIM5
YDR161W	ACL4
YPL239W	YAR1
YOR232W	MGE1
YDR188W	CCT6
YNL156C	NSG2
YIL142W	CCT2
YEL030W	ECM10
YJR032W	CPR7
YMR214W	SCJ1
YDR079W	PET100
YOR391C	HSP33
YIL104C	SHQ1
YOR020C	HSP10
YHR193C	EGD2
YDL063C	SYO1
YCL043C	PDI1
YMR131C	RRB1
YLL024C	SSA2
YMR186W	HSC82
YLR369W	SSQ1
YHR060W	VMA22
YEL020W-A	TIM9
YHR142W	CHS7
YAL058W	CNE1
YDR252W	BTT1
YLR216C	CPR6
