YNL099C	OCA1
YML057W	CMP2
YPL179W	PPQ1
YOR137C	SIA1
YDL006W	PTC1
YDR066C	RTR2
YNR032W	PPG1
YCR079W	PTC6
YDL188C	PPH22
YLR433C	CNA1
YER089C	PTC2
YMR036C	MIH1
YDL230W	PTP1
YPL063W	TIM50
YOR043W	WHI2
YDR436W	PPZ2
YMR277W	FCP1
YER139C	RTR1
YGR203W	YCH1
YLR019W	PSR2
YLR361C	DCR2
YIR026C	YVH1
YER133W	GLC7
YPR073C	LTP1
YML016C	PPZ1
YAL009W	SPO7
YDL236W	PHO13
YDL047W	SIT4
YHR076W	PTC7
YLL010C	PSR1
YGR123C	PPT1
YBR276C	PPS1
YOR090C	PTC5
YNL053W	MSG5
YNL222W	SSU72
YER075C	PTP3
YDR067C	OCA6
YHR004C	NEM1
YER134C	
YBL056W	PTC3
YOR208W	PTP2
YFR028C	CDC14
YDL134C	PPH21
YIL113W	SDP1
YNL032W	SIW14
YDR075W	PPH3
YBR125C	PTC4
