YGL156W	AMS1
YJR131W	MNS1
YGL028C	SCW11
YEL040W	UTR2
YBR229C	ROT2
YOR190W	SPR1
YIL123W	SIM1
YGR279C	SCW4
YML060W	OGG1
YLR144C	ACF2
YJL216C	IMA5
YJL221C	IMA4
YKR042W	UTH1
YJR153W	PGU1
YHR204W	MNL1
YNR067C	DSE4
YDR001C	NTH1
YLR213C	CRR1
YOL043C	NTG2
YMR305C	SCW10
YPR184W	GDB1
YLR300W	EXG1
YGR287C	IMA1
YNL066W	SUN4
YAL015C	NTG1
YDR371W	CTS2
YBR001C	NTH2
YGR282C	BGL2
YGR292W	MAL12
YIL099W	SGA1
YDR261C	EXG2
YDR400W	URH1
YOL157C	IMA2
YIL162W	SUC2
YMR238W	DFG5
YBR056W	
YGR189C	CRH1
YIR007W	EGH1
YGL027C	CWH41
YLR057W	MNL2
YKL046C	DCW1
YBR299W	MAL32
YPR026W	ATH1
YIL172C	IMA3
YLR286C	CTS1
