YMR172W	HOT1
YPR065W	ROX1
YBR182C	SMP1
YJL110C	GZF3
YKL062W	MSN4
YDR451C	YHP1
YIR018W	YAP5
YIL056W	VHR1
YBR083W	TEC1
YKR099W	BAS1
YGL096W	TOS8
YBR150C	TBS1
YDR043C	NRG1
YLR228C	ECM22
YJL103C	GSM1
YPR013C	CMR3
YDR520C	URC2
YPL248C	GAL4
YMR136W	GAT2
YGL166W	CUP2
YPR009W	SUT2
YPL202C	AFT2
YOR229W	WTM2
YGL162W	SUT1
YPL133C	RDS2
YIL131C	FKH1
YHR056C	RSC30
YOR140W	SFL1
YDR253C	MET32
YLR014C	PPR1
YMR111C	
YLR278C	
YLR266C	PDR8
YER040W	GLN3
YGR288W	MAL13
YOR380W	RDR1
YFR034C	PHO4
YDR026C	NSI1
YLR131C	ACE2
YLR256W	HAP1
YLL054C	
YKL038W	RGT1
YLR176C	RFX1
YNL167C	SKO1
YOR363C	PIP2
YJL089W	SIP4
YML099C	ARG81
YCR097W	HMRA1
YBL103C	RTG3
YPL089C	RLM1
YGL013C	PDR1
YGR067C	
YBL066C	SEF1
YMR168C	CEP3
YDL170W	UGA3
YHR006W	STP2
YFL021W	GAT1
YMR213W	CEF1
YBR239C	ERT1
YBR240C	THI2
YDR259C	YAP6
YML027W	YOX1
YFL052W	
YLR098C	CHA4
YBR033W	EDS1
YKL015W	PUT3
YOL067C	RTG1
YBR297W	MAL33
YML081W	TDA9
YCR039C	MATALPHA2
YPL038W	MET31
YDR207C	UME6
YMR182C	RGM1
YPL075W	GCR1
YPR196W	
YPR008W	HAA1
YDL106C	PHO2
YPR104C	FHL1
YIR023W	DAL81
YOL089C	HAL9
YNL023C	FAP1
YNL216W	RAP1
YIL101C	XBP1
YOR172W	YRM1
YDR034C	LYS14
YPL177C	CUP9
YDR463W	STP1
YMR070W	MOT3
YOR162C	YRR1
YMR280C	CAT8
YKL222C	
YJL206C	
YNL068C	FKH2
YMR019W	STB4
YGL237C	HAP2
YPL128C	TBF1
YMR043W	MCM1
YCR106W	RDS1
YER130C	COM2
YDR213W	UPC2
YDR146C	SWI5
YFL031W	HAC1
YMR042W	ARG80
YHR178W	STB5
YIL130W	ASG1
YGL071W	AFT1
YKR064W	OAF3
YCR065W	HCM1
YMR037C	MSN2
YCR096C	HMRA2
YBR049C	REB1
YJL056C	ZAP1
YBL005W	PDR3
YER045C	ACA1
YDR303C	RSC3
YNR063W	
YBR066C	NRG2
YEL009C	GCN4
YDR216W	ADR1
YLR451W	LEU3
YPR022C	SDD4
YAL051W	OAF1
YOR337W	TEA1
YCL067C	HMLALPHA2
YGR044C	RME1
YPR015C	
YER184C	TOG1
YKR034W	DAL80
YPL230W	USV1
YBL021C	HAP3
YDR421W	ARO80
YOL116W	MSN1
YML076C	WAR1
YNL027W	CRZ1
YJR127C	RSF2
YMR021C	MAC1
