YMR290C	HAS1
YLR466W	YRF1-4
YDR243C	PRP28
YGR005C	TFG2
YLR032W	RAD5
YPR204W	
YLR247C	IRC20
YOL095C	HMI1
YER172C	BRR2
YIL126W	STH1
YAL019W	FUN30
YEL032W	MCM3
YER013W	PRP22
YDL160C	DHH1
YHR031C	RRM3
YIR002C	MPH1
YOR204W	DED1
YPR019W	MCM4
YHR169W	DBP8
YLL008W	DRS1
YBR245C	ISW1
YML133C	
YER176W	ECM32
YGR271W	SLH1
YHR065C	RRP3
YLR276C	DBP9
YMR080C	NAM7
YBR237W	PRP5
YDR545W	YRF1-1
YGR296W	YRF1-3
YBR142W	MAK5
YDL031W	DBP10
YER190W	YRF1-2
YGL120C	PRP43
YMR284W	YKU70
YJL050W	MTR4
YHR164C	DNA2
YLR419W	
YDR291W	HRQ1
YKR024C	DBP7
YFL066C	
YOR191W	ULS1
YLR430W	SEN1
YMR106C	YKU80
YIL143C	SSL2
YLR467W	YRF1-5
YGL078C	DBP3
YER164W	CHD1
YGL064C	MRH4
YKR086W	PRP16
YDR334W	SWR1
YNR038W	DBP6
YGL150C	INO80
YFL002C	SPB4
YER171W	RAD3
YLR398C	SKI2
YLR274W	MCM5
YDR332W	IRC3
YBR202W	MCM7
YKR059W	TIF1
YOR046C	DBP5
YBL113C	
YPL029W	SUV3
YDL084W	SUB2
YJR035W	RAD26
YGL163C	RAD54
YDR190C	RVB1
YBL023C	MCM2
YJL225C	
YFR038W	IRC5
YKL017C	HCS1
YGL201C	MCM6
YNR011C	PRP2
YNL112W	DBP2
YMR190C	SGS1
YML061C	PIF1
YGL171W	ROK1
YPL235W	RVB2
YJL138C	TIF2
YNL339C	YRF1-6
YJL033W	HCA4
YIL177C	
YMR128W	ECM16
YDR021W	FAL1
YDR194C	MSS116
YPL283C	YRF1-7
YGL251C	HFM1
YHL050C	
YOR304W	ISW2
YKL078W	DHR2
YOR396W	YRF1-8
YBR114W	RAD16
YPL082C	MOT1
YOR290C	SNF2
YJL092W	SRS2
YEL077C	
YPL008W	CHL1
YPL119C	DBP1
YBR073W	RDH54
