YHL031C	GOS1
YJL204C	RCY1
YPR032W	SRO7
YGR142W	BTN2
YIL068C	SEC6
YOR106W	VAM3
YOR036W	PEP12
YAL014C	SYN8
YLR078C	BOS1
YMR183C	SSO2
YAL030W	SNC1
YPL166W	ATG29
YPR049C	ATG11
YLR423C	ATG17
YHR161C	YAP1801
YIL109C	SEC24
YLR026C	SED5
YLR093C	NYV1
YGL095C	VPS45
YKL179C	COY1
YGR009C	SEC9
YHR098C	SFB3
YNL049C	SFB2
YER143W	DDI1
YKL196C	YKT6
YGR241C	YAP1802
YMR197C	VTI1
YGL212W	VAM7
YLR360W	VPS38
YDR164C	SEC1
YDR468C	TLG1
YML003W	
YDR189W	SLY1
YLR268W	SEC22
YML002W	
YOR327C	SNC2
YFL038C	YPT1
YOL018C	TLG2
YPL232W	SSO1
YLR440C	SEC39
YBR080C	SEC18
