YMR290C	HAS1
YDR243C	PRP28
YER172C	BRR2
YLR424W	SPP382
YER013W	PRP22
YDL160C	DHH1
YOR204W	DED1
YHR169W	DBP8
YLL008W	DRS1
YER176W	ECM32
YGR271W	SLH1
YHR065C	RRP3
YLR276C	DBP9
YMR080C	NAM7
YBR237W	PRP5
YBR142W	MAK5
YDL031W	DBP10
YGL120C	PRP43
YJL050W	MTR4
YLR419W	
YKR024C	DBP7
YGL078C	DBP3
YGL064C	MRH4
YKR086W	PRP16
YNR038W	DBP6
YFL002C	SPB4
YLR398C	SKI2
YDR332W	IRC3
YKR059W	TIF1
YOR046C	DBP5
YPL029W	SUV3
YDL084W	SUB2
YNR011C	PRP2
YNL112W	DBP2
YGL171W	ROK1
YJL138C	TIF2
YJL033W	HCA4
YMR128W	ECM16
YDR021W	FAL1
YDR194C	MSS116
YKL078W	DHR2
YPL119C	DBP1
