YJL139C	YUR1
YBR243C	ALG7
YDR483W	KRE2
YKR058W	GLG1
YEL040W	UTR2
YJL186W	MNN5
YMR149W	SWP1
YPL175W	SPT14
YLR342W	FKS1
YDR307W	PMT7
YLR017W	MEU1
YOR099W	KTR1
YAL023C	PMT2
YNL048W	ALG11
YGL022W	STT3
YBL082C	ALG3
YDR354W	TRP4
YBR023C	CHS3
YJL146W	IDS2
YOR002W	ALG6
YMR300C	ADE4
YGL065C	ALG2
YNL029C	KTR5
YMR283C	RIT1
YGR032W	GSC2
YNL192W	CHS1
YEL011W	GLC3
YFR047C	BNA6
YLR213C	CRR1
YBR126C	TPS1
YIL014W	MNT3
YBR038W	CHS2
YEL002C	WBP1
YJR133W	XPT1
YPL057C	SUR1
YML022W	APT1
YDR245W	MNN10
YPL227C	ALG5
YJL137C	GLG2
YBR199W	KTR4
YPR184W	GDB1
YGR227W	DIE2
YGL142C	GPI10
YKR061W	KTR2
YBR110W	ALG1
YNR030W	ALG12
YNL038W	GPI15
YLR209C	PNP1
YGL038C	OCH1
YGL047W	ALG13
YOR067C	ALG8
YIL085C	KTR7
YML106W	URA5
YOR320C	GNT1
YPL053C	KTR6
YBR161W	CSH1
YBR205W	KTR3
YJL183W	MNN11
YBR004C	GPI18
YGR216C	GPI1
YOR149C	SMP3
YNL158W	PGA1
YML019W	OST6
YJR075W	HOC1
YPL076W	GPI2
YLR258W	GSY2
YJR143C	PMT4
YNR059W	MNT4
YOR321W	PMT3
YGL257C	MNT2
YDR399W	HPT1
YMR271C	URA10
YGR199W	PMT6
YLR189C	ATG26
YFR015C	GSY1
YHR128W	FUR1
YDL095W	PMT1
YPR160W	GPH1
YJR013W	GPI14
YGR189C	CRH1
YBR015C	MNN2
YDL093W	PMT5
YMR306W	FKS3
YPR183W	DPM1
YDR441C	APT2
YER001W	MNN1
YNL219C	ALG9
YER055C	HIS1
