YOR185C	GSP2
YEL041W	YEF1
YMR290C	HAS1
YMR139W	RIM11
YDR523C	SPS1
YLR466W	YRF1-4
YCL040W	GLK1
YJR105W	ADO1
YPL217C	BMS1
YDR243C	PRP28
YGR005C	TFG2
YLR032W	RAD5
YNL102W	POL1
YKL173W	SNU114
YCL024W	KCC4
YNL180C	RHO5
YIL107C	PFK26
YPR204W	
YBL022C	PIM1
YLR247C	IRC20
YER183C	FAU1
YKL139W	CTK1
YOL095C	HMI1
YPR141C	KAR3
YER172C	BRR2
YJL187C	SWE1
YOR231W	MKK1
YIL126W	STH1
YPL240C	HSP82
YGL021W	ALK1
YBR179C	FZO1
YML085C	TUB1
YPL218W	SAR1
YBR227C	MCX1
YKR014C	YPT52
YLR180W	SAM1
YAL019W	FUN30
YBR218C	PYC2
YDL045C	FAD1
YBR160W	CDC28
YOR335C	ALA1
YBL080C	PET112
YEL032W	MCM3
YKL110C	KTI12
YPR161C	SGV1
YML001W	YPT7
YNL304W	YPT11
YJR069C	HAM1
YJL008C	CCT8
YCR036W	RBK1
YHR025W	THR1
YDL028C	MPS1
YDR061W	
YER013W	PRP22
YOR274W	MOD5
YDR097C	MSH6
YGR194C	XKS1
YHR064C	SSZ1
YDL160C	DHH1
YLR069C	MEF1
YHR003C	TCD1
YIL009W	FAA3
YHL032C	GUT1
YOR303W	CPA1
YOL034W	SMC5
YDL125C	HNT1
YBR097W	VPS15
YBR136W	MEC1
YPR106W	ISR1
YHR031C	RRM3
YKL126W	YPK1
YDR212W	TCP1
YPL051W	ARL3
YER069W	ARG5,6
YAL048C	GEM1
YML056C	IMD4
YBR087W	RFC5
YOL090W	MSH2
YML064C	TEM1
YPL270W	MDL2
YBR121C	GRS1
YJR049C	UTR1
YCR092C	MSH3
YPL042C	SSN3
YOR001W	RRP6
YBR044C	TCM62
YIR002C	MPH1
YBL068W	PRS4
YGL216W	KIP3
YOR204W	DED1
YPR019W	MCM4
YJR045C	SSC1
YKL198C	PTK1
YBR084W	MIS1
YHR079C	IRE1
YHR169W	DBP8
YAL026C	DRS2
YGR163W	GTR2
YDR466W	PKH3
YLL008W	DRS1
YBR245C	ISW1
YML133C	
YMR246W	FAA4
YDL079C	MRK1
YER176W	ECM32
YJL194W	CDC6
YPL140C	MKK2
YBR059C	AKL1
YGR271W	SLH1
YKR001C	VPS1
YHR065C	RRP3
YFR014C	CMK1
YBR041W	FAT1
YLR276C	DBP9
YMR080C	NAM7
YGR188C	BUB1
YER123W	YCK3
YPL097W	MSY1
YBR169C	SSE2
YKL129C	MYO3
YOR119C	RIO1
YDL214C	PRR2
YHR135C	YCK1
YJL011C	RPC17
YAL038W	CDC19
YGR152C	RSR1
YGL210W	YPT32
YPR080W	TEF1
YBR237W	PRP5
YCL004W	PGS1
YPR033C	HTS1
YKL024C	URA6
YKL086W	SRX1
YDR545W	YRF1-1
YCR011C	ADP1
YER170W	ADK2
YKL073W	LHS1
YER047C	SAP1
YLR153C	ACS2
YBL063W	KIP1
YHR033W	
YER052C	HOM3
YIL147C	SLN1
YPL155C	KIP2
YGL169W	SUA5
YLR262C	YPT6
YER070W	RNR1
YGL167C	PMR1
YLR096W	KIN2
YOR142W	LSC1
YGR296W	YRF1-3
YBL088C	TEL1
YMR097C	MTG1
YFR009W	GCN20
YBR142W	MAK5
YKL116C	PRR1
YLL015W	BPT1
YPL058C	PDR12
YPR088C	SRP54
YKL027W	TCD2
YBR025C	OLA1
YOL094C	RFC4
YDL033C	SLM3
YDL031W	DBP10
YCR002C	CDC10
YER190W	YRF1-2
YGR270W	YTA7
YEL052W	AFG1
YJL164C	TPK1
YGR204W	ADE3
YDL007W	RPT2
YDR236C	FMN1
YDR011W	SNQ2
YPL160W	CDC60
YPL147W	PXA1
YGL120C	PRP43
YLL001W	DNM1
YLR362W	STE11
YJL106W	IME2
YAL017W	PSK1
YPR111W	DBF20
YOR326W	MYO2
YAR018C	KIN3
YMR284W	YKU70
YMR089C	YTA12
YLR143W	DPH6
YOR328W	PDR10
YDR091C	RLI1
YJL050W	MTR4
YKL048C	ELM1
YOL113W	SKM1
YHR074W	QNS1
YFL003C	MSH4
YHR164C	DNA2
YBL039C	URA7
YGL129C	RSM23
YNL040W	
YLL034C	RIX7
YKR103W	NFT1
YIL118W	RHO3
YLR419W	
YDR291W	HRQ1
YNR070W	PDR18
YKR104W	
YKR024C	DBP7
YJR010W	MET3
YDR059C	UBC5
YFL066C	
YGR210C	
YDR147W	EKI1
YER173W	RAD24
YKL203C	TOR2
YGL115W	SNF4
YKR054C	DYN1
YEL055C	POL5
YDR127W	ARO1
YPR173C	VPS4
YPR024W	YME1
YGL158W	RCK1
YGR262C	BUD32
YGR010W	NMA2
YGL058W	RAD6
YNL261W	ORC5
YLL026W	HSP104
YLR289W	GUF1
YER179W	DMC1
YBR264C	YPT10
YOR317W	FAA1
YDR385W	EFT2
YDR196C	CAB5
YER166W	DNF1
YOR211C	MGM1
YHL014C	YLF2
YDR040C	ENA1
YAR019C	CDC15
YOR191W	ULS1
YIL022W	TIM44
YOL049W	GSH2
YJR065C	ARP3
YDR038C	ENA5
YHR011W	DIA4
YMR109W	MYO5
YDR477W	SNF1
YJL019W	MPS3
YER020W	GPA2
YKL154W	SRP102
YLR430W	SEN1
YBR118W	TEF2
YMR216C	SKY1
YGR094W	VAS1
YDL100C	GET3
YMR106C	YKU80
YLR113W	HOG1
YNR016C	ACC1
YGL008C	PMA1
YPL026C	SKS1
YGR205W	TDA10
YOR386W	PHR1
YER006W	NUG1
YIL143C	SSL2
YDR208W	MSS4
YFL033C	RIM15
YIR008C	PRI1
YNR043W	MVD1
YJR072C	NPA3
YPL258C	THI21
YFL008W	SMC1
YIL042C	PKP1
YDR258C	HSP78
YOR359W	VTS1
YOR250C	CLP1
YMR208W	ERG12
YLR259C	HSP60
YNL163C	RIA1
YDR268W	MSW1
YER103W	SSA4
YOL016C	CMK2
YDR173C	ARG82
YHR022C	
YLR467W	YRF1-5
YGL078C	DBP3
YKL181W	PRS1
YJL095W	BCK1
YDR023W	SES1
YLR060W	FRS1
YDR394W	RPT3
YPL040C	ISM1
YFL022C	FRS2
YKL209C	STE6
YNL290W	RFC3
YNL250W	RAD50
YDL154W	MSH5
YNL218W	MGS1
YIL035C	CKA1
YJR121W	ATP2
YER164W	CHD1
YOL045W	PSK2
YPL236C	ENV7
YGL064C	MRH4
YJR064W	CCT5
YOL128C	YGK3
YOL097C	WRS1
YDR502C	SAM2
YJL074C	SMC3
YKL166C	TPK3
YDL225W	SHS1
YNL020C	ARK1
YJL111W	CCT7
YKR086W	PRP16
YLR432W	IMD3
YIL048W	NEO1
YPR035W	GLN1
YNL200C	NNR1
YGR277C	CAB4
YNL098C	RAS2
YIL066C	RNR3
YDR370C	DXO1
YHR120W	MSH1
YLR383W	SMC6
YGL253W	HXK2
YDR406W	PDR15
YFL028C	CAF16
YMR162C	DNF3
YDR375C	BCS1
YBL111C	
YMR205C	PFK2
YLR293C	GSP1
YOR233W	KIN4
YNL090W	RHO2
YKL210W	UBA1
YGR133W	PEX4
YDR334W	SWR1
YHR168W	MTG2
YKR002W	PAP1
YDL164C	CDC9
YNR038W	DBP6
YBL076C	ILS1
YOR128C	ADE2
YJL165C	HAL5
YDR093W	DNF2
YDL143W	CCT4
YNL307C	MCK1
YOL033W	MSE1
YKR097W	PCK1
YDL166C	FAP7
YDR004W	RAD57
YDR037W	KRS1
YER031C	YPT31
YJR057W	CDC8
YDR172W	SUP35
YGL150C	INO80
YNL329C	PEX6
YER100W	UBC6
YOR168W	GLN4
YPL074W	YTA6
YNL093W	YPT53
YLR314C	CDC3
YNR047W	FPK1
YER015W	FAA2
YER129W	SAK1
YNL183C	NPR1
YKL188C	PXA2
YPL167C	REV3
YLR361C	DCR2
YFL002C	SPB4
YOR241W	MET7
YOR153W	PDR5
YPR145W	ASN1
YNL154C	YCK2
YNL267W	PIK1
YPL003W	ULA1
YOR267C	HRK1
YER171W	RAD3
YAL054C	ACS1
YLR398C	SKI2
YNL014W	HEF3
YDR135C	YCF1
YKL168C	KKQ8
YGR244C	LSC2
YLR106C	MDN1
YLR274W	MCM5
YBR082C	UBC4
YGL180W	ATG1
YDR247W	VHS1
YBL016W	FUS3
YNL209W	SSB2
YAL005C	SSA1
YOR339C	UBC11
YCL030C	HIS4
YJR109C	CPA2
YKR084C	HBS1
YCR008W	SAT4
YGR052W	FMP48
YEL045C	
YOR094W	ARF3
YKR055W	RHO4
YMR104C	YPK2
YBR222C	PCS60
YOR262W	GPN2
YCR091W	KIN82
YDR177W	UBC1
YDL159W	STE7
YBL033C	RIB1
YNR031C	SSK2
YKL067W	YNK1
YNL262W	POL2
YGL059W	PKP2
YGL099W	LSG1
YAL035W	FUN12
YKL151C	NNR2
YJR066W	TOR1
YNL129W	NRK1
YGR102C	GTF1
YDR332W	IRC3
YOR217W	RFC1
YPL031C	PHO85
YDL055C	PSA1
YOR259C	RPT4
YHR102W	KIC1
YFL053W	DAK2
YGR240C	PFK1
YLR188W	MDL1
YLR328W	NMA1
YFL039C	ACT1
YHL035C	VMR1
YNL256W	FOL1
YDR092W	UBC13
YJR103W	URA8
YDL025C	RTK1
YNR029C	
YHL007C	STE20
YDR270W	CCC2
YOR089C	VPS21
YMR315W	
YMR001C	CDC5
YLR410W	VIP1
YOR171C	LCB4
YJL034W	KAR2
YLR397C	AFG2
YML121W	GTR1
YDR218C	SPR28
YFL029C	CAK1
YDR507C	GIN4
YMR217W	GUA1
YBR295W	PCA1
YLR249W	YEF3
YER017C	AFG3
YLR260W	LCB5
YNL088W	TOP2
YBR202W	MCM7
YAL036C	RBG1
YKR059W	TIF1
YOR046C	DBP5
YLR133W	CKI1
YOR141C	ARP8
YPL029W	SUV3
YDR300C	PRO1
YOR011W	AUS1
YBL075C	SSA3
YLR240W	VPS34
YOR101W	RAS1
YPR047W	MSF1
YOL075C	
YDL084W	SUB2
YJR035W	RAD26
YGL163C	RAD54
YDL229W	SSB1
YDR009W	GAL3
YPR165W	RHO1
YJL014W	CCT3
YFR053C	HXK1
YPR066W	UBA3
YMR301C	ATM1
YGR059W	SPR3
YDR336W	MRX8
YHR091C	MSR1
YDL101C	DUN1
YGL246C	RAI1
YDR190C	RVB1
YDL064W	UBC9
YML093W	UTP14
YPL093W	NOG1
YLR229C	CDC42
YPL153C	RAD53
YPL222W	FMP40
YGR124W	ASN2
YGL062W	PYC1
YBL023C	MCM2
YJL005W	CYR1
YOL061W	PRS5
YJL100W	LSB6
YBR127C	VMA2
YCR073C	SSK22
YGR024C	THG1
YDR188W	CCT6
YDR531W	CAB1
YDR226W	ADK1
YGL034C	
YLR086W	SMC4
YHR019C	DED81
YBL017C	PEP1
YDL108W	KIN28
YDR283C	GCN2
YJR076C	CDC11
YJR059W	PTK2
YEL029C	BUD16
YJR124C	
YGL119W	COQ8
YFL037W	TUB2
YOL136C	PFK27
YGL130W	CEG1
YCL047C	POF1
YLR382C	NAM2
YBR020W	GAL1
YDR390C	UBA2
YOR291W	YPK9
YKL197C	PEX1
YIL142W	CCT2
YDL141W	BPL1
YJL225C	
YKL080W	VMA5
YOL058W	ARG1
YMR023C	MSS1
YOR143C	THI80
YOR347C	PYK2
YMR291W	TDA1
YKL101W	HSL1
YLL035W	GRC3
YPL104W	MSD1
YLR036C	
YIL078W	THS1
YFR038W	IRC5
YEL030W	ECM10
YMR138W	CIN4
YMR220W	ERG8
YDL192W	ARF1
YER005W	YND1
YMR078C	CTF18
YOL055C	THI20
YDL185W	VMA1
YLL019C	KNS1
YPL188W	POS5
YFL005W	SEC4
YJL140W	RPB4
YNR057C	BIO4
YFR019W	FAB1
YEL031W	SPF1
YJR068W	RFC2
YPL207W	TYW1
YKL017C	HCS1
YDR399W	HPT1
YKL204W	EAP1
YLR248W	RCK2
YGL201C	MCM6
YDR315C	IPK1
YBL009W	ALK2
YDL126C	CDC48
YPL209C	IPL1
YHR201C	PPX1
YCR024C	SLM5
YFR007W	YFH7
YDR292C	SRP101
YNL207W	RIO2
YNR011C	PRP2
YHR082C	KSP1
YNL112W	DBP2
YFL038C	YPT1
YMR190C	SGS1
YBL099W	ATP1
YHR020W	
YNL073W	MSK1
YOR133W	EFT1
YLL018C	DPS1
YHR128W	FUR1
YDR530C	APA2
YAL029C	MYO4
YNR012W	URK1
YKL194C	MST1
YML061C	PIF1
YGR092W	DBF2
YDR454C	GUK1
YJL101C	GSH1
YGR171C	MSM1
YDR076W	RAD55
YGL171W	ROK1
YGR040W	KSS1
YER168C	CCA1
YLR446W	
YNR053C	NOG2
YGL048C	RPT6
YML065W	ORC1
YER095W	RAD51
YPL235W	RVB2
YPL141C	FRK1
YGL091C	NBP35
YJL222W	VTH2
YML070W	DAK1
YGR061C	ADE6
YPR054W	SMK1
YOR351C	MEK1
YJL138C	TIF2
YAR015W	ADE1
YJL057C	IKS1
YMR293C	HER2
YLR243W	GPN3
YML124C	TUB3
YJL130C	URA2
YIL173W	VTH1
YBL105C	PKC1
YDR490C	PKH1
YDR516C	EMI2
YDL137W	ARF2
YGR264C	MES1
YNL339C	YRF1-6
YJL033W	HCA4
YGL234W	ADE5,7
YIL177C	
YMR128W	ECM16
YDR021W	FAL1
YOL023W	IFM1
YDR194C	MSS116
YOR165W	SEY1
YEL061C	CIN8
YJL046W	AIM22
YDR054C	CDC34
YLR306W	UBC12
YDR122W	KIN1
YGR185C	TYS1
YPL283C	YRF1-7
YBR274W	CHK1
YIL145C	PAN6
YNL298W	CLA4
YIL013C	PDR11
YER036C	ARB1
YBR186W	PCH2
YKL079W	SMY1
YHL011C	PRS3
YKL161C	KDX1
YJL155C	FBP26
YDR017C	KCS1
YPR041W	TIF5
YIL033C	BCY1
YNL132W	KRE33
YGR267C	FOL2
YDR341C	
YGL251C	HFM1
YGL245W	GUS1
YPL214C	THI6
YPL203W	TPK2
YHR030C	SLT2
YNR027W	BUD17
YGR173W	RBG2
YGL249W	ZIP2
YPR081C	GRS2
YLR212C	TUB4
YDL102W	POL3
YDR020C	DAS2
YCL050C	APA1
YHR005C	GPA1
YBR164C	ARL1
YBR208C	DUR1,2
YFR031C	SMC2
YHR205W	SCH9
YLR305C	STT4
YML051W	GAL80
YDL017W	CDC7
YHR111W	UBA4
YDR534C	FIT1
YCR012W	PGK1
YMR113W	FOL3
YOL100W	PKH2
YPL150W	
YLL048C	YBT1
YER099C	PRS2
YLL024C	SSA2
YOR304W	ISW2
YJL141C	YAK1
YKL132C	RMA1
YPL226W	NEW1
YER025W	GCD11
YOR117W	RPT5
YKL078W	DHR2
YKL001C	MET14
YLR345W	
YNL161W	CBK1
YHR107C	CDC12
YIL095W	PRK1
YNL247W	
YOR396W	YRF1-8
YMR186W	HSC82
YHR216W	IMD2
YPL036W	PMA2
YLR369W	SSQ1
YGR281W	YOR1
YOR187W	TUF1
YBR114W	RAD16
YDR039C	ENA2
YOR005C	DNL4
YPL082C	MOT1
YEL012W	UBC8
YOR290C	SNF2
YPL204W	HRR25
YIR016W	
YJL092W	SRS2
YDL029W	ARP2
YKL171W	NNK1
YKL025C	PAN3
YPL106C	SSE1
YCR027C	RHB1
YMR022W	UBC7
YEL077C	
YPL008W	CHL1
YKL215C	OXP1
YGL179C	TOS3
YPL119C	DBP1
YBR073W	RDH54
YNL220W	ADE12
YHR023W	MYO1
YGL006W	PMC1
YJL102W	MEF2
YGR028W	MSP1
YOR076C	SKI7
YBR028C	YPK3
YDR248C	
YJL128C	PBS2
YOR061W	CKA2
YKL145W	RPT1
YJL087C	TRL1
YER087W	AIM10
YBR080C	SEC18
YER055C	HIS1
YIL003W	CFD1
