YMR290C	HAS1
YLR466W	YRF1-4
YDR243C	PRP28
YER146W	LSM5
YLR424W	SPP382
YGR074W	SMD1
YDL160C	DHH1
YCR020C-A	MAK31
YKL018W	SWD2
YOR204W	DED1
YPL054W	LEE1
YGL094C	PAN2
YHR169W	DBP8
YLL008W	DRS1
YOR159C	SME1
YHR065C	RRP3
YLR276C	DBP9
YBR237W	PRP5
YBR142W	MAK5
YLR323C	CWC24
YDL031W	DBP10
YCR066W	RAD18
YER190W	YRF1-2
YJL050W	MTR4
YDR291W	HRQ1
YKR024C	DBP7
YFL066C	
YER029C	SMB1
YDR378C	LSM6
YFR005C	SAD1
YDR409W	SIZ1
YGL078C	DBP3
YGL064C	MRH4
YNR038W	DBP6
YDR151C	CTH1
YMR003W	AIM34
YLR438C-A	LSM3
YFL002C	SPB4
YLR398C	SKI2
YBL026W	LSM2
YER063W	THO1
YOR091W	TMA46
YKR059W	TIF1
YOR046C	DBP5
YDL084W	SUB2
YNL147W	LSM7
YLR275W	SMD2
YLR136C	TIS11
YFL017W-A	SMX2
YPR182W	SMX3
YNL112W	DBP2
YGL171W	ROK1
YNL230C	ELA1
YOR156C	NFI1
YJL138C	TIF2
YJL033W	HCA4
YDR021W	FAL1
YDR194C	MSS116
YGL251C	HFM1
YJL124C	LSM1
YLR147C	SMD3
YER112W	LSM4
YJR022W	LSM8
YPR107C	YTH1
YPL119C	DBP1
YKL057C	NUP120
