YCL040W	GLK1
YGL156W	AMS1
YLR308W	CDA2
YBR019C	GAL10
YMR105C	PGM2
YNR001C	CIT1
YIL050W	PCL7
YJR131W	MNS1
YGL028C	SCW11
YEL040W	UTR2
YCR036W	RBK1
YBR229C	ROT2
YGR194C	XKS1
YHL032C	GUT1
YOR190W	SPR1
YPL248C	GAL4
YIL123W	SIM1
YCR005C	CIT2
YGR248W	SOL4
YDR109C	
YGR279C	SCW4
YJL216C	IMA5
YJL221C	IMA4
YKR042W	UTH1
YJR153W	PGU1
YDL022W	GPD1
YNR071C	
YMR099C	
YHR204W	MNL1
YER003C	PMI40
YHR163W	SOL3
YGL115W	SNF4
YGR043C	NQM1
YEL011W	GLC3
YDR001C	NTH1
YLR213C	CRR1
YNR034W	SOL1
YDR477W	SNF1
YLR377C	FBP1
YOL059W	GPD2
YPR001W	CIT3
YIL042C	PKP1
YPR159W	KRE6
YGL035C	MIG1
YMR305C	SCW10
YPR184W	GDB1
YGL253W	HXK2
YLR300W	EXG1
YGR287C	IMA1
YCR073W-A	SOL2
YLR307W	CDA1
YER133W	GLC7
YNL066W	SUN4
YGL059W	PKP2
YFL053W	DAK2
YDR371W	CTS2
YBR001C	NTH2
YGR282C	BGL2
YPL219W	PCL8
YMR311C	GLC8
YKR043C	SHB17
YGL209W	MIG2
YJR090C	GRR1
YDR009W	GAL3
YFR053C	HXK1
YMR196W	
YMR280C	CAT8
YHR210C	
YGR292W	MAL12
YIL099W	SGA1
YDR261C	EXG2
YBR020W	GAL1
YGR143W	SKN1
YMR278W	PRM15
YOL157C	IMA2
YLR189C	ATG26
YKL127W	PGM1
YIL162W	SUC2
YNL241C	ZWF1
YNL249C	MPA43
YMR238W	DFG5
YLR446W	
YPR160W	GPH1
YML070W	DAK1
YJL121C	RPE1
YDR516C	EMI2
YBR018C	GAL7
YER059W	PCL6
YGR189C	CRH1
YIR007W	EGH1
YLR354C	TAL1
YGL027C	CWH41
YKL085W	MDH1
YML051W	GAL80
YLR070C	XYL2
YLR057W	MNL2
YKL046C	DCW1
YEL058W	PCM1
YBR299W	MAL32
YKL060C	FBA1
YPR026W	ATH1
YIL172C	IMA3
YGL134W	PCL10
YDR248C	
YLR286C	CTS1
