YOL048C	RRT8
YDR523C	SPS1
YLR054C	OSW2
YLR308W	CDA2
YDR512C	EMI1
YHR184W	SSP1
YMR017W	SPO20
YGL107C	RMD9
YGL228W	SHE10
YAL018C	LDS1
YJL103C	GSM1
YBR180W	DTR1
YOR190W	SPR1
YPL121C	MEI5
YGL170C	SPO74
YPR036W-A	SPO24
YPL200W	CSM4
YOL019W	
YER132C	PMD1
YLL005C	SPO75
YER115C	SPR6
YCL048W	SPS22
YKR089C	TGL4
YDL070W	BDF2
YOR275C	RIM20
YEL060C	PRB1
YJL106W	IME2
YLR341W	SPO77
YGR032W	GSC2
YJL037W	IRC18
YLR357W	RSC2
YML115C	VAN1
YDR310C	SUM1
YLR227C	ADY4
YGL058W	RAD6
YER179W	DMC1
YOL091W	SPO21
YLR213C	CRR1
YBR057C	MUM2
YHR185C	PFS1
YBL066C	SEF1
YMR148W	OSW5
YDR403W	DIT1
YGL197W	MDS3
YOR242C	SSP2
YDR273W	DON1
YJL048C	UBX6
YOR177C	MPC54
YMR067C	UBX4
YLL033W	IRC19
YJL038C	LOH1
YEL072W	RMD6
YOR081C	TGL5
YLR307W	CDA1
YHR014W	SPO13
YBR250W	SPO23
YKR031C	SPO14
YOR298W	MUM3
YML052W	SUR7
YAL009W	SPO7
YNL012W	SPO1
YLR399C	BDF1
YDR371W	CTS2
YER096W	SHC1
YDL239C	ADY3
YER044C-A	MEI4
YNL202W	SPS19
YGR059W	SPR3
YLR263W	RED1
YOR313C	SPS4
YDR402C	DIT2
YHR139C	SPS100
YPL027W	SMA1
YIL099W	SGA1
YHL022C	SPO11
YFR012W	DCV1
YCR045C	RRT12
YDR522C	SPS2
YIL073C	SPO22
YNL225C	CNM67
YGL192W	IME4
YBR273C	UBX7
YER046W	SPO73
YDR255C	RMD5
YHR153C	SPO16
YHL024W	RIM4
YNL196C	SLZ1
YJR094C	IME1
YDL001W	RMD1
YOL047C	LDS2
YPR054W	SMK1
YDR516C	EMI2
YMR188C	MRPS17
YGR056W	RSC1
YOL068C	HST1
YHR152W	SPO12
YDL240W	LRG1
YDL222C	FMP45
YAL051W	OAF1
YOR255W	OSW1
YBR268W	MRPL37
YNL204C	SPS18
YMR306W	FKS3
YFR039C	OSW7
YDR369C	XRS2
YFR048W	RMD8
YDR104C	SPO71
YER180C	ISC10
YPL130W	SPO19
YFL009W	CDC4
YDR108W	TRS85
YML066C	SMA2
