YIL146C	ATG32
YML077W	BET5
YOR115C	TRS33
YGL145W	TIP20
YBR097W	VPS15
YJL185C	ATG36
YPL250C	ATG41
YFR021W	ATG18
YOR106W	VAM3
YIL153W	RRD1
YKR068C	BET3
YGR163W	GTR2
YKR007W	MEH1
YKR078W	
YGL210W	YPT32
YDR246W	TRS23
YHR195W	NVJ1
YKR042W	UTH1
YDL077C	VAM6
YNR007C	ATG3
YPL166W	ATG29
YPR049C	ATG11
YDL149W	ATG9
YCR079W	PTC6
YLR423C	ATG17
YBR217W	ATG12
YGL115W	SNF4
YPR173C	VPS4
YBR131W	CCZ1
YPL149W	ATG5
YNL272C	SEC2
YMR159C	ATG16
YNL223W	ATG4
YBR077C	SLM4
YOL082W	ATG19
YDL113C	ATG20
YKR019C	IRS4
YBR128C	ATG14
YBR139W	
YDR495C	VPS3
YPL154C	PEP4
YER031C	YPT31
YPR185W	ATG13
YLR356W	ATG33
YLR431C	ATG23
YGL180W	ATG1
YLL042C	ATG10
YLR211C	ATG38
YBR254C	TRS20
YJL036W	SNX4
YER157W	COG3
YHR171W	ATG7
YPL085W	SEC16
YMR218C	TRS130
YLR240W	VPS34
YDR472W	TRS31
YOR042W	CUE5
YPL100W	ATG21
YOL083W	ATG34
YFL005W	SEC4
YNL242W	ATG2
YFL038C	YPT1
YLR312C	
YOR357C	SNX3
YOR152C	ATG40
YGL124C	MON1
YEL013W	VAC8
YEL009C	GCN4
YKL037W	AIM26
YPL120W	VPS30
YBL078C	ATG8
YCR068W	ATG15
YJL178C	ATG27
YCL038C	ATG22
YJL083W	TAX4
YPL106C	SSE1
YDR022C	
YBL050W	SEC17
YDR108W	TRS85
