YAL016W	TPD3
YML077W	BET5
YNL297C	MON2
YPR032W	SRO7
YNR026C	SEC12
YAL003W	EFB1
YNL152W	INN1
YGL097W	SRM1
YDR367W	KEI1
YIL045W	PIG2
YNL246W	VPS75
YIL119C	RPI1
YDR002W	YRB1
YBR111W-A	SUS1
YJL006C	CTK2
YKL126W	YPK1
YIL044C	AGE2
YOR349W	CIN1
YHR035W	NEL1
YIL153W	RRD1
YKR068C	BET3
YKL081W	TEF4
YLR425W	TUS1
YEL062W	NPR2
YBR214W	SDS24
YGR166W	TRS65
YBL106C	SRO77
YDR246W	TRS23
YNL025C	SSN8
YPR108W	RPN7
YIL106W	MOB1
YOR014W	RTS1
YPR088C	SRP54
YBL060W	YEL1
YDL135C	RDI1
YDL077C	VAM6
YMR232W	FUS2
YAL055W	PEX22
YDR028C	REG1
YER093C	TSC11
YKL201C	MNN4
YJL201W	ECM25
YBR217W	ATG12
YPR017C	DSS4
YOR178C	GAC1
YFL047W	RGD2
YIL102C-A	
YGL115W	SNF4
YML100W	TSL1
YOR107W	RGS2
YBR135W	CKS1
YPL149W	ATG5
YNL201C	PSY2
YNL272C	SEC2
YDR477W	SNF1
YER122C	GLO3
YLR319C	BUD6
YLR347C	KAP95
YDL100C	GET3
YMR192W	GYL1
YCL009C	ILV6
YML028W	TSA1
YBL046W	PSY4
YER054C	GIP2
YNL218W	MGS1
YPL070W	MUK1
YHR182W	
YJR074W	MOG1
YMR261C	TPS3
YOL010W	RCL1
YPL047W	SGF11
YHR027C	RPN1
YGL181W	GTS1
YCL032W	STE50
YML097C	VPS9
YEL017C-A	PMP2
YKR090W	PXL1
YPL024W	RMI1
YIL075C	RPN2
YOR094W	ARF3
YIL063C	YRB2
YLR452C	SST2
YGL056C	SDS23
YGL066W	SGF73
YBR109C	CMD1
YDL207W	GLE1
YAR014C	BUD14
YLR335W	NUP2
YJR031C	GEA1
YER096W	SHC1
YPL241C	CIN2
YGL191W	COX13
YDR472W	TRS31
YER019C-A	SBH2
YGL246C	RAI1
YGL190C	CDC55
YML003W	
YMR116C	ASC1
YBR036C	CSG2
YDR524C	AGE1
YER136W	GDI1
YLR273C	PIG1
YLR022C	SDO1
YJL144W	
YML002W	
YBR278W	DPB3
YKL190W	CNB1
YER021W	RPN3
YDR170C	SEC7
YMR264W	CUE1
YDL117W	CYK3
YKR010C	TOF2
YGR093W	DRN1
YDL226C	GCS1
YGR280C	PXR1
YEL022W	GEA2
YGL164C	YRB30
YER087C-B	SBH1
YPR095C	SYT1
YAL041W	CDC24
YHR114W	BZZ1
YKL159C	RCN1
YLR422W	DCK1
YPR041W	TIF5
YJL115W	ASF1
YPL048W	CAM1
YPR175W	DPB2
YDR121W	DPB4
YLR226W	BUR2
YNL204C	SPS18
YBR058C-A	TSC3
YGL033W	HOP2
YBL061C	SKT5
YPL152W	RRD2
YDR217C	RAD9
YBL058W	SHP1
YCR024C-A	PMP1
YJL076W	NET1
