YKL103C	
YML001W	YPT7
YPL250C	ATG41
YFR021W	ATG18
YKR068C	BET3
YOR036W	PEP12
YKR078W	
YNL041C	COG6
YLR262C	YPT6
YNR007C	ATG3
YPR049C	ATG11
YDL149W	ATG9
YBR217W	ATG12
YBR131W	CCZ1
YPL149W	ATG5
YMR159C	ATG16
YNL223W	ATG4
YGL095C	VPS45
YOL082W	ATG19
YDL113C	ATG20
YBR128C	ATG14
YNL098C	RAS2
YPL154C	PEP4
YDR080W	VPS41
YLR431C	ATG23
YGL180W	ATG1
YLL042C	ATG10
YJL036W	SNX4
YER157W	COG3
YHR171W	ATG7
YGL212W	VAM7
YMR218C	TRS130
YGR120C	COG2
YPL100W	ATG21
YNL051W	COG5
YNL242W	ATG2
YFL038C	YPT1
YPR105C	COG4
YOR357C	SNX3
YML071C	COG8
YGL124C	MON1
YOL018C	TLG2
YPL120W	VPS30
YBL078C	ATG8
YGL005C	COG7
YBR164C	ARL1
YJL178C	ATG27
YGL223C	COG1
YLR417W	VPS36
YDL029W	ARP2
YDR108W	TRS85
