YLR437C	DIF1
YGR086C	PIL1
YDR113C	PDS1
YER177W	BMH1
YHR195W	NVJ1
YLR404W	
YOR014W	RTS1
YBL060W	YEL1
YGL014W	PUF4
YCR002C	CDC10
YGL106W	MLC1
YCR032W	BPH1
YML058W	SML1
YDL225W	SHS1
YJL165C	HAL5
YNL265C	IST1
YLR314C	CDC3
YCR008W	SAT4
YML016C	PPZ1
YDR099W	BMH2
YMR001C	CDC5
YAR014C	BUD14
YDR218C	SPR28
YBR102C	EXO84
YLR084C	RAX2
YGR059W	SPR3
YCL010C	SGF29
YMR116C	ASC1
YJR052W	RAD7
YPL153C	RAD53
YJR076C	CDC11
YJL207C	LAA1
YHR004C	NEM1
YHR082C	KSP1
YPL158C	AIM44
YOR357C	SNX3
YHR107C	CDC12
YBR114W	RAD16
YFL004W	VTC2
YOR301W	RAX1
YOR027W	STI1
