YDR523C	SPS1
YOR230W	WTM1
YDR439W	LRS4
YDR512C	EMI1
YPR141C	KAR3
YJL187C	SWE1
YIL126W	STH1
YHR184W	SSP1
YMR224C	MRE11
YNL126W	SPC98
YNL210W	MER1
YGL213C	SKI8
YMR048W	CSM3
YBR136W	MEC1
YPL121C	MEI5
YGL250W	RMR1
YPL042C	SSN3
YHR172W	SPC97
YKR001C	VPS1
YCR086W	CSM1
YOR229W	WTM2
YNL273W	TOF1
YGR230W	BNS1
YPL200W	CSM4
YER132C	PMD1
YJL146W	IDS2
YER115C	SPR6
YNL001W	DOM34
YAR007C	RFA1
YJL106W	IME2
YOR373W	NUD1
YIL132C	CSM2
YFL003C	MSH4
YJR021C	REC107
YOR178C	GAC1
YLR227C	ADY4
YER179W	DMC1
YOL091W	SPO21
YPR007C	REC8
YLR445W	GMC2
YBR057C	MUM2
YHR124W	NDT80
YDR254W	CHL4
YHR090C	YNG2
YDR386W	MUS81
YFL033C	RIM15
YBR098W	MMS4
YLR219W	MSC3
YMR133W	REC114
YHL027W	RIM101
YGL197W	MDS3
YNL250W	RAD50
YDR014W-A	HED1
YGL045W	RIM8
YDR273W	DON1
YDR383C	NKP1
YLR381W	CTF3
YOR177C	MPC54
YNL307C	MCK1
YDR004W	RAD57
YEL072W	RMD6
YHL023C	NPR3
YMR076C	PDS5
YIR026C	YVH1
YER133W	GLC7
YPL024W	RMI1
YOL104C	NDJ1
YHR014W	SPO13
YGL183C	MND1
YBR250W	SPO23
YDR506C	GMC1
YKR031C	SPO14
YJR066W	TOR1
YOR354C	MSC6
YBR076W	ECM8
YCL055W	KAR4
YNL012W	SPO1
YFL029C	CAK1
YLR329W	REC102
YLR394W	CST9
YDL239C	ADY3
YBR107C	IML3
YER044C-A	MEI4
YPL194W	DDC1
YPL157W	TGS1
YKR029C	SET3
YDR285W	ZIP1
YLR263W	RED1
YMR198W	CIK1
YOR313C	SPS4
YPL139C	UME1
YLR315W	NKP2
YHL022C	SPO11
YDR318W	MCM21
YDR522C	SPS2
YIL073C	SPO22
YNL225C	CNM67
YGL192W	IME4
YOR198C	BFR1
YDR255C	RMD5
YBL009W	ALK2
YGR179C	OKP1
YHR153C	SPO16
YPR046W	MCM16
YHL024W	RIM4
YER106W	MAM1
YNL196C	SLZ1
YJR094C	IME1
YDL001W	RMD1
YFR028C	CDC14
YOR351C	MEK1
YOR073W	SGO1
YHR152W	SPO12
YBR186W	PCH2
YGL251C	HFM1
YGL249W	ZIP2
YGR225W	AMA1
YHR079C-A	SAE3
YOR195W	SLK19
YJR135C	MCM22
YDR260C	SWM1
YDL017W	CDC7
YGR044C	RME1
YGL033W	HOP2
YCR010C	ADY2
YGL175C	SAE2
YDR369C	XRS2
YHR157W	REC104
YFR048W	RMD8
YBR073W	RDH54
YDR052C	DBF4
YBR211C	AME1
YIL072W	HOP1
YPL018W	CTF19
YER180C	ISC10
YPL130W	SPO19
YFL009W	CDC4
YDR108W	TRS85
