YMR139W	RIM11
YDR523C	SPS1
YDR512C	EMI1
YMR224C	MRE11
YOR190W	SPR1
YGL170C	SPO74
YNL194C	
YPR036W-A	SPO24
YER177W	BMH1
YMR079W	SEC14
YHR119W	SET1
YER132C	PMD1
YLL005C	SPO75
YER115C	SPR6
YLR269C	
YDR155C	CPR1
YIL017C	VID28
YLR341W	SPO77
YOR338W	
YNL294C	RIM21
YOL071W	
YLR227C	ADY4
YER020W	GPA2
YHL027W	RIM101
YAL056W	GPB2
YJL074C	SMC3
YDL151C	BUD30
YNL098C	RAS2
YOR242C	SSP2
YNL307C	MCK1
YLL033W	IRC19
YER133W	GLC7
YJL168C	SET2
YGL099W	LSG1
YML052W	SUR7
YDR099W	BMH2
YDR218C	SPR28
YGL261C	PAU11
YER096W	SHC1
YBR107C	IML3
YNL202W	SPS19
YMR063W	RIM9
YGR059W	SPR3
YOR313C	SPS4
YGL054C	ERV14
YDR522C	SPS2
YER046W	SPO73
YPL205C	
YHR153C	SPO16
YNL296W	
YLR028C	ADE16
YDR516C	EMI2
YPL232W	SSO1
YAL068C	PAU8
YLL039C	UBI4
YDL222C	FMP45
YGR225W	AMA1
YOR255W	OSW1
YPR192W	AQY1
YNL204C	SPS18
YOR135C	IRC14
YER180C	ISC10
YBL058W	SHP1
