YIL016W	SNL1
YDR266C	HEL2
YEL034W	HYP2
YLR378C	SEC61
YJR014W	TMA22
YBR155W	CNS1
YPR080W	TEF1
YLR150W	STM1
YPL210C	SRP72
YNL001W	DOM34
YFR009W	GCN20
YBR025C	OLA1
YCL001W-B	
YLR289W	GUF1
YDR385W	EFT2
YJR007W	SUI2
YBR118W	TEF2
YOL027C	MDM38
YGR285C	ZUO1
YML028W	TSA1
YNL163C	RIA1
YPL215W	CBP3
YHR168W	MTG2
YKR084C	HBS1
YPR125W	YLH47
YAL035W	FUN12
YBR120C	CBP6
YDL040C	NAT1
YMR116C	ASC1
YDR283C	GCN2
YGL195W	GCN1
YJL131C	AIM23
YBR283C	SSH1
YOR133W	EFT1
YCR059C	YIH1
YJR047C	ANB1
YGR169C-A	
YBR185C	MBA1
YPL226W	NEW1
YPR016C	TIF6
YGR054W	
YCL001W-A	
YLR216C	CPR6
