YMR139W	RIM11
YDR523C	SPS1
YCL024W	KCC4
YKL139W	CTK1
YJL187C	SWE1
YOR231W	MKK1
YGL021W	ALK1
YBR160W	CDC28
YPR161C	SGV1
YDL028C	MPS1
YBR097W	VPS15
YBR136W	MEC1
YPR106W	ISR1
YKL126W	YPK1
YPL042C	SSN3
YKL198C	PTK1
YHR079C	IRE1
YDR466W	PKH3
YDL079C	MRK1
YPL140C	MKK2
YBR059C	AKL1
YFR014C	CMK1
YGR188C	BUB1
YER123W	YCK3
YOR119C	RIO1
YDL214C	PRR2
YHR135C	YCK1
YLR096W	KIN2
YBL088C	TEL1
YKL116C	PRR1
YJL164C	TPK1
YLR362W	STE11
YJL106W	IME2
YAL017W	PSK1
YPR111W	DBF20
YAR018C	KIN3
YKL048C	ELM1
YOL113W	SKM1
YLR187W	SKG3
YKL203C	TOR2
YGL158W	RCK1
YGR262C	BUD32
YAR019C	CDC15
YDR477W	SNF1
YMR216C	SKY1
YLR113W	HOG1
YPL026C	SKS1
YFL033C	RIM15
YOL016C	CMK2
YJL095W	BCK1
YIL035C	CKA1
YOL045W	PSK2
YPL236C	ENV7
YOL128C	YGK3
YKL166C	TPK3
YNL020C	ARK1
YOR233W	KIN4
YJL165C	HAL5
YNL307C	MCK1
YNR047W	FPK1
YER129W	SAK1
YNL183C	NPR1
YNL154C	YCK2
YOR267C	HRK1
YKL168C	KKQ8
YGL180W	ATG1
YDR247W	VHS1
YBL016W	FUS3
YCR008W	SAT4
YGR052W	FMP48
YMR104C	YPK2
YCR091W	KIN82
YDL159W	STE7
YNR031C	SSK2
YJR066W	TOR1
YPL031C	PHO85
YHR102W	KIC1
YDL025C	RTK1
YHL007C	STE20
YMR001C	CDC5
YFL029C	CAK1
YDR507C	GIN4
YDL101C	DUN1
YPL153C	RAD53
YCR073C	SSK22
YDL108W	KIN28
YDR283C	GCN2
YJR059W	PTK2
YMR291W	TDA1
YKL101W	HSL1
YLL019C	KNS1
YLR248W	RCK2
YBL009W	ALK2
YPL209C	IPL1
YNL207W	RIO2
YHR082C	KSP1
YGR092W	DBF2
YGR040W	KSS1
YPL141C	FRK1
YPR054W	SMK1
YOR351C	MEK1
YJL057C	IKS1
YBL105C	PKC1
YDR490C	PKH1
YDR122W	KIN1
YBR274W	CHK1
YNL298W	CLA4
YKL161C	KDX1
YPL203W	TPK2
YHR030C	SLT2
YHR205W	SCH9
YDL017W	CDC7
YOL100W	PKH2
YPL150W	
YJL141C	YAK1
YNL161W	CBK1
YIL095W	PRK1
YPL204W	HRR25
YKL171W	NNK1
YNL278W	CAF120
YGL179C	TOS3
YBR028C	YPK3
YJL128C	PBS2
YOR061W	CKA2
