YDR232W	HEM1
YJR130C	STR2
YLR231C	BNA5
YLR027C	AAT2
YLR089C	ALT1
YFR055W	IRC7
YDR294C	DPL1
YDR111C	ALT2
YJL060W	BNA3
YML082W	
YLR058C	SHM2
YNR058W	BIO3
YGL184C	STR3
YER152C	
YLL058W	
YMR189W	GCV2
YLR303W	MET17
YGR257C	MTM1
YBL036C	
YGL202W	ARO8
YHR112C	
YLR438W	CAR2
YCR053W	THR4
YBR263W	SHM1
YOR184W	SER1
YKL218C	SRY1
YMR250W	GAD1
YGR155W	CYS4
YPR160W	GPH1
YDR062W	LCB2
YHR137W	ARO9
YCL064C	CHA1
YER086W	ILV1
YKL106W	AAT1
YCL017C	NFS1
YMR296C	LCB1
YAL012W	CYS3
YGR019W	UGA1
YIL116W	HIS5
YOL140W	ARG8
YGR012W	MCY1
