YPR032W	SRO7
YNR026C	SEC12
YOL081W	IRA2
YJR053W	BFA1
YDR002W	YRB1
YPR181C	SEC23
YIL044C	AGE2
YJR138W	IML1
YOR349W	CIN1
YHR035W	NEL1
YEL062W	NPR2
YBL106C	SRO77
YDL234C	GYP7
YPR088C	SRP54
YDL135C	RDI1
YOR070C	GYP1
YJL201W	ECM25
YFL047W	RGD2
YOR107W	RGS2
YOR370C	MRS6
YER122C	GLO3
YMR192W	GYL1
YDR389W	SAC7
YPL070W	MUK1
YHR182W	
YNL293W	MSB3
YMR235C	RNA1
YER155C	BEM2
YGL181W	GTS1
YOR134W	BAG7
YGR057C	LST7
YIL063C	YRB2
YOR127W	RGA1
YLR452C	SST2
YGR100W	MDR1
YJL044C	GYP6
YLR335W	NUP2
YHR061C	GIC1
YOL112W	MSB4
YDR309C	GIC2
YPL241C	CIN2
YKL176C	LST4
YKL092C	BUD2
YDR524C	AGE1
YER136W	GDI1
YMR055C	BUB2
YPL242C	IQG1
YDL226C	GCS1
YGL164C	YRB30
YDL240W	LRG1
YPR041W	TIF5
YCR067C	SED4
YPL161C	BEM4
YPL115C	BEM3
YNL204C	SPS18
YFL027C	GYP8
YPL249C	GYP5
YDR379W	RGA2
YBR260C	RGD1
YBR140C	IRA1
