YCL011C	GBP2
YOR341W	RPA190
YGR005C	TFG2
YNL030W	HHF2
YHR084W	STE12
YLR032W	RAD5
YPR065W	ROX1
YNL102W	POL1
YBR182C	SMP1
YDR362C	TFC6
YJL110C	GZF3
YOR144C	ELG1
YBL022C	PIM1
YJR046W	TAH11
YOR258W	HNT3
YHR206W	SKN7
YOL095C	HMI1
YGR186W	TFG1
YIL126W	STH1
YKL062W	MSN4
YDR451C	YHP1
YIR018W	YAP5
YAL019W	FUN30
YMR072W	ABF2
YIL082W	
YIL056W	VHR1
YBR083W	TEC1
YEL032W	MCM3
YKR099W	BAS1
YNL039W	BDP1
YIL119C	RPI1
YER105C	NUP157
YLR233C	EST1
YGL096W	TOS8
YDR097C	MSH6
YKR062W	TFA2
YBR150C	TBS1
YLR403W	SFP1
YOR207C	RET1
YMR048W	CSM3
YOL005C	RPB11
YKR048C	NAP1
YDR043C	NRG1
YLR228C	ECM22
YJL103C	GSM1
YOR038C	HIR2
YHR031C	RRM3
YPR013C	CMR3
YDR081C	PDC2
YBR087W	RFC5
YOL090W	MSH2
YGR159C	NSR1
YDR520C	URC2
YPL248C	GAL4
YBR026C	ETR1
YER161C	SPT2
YML113W	DAT1
YKL112W	ABF1
Q0255	
YNL248C	RPA49
YPR110C	RPC40
YMR136W	GAT2
YCR092C	MSH3
YGL166W	CUP2
YML127W	RSC9
YIR002C	MPH1
YJL173C	RFA3
YPR019W	MCM4
YJL176C	SWI3
YBR245C	ISW1
YER176W	ECM32
YBL002W	HTB2
YNL206C	RTT106
YMR080C	NAM7
YPL133C	RDS2
YNL273W	TOF1
YFR013W	IOC3
YDR448W	ADA2
YIL131C	FKH1
YHR056C	RSC30
YOR140W	SFL1
YJR060W	CBF1
YOR032C	HMS1
YDR253C	MET32
YLR150W	STM1
YBR193C	MED8
YHR146W	CRP1
YLR014C	PPR1
YOR330C	MIP1
YGL169W	SUA5
YJR140C	HIR3
YLR234W	TOP3
Q0075	AI5_BETA
YPL127C	HHO1
YEL007W	MIT1
YMR111C	
YLR278C	
YKL214C	YRA2
YAR007C	RFA1
YLR266C	PDR8
YNL007C	SIS1
YOR298C-A	MBF1
YLR323C	CWC24
YOR014W	RTS1
YBR010W	HHT1
YOR346W	REV1
YBL054W	TOD6
YER040W	GLN3
YGR288W	MAL13
YMR016C	SOK2
YOL094C	RFC4
YMR201C	RAD14
YCR066W	RAD18
YOR380W	RDR1
YFR034C	PHO4
YPR199C	ARR1
YML069W	POB3
YER111C	SWI4
YDR026C	NSI1
YLR288C	MEC3
YLR131C	ACE2
YLR256W	HAP1
YLL054C	
YMR284W	YKU70
YDR096W	GIS1
YKL038W	RGT1
YLR176C	RFX1
YPR135W	CTF4
YDL140C	RPO21
YBL010C	
YFL003C	MSH4
YHR164C	DNA2
YBL003C	HTA2
YOR113W	AZF1
YDR291W	HRQ1
YMR044W	IOC4
YBR009C	HHF1
YOR338W	
YJR144W	MGM101
YNL167C	SKO1
YDR310C	SUM1
YEL055C	POL5
YDL160C-A	MHF2
YOR363C	PIP2
YHL009C	YAP3
YER179W	DMC1
YJL089W	SIP4
YML099C	ARG81
YDR123C	INO2
YCR097W	HMRA1
YKL113C	RAD27
YHR124W	NDT80
YOL043C	NTG2
YBL103C	RTG3
YPL089C	RLM1
YGL013C	PDR1
YDR296W	MHR1
YGR067C	
YBR163W	EXO5
YMR106C	YKU80
YBL066C	SEF1
YOR386W	PHR1
YDL227C	HO
YMR168C	CEP3
YGL073W	HSF1
YDL170W	UGA3
YIL143C	SSL2
YDR386W	MUS81
YHR006W	STP2
YJR006W	POL31
YFL021W	GAT1
YPL022W	RAD1
YOL012C	HTZ1
YNL312W	RFA2
YFL008W	SMC1
YDL220C	CDC13
YMR213W	CEF1
YBR098W	MMS4
YGR285C	ZUO1
YML098W	TAF13
YBR239C	ERT1
YMR094W	CTF13
YBR215W	HPC2
YKL049C	CSE4
YHL027W	RIM101
YCR014C	POL4
YJR147W	HMS2
YNL290W	RFC3
YAL001C	TFC3
YDL154W	MSH5
YNL218W	MGS1
YGL254W	FZF1
YGL035C	MIG1
YBR240C	THI2
YHL020C	OPI1
YDL002C	NHP10
YDR225W	HTA1
YER164W	CHD1
YDR224C	HTB1
YDR259C	YAP6
YML095C	RAD10
YHR120W	MSH1
YML027W	YOX1
YNL031C	HHT2
YGL131C	SNT2
YMR241W	YHM2
YFL052W	
YDL056W	MBP1
YLR098C	CHA4
YER028C	MIG3
YBR033W	EDS1
YNL151C	RPC31
YDR334W	SWR1
YKL015W	PUT3
YDL164C	CDC9
YML010W	SPT5
YLR373C	VID22
YOR033C	EXO1
YOR116C	RPO31
YGL244W	RTF1
YOL067C	RTG1
YBR297W	MAL33
YDR004W	RAD57
YML081W	TDA9
YGR116W	SPT6
YLR175W	CBF5
YGL150C	INO80
YOR368W	RAD17
YCR039C	MATALPHA2
YPL167C	REV3
YPL038W	MET31
YOR358W	HAP5
YBR089C-A	NHP6B
YKL109W	HAP4
YER171W	RAD3
YDR207C	UME6
YDR295C	HDA2
YLR398C	SKI2
YMR182C	RGM1
YOL145C	CTR9
YER169W	RPH1
YPL075W	GCR1
YLR274W	MCM5
YPR196W	
YMR114C	
YHR177W	
YPL024W	RMI1
YPR008W	HAA1
YDL106C	PHO2
YLR318W	EST2
YGR246C	BRF1
YDR289C	RTT103
YGL183C	MND1
YNL262W	POL2
YOR210W	RPB10
YDR332W	IRC3
YOR217W	RFC1
YOL006C	TOP1
YAL015C	NTG1
YPR104C	FHL1
YPR186C	PZF1
YIR023W	DAL81
YDL020C	RPN4
YKL082C	RRP14
YOL089C	HAL9
YOR224C	RPB8
YPR190C	RPC82
YGR099W	TEL2
YDR359C	EAF1
YNL088W	TOP2
YBR202W	MCM7
YGR047C	TFC4
YNL216W	RAP1
YIL101C	XBP1
YDL150W	RPC53
YCR018C	SRD1
YCR087C-A	
YOR172W	YRM1
YDL156W	CMR1
YJL025W	RRN7
YKL144C	RPC25
YGL209W	MIG2
YPL194W	DDC1
YJR035W	RAD26
YGL163C	RAD54
YFL036W	RPO41
YDR034C	LYS14
YPL177C	CUP9
YKL032C	IXR1
YMR176W	ECM5
YDR145W	TAF12
YDR463W	STP1
YAL034C	FUN19
YOR162C	YRR1
YMR280C	CAT8
YBL023C	MCM2
YKL222C	
YJL206C	
YNL068C	FKH2
YMR019W	STB4
YGL237C	HAP2
YCR033W	SNT1
YPL128C	TBF1
YOR110W	TFC7
YMR043W	MCM1
YER064C	VHR2
YCR106W	RDS1
YHL022C	SPO11
YPR052C	NHP6A
YCR040W	MATALPHA1
YER130C	COM2
YKL185W	ASH1
YBR123C	TFC1
YGR071C	ENV11
YFR038W	IRC5
YNL215W	IES2
YPR162C	ORC4
YHR081W	LRP1
YIR017C	MET28
YBR154C	RPB5
YDR213W	UPC2
YMR078C	CTF18
YDR146C	SWI5
YFL031W	HAC1
YDL185W	VMA1
YMR042W	ARG80
YHR178W	STB5
YIL130W	ASG1
YIR013C	GAT4
YJR068W	RFC2
YKR064W	OAF3
YKL017C	HCS1
YGL201C	MCM6
YPR187W	RPO26
YPL007C	TFC8
YHR191C	CTF8
YCR065W	HCM1
YER088C	DOT6
YML007W	YAP1
YDR174W	HMO1
YMR190C	SGS1
YBL008W	HIR1
YMR037C	MSN2
YDR227W	SIR4
YIL021W	RPB3
YML061C	PIF1
YCR096C	HMRA2
YMR005W	TAF4
YCR028C-A	RIM1
YDR076W	RAD55
YBR049C	REB1
YJL056C	ZAP1
YMR074C	SDD2
YML065W	ORC1
YOR344C	TYE7
YER095W	RAD51
YGR258C	RAD2
YBL005W	PDR3
YER045C	ACA1
YGL043W	DST1
YDR314C	RAD34
YDR440W	DOT1
YDR303C	RSC3
YER148W	SPT15
YKL054C	DEF1
YNR063W	
YLR095C	IOC2
YBR066C	NRG2
YPL016W	SWI1
YMR039C	SUB1
YPR010C	RPA135
YKL089W	MIF2
YOL028C	YAP7
YOL108C	INO4
YMR228W	MTF1
YLR442C	SIR3
YOR028C	CIN5
YNL113W	RPC19
YEL009C	GCN4
YFR037C	RSC8
YDR328C	SKP1
YDR423C	CAD1
YIL036W	CST6
YCL066W	HMLALPHA1
YDR419W	RAD30
YGL251C	HFM1
YER162C	RAD4
YGL249W	ZIP2
YDR216W	ADR1
YGR229C	SMI1
YLR451W	LEU3
YDL102W	POL3
YBR088C	POL30
YKL043W	PHD1
YBL019W	APN2
YKL045W	PRI2
YGR140W	CBF2
YLR182W	SWI6
YPR022C	SDD4
YPR175W	DPB2
YML051W	GAL80
YOL086W-A	MHF1
YDR392W	SPT3
YAL051W	OAF1
YOR337W	TEA1
YCL067C	HMLALPHA2
YOR304W	ISW2
YGR044C	RME1
YOR077W	RTS2
YDR110W	FOB1
YGL033W	HOP2
YGL175C	SAE2
YOR151C	RPB2
YBR114W	RAD16
YER184C	TOG1
YHR143W-A	RPC10
YOR005C	DNL4
YKR034W	DAL80
YPL082C	MOT1
YOR290C	SNF2
YLR013W	GAT3
YPL230W	USV1
YDR263C	DIN7
YBL021C	HAP3
YDR421W	ARO80
YHR118C	ORC6
YMR137C	PSO2
YOL116W	MSN1
YBL035C	POL12
YJL092W	SRS2
YML076C	WAR1
YNL027W	CRZ1
YDR369C	XRS2
YPL008W	CHL1
YBR073W	RDH54
YGR002C	SWC4
YDR052C	DBF4
YGR249W	MGA1
YIL072W	HOP1
YKL114C	APN1
YLL004W	ORC3
YPR179C	HDA3
YJR127C	RSF2
YMR021C	MAC1
YDL200C	MGT1
