YGL087C	MMS2
YML088W	UFO1
YLR247C	IRC20
YDR266C	HEL2
YLL036C	PRP19
YDR265W	PEX10
YJL047C	RTT101
YER116C	SLX8
YNL116W	DMA2
YNL008C	ASI3
YKL034W	TUL1
YDR457W	TOM1
YLR007W	NSE1
YJL149W	DAS1
YNL311C	SKP2
YLR368W	MDM30
YIL097W	FYV10
YDR059C	UBC5
YGL058W	RAD6
YIL030C	SSM4
YER125W	RSP5
YOL013C	HRD1
YMR119W	ASI1
YGL131C	SNT2
YGR133W	PEX4
YMR026C	PEX12
YLR224W	UCC1
YIL112W	HOS4
YML068W	ITT1
YER100W	UBC6
YBR082C	UBC4
YBR280C	SAF1
YOR339C	UBC11
YGR003W	CUL3
YDR177W	UBC1
YJR036C	HUL4
YLR207W	HRD3
YDL190C	UFD2
YDR092W	UBC13
YHR115C	DMA1
YLR097C	HRT3
YJR090C	GRR1
YPR093C	ASR1
YKL010C	UFD4
YJR052W	RAD7
YGR184C	UBR1
YDR313C	PIB1
YDL074C	BRE1
YER068W	MOT2
YOL054W	PSH1
YDR255C	RMD5
YDR306C	
YDL008W	APC11
YDR143C	SAN1
YNL230C	ELA1
YOL133W	HRT1
YMR247C	RKR1
YPL046C	ELC1
YDR054C	CDC34
YLR024C	UBR2
YOR080W	DIA2
YDR328C	SKP1
YGL141W	HUL5
YMR231W	PEP5
YDL013W	SLX5
YDL132W	CDC53
YKR017C	HEL1
YBR114W	RAD16
YEL012W	UBC8
YDR131C	
YMR022W	UBC7
YFL009W	CDC4
YJL210W	PEX2
