YHL002W	HSE1
YML101C	CUE4
YBR234C	ARC40
YGL110C	CUE3
YML013W	UBX2
YDR358W	GGA1
YBR097W	VPS15
YFR021W	ATG18
YHR186C	KOG1
YBL007C	SLA1
YDL145C	COP1
YNR006W	VPS27
YBR135W	CKS1
YER107C	GLE2
YKL213C	DOA1
YER125W	RSP5
YHR108W	GGA2
YGL137W	SEC27
YOR026W	BUB3
YBL047C	EDE1
YDR273W	DON1
YDL161W	ENT1
YER143W	DDI1
YDR320C	SWA2
YML097C	VPS9
YCL008C	STP22
YBR082C	UBC4
YOL087C	DUF1
YHL010C	ETP1
YJL112W	MDV1
YOR042W	CUE5
YKL090W	CUE2
YDL091C	UBX3
YGR206W	MVB12
YDR330W	UBX5
YBR170C	NPL4
YDL126C	CDC48
YEL037C	RAD23
YBR198C	TAF5
YMR264W	CUE1
YIL046W	MET30
YKL054C	DEF1
YLR417W	VPS36
YGR048W	UFD1
YLR421C	RPN13
YFL009W	CDC4
YBL058W	SHP1
