YMR027W	
YKL103C	
YIR015W	RPR2
YBL055C	
YDL246C	SOR2
YGL156W	AMS1
YOR341W	RPA190
YNL097C	PHO23
YLR308W	CDA2
YLR032W	RAD5
YNL102W	POL1
YMR318C	ADH6
YFR027W	ECO1
YDL182W	LYS20
YML057W	CMP2
YJL110C	GZF3
YMR105C	PGM2
YPL179W	PPQ1
YIL150C	MCM10
YDR272W	GLO2
YLR247C	IRC20
YOR258W	HNT3
YLR167W	RPS31
YNR052C	POP2
YHR005C-A	TIM10
YGR181W	TIM13
YJL187C	SWE1
YJR131W	MNS1
YHR007C	ERG11
YMR083W	ADH3
YPR188C	MLC2
YKL062W	MSN4
YPL111W	CAR1
YBR243C	ALG7
YDR191W	HST4
YPL059W	GRX5
YLR180W	SAM1
YBR218C	PYC2
YIL082W	
YHR132C	ECM14
YBR091C	TIM12
YDR266C	HEL2
YKR058W	GLG1
YPR181C	SEC23
YDR460W	TFB3
YJR069C	HAM1
YCR036W	RBK1
YOL122C	SMF1
YNL310C	ZIM17
YHR055C	CUP1-2
YPR122W	AXL1
YKL157W	APE2
YOR274W	MOD5
YMR075W	RCO1
YKR087C	OMA1
YBR150C	TBS1
YGL256W	ADH4
YLR403W	SFP1
YOR207C	RET1
YBR014C	GRX7
YMR118C	SHH3
YKR038C	KAE1
YPR067W	ISA2
YLR164W	SHH4
YDR043C	NRG1
YLR228C	ECM22
YFR006W	
YJL103C	GSM1
YDR129C	SAC6
YDL066W	IDP1
YOR052C	
YDR539W	FDC1
YDR101C	ARX1
YGL037C	PNC1
YIL044C	AGE2
YDL131W	LYS21
YAL048C	GEM1
YPR013C	CMR3
YML056C	IMD4
YKL087C	CYT2
YDR520C	URC2
YPL248C	GAL4
YGL040C	HEM2
YDR265W	PEX10
YDL006W	PTC1
YLR304C	ACO1
YMR136W	GAT2
YGL166W	CUP2
YPL042C	SSN3
YJR048W	CYC1
YLR214W	FRE1
YDR487C	RIB3
YDR066C	RTR2
YBL068W	PRS4
YLL062C	MHT1
YGL155W	CDC43
YIL108W	
YJR135W-A	TIM8
YPL054W	LEE1
YGL094C	PAN2
YHR079C	IRE1
YNL072W	RNH201
YOL152W	FRE7
YGL022W	STT3
YNR032W	PPG1
YBR252W	DUT1
YMR080C	NAM7
YPL133C	RDS2
YDR287W	INM2
YBR117C	TKL2
YDR448W	ADA2
YER116C	SLX8
YOR119C	RIO1
YHR056C	RSC30
YAL038W	CDC19
YOR202W	HIS3
YJR119C	JHD2
YDR373W	FRQ1
YMR100W	MUB1
YNL116W	DMA2
YLR427W	MAG2
YNL008C	ASI3
YDR253C	MET32
YFR044C	DUG1
YDL010W	GRX6
YKL034W	TUL1
YDL098C	SNU23
YLR014C	PPR1
YOL138C	RTC1
YCL057W	PRD1
YIL147C	SLN1
YHR024C	MAS2
YDL171C	GLT1
YLR278C	
YNL001W	DOM34
YIL106W	MOB1
YAR007C	RFA1
YLR266C	PDR8
YBL091C	MAP2
YLR323C	CWC24
YLR007W	NSE1
YFL045C	SEC53
YOR346W	REV1
YMR300C	ADE4
YKR079C	TRZ1
YMR262W	
YER040W	GLN3
YBR025C	OLA1
YGR288W	MAL13
YHR113W	APE4
YLR080W	EMP46
YOR256C	TRE2
YMR201C	RAD14
YKL035W	UGP1
YPR056W	TFB4
YOR196C	LIP5
YGR211W	ZPR1
YKL084W	HOT13
YCR066W	RAD18
YJR063W	RPA12
YLR074C	BUD20
YOR380W	RDR1
Q0250	COX2
YMR073C	IRC21
YDR236C	FMN1
YGL070C	RPB9
YAL060W	BDH1
YKR066C	CCP1
YLR131C	ACE2
YER010C	
YLR256W	HAP1
YDL104C	QRI7
YNL009W	IDP3
YOR163W	DDP1
YDR045C	RPC11
YGL106W	MLC1
YLL054C	
YJL172W	CPS1
YDR415C	
YMR089C	YTA12
YGR208W	SER2
YDR096W	GIS1
YKL038W	RGT1
YHL021C	AIM17
YKL048C	ELM1
YDL244W	THI13
YDL140C	RPO21
YBL059C-A	CMC2
YHR164C	DNA2
YGL243W	TAD1
YHR204W	MNL1
YOR381W	FRE3
YNL040W	
YOR113W	AZF1
YER003C	PMI40
YIL097W	FYV10
YPR017C	DSS4
YDL188C	PPH22
YIL109C	SEC24
YDL128W	VCX1
YNL036W	NCE103
YGR087C	PDC6
YOR363C	PIP2
YDR127W	ARO1
YLR433C	CNA1
YFL044C	OTU1
YPR024W	YME1
YER089C	PTC2
YJR094W-A	RPL43B
YNR006W	VPS27
YGL055W	OLE1
YPR191W	QCR2
YJL089W	SIP4
YDR001C	NTH1
YML099C	ARG81
YMR207C	HFA1
YHR021C	RPS27B
YOR191W	ULS1
YOL064C	MET22
YKL113C	RAD27
YOL049W	GSH2
YIL030C	SSM4
YBR281C	DUG2
YOL043C	NTG2
YER020W	GPA2
YGL013C	PDR1
YLR377C	FBP1
YER122C	GLO3
YPL231W	FAS2
YGR067C	
YDL216C	RRI1
YBR163W	EXO5
YMR272C	SCS7
YDL100C	GET3
YNR016C	ACC1
YGL008C	PMA1
YKL134C	OCT1
YKL005C	BYE1
YBL066C	SEF1
YIL137C	TMA108
Q0105	COB
YDL227C	HO
YHR090C	YNG2
YMR168C	CEP3
YDL170W	UGA3
YDR436W	PPZ2
YLR163C	MAS1
YIL079C	AIR1
YDR386W	MUS81
YIR008C	PRI1
YHR006W	STP2
YBR058C	UBP14
YAL039C	CYC3
YFL021W	GAT1
YGL009C	LEU1
YLR090W	XDJ1
YDR380W	ARO10
YOL013C	HRD1
YMR208W	ERG12
YNL299W	TRF5
YBR098W	MMS4
YLR401C	DUS3
YFR005C	SAD1
YJR025C	BNA1
YBR239C	ERT1
YDR409W	SIZ1
YBR003W	COQ1
YDR173C	ARG82
YML022W	APT1
YKL220C	FRE2
YKL181W	PRS1
YHL027W	RIM101
YCR014C	POL4
YLR185W	RPL37A
YPL181W	CTI6
YNL118C	DCP2
YBR145W	ADH5
YMR119W	ASI1
YGR286C	BIO2
YNL250W	RAD50
YNL227C	JJJ1
YBR062C	
YNL218W	MGS1
YGL254W	FZF1
YML054C	CYB2
YOR384W	FRE5
YLL029W	FRA1
YGL035C	MIG1
YBR240C	THI2
YJL145W	SFH5
YHR046C	INM1
YNL155W	CUZ1
YOR360C	PDE2
YER139C	RTR1
YJL137C	GLG2
YDR502C	SAM2
YPL015C	HST2
YML041C	VPS71
YLR432W	IMD3
YNL200C	NNR1
YNL077W	APJ1
YPL135W	ISU1
YKL141W	SDH3
YDR370C	DXO1
YBR111C	YSA1
YIL094C	LYS12
YJR016C	ILV3
YOR086C	TCB1
YJL208C	NUC1
YGL131C	SNT2
YLR044C	PDC1
YMR205C	PFK2
YFL052W	
YHR051W	COX6
YPR074C	TKL1
YLR098C	CHA4
YER028C	MIG3
YBR033W	EDS1
YKR002W	PAP1
YEL039C	CYC7
YKL015W	PUT3
YPL047W	SGF11
YDL164C	CDC9
YHR050W	SMF2
YMR026C	PEX12
YOR128C	ADE2
YOL125W	TRM13
YLR373C	VID22
YOR033C	EXO1
YOR116C	RPO31
YGL187C	COX4
YJR117W	STE24
YBR297W	MAL33
YML081W	TDA9
YDR151C	CTH1
YGL181W	GTS1
YDL175C	AIR2
YML068W	ITT1
YLL051C	FRE6
YOR226C	ISU2
YJR137C	MET5
YBR011C	IPP1
YPL167C	REV3
YNL238W	KEX2
YLR389C	STE23
YOR241W	MET7
YPL038W	MET31
YDL209C	CWC2
YER051W	JHD1
YER171W	RAD3
YDR207C	UME6
YMR182C	RGM1
YER078C	ICP55
YKR071C	DRE2
YER169W	RPH1
YLR307W	CDA1
YPL103C	FMP30
YMR058W	FET3
YGR244C	LSC2
YPR196W	
YMR009W	ADI1
YER133W	GLC7
YKR090W	PXL1
YCL033C	MXR2
YCL030C	HIS4
YJR109C	CPA2
YMR303C	ADH2
YHR174W	ENO2
YPR008W	HAA1
YJL167W	ERG20
YPR062W	FCY1
YGR170W	PSD2
YDR256C	CTA1
YLR318W	EST2
YGR246C	BRF1
YBL033C	RIB1
YBR228W	SLX1
YEL038W	UTR4
YKL067W	YNK1
YDR506C	GMC1
YDL090C	RAM1
YKL095W	YJU2
YOR393W	ERR1
YNL262W	POL2
YOR210W	RPB10
YML016C	PPZ1
YOR127W	RGA1
YAL035W	FUN12
YNL129W	NRK1
YPL237W	SUI3
YHL010C	ETP1
YGR240C	PFK1
YOR091W	TMA46
YNL240C	NAR1
YLR245C	CDD1
YJL200C	ACO2
YNL256W	FOL1
YLR205C	HMX1
YPR186C	PZF1
YDL047W	SIT4
YHR043C	DOG2
YBR109C	CMD1
YPL138C	SPP1
YIR023W	DAL81
YHR115C	DMA1
YJL157C	FAR1
YDR270W	CCC2
YOL098C	SDD3
YOL089C	HAL9
YNL332W	THI12
YNL023C	FAP1
YGL122C	NAB2
YHR076W	PTC7
YLL057C	JLP1
YLR388W	RPS29A
YBR295W	PCA1
YER017C	AFG3
YFL058W	THI5
YEL019C	MMS21
YFL016C	MDJ1
YLR151C	PCD1
YNL130C	CPT1
YIL053W	
YNL088W	TOP2
YCR018C	SRD1
YFL041W	FET5
YCR087C-A	
YOR172W	YRM1
YJL068C	
YGR063C	SPT4
YKL011C	CCE1
YDL168W	SFA1
YKL160W	ELF1
YOL164W	BDS1
YPL281C	ERR2
YJL025W	RRN7
YPR043W	RPL43A
YOR022C	DDL1
YOR125C	CAT5
YHR144C	DCD1
YNL064C	YDJ1
YGR123C	PPT1
YPL252C	YAH1
YDL030W	PRP9
YGL209W	MIG2
YOR056C	NOB1
YML004C	GLO1
YAL002W	VPS8
YGL163C	RAD54
YKR029C	SET3
YAL021C	CCR4
YDR034C	LYS14
YPR093C	ASR1
YER062C	
YDR336W	MRX8
YAL061W	BDH2
YDL061C	RPS29B
YMR176W	ECM5
YGL246C	RAI1
YNL168C	FMP41
YDR463W	STP1
YOR090C	PTC5
YLR277C	YSH1
YMR070W	MOT3
YPL222W	FMP40
YGL062W	PYC1
YOR162C	YRR1
YNL259C	ATX1
YDR402C	DIT2
YJR126C	VPS70
YMR280C	CAT8
YBL023C	MCM2
YCL018W	LEU2
YJL005W	CYR1
YKL222C	
YJL206C	
YOL061W	PRS5
YJL100W	LSB6
YMR019W	STB4
YGR024C	THG1
YGR184C	UBR1
YDR524C	AGE1
YHR044C	DOG1
YLR298C	YHC1
YGL067W	NPY1
YNL037C	IDH1
YLL041C	SDH2
YDR313C	PIB1
YLR244C	MAP1
YNL255C	GIS2
YEL029C	BUD16
YER065C	ICL1
YLR174W	IDP2
YOR040W	GLO4
YDL074C	BRE1
YJR078W	BNA2
YDR323C	PEP7
YER068W	MOT2
YMR108W	ILV2
YCR106W	RDS1
YHL022C	SPO11
YDR390C	UBA2
YMR278W	PRM15
YLR420W	URA4
YOR291W	YPK9
YER130C	COM2
YDR481C	PHO8
YPL096W	PNG1
YHR008C	SOD2
YKL185W	ASH1
YGR071C	ENV11
YOR347C	PYK2
YBL045C	COR1
YLL009C	COX17
YOL057W	
YGR058W	PEF1
YDR213W	UPC2
YLR136C	TIS11
YPL069C	BTS1
YDR146C	SWI5
YKL156W	RPS27A
YHR178W	STB5
YJR024C	MDE1
YIL130W	ASG1
YGL023C	PIB2
YGL071W	AFT1
YIR013C	GAT4
YNR057C	BIO4
YFR019W	FAB1
YHR040W	BCD1
YMR223W	UBP8
YEL031W	SPF1
YPL207W	TYW1
YNL111C	CYB5
YKR064W	OAF3
YDR399W	HPT1
YOL054W	PSH1
YDR255C	RMD5
YHR192W	LNP1
YKL190W	CNB1
YMR214W	SCJ1
YEL024W	RIP1
YBL052C	SAS3
YER049W	TPA1
YJR101W	RSM26
YJL026W	RNR2
YHR201C	PPX1
YER134C	
YPR086W	SUA7
YOL115W	PAP2
YNL045W	LAP2
YKL127W	PGM1
YNL207W	RIO2
YLR134W	PDC5
YPL086C	ELP3
YDL048C	STP4
YBL056W	PTC3
YBR242W	
YDR500C	RPL37B
YOR020C	HSP10
YJR156C	THI11
YMR037C	MSN2
YIL021W	RPB3
YDL008W	APC11
YJR159W	SOR1
YDR234W	LYS4
YHR047C	AAP1
YOR356W	CIR2
YPR176C	BET2
YKL059C	MPE1
YHR134W	WSS1
YKL137W	CMC1
YLR375W	STP3
YJL056C	ZAP1
YNL010W	
YLR355C	ILV5
YKL028W	TFA1
YGR144W	THI4
YML065W	ORC1
YDR143C	SAN1
YAR073W	IMD1
YGR258C	RAD2
YGL091C	NBP35
YBL005W	PDR3
YDL167C	NRP1
YIR027C	DAL1
YMR015C	ERG5
YGR061C	ADE6
YJL121C	RPE1
YDL226C	GCS1
YOR156C	NFI1
YDL134C	PPH21
YGL043W	DST1
YML072C	TCB3
YDR303C	RSC3
YDL238C	GUD1
YGL085W	LCL3
YOR064C	YNG1
YGR254W	ENO1
YDR452W	PPN1
YLR148W	PEP3
YJL130C	URA2
YDR347W	MRP1
YBL105C	PKC1
YOR065W	CYT1
YNR063W	
YOL133W	HRT1
YBR066C	NRG2
YGL234W	ADE5,7
YPL016W	SWI1
YDR049W	VMS1
YPR010C	RPA135
YHR053C	CUP1-1
YBR018C	GAL7
YNR060W	FRE4
YMR267W	PPA2
YMR247C	RKR1
YOL086C	ADH1
YCR090C	
YOL068C	HST1
YPL021W	ECM23
YPL268W	PLC1
YLR024C	UBR2
YDL240W	LRG1
YHL011C	PRS3
YFR037C	RSC8
YDL042C	SIR2
YLR387C	REH1
YDR098C	GRX3
YJL035C	TAD2
YJR089W	BIR1
YGL101W	
YDR419W	RAD30
YGR267C	FOL2
YPL117C	IDI1
YGR234W	YHB1
YGL251C	HFM1
YBR037C	SCO1
YPL214C	THI6
YPL273W	SAM4
YNR027W	BUD17
YER090W	TRP2
YDR216W	ADR1
YLR005W	SSL1
YJR104C	SOD1
YOR136W	IDH2
YCL017C	NFS1
YBL071W-A	KTI11
YLR451W	LEU3
YDR182W	CDC1
YJL105W	SET4
YMR234W	RNH1
YDL102W	POL3
YJR070C	LIA1
YMR323W	ERR3
YJR097W	JJJ3
YMR038C	CCS1
YBL019W	APN2
YKL045W	PRI2
YHR005C	GPA1
YGR088W	CTT1
YBR208C	DUR1,2
YDL043C	PRP11
YER174C	GRX4
YPR022C	SDD4
YMR231W	PEP5
YDL017W	CDC7
YLR070C	XYL2
YHR111W	UBA4
YDR178W	SDH4
YMR113W	FOL3
YAL051W	OAF1
YOR337W	TEA1
YER099C	PRS2
YNL141W	AAH1
YGR044C	RME1
YBR286W	APE3
YKL132C	RMA1
YOR077W	RTS2
YNL204C	SPS18
YDR110W	FOB1
YKR017C	HEL1
Q0045	COX1
YNL247W	
YOL066C	RIB2
YHR216W	IMD2
YPL036W	PMA2
YPR015C	
YEL058W	PCM1
YOR151C	RPB2
YMR127C	SAS2
YPR107C	YTH1
YDR075W	PPH3
YBR267W	REI1
YBR114W	RAD16
YER184C	TOG1
YHR143W-A	RPC10
YOR005C	DNL4
YKR034W	DAL80
YLR417W	VPS36
YKL060C	FBA1
YBR125C	PTC4
YLR013W	GAT3
YLR116W	MSL5
YEL020W-A	TIM9
YPL230W	USV1
YER019W	ISC1
YBR074W	
YDR263C	DIN7
YJR055W	HIT1
YBL049W	MOH1
YDR421W	ARO80
YLL027W	ISA1
YMR137C	PSO2
YLR034C	SMF3
YML076C	WAR1
YDR379W	RGA2
YNL027W	CRZ1
YDR088C	SLU7
YKL025C	PAN3
YOR257W	CDC31
YML035C	AMD1
YNL220W	ADE12
YDR430C	CYM1
YGL006W	PMC1
YDR052C	DBF4
YIL072W	HOP1
YCR105W	ADH7
YKL114C	APN1
YOR025W	HST3
YDL080C	THI3
YJR127C	RSF2
YJL210W	PEX2
YMR021C	MAC1
YFR004W	RPN11
YER091C	MET6
YPL028W	ERG10
YKL029C	MAE1
YIL003W	CFD1
YPR031W	NTO1
YBR024W	SCO2
