YJL110C	GZF3
YHR206W	SKN7
YBR083W	TEC1
YLR228C	ECM22
YPL248C	GAL4
YKL112W	ABF1
YMR136W	GAT2
YPL202C	AFT2
YPL133C	RDS2
YIL131C	FKH1
YJR060W	CBF1
YDR169C	STB3
YER040W	GLN3
YPR199C	ARR1
YER111C	SWI4
YLR256W	HAP1
YDR096W	GIS1
YKL038W	RGT1
YOR113W	AZF1
YNL167C	SKO1
YOR363C	PIP2
YHL009C	YAP3
YJL089W	SIP4
YDR123C	INO2
YGL013C	PDR1
YDL170W	UGA3
YHR006W	STP2
YFL021W	GAT1
YGL254W	FZF1
YFL052W	
YDL056W	MBP1
YKL015W	PUT3
YOR358W	HAP5
YPL075W	GCR1
YDL106C	PHO2
YDL020C	RPN4
YCR018C	SRD1
YDR034C	LYS14
YDR463W	STP1
YMR280C	CAT8
YGL237C	HAP2
YMR043W	MCM1
YKL185W	ASH1
YIR017C	MET28
YDR213W	UPC2
YML007W	YAP1
YBR049C	REB1
YBL005W	PDR3
YER045C	ACA1
YOL108C	INO4
YPL021W	ECM23
YEL009C	GCN4
YDR423C	CAD1
YIL036W	CST6
YDR216W	ADR1
YLR451W	LEU3
YAL051W	OAF1
YKR034W	DAL80
YBL021C	HAP3
YNL027W	CRZ1
YMR021C	MAC1
