YEL041W	YEF1
YMR139W	RIM11
YDR523C	SPS1
YCL040W	GLK1
YJR105W	ADO1
YCL024W	KCC4
YIL107C	PFK26
YKL139W	CTK1
YJL187C	SWE1
YOR231W	MKK1
YGL021W	ALK1
YBR160W	CDC28
YPR161C	SGV1
YCR036W	RBK1
YHR025W	THR1
YDL028C	MPS1
YGR194C	XKS1
YHL032C	GUT1
YBR097W	VPS15
YBR136W	MEC1
YPR106W	ISR1
YKL126W	YPK1
YER069W	ARG5,6
YJR049C	UTR1
YPL042C	SSN3
YBL068W	PRS4
YKL198C	PTK1
YHR079C	IRE1
YDR109C	
YDR466W	PKH3
YDL079C	MRK1
YPL140C	MKK2
YBR059C	AKL1
YFR014C	CMK1
YGR188C	BUB1
YER123W	YCK3
YOR119C	RIO1
YDL214C	PRR2
YHR135C	YCK1
YAL038W	CDC19
YKL024C	URA6
YER170W	ADK2
YOR311C	DGK1
YHR033W	
YER052C	HOM3
YIL147C	SLN1
YLR096W	KIN2
YBL088C	TEL1
YKL116C	PRR1
YJL164C	TPK1
YDR236C	FMN1
YLR362W	STE11
YJL106W	IME2
YAL017W	PSK1
YPR111W	DBF20
YAR018C	KIN3
YKL048C	ELM1
YOL113W	SKM1
YDR147W	EKI1
YKL203C	TOR2
YDR127W	ARO1
YGL158W	RCK1
YGR262C	BUD32
YDR196C	CAB5
YAR019C	CDC15
YDR477W	SNF1
YMR216C	SKY1
YLR113W	HOG1
YPL026C	SKS1
YGR205W	TDA10
YDR208W	MSS4
YFL033C	RIM15
YPL258C	THI21
YIL042C	PKP1
YMR208W	ERG12
YOL016C	CMK2
YDR173C	ARG82
YKL181W	PRS1
YJL095W	BCK1
YIL035C	CKA1
YOL045W	PSK2
YPL236C	ENV7
YOL128C	YGK3
YKL166C	TPK3
YNL020C	ARK1
YGL253W	HXK2
YMR205C	PFK2
YOR233W	KIN4
YJL165C	HAL5
YNL307C	MCK1
YDL166C	FAP7
YJR057W	CDC8
YNR047W	FPK1
YER129W	SAK1
YNL183C	NPR1
YNL154C	YCK2
YNL267W	PIK1
YHR099W	TRA1
YOR267C	HRK1
YKL168C	KKQ8
YGL180W	ATG1
YDR247W	VHS1
YBL016W	FUS3
YCR008W	SAT4
YGR052W	FMP48
YMR104C	YPK2
YCR091W	KIN82
YDL159W	STE7
YNR031C	SSK2
YKL067W	YNK1
YGL059W	PKP2
YJR066W	TOR1
YNL129W	NRK1
YPL031C	PHO85
YHR102W	KIC1
YFL053W	DAK2
YGR240C	PFK1
YNL256W	FOL1
YDL025C	RTK1
YHL007C	STE20
YMR001C	CDC5
YLR410W	VIP1
YOR171C	LCB4
YFL029C	CAK1
YDR507C	GIN4
YLR260W	LCB5
YLR133W	CKI1
YDR300C	PRO1
YLR240W	VPS34
YDR009W	GAL3
YFR053C	HXK1
YDL101C	DUN1
YPL153C	RAD53
YOL061W	PRS5
YJL100W	LSB6
YCR073C	SSK22
YDR531W	CAB1
YDR226W	ADK1
YDL108W	KIN28
YDR283C	GCN2
YJR059W	PTK2
YEL029C	BUD16
YGL119W	COQ8
YOL136C	PFK27
YBR020W	GAL1
YOR143C	THI80
YOR347C	PYK2
YMR291W	TDA1
YKL101W	HSL1
YLL035W	GRC3
YMR220W	ERG8
YOL055C	THI20
YLL019C	KNS1
YPL188W	POS5
YFR019W	FAB1
YLR248W	RCK2
YDR315C	IPK1
YBL009W	ALK2
YPL209C	IPL1
YFR007W	YFH7
YNL207W	RIO2
YHR082C	KSP1
YNR012W	URK1
YGR092W	DBF2
YDR454C	GUK1
YGR040W	KSS1
YLR446W	
YPL141C	FRK1
YML070W	DAK1
YPR054W	SMK1
YOR351C	MEK1
YJL057C	IKS1
YBL105C	PKC1
YDR490C	PKH1
YDR516C	EMI2
YDR122W	KIN1
YBR274W	CHK1
YNL298W	CLA4
YHL011C	PRS3
YKL161C	KDX1
YDR017C	KCS1
YPL214C	THI6
YPL203W	TPK2
YHR030C	SLT2
YNR027W	BUD17
YDR020C	DAS2
YHR205W	SCH9
YLR305C	STT4
YDL017W	CDC7
YCR012W	PGK1
YOL100W	PKH2
YPL150W	
YER099C	PRS2
YJL141C	YAK1
YKL001C	MET14
YLR345W	
YNL161W	CBK1
YIL095W	PRK1
YMR013C	SEC59
YPL204W	HRR25
YKL171W	NNK1
YGL179C	TOS3
YBR028C	YPK3
YDR248C	
YJL128C	PBS2
YOR061W	CKA2
YJL087C	TRL1
