Gene.ID	Present	Single_lost_WGD	Lost_preWGD	Double_lost_WGD
YHR073W	8	12	0	0
YFL042C	19	0	1	0
YHR155W	18	2	0	0
YDR294C	6	12	2	0
YLR404W	8	12	0	0
YDR326C	18	2	0	0
YNL087W	15	5	0	0
YHR001W	16	4	0	0
YDL019C	20	0	0	0
YLR246W	8	12	0	0
YBR086C	11	8	1	0
YDL204W	16	3	0	1
YDR326C	18	2	0	0
YJL145W	8	12	0	0
YNL087W	15	5	0	0
YLR260W	20	0	0	0
YHR155W	18	2	0	0
YFL042C	19	0	1	0
YHR001W	16	4	0	0
YOR152C	8	8	0	4
YML072C	9	11	0	0
YKL212W	10	10	0	0
YDL204W	16	3	0	1
YOR165W	8	12	0	0
YLR242C	8	12	0	0
YIL090W	9	11	0	0
YBR183W	18	2	0	0
