Gene.ID	Present	Single_lost_WGD	Lost_preWGD	Double_lost_WGD
YDR243C	8	12	0	0
YMR240C	8	12	0	0
YGR074W	9	11	0	0
YER013W	8	12	0	0
YHR165C	7	12	1	0
YER029C	8	12	0	0
YGR278W	8	12	0	0
YDR163W	8	12	0	0
YPL151C	8	12	0	0
YPR094W	8	12	0	0
YLR438C-A	8	12	0	0
YBL026W	7	12	1	0
YJR050W	8	11	0	1
YOR046C	8	12	0	0
YDR364C	8	12	0	0
YJL203W	8	12	0	0
YNL147W	8	12	0	0
YPL064C	7	10	1	2
YLR275W	8	12	0	0
YFL017W-A	8	12	0	0
YPR182W	8	12	0	0
YDR021W	8	12	0	0
YLR147C	8	12	0	0
YBR055C	8	12	0	0
YDL043C	8	12	0	0
YMR288W	7	12	1	0
YIR005W	8	12	0	0
