Gene.ID	Present	Single_lost_WGD	Lost_preWGD	Double_lost_WGD
YHL031C	8	12	0	0
YMR017W	0	4	8	8
YGL098W	8	12	0	0
YOR106W	8	12	0	0
YOR036W	8	12	0	0
YAL014C	8	12	0	0
YLR078C	8	12	0	0
YMR183C	15	5	0	0
YAL030W	14	6	0	0
YIL004C	7	12	1	0
YLR026C	8	12	0	0
YLR093C	8	12	0	0
YOR075W	8	12	0	0
YGL095C	8	12	0	0
YNR049C	8	12	0	0
YGR009C	13	7	0	0
YKL196C	8	11	0	1
YMR197C	8	12	0	0
YGL212W	8	12	0	0
YDR468C	8	12	0	0
YLR268W	8	12	0	0
YAL030W	14	6	0	0
YKL006C-A	8	12	0	0
YOL018C	7	12	1	0
YMR183C	15	5	0	0
YDR498C	8	12	0	0
YBL050W	7	12	1	0
