Gene.ID	Present	Single_lost_WGD	Lost_preWGD	Double_lost_WGD
YNL030W	13	6	0	1
YIL150C	7	12	1	0
YDR489W	8	12	0	0
YEL032W	8	12	0	0
YMR048W	7	12	1	0
YLR103C	8	12	0	0
YPR019W	8	12	0	0
YBL002W	9	9	0	2
YNL273W	8	12	0	0
YBR010W	10	10	0	0
YML069W	8	12	0	0
YPR135W	8	12	0	0
YBL003C	9	9	0	2
YBR009C	10	10	0	0
YGL207W	8	12	0	0
YDR225W	10	9	0	1
YDR224C	10	9	0	1
YNL031C	13	6	0	1
YJL072C	8	12	0	0
YLR274W	8	12	0	0
YOL006C	9	11	0	0
YOL146W	8	12	0	0
YBR202W	8	12	0	0
YBL023C	8	12	0	0
YGL201C	8	12	0	0
YDR013W	8	12	0	0
YCL061C	8	12	0	0
