Gene.ID	Present	Single_lost_WGD	Lost_preWGD	Double_lost_WGD
YNL137C	8	12	0	0
YNR036C	8	12	0	0
YDL083C	17	3	0	0
YBR189W	19	1	0	0
YDR450W	17	3	0	0
YDL083C	17	3	0	0
YHL004W	8	12	0	0
YBR146W	8	12	0	0
YPR166C	8	12	0	0
YHL015W	8	12	0	0
YNL178W	8	12	0	0
YGR285C	7	12	1	0
YGR118W	18	2	0	0
YBR189W	19	1	0	0
YGR214W	18	2	0	0
YPL013C	8	12	0	0
YGL123W	8	12	0	0
YGR118W	18	2	0	0
YMR116C	10	10	0	0
YDR450W	17	3	0	0
YGR214W	18	2	0	0
YDR283C	7	12	1	0
YDR041W	8	12	0	0
YOL040C	8	12	0	0
YNL081C	8	12	0	0
YJR123W	12	8	0	0
