Gene.ID	Present	Single_lost_WGD	Lost_preWGD	Double_lost_WGD
YFR052W	8	12	0	0
YPR103W	8	12	0	0
YDL097C	8	12	0	0
YOL038W	8	12	0	0
YOR157C	8	12	0	0
YER094C	8	12	0	0
YDR427W	8	12	0	0
YER012W	8	12	0	0
YDR363W-A	8	12	0	0
YML092C	8	12	0	0
YHR027C	8	12	0	0
YBL041W	8	12	0	0
YOR261C	8	12	0	0
YIL075C	8	12	0	0
YJL001W	10	10	0	0
YGL011C	8	12	0	0
YDL147W	8	12	0	0
YOR362C	8	12	0	0
YFR050C	8	12	0	0
YGL048C	7	12	1	0
YGR253C	8	12	0	0
YGR135W	8	12	0	0
YMR314W	8	12	0	0
YFL007W	13	6	1	0
YLR421C	8	12	0	0
YFR004W	10	10	0	0
