Gene.ID	Present	Single_lost_WGD	Lost_preWGD	Double_lost_WGD
YIL146C	8	11	0	1
YBR097W	8	12	0	0
YPL250C	14	3	2	1
YFR021W	12	8	0	0
YPR049C	8	12	0	0
YDL149W	8	12	0	0
YLR423C	8	11	0	1
YBR217W	8	12	0	0
YPL149W	8	12	0	0
YMR159C	8	12	0	0
YGR223C	8	12	0	0
YOL082W	10	10	0	0
YDL113C	7	12	1	0
YBR128C	8	12	0	0
YLR431C	8	12	0	0
YGL180W	8	12	0	0
YLL042C	8	12	0	0
YLR211C	8	12	0	0
YJL036W	8	12	0	0
YLR240W	8	12	0	0
YPL100W	8	12	0	0
YOL083W	0	4	8	8
YNL242W	8	12	0	0
YFL038C	8	12	0	0
YLR312C	7	9	1	3
YOR152C	8	8	0	4
YPL120W	8	12	0	0
YJL178C	8	11	1	0
